[ 1  0  0  0  0  0  0  0  0  0  0  0  0  0  0  0 76 47 77 50 63 74 16 69 35 34 63 47 16 70 39 36]
[ 0  1  0  0  0  0  0  0  0  0  0  0  0  0  0  0 17 41 27 46 65 56 42  0 44 19 12 25  3 28 33 30]
[ 0  0  1  0  0  0  0  0  0  0  0  0  0  0  0  0 14 30 35 14 68 41 72 50  0 14  3 67 12 67 12 74]
[ 0  0  0  1  0  0  0  0  0  0  0  0  0  0  0  0 67 58 29 70 33 11 77 78 52 57  4 11 66 78 21 72]
[ 0  0  0  0  1  0  0  0  0  0  0  0  0  0  0  0 55 46 74 19 33 39 26 66 47 60  9 71 23 10 23 13]
[ 0  0  0  0  0  1  0  0  0  0  0  0  0  0  0  0 31 42 44 37 24 16 12  0 77 16  8 48 72 25 41 40]
[ 0  0  0  0  0  0  1  0  0  0  0  0  0  0  0  0 52 58 29 42 50 58 17 78 31 42 21 21 15 53 58 53]
[ 0  0  0  0  0  0  0  1  0  0  0  0  0  0  0  0 12 27  6 70 10 65 25 62 25 15 39 29 18 23 47 76]
[ 0  0  0  0  0  0  0  0  1  0  0  0  0  0  0  0 37 55  7  1 58 27 15 45 73 38  8 17 59 60 18 72]
[ 0  0  0  0  0  0  0  0  0  1  0  0  0  0  0  0 21 41 76 24 56 36 41 28 63 56 70 65 27 20 55 59]
[ 0  0  0  0  0  0  0  0  0  0  1  0  0  0  0  0 40 18  0 69 50 69 60  9 23 27 15 61  4 49 46 30]
[ 0  0  0  0  0  0  0  0  0  0  0  1  0  0  0  0 29 12 78 11 58 55 54 21 10 49 39 68  9 56  4 44]
[ 0  0  0  0  0  0  0  0  0  0  0  0  1  0  0  0 24 34 29 43 37 62 63 44 35 47  7 14 44 72 46 43]
[ 0  0  0  0  0  0  0  0  0  0  0  0  0  1  0  0 59 44 72 60 25 33 19 28 34 71 14 19 13  2  7  7]
[ 0  0  0  0  0  0  0  0  0  0  0  0  0  0  1  0 70 45 11  7 21 51  2  5 17 72 61 17 66  8 61 25]
[ 0  0  0  0  0  0  0  0  0  0  0  0  0  0  0  1 39 76 31 71 24 18  8 28 52 68 63 61 51  6  3  1]
profile: [17, 1, 1, 1, 1, 1, 1, 1, 1, 1, 1, 1, 1, 1, 1, 1]
17<=B[0].wtL<=663
B[0].wtH=17, B[0].wtL=331

--- BKZ with beta=3, classic ---
profile after BKZ: [15, 3, 1, 1, 1, 1, 1, 1, 1, 1, 1, 1, 1, 1, 1, 1]
15<=B_red[0].wtL<=585
B_red[0].wtH=15, B_red[0].wtL=290

--- BKZ with beta=3, selecting lowest lee wt. vec ---
profile after BKZ: [15, 3, 1, 1, 1, 1, 1, 1, 1, 1, 1, 1, 1, 1, 1, 1]
15<=B_red1[0].wtL<=585
B_red1[0].wtH=15, B_red1[0].wtL=195

--- LeeBKZ with beta=3, bkz with minimum_lee_wt_codeword+primitive ---
profile after BKZ: [17, 1, 1, 1, 1, 1, 1, 1, 1, 1, 1, 1, 1, 1, 1, 1]
17<=B_red2[0].wtL<=663
B_red2[0].wtH=17, B_red2[0].wtL=186

--- LeeBKZ with beta=3, bkz with minimum_lee_wt_codeword (may be non-primitive) ---
profile after BKZ: [19, 1, 1, 1, 1, 1, 1, 1, 1, 1, 1, 1, 1, 1, 0, 0]
19<=B_red3[0].wtL<=741
B_red3[0].wtH=19, B_red3[0].wtL=169

--- LeeBKZ with beta=3, bkz with minimum_lee_wt_codeword (revised projections) ---
profile after BKZ: [17, 3, 0, 0, 1, 1, 1, 1, 1, 1, 1, 1, 1, 1, 1, 1]
17<=B_red4[0].wtL<=663
B_red4[0].wtH=17, B_red4[0].wtL=186
[ 1  0  0  0  0  0  0  0  0  0  0  0  0  0  0  0 42 72 60 40 40 40 74 17 14 31 29 36 38 32 26 77]
[ 0  1  0  0  0  0  0  0  0  0  0  0  0  0  0  0 32 57  2 36 30 23 12 14 76 42 33 55 33 61  8 12]
[ 0  0  1  0  0  0  0  0  0  0  0  0  0  0  0  0 70 64 51 21 64 29  5 21 48 57 67 29 21 49 38 29]
[ 0  0  0  1  0  0  0  0  0  0  0  0  0  0  0  0 22 71 66 64 30 74 26 66 50  0 39 60 26 69 11 36]
[ 0  0  0  0  1  0  0  0  0  0  0  0  0  0  0  0  2 32 36 37 16 24 78 71 22 48 61 61 14 11 70 76]
[ 0  0  0  0  0  1  0  0  0  0  0  0  0  0  0  0 22 33  3 28 52 74 68 49 68  7  2 47 17 64  6 68]
[ 0  0  0  0  0  0  1  0  0  0  0  0  0  0  0  0 58  3 49 44 38 70 53 43 77 13 73 74 56 54 10 71]
[ 0  0  0  0  0  0  0  1  0  0  0  0  0  0  0  0 48 14 74 20 71 76  7 27 38 20 27  9 32 52 75 42]
[ 0  0  0  0  0  0  0  0  1  0  0  0  0  0  0  0 61 63  1 77 21  4 76 10 55 72 46 76 14 25 40 72]
[ 0  0  0  0  0  0  0  0  0  1  0  0  0  0  0  0 57 13 76 75 64 63 36 69  8  8  8 77 50 54 77 28]
[ 0  0  0  0  0  0  0  0  0  0  1  0  0  0  0  0 72 53  5 49 36  7  5 23 14 23 26 13 62 52  8 78]
[ 0  0  0  0  0  0  0  0  0  0  0  1  0  0  0  0 13 61 51 59 20  2 64 59 38 15 13 70  3 61 25 43]
[ 0  0  0  0  0  0  0  0  0  0  0  0  1  0  0  0 16 77  7  7  8 19 39 42 17 13 52 46 42 56 78 13]
[ 0  0  0  0  0  0  0  0  0  0  0  0  0  1  0  0 23 73 57 43 20 67 45 40 31 21 16 23 30 72 73 78]
[ 0  0  0  0  0  0  0  0  0  0  0  0  0  0  1  0 58 59 76 61 50 51 77 20  6 77 73 35  6 23  5 49]
[ 0  0  0  0  0  0  0  0  0  0  0  0  0  0  0  1 46 45 77 12 71 20 26  6 36 72 60 47 18 76 42 42]
profile: [17, 1, 1, 1, 1, 1, 1, 1, 1, 1, 1, 1, 1, 1, 1, 1]
17<=B[0].wtL<=663
B[0].wtH=17, B[0].wtL=411

--- BKZ with beta=3, classic ---
profile after BKZ: [15, 3, 1, 1, 1, 1, 1, 1, 1, 1, 1, 1, 1, 1, 1, 1]
15<=B_red[0].wtL<=585
B_red[0].wtH=15, B_red[0].wtL=298

--- BKZ with beta=3, selecting lowest lee wt. vec ---
profile after BKZ: [15, 3, 1, 1, 1, 1, 1, 1, 1, 1, 1, 1, 1, 1, 1, 1]
15<=B_red1[0].wtL<=585
B_red1[0].wtH=15, B_red1[0].wtL=181

--- LeeBKZ with beta=3, bkz with minimum_lee_wt_codeword+primitive ---
profile after BKZ: [17, 1, 1, 1, 1, 1, 1, 1, 1, 1, 1, 1, 1, 1, 1, 1]
17<=B_red2[0].wtL<=663
B_red2[0].wtH=17, B_red2[0].wtL=195

--- LeeBKZ with beta=3, bkz with minimum_lee_wt_codeword (may be non-primitive) ---
profile after BKZ: [19, 1, 1, 1, 1, 1, 1, 1, 1, 1, 1, 1, 1, 1, 0, 0]
19<=B_red3[0].wtL<=741
B_red3[0].wtH=19, B_red3[0].wtL=154

--- LeeBKZ with beta=3, bkz with minimum_lee_wt_codeword (revised projections) ---
profile after BKZ: [17, 1, 1, 1, 1, 1, 1, 1, 1, 1, 1, 1, 1, 1, 1, 1]
17<=B_red4[0].wtL<=663
B_red4[0].wtH=17, B_red4[0].wtL=195
[ 1  0  0  0  0  0  0  0  0  0  0  0  0  0  0  0 46 67 29 16 23 47 30 29 17 23  8 61 35  8 77 51]
[ 0  1  0  0  0  0  0  0  0  0  0  0  0  0  0  0 29 49 78  8 49 19 24 77 29 62 76  6 69  3 47 55]
[ 0  0  1  0  0  0  0  0  0  0  0  0  0  0  0  0 45 76 72 15 39 62  5 39 46  6 12 57 27 71 33 13]
[ 0  0  0  1  0  0  0  0  0  0  0  0  0  0  0  0 48  0 64 58 71 67  1 12 11 53 59 50  1  8 57 25]
[ 0  0  0  0  1  0  0  0  0  0  0  0  0  0  0  0 63 55 58 57 73 66 44 67 30 71 32  8 67 12  4  3]
[ 0  0  0  0  0  1  0  0  0  0  0  0  0  0  0  0 20  9 17 26 40 43 77 63 43 54 34 38 72  4 64 39]
[ 0  0  0  0  0  0  1  0  0  0  0  0  0  0  0  0  5 13 41 72 48 58 27  5 21 38 38  2 59 18 64 70]
[ 0  0  0  0  0  0  0  1  0  0  0  0  0  0  0  0 76 14 61 69 32  5 15 13 77 61  1 49 50 78 69 13]
[ 0  0  0  0  0  0  0  0  1  0  0  0  0  0  0  0 75 77 65 56 51 51 22 75 36 71 72 25 63 65 47 22]
[ 0  0  0  0  0  0  0  0  0  1  0  0  0  0  0  0  1 21  6 15 45 19 55  8 23 23 28 36 15 75  9 26]
[ 0  0  0  0  0  0  0  0  0  0  1  0  0  0  0  0 68 12 28 50 16 51 34 65 57 58 43  2 68 14 70 63]
[ 0  0  0  0  0  0  0  0  0  0  0  1  0  0  0  0  8  4 32 51 57 39 78 53 35 44  0 42 18 74 67 17]
[ 0  0  0  0  0  0  0  0  0  0  0  0  1  0  0  0  5 73  0 34 57 13  4 50 26 63 17 46 19 52 19 38]
[ 0  0  0  0  0  0  0  0  0  0  0  0  0  1  0  0 68 57 28  4  8 71 25 49 48 26  0  2 35  8 50 29]
[ 0  0  0  0  0  0  0  0  0  0  0  0  0  0  1  0 28 37 40 78 31 28 41 72 35  5 15 17 35 51 26 19]
[ 0  0  0  0  0  0  0  0  0  0  0  0  0  0  0  1  1  4 69 12 21 20 60 47 11 15  1 11 28 63  9  3]
profile: [17, 1, 1, 1, 1, 1, 1, 1, 1, 1, 1, 1, 1, 1, 1, 1]
17<=B[0].wtL<=663
B[0].wtH=17, B[0].wtL=344

--- BKZ with beta=3, classic ---
profile after BKZ: [16, 2, 1, 1, 1, 1, 1, 1, 1, 1, 1, 1, 1, 1, 1, 1]
16<=B_red[0].wtL<=624
B_red[0].wtH=16, B_red[0].wtL=315

--- BKZ with beta=3, selecting lowest lee wt. vec ---
profile after BKZ: [16, 2, 1, 1, 1, 1, 1, 1, 1, 1, 1, 1, 1, 1, 1, 1]
16<=B_red1[0].wtL<=624
B_red1[0].wtH=16, B_red1[0].wtL=206

--- LeeBKZ with beta=3, bkz with minimum_lee_wt_codeword+primitive ---
profile after BKZ: [17, 1, 1, 1, 1, 1, 1, 1, 1, 1, 1, 1, 1, 1, 1, 1]
17<=B_red2[0].wtL<=663
B_red2[0].wtH=17, B_red2[0].wtL=211

--- LeeBKZ with beta=3, bkz with minimum_lee_wt_codeword (may be non-primitive) ---
profile after BKZ: [17, 1, 1, 1, 1, 1, 1, 1, 1, 1, 1, 1, 1, 1, 1, 1]
17<=B_red3[0].wtL<=663
B_red3[0].wtH=17, B_red3[0].wtL=167

--- LeeBKZ with beta=3, bkz with minimum_lee_wt_codeword (revised projections) ---
profile after BKZ: [17, 2, 0, 1, 1, 1, 1, 1, 1, 1, 1, 1, 1, 1, 1, 1]
17<=B_red4[0].wtL<=663
B_red4[0].wtH=17, B_red4[0].wtL=166
[ 1  0  0  0  0  0  0  0  0  0  0  0  0  0  0  0 39 37 58 55 33 56 13 55 77 36 44 49 40 52 46 52]
[ 0  1  0  0  0  0  0  0  0  0  0  0  0  0  0  0  8 58 22 19 61 13 69 10  7 54 25 27 30  0 58  6]
[ 0  0  1  0  0  0  0  0  0  0  0  0  0  0  0  0 13 32 16 51 18 52 57 21 69 74 47 37 70 70 64 57]
[ 0  0  0  1  0  0  0  0  0  0  0  0  0  0  0  0 27 22 27 28 51 20  4 18 36 53 33 10 34 32 40 28]
[ 0  0  0  0  1  0  0  0  0  0  0  0  0  0  0  0 49 72  9 49  5 46 38 69 71 28 27 65 21 12 46 34]
[ 0  0  0  0  0  1  0  0  0  0  0  0  0  0  0  0 13 63 57  0 55 54 23 15 55 16 20 76 40 59 76 27]
[ 0  0  0  0  0  0  1  0  0  0  0  0  0  0  0  0 52 76 37 35 21 33 41 66 31 56 51  4 35 53  0 73]
[ 0  0  0  0  0  0  0  1  0  0  0  0  0  0  0  0 38 59 70 24 70 52 12 55 13 24 69 43 41 62 48  7]
[ 0  0  0  0  0  0  0  0  1  0  0  0  0  0  0  0 32 62 28  5 38 47 37 20 72 23 18 56  6 51 56 15]
[ 0  0  0  0  0  0  0  0  0  1  0  0  0  0  0  0 17  4 62  4 36 42  3  0 16 63 66 20 28 26 22 41]
[ 0  0  0  0  0  0  0  0  0  0  1  0  0  0  0  0 68 46 69 34 64 21 67 20  6 60 25  6 41 62 15 51]
[ 0  0  0  0  0  0  0  0  0  0  0  1  0  0  0  0 53 41  2 66 78 25 63 25 26 58 59 61 76 49 25 28]
[ 0  0  0  0  0  0  0  0  0  0  0  0  1  0  0  0 60 27 33 38 14 20 67  4 39  1 78 13 61 16 28  1]
[ 0  0  0  0  0  0  0  0  0  0  0  0  0  1  0  0 25 37 67 39 26 58 56  8 61 50 77 73 26 33 22 12]
[ 0  0  0  0  0  0  0  0  0  0  0  0  0  0  1  0 57  5 61 69 40 48 59 26 35 50 20 22 73 12  4 14]
[ 0  0  0  0  0  0  0  0  0  0  0  0  0  0  0  1 64 16 73 69 57 57 78 32 31 59 27 26 50 37  7  1]
profile: [17, 1, 1, 1, 1, 1, 1, 1, 1, 1, 1, 1, 1, 1, 1, 1]
17<=B[0].wtL<=663
B[0].wtH=17, B[0].wtL=444

--- BKZ with beta=3, classic ---
profile after BKZ: [15, 3, 1, 1, 1, 1, 1, 1, 1, 1, 1, 1, 1, 1, 1, 1]
15<=B_red[0].wtL<=585
B_red[0].wtH=15, B_red[0].wtL=257

--- BKZ with beta=3, selecting lowest lee wt. vec ---
profile after BKZ: [15, 3, 1, 1, 1, 1, 1, 1, 1, 1, 1, 1, 1, 1, 1, 1]
15<=B_red1[0].wtL<=585
B_red1[0].wtH=15, B_red1[0].wtL=176

--- LeeBKZ with beta=3, bkz with minimum_lee_wt_codeword+primitive ---
profile after BKZ: [17, 1, 1, 1, 1, 1, 1, 1, 1, 1, 1, 1, 1, 1, 1, 1]
17<=B_red2[0].wtL<=663
B_red2[0].wtH=17, B_red2[0].wtL=210

--- LeeBKZ with beta=3, bkz with minimum_lee_wt_codeword (may be non-primitive) ---
profile after BKZ: [18, 1, 1, 1, 1, 1, 1, 1, 1, 1, 1, 1, 1, 1, 1, 0]
18<=B_red3[0].wtL<=702
B_red3[0].wtH=18, B_red3[0].wtL=136

--- LeeBKZ with beta=3, bkz with minimum_lee_wt_codeword (revised projections) ---
profile after BKZ: [17, 2, 0, 1, 1, 1, 1, 1, 1, 1, 1, 1, 1, 1, 1, 1]
17<=B_red4[0].wtL<=663
B_red4[0].wtH=17, B_red4[0].wtL=210
[ 1  0  0  0  0  0  0  0  0  0  0  0  0  0  0  0 42 40 29 39 66  0 45 51 70 44 23 46  8 61 26 75]
[ 0  1  0  0  0  0  0  0  0  0  0  0  0  0  0  0 75 10 58 27 34 10 53 12 45 57 31 16 24  5 43 43]
[ 0  0  1  0  0  0  0  0  0  0  0  0  0  0  0  0  9  7 29  4 77  1 61 64 20 43 61 61 20 60 63 47]
[ 0  0  0  1  0  0  0  0  0  0  0  0  0  0  0  0 25 75 53 51 38  5 40 26 16 27 47 18 28 67 54 60]
[ 0  0  0  0  1  0  0  0  0  0  0  0  0  0  0  0 50 35 45 63 36 30 45 41 75 23 47 20 11 40 43 58]
[ 0  0  0  0  0  1  0  0  0  0  0  0  0  0  0  0 51 59 34 59 50 58 38 13 55 18 24 18 30 50 61 47]
[ 0  0  0  0  0  0  1  0  0  0  0  0  0  0  0  0 44 66 30 16 27 13 47 19 16 26 78 27 69 36 62 52]
[ 0  0  0  0  0  0  0  1  0  0  0  0  0  0  0  0  5  3 44 35  8 43 21  9 34 34 56 31 37 15 65 73]
[ 0  0  0  0  0  0  0  0  1  0  0  0  0  0  0  0 44  8 73  6 70 63 15 48 21 17 23 50 14 50 12 64]
[ 0  0  0  0  0  0  0  0  0  1  0  0  0  0  0  0 46 45 67 26 54 25 71 53 62 36 11 34 38 49 52 16]
[ 0  0  0  0  0  0  0  0  0  0  1  0  0  0  0  0 33 35 17 10 14 58 21 21 47 55 70 11 66 61  2 37]
[ 0  0  0  0  0  0  0  0  0  0  0  1  0  0  0  0  8 51 42 18 23 41 53  8 50 12 36 24 49 38 54 24]
[ 0  0  0  0  0  0  0  0  0  0  0  0  1  0  0  0 77 56 21 74 51 78 72 77 33 31 53 47 57 41  2 46]
[ 0  0  0  0  0  0  0  0  0  0  0  0  0  1  0  0 65 20  9 77  0  2 39 15 51 25 58 73 65 70 12 46]
[ 0  0  0  0  0  0  0  0  0  0  0  0  0  0  1  0 16 31  0 21 36 52 17 71 67 76 40 34 47  7 74 11]
[ 0  0  0  0  0  0  0  0  0  0  0  0  0  0  0  1 30 29 52 47 10 61  2 64 67 60 74 49  1 76 57 76]
profile: [16, 2, 1, 1, 1, 1, 1, 1, 1, 1, 1, 1, 1, 1, 1, 1]
16<=B[0].wtL<=624
B[0].wtH=16, B[0].wtL=376

--- BKZ with beta=3, classic ---
profile after BKZ: [16, 2, 1, 1, 1, 1, 1, 1, 1, 1, 1, 1, 1, 1, 1, 1]
16<=B_red[0].wtL<=624
B_red[0].wtH=16, B_red[0].wtL=376

--- BKZ with beta=3, selecting lowest lee wt. vec ---
profile after BKZ: [16, 2, 1, 1, 1, 1, 1, 1, 1, 1, 1, 1, 1, 1, 1, 1]
16<=B_red1[0].wtL<=624
B_red1[0].wtH=16, B_red1[0].wtL=376

--- LeeBKZ with beta=3, bkz with minimum_lee_wt_codeword+primitive ---
profile after BKZ: [17, 1, 1, 1, 1, 1, 1, 1, 1, 1, 1, 1, 1, 1, 1, 1]
17<=B_red2[0].wtL<=663
B_red2[0].wtH=17, B_red2[0].wtL=203

--- LeeBKZ with beta=3, bkz with minimum_lee_wt_codeword (may be non-primitive) ---
profile after BKZ: [18, 1, 1, 1, 1, 1, 1, 1, 1, 1, 1, 1, 1, 1, 1, 0]
18<=B_red3[0].wtL<=702
B_red3[0].wtH=18, B_red3[0].wtL=160

--- LeeBKZ with beta=3, bkz with minimum_lee_wt_codeword (revised projections) ---
profile after BKZ: [17, 2, 0, 1, 1, 1, 1, 1, 1, 1, 1, 1, 1, 1, 1, 1]
17<=B_red4[0].wtL<=663
B_red4[0].wtH=17, B_red4[0].wtL=203
[ 1  0  0  0  0  0  0  0  0  0  0  0  0  0  0  0 16 36 63 58 60 14 38  7  7 26 10  6 65 21 42 25]
[ 0  1  0  0  0  0  0  0  0  0  0  0  0  0  0  0  0 10 55 55 21 36 53 67 61 77 64 11 31 16 64 52]
[ 0  0  1  0  0  0  0  0  0  0  0  0  0  0  0  0 76  3 60 48 49 35 13 33 20 72 41  1 31 70 10 13]
[ 0  0  0  1  0  0  0  0  0  0  0  0  0  0  0  0 60 37 67 15 78 27 31 61 35 55 30  4 46 38 21 48]
[ 0  0  0  0  1  0  0  0  0  0  0  0  0  0  0  0 76  0 36  5  7 26 51 40  6 15 39 65 78  4  4 44]
[ 0  0  0  0  0  1  0  0  0  0  0  0  0  0  0  0 48 40 11  7 53  5 44 75 37 68 20 69 63  2 48 13]
[ 0  0  0  0  0  0  1  0  0  0  0  0  0  0  0  0 26 75 55 66 76  1 77 43 18 32 12 12 61 32 46 19]
[ 0  0  0  0  0  0  0  1  0  0  0  0  0  0  0  0 37 68 37 75 50 57 41 54 47 57 63 26 78  8  6  4]
[ 0  0  0  0  0  0  0  0  1  0  0  0  0  0  0  0 30 47  3 58  1 64 57 48 14 70 27 37  0 56 34 62]
[ 0  0  0  0  0  0  0  0  0  1  0  0  0  0  0  0 62 48 34 74 63 67 28 45 73  3 14  5 42 58 49 18]
[ 0  0  0  0  0  0  0  0  0  0  1  0  0  0  0  0 58 41 42 66 72 10 73 21 28 23 62 74 75 69 14 13]
[ 0  0  0  0  0  0  0  0  0  0  0  1  0  0  0  0 78 57 25 55  1 15 56 19  5 23 11 39  5 25 17 51]
[ 0  0  0  0  0  0  0  0  0  0  0  0  1  0  0  0 16 73 65 54 40 19 45  1 70 36 14 53 52 75  4 45]
[ 0  0  0  0  0  0  0  0  0  0  0  0  0  1  0  0 17 20 67 49 49 60 69 14 58 20 26 40 74 76 12 27]
[ 0  0  0  0  0  0  0  0  0  0  0  0  0  0  1  0 30  0 57 57 29 16 38 21 65 33  9 65 40 52 27 27]
[ 0  0  0  0  0  0  0  0  0  0  0  0  0  0  0  1 18 15 29 17 10 37 75 56 38 73 55  1  7 52 20 29]
profile: [17, 1, 1, 1, 1, 1, 1, 1, 1, 1, 1, 1, 1, 1, 1, 1]
17<=B[0].wtL<=663
B[0].wtH=17, B[0].wtL=314

--- BKZ with beta=3, classic ---
profile after BKZ: [16, 2, 1, 1, 1, 1, 1, 1, 1, 1, 1, 1, 1, 1, 1, 1]
16<=B_red[0].wtL<=624
B_red[0].wtH=16, B_red[0].wtL=289

--- BKZ with beta=3, selecting lowest lee wt. vec ---
profile after BKZ: [16, 2, 1, 1, 1, 1, 1, 1, 1, 1, 1, 1, 1, 1, 1, 1]
16<=B_red1[0].wtL<=624
B_red1[0].wtH=16, B_red1[0].wtL=215

--- LeeBKZ with beta=3, bkz with minimum_lee_wt_codeword+primitive ---
profile after BKZ: [17, 1, 1, 1, 1, 1, 1, 1, 1, 1, 1, 1, 1, 1, 1, 1]
17<=B_red2[0].wtL<=663
B_red2[0].wtH=17, B_red2[0].wtL=192

--- LeeBKZ with beta=3, bkz with minimum_lee_wt_codeword (may be non-primitive) ---
profile after BKZ: [18, 1, 1, 1, 1, 1, 1, 1, 1, 1, 1, 1, 1, 1, 1, 0]
18<=B_red3[0].wtL<=702
B_red3[0].wtH=18, B_red3[0].wtL=165

--- LeeBKZ with beta=3, bkz with minimum_lee_wt_codeword (revised projections) ---
profile after BKZ: [17, 2, 0, 1, 1, 1, 1, 1, 1, 1, 1, 1, 1, 1, 1, 1]
17<=B_red4[0].wtL<=663
B_red4[0].wtH=17, B_red4[0].wtL=192
[ 1  0  0  0  0  0  0  0  0  0  0  0  0  0  0  0 43 11 31 78  1 16 29 15 27 38  6 29 21 20 73  7]
[ 0  1  0  0  0  0  0  0  0  0  0  0  0  0  0  0 34 61 21 27  7 32 47 48 20 64  5 28 11 52 65 29]
[ 0  0  1  0  0  0  0  0  0  0  0  0  0  0  0  0 17  0 74 11 36 10  3 16 25 58 69 43  6  6 50 70]
[ 0  0  0  1  0  0  0  0  0  0  0  0  0  0  0  0 19 67 40 35 50 54 47 15 11 11 41 27 20 54 15 76]
[ 0  0  0  0  1  0  0  0  0  0  0  0  0  0  0  0 48 18 60 28 45 61  3 54 48 10 55 10  4 74 44 38]
[ 0  0  0  0  0  1  0  0  0  0  0  0  0  0  0  0 67 56 78 35 10 52 26 35 33 46  5 76 55 75 25 35]
[ 0  0  0  0  0  0  1  0  0  0  0  0  0  0  0  0 67 52 65 23 52  0  3 43 68 18  6 67  4 35 20 46]
[ 0  0  0  0  0  0  0  1  0  0  0  0  0  0  0  0 26 73 26 60 31 26 50 73 20 35 20 14 56 78 40  0]
[ 0  0  0  0  0  0  0  0  1  0  0  0  0  0  0  0 51  6  4 56 24 39  4 50  9 61 46 77 30 63 70 24]
[ 0  0  0  0  0  0  0  0  0  1  0  0  0  0  0  0 33 44 39 71 52 34 11 75 70  5 19 28  4  1 49  0]
[ 0  0  0  0  0  0  0  0  0  0  1  0  0  0  0  0 66 48 78 13 68 34 18 24 42 76 53 59 77  7 52 12]
[ 0  0  0  0  0  0  0  0  0  0  0  1  0  0  0  0  6 45 15 45 43 38 17 35 36 73 24  0 45 69 18 26]
[ 0  0  0  0  0  0  0  0  0  0  0  0  1  0  0  0 12  5 75 12 17 10 60 36  8 45  3 72 14 64 29 46]
[ 0  0  0  0  0  0  0  0  0  0  0  0  0  1  0  0 68 71  1 23 30 29  4 64  0 27 72 52  1 15 70 18]
[ 0  0  0  0  0  0  0  0  0  0  0  0  0  0  1  0 34 54 35 28 78 47 44 48 60 71  8 62 52 76 21 66]
[ 0  0  0  0  0  0  0  0  0  0  0  0  0  0  0  1 53  1  5 63 31  1 77 19 35 33 17 26 34 33 30 34]
profile: [17, 1, 1, 1, 1, 1, 1, 1, 1, 1, 1, 1, 1, 1, 1, 1]
17<=B[0].wtL<=663
B[0].wtH=17, B[0].wtL=295

--- BKZ with beta=3, classic ---
profile after BKZ: [16, 2, 1, 1, 1, 1, 1, 1, 1, 1, 1, 1, 1, 1, 1, 1]
16<=B_red[0].wtL<=624
B_red[0].wtH=16, B_red[0].wtL=241

--- BKZ with beta=3, selecting lowest lee wt. vec ---
profile after BKZ: [16, 2, 1, 1, 1, 1, 1, 1, 1, 1, 1, 1, 1, 1, 1, 1]
16<=B_red1[0].wtL<=624
B_red1[0].wtH=16, B_red1[0].wtL=207

--- LeeBKZ with beta=3, bkz with minimum_lee_wt_codeword+primitive ---
profile after BKZ: [17, 1, 1, 1, 1, 1, 1, 1, 1, 1, 1, 1, 1, 1, 1, 1]
17<=B_red2[0].wtL<=663
B_red2[0].wtH=17, B_red2[0].wtL=211

--- LeeBKZ with beta=3, bkz with minimum_lee_wt_codeword (may be non-primitive) ---
profile after BKZ: [18, 1, 1, 1, 1, 1, 1, 1, 1, 1, 1, 1, 1, 1, 1, 0]
18<=B_red3[0].wtL<=702
B_red3[0].wtH=18, B_red3[0].wtL=165

--- LeeBKZ with beta=3, bkz with minimum_lee_wt_codeword (revised projections) ---
profile after BKZ: [18, 2, 0, 0, 1, 1, 1, 1, 1, 1, 1, 1, 1, 1, 1, 1]
18<=B_red4[0].wtL<=702
B_red4[0].wtH=18, B_red4[0].wtL=210
[ 1  0  0  0  0  0  0  0  0  0  0  0  0  0  0  0 51  0 23 47 65 74 47  7 76 75 38 42 59 18 72 33]
[ 0  1  0  0  0  0  0  0  0  0  0  0  0  0  0  0 27 60 74 56 76 73 15 57 32 51  0 73  8  7 10 10]
[ 0  0  1  0  0  0  0  0  0  0  0  0  0  0  0  0 72  7 11 37 67 34  1 54 21 77 53 67  2 43 29  2]
[ 0  0  0  1  0  0  0  0  0  0  0  0  0  0  0  0  3 61  0  5 76 71 62 30 57 31 59 78 71 49 78 13]
[ 0  0  0  0  1  0  0  0  0  0  0  0  0  0  0  0 58  9 25 69 49 17 54 42 17 73 63 14 34  7 26 25]
[ 0  0  0  0  0  1  0  0  0  0  0  0  0  0  0  0 22 67 71 24 50 31 37 35 73 61 63 26 53  4 78 24]
[ 0  0  0  0  0  0  1  0  0  0  0  0  0  0  0  0 12 74 12 20 71 76 47 58 46 72 56 57 46 25 24 20]
[ 0  0  0  0  0  0  0  1  0  0  0  0  0  0  0  0 71 20 60 22 12 12 70  5 45 45 62 47 61  8 40 67]
[ 0  0  0  0  0  0  0  0  1  0  0  0  0  0  0  0 52 38 25 19 60 42 64 38 39 11 76 43 17  5 15 47]
[ 0  0  0  0  0  0  0  0  0  1  0  0  0  0  0  0 48 34 72 28 26  5 24 14 22 39 56 64 65  4 62 26]
[ 0  0  0  0  0  0  0  0  0  0  1  0  0  0  0  0  1  7 16 19 15 57 30 50 42 26 62 65 32 62 39 75]
[ 0  0  0  0  0  0  0  0  0  0  0  1  0  0  0  0  4 53 32 41 73 32  3 35 74 13  4  8  0 76 77 10]
[ 0  0  0  0  0  0  0  0  0  0  0  0  1  0  0  0 37 47 62 24 70 29 43 77 11 58 41 54 31 74 15 20]
[ 0  0  0  0  0  0  0  0  0  0  0  0  0  1  0  0 38 29 27  4  4  7 19 67 69 50 12 67  6 44 45 20]
[ 0  0  0  0  0  0  0  0  0  0  0  0  0  0  1  0 49 38 41 58 60  0 30 49 26 53 66 60 23 43 41 67]
[ 0  0  0  0  0  0  0  0  0  0  0  0  0  0  0  1  9 48 69 66 46 68 18 37 26 25 11 44 21 45 22 19]
profile: [16, 2, 1, 1, 1, 1, 1, 1, 1, 1, 1, 1, 1, 1, 1, 1]
16<=B[0].wtL<=624
B[0].wtH=16, B[0].wtL=302

--- BKZ with beta=3, classic ---
profile after BKZ: [16, 2, 1, 1, 1, 1, 1, 1, 1, 1, 1, 1, 1, 1, 1, 1]
16<=B_red[0].wtL<=624
B_red[0].wtH=16, B_red[0].wtL=302

--- BKZ with beta=3, selecting lowest lee wt. vec ---
profile after BKZ: [16, 2, 1, 1, 1, 1, 1, 1, 1, 1, 1, 1, 1, 1, 1, 1]
16<=B_red1[0].wtL<=624
B_red1[0].wtH=16, B_red1[0].wtL=302

--- LeeBKZ with beta=3, bkz with minimum_lee_wt_codeword+primitive ---
profile after BKZ: [17, 1, 1, 1, 1, 1, 1, 1, 1, 1, 1, 1, 1, 1, 1, 1]
17<=B_red2[0].wtL<=663
B_red2[0].wtH=17, B_red2[0].wtL=206

--- LeeBKZ with beta=3, bkz with minimum_lee_wt_codeword (may be non-primitive) ---
profile after BKZ: [16, 2, 1, 1, 1, 1, 1, 1, 1, 1, 1, 1, 1, 1, 1, 1]
16<=B_red3[0].wtL<=624
B_red3[0].wtH=16, B_red3[0].wtL=148

--- LeeBKZ with beta=3, bkz with minimum_lee_wt_codeword (revised projections) ---
profile after BKZ: [17, 2, 0, 1, 1, 1, 1, 1, 1, 1, 1, 1, 1, 1, 1, 1]
17<=B_red4[0].wtL<=663
B_red4[0].wtH=17, B_red4[0].wtL=206
[ 1  0  0  0  0  0  0  0  0  0  0  0  0  0  0  0 29 30 50 26 39  0 78  6 47  6 47 29 78 32 38 54]
[ 0  1  0  0  0  0  0  0  0  0  0  0  0  0  0  0 63 14 17 48 27 41 41 69 19 21 67 63 56 32 38 27]
[ 0  0  1  0  0  0  0  0  0  0  0  0  0  0  0  0 50 49  2 27 55 45 68 71 78  2 35 35 69 52 50 51]
[ 0  0  0  1  0  0  0  0  0  0  0  0  0  0  0  0 43 33 62 78 37 19 40 72 27 30 77 42 47 47 41 48]
[ 0  0  0  0  1  0  0  0  0  0  0  0  0  0  0  0 65 57 30 50 71 19 18 49 78  0 47 70 70 13 53 39]
[ 0  0  0  0  0  1  0  0  0  0  0  0  0  0  0  0 29 17 53 67 64 75  5 10  1 74 13 71  9 56 69 53]
[ 0  0  0  0  0  0  1  0  0  0  0  0  0  0  0  0 45 36 17 71 41 57 48 18 16  0 18 12 11 39 52 42]
[ 0  0  0  0  0  0  0  1  0  0  0  0  0  0  0  0 63  3  9 25 12 43  6  6 30 37  9 77 11 25 14 23]
[ 0  0  0  0  0  0  0  0  1  0  0  0  0  0  0  0 74 17 39 24 50 69 22 28 27 40 18 72 77 29  0 54]
[ 0  0  0  0  0  0  0  0  0  1  0  0  0  0  0  0 37 62 68 56 37 74 68 44 68 72 28 11 24 45 10  1]
[ 0  0  0  0  0  0  0  0  0  0  1  0  0  0  0  0 24 25 18 64 25  4 74 30 30 76 78 18 40 44 33 75]
[ 0  0  0  0  0  0  0  0  0  0  0  1  0  0  0  0 56 54 42 47 50 38 54 36 26 45 74  7 19 51 76 51]
[ 0  0  0  0  0  0  0  0  0  0  0  0  1  0  0  0 12 29 22 33 23 50 14 24 57 11 65 51 37 43 24 21]
[ 0  0  0  0  0  0  0  0  0  0  0  0  0  1  0  0 51 59 19 47 31 62 13 17 36 45 69 52 44  6 33 12]
[ 0  0  0  0  0  0  0  0  0  0  0  0  0  0  1  0 19  5 65 20 46 26 58 42 30 23 19 56 65 60  0 10]
[ 0  0  0  0  0  0  0  0  0  0  0  0  0  0  0  1 49 58  5  0 47 19  5 61 78 13 70 41 22 17 46 18]
profile: [16, 2, 1, 1, 1, 1, 1, 1, 1, 1, 1, 1, 1, 1, 1, 1]
16<=B[0].wtL<=624
B[0].wtH=16, B[0].wtL=356

--- BKZ with beta=3, classic ---
profile after BKZ: [16, 2, 1, 1, 1, 1, 1, 1, 1, 1, 1, 1, 1, 1, 1, 1]
16<=B_red[0].wtL<=624
B_red[0].wtH=16, B_red[0].wtL=356

--- BKZ with beta=3, selecting lowest lee wt. vec ---
profile after BKZ: [16, 2, 1, 1, 1, 1, 1, 1, 1, 1, 1, 1, 1, 1, 1, 1]
16<=B_red1[0].wtL<=624
B_red1[0].wtH=16, B_red1[0].wtL=356

--- LeeBKZ with beta=3, bkz with minimum_lee_wt_codeword+primitive ---
profile after BKZ: [17, 1, 1, 1, 1, 1, 1, 1, 1, 1, 1, 1, 1, 1, 1, 1]
17<=B_red2[0].wtL<=663
B_red2[0].wtH=17, B_red2[0].wtL=161

--- LeeBKZ with beta=3, bkz with minimum_lee_wt_codeword (may be non-primitive) ---
profile after BKZ: [18, 1, 1, 1, 1, 1, 1, 1, 1, 1, 1, 1, 1, 1, 1, 0]
18<=B_red3[0].wtL<=702
B_red3[0].wtH=18, B_red3[0].wtL=159

--- LeeBKZ with beta=3, bkz with minimum_lee_wt_codeword (revised projections) ---
profile after BKZ: [17, 2, 1, 1, 1, 1, 0, 1, 1, 1, 1, 1, 1, 1, 1, 1]
17<=B_red4[0].wtL<=663
B_red4[0].wtH=17, B_red4[0].wtL=161
[ 1  0  0  0  0  0  0  0  0  0  0  0  0  0  0  0 16 70  2 69 29 21 20 60 48 12 60 59 37 23 54 72]
[ 0  1  0  0  0  0  0  0  0  0  0  0  0  0  0  0  8 11 52 61 16 16 76 18  0  5 77 45 18 20  1 74]
[ 0  0  1  0  0  0  0  0  0  0  0  0  0  0  0  0 41 61 68 15 70 28  4 74 21 50  5  7 32 73 39  8]
[ 0  0  0  1  0  0  0  0  0  0  0  0  0  0  0  0 52 15  9 67 17 32 73 44 44 63  8 11 58 16 33 25]
[ 0  0  0  0  1  0  0  0  0  0  0  0  0  0  0  0 38 66 25 48 65 52  6 16 34 52 63  5 46 33 76 33]
[ 0  0  0  0  0  1  0  0  0  0  0  0  0  0  0  0 20 24 25 64 14 72 73 70 68 44 69 46 42 45 21 72]
[ 0  0  0  0  0  0  1  0  0  0  0  0  0  0  0  0 18 67 28  9 61 58 65 67  5 21 58 70 50 44 63 44]
[ 0  0  0  0  0  0  0  1  0  0  0  0  0  0  0  0 55 32 11 46 45 34  9 44 44  4 30  1 12 11 13 35]
[ 0  0  0  0  0  0  0  0  1  0  0  0  0  0  0  0 65 74 18 12 47 39 60 59 66 19 70 73  5 70 59 48]
[ 0  0  0  0  0  0  0  0  0  1  0  0  0  0  0  0 17 40 43 60 57  9 43 34 54 15 15 42 15 57 26 50]
[ 0  0  0  0  0  0  0  0  0  0  1  0  0  0  0  0 23 63 33 69 16 72 21 49 12 25 31 35 11 55 75 13]
[ 0  0  0  0  0  0  0  0  0  0  0  1  0  0  0  0 20  4 15 12 64 52 52 46 38 63 56 28  5 25 43 28]
[ 0  0  0  0  0  0  0  0  0  0  0  0  1  0  0  0  2 19 48 75 22 36 12 21 56 27 32 53  4  1 67 15]
[ 0  0  0  0  0  0  0  0  0  0  0  0  0  1  0  0 43 73 25 77 78  2 69 24 29 54 69 50 75 78 78 59]
[ 0  0  0  0  0  0  0  0  0  0  0  0  0  0  1  0 18 74 21 65 74 76 31 35 73 51 12 19 14 15 35 73]
[ 0  0  0  0  0  0  0  0  0  0  0  0  0  0  0  1 33 47 39 71 46 21 56 77 23 28  7 39 31 64 70 39]
profile: [17, 1, 1, 1, 1, 1, 1, 1, 1, 1, 1, 1, 1, 1, 1, 1]
17<=B[0].wtL<=663
B[0].wtH=17, B[0].wtL=301

--- BKZ with beta=3, classic ---
profile after BKZ: [16, 2, 1, 1, 1, 1, 1, 1, 1, 1, 1, 1, 1, 1, 1, 1]
16<=B_red[0].wtL<=624
B_red[0].wtH=16, B_red[0].wtL=203

--- BKZ with beta=3, selecting lowest lee wt. vec ---
profile after BKZ: [16, 2, 1, 1, 1, 1, 1, 1, 1, 1, 1, 1, 1, 1, 1, 1]
16<=B_red1[0].wtL<=624
B_red1[0].wtH=16, B_red1[0].wtL=203

--- LeeBKZ with beta=3, bkz with minimum_lee_wt_codeword+primitive ---
profile after BKZ: [17, 1, 1, 1, 1, 1, 1, 1, 1, 1, 1, 1, 1, 1, 1, 1]
17<=B_red2[0].wtL<=663
B_red2[0].wtH=17, B_red2[0].wtL=200

--- LeeBKZ with beta=3, bkz with minimum_lee_wt_codeword (may be non-primitive) ---
profile after BKZ: [19, 1, 1, 1, 1, 1, 1, 1, 1, 1, 1, 1, 1, 1, 0, 0]
19<=B_red3[0].wtL<=741
B_red3[0].wtH=19, B_red3[0].wtL=166

--- LeeBKZ with beta=3, bkz with minimum_lee_wt_codeword (revised projections) ---
profile after BKZ: [17, 2, 0, 1, 1, 1, 1, 1, 1, 1, 1, 1, 1, 1, 1, 1]
17<=B_red4[0].wtL<=663
B_red4[0].wtH=17, B_red4[0].wtL=200


***************************************
******** STATISTICS FOR n=32 ********
***************************************

Modes:
(0) Input matrix (proper basis)
(1) Classic BKZ
(2) Classic BKZ + selecting lower Lee wt vec
(3) LEEBKZ + selecting primitive codeword of minimal Lee wt
(4) LEEBKZ + minimal Lee wt codeword without primitivity (InsertVector)
Reduced 10 matrices of size 16x32
(0): wtH[0]=16.7 wtL[0]=347.4
(1): wtH[0]=15.7 wtL[0]=292.7 time=2.522368311882019
(2): wtH[0]=15.7 wtL[0]=241.7 time=330.17239100933074
(3): wtH[0]=17.0 wtL[0]=197.5 time=700.0475867033005
(4): wtH[0]=18.0 wtL[0]=158.9 time=869.7284738063812
[ 1  0  0  0  0  0  0  0  0  0  0  0  0  0  0  0  0  0  0  0  0  0  0  0  0  0  0  0  0  0  0  0 29 66 23 41 60 23 71 67  2 46 29 28 54 25 77 57 77 75  6 78  6 35 66 11 32 42 76 31 25 38 45  5]
[ 0  1  0  0  0  0  0  0  0  0  0  0  0  0  0  0  0  0  0  0  0  0  0  0  0  0  0  0  0  0  0  0 42 46 37 13 59 34 12  7 66 19 41 29  4 43 49  7 65 62  3 57 21 77  3  2 57 62 74 33 72 75 13 34]
[ 0  0  1  0  0  0  0  0  0  0  0  0  0  0  0  0  0  0  0  0  0  0  0  0  0  0  0  0  0  0  0  0 62  1 63 27 49 30 24 74 51 43 58  7 44 23 72  9 44  3 64 65 70 30 38  0 45 51 72 10 22 22  4 75]
[ 0  0  0  1  0  0  0  0  0  0  0  0  0  0  0  0  0  0  0  0  0  0  0  0  0  0  0  0  0  0  0  0 55 19 51 28 59 77  3 48  5  4 52  8 34 50 44 65 39 56 58 36 23 45 46 20  9 28 54  5 10 30 11 67]
[ 0  0  0  0  1  0  0  0  0  0  0  0  0  0  0  0  0  0  0  0  0  0  0  0  0  0  0  0  0  0  0  0 36 52 63 39 29 29 60 19 32 62 22  4 71 45 69  2 52  1  3 75 33 19 47 46 10 24 59 73 56 55 71 68]
[ 0  0  0  0  0  1  0  0  0  0  0  0  0  0  0  0  0  0  0  0  0  0  0  0  0  0  0  0  0  0  0  0 63 36 75 60  7 59 50  9 32 12 16 40 75  6 51 78 25 63 34 27 56 71 32  7 11 13  2 25 54 52 20 36]
[ 0  0  0  0  0  0  1  0  0  0  0  0  0  0  0  0  0  0  0  0  0  0  0  0  0  0  0  0  0  0  0  0 67 64 33 75 23 72 42  0 77 73 14 28  3 59 33 53 70 75 22 32 68  5 27 51 75 61 61 19 57 39 25  1]
[ 0  0  0  0  0  0  0  1  0  0  0  0  0  0  0  0  0  0  0  0  0  0  0  0  0  0  0  0  0  0  0  0 15 59 55  2 15 12 30 34 58 13 46 43 69 53 10 32 20 49 33 33 74 48 77 28 61 61 52 55 43 74 42 35]
[ 0  0  0  0  0  0  0  0  1  0  0  0  0  0  0  0  0  0  0  0  0  0  0  0  0  0  0  0  0  0  0  0 13 34  8  2 14 43  5 15 25 47 46 45 25 37 68 29 41 71  0  8 72 78 42 75 76 29 26 21 29 35 53 14]
[ 0  0  0  0  0  0  0  0  0  1  0  0  0  0  0  0  0  0  0  0  0  0  0  0  0  0  0  0  0  0  0  0 29 44 11 62 21 19 21 45 64 61  6  1  4 72 46  7 49 33 64 39 41 57 48 23 67 39 42 44 70 65 49 37]
[ 0  0  0  0  0  0  0  0  0  0  1  0  0  0  0  0  0  0  0  0  0  0  0  0  0  0  0  0  0  0  0  0 27 66 53 12 13 64 32 39 72 15 18 35 28 40 14 19 13  5 68 59 54 11 25 25 73 62 77 19 67 65 57 14]
[ 0  0  0  0  0  0  0  0  0  0  0  1  0  0  0  0  0  0  0  0  0  0  0  0  0  0  0  0  0  0  0  0 23 35 37 33 73 57 20 23  5 13 63 25 20 56 40 43 34 75 24 67 67 28 60 36 78 75 37 40 22 61 20 28]
[ 0  0  0  0  0  0  0  0  0  0  0  0  1  0  0  0  0  0  0  0  0  0  0  0  0  0  0  0  0  0  0  0 57  6 19 21 71 37 54 36 34 65 76 44 72 54 67 22 13 27 22 58  4 11 35 10 44 36 62 20 21 71 30 70]
[ 0  0  0  0  0  0  0  0  0  0  0  0  0  1  0  0  0  0  0  0  0  0  0  0  0  0  0  0  0  0  0  0 16 25 11 28 13  8  5 53 56 13 25 51 65 31 16  7  2 31 25 26 12 66 64 56 58 47 59 28 31 48 49 74]
[ 0  0  0  0  0  0  0  0  0  0  0  0  0  0  1  0  0  0  0  0  0  0  0  0  0  0  0  0  0  0  0  0 77 26 42 26 42  1 37 72 17 51 25 44 10 19 25 25 56 62 41 39 25 24  3 76 12 59 26 74 32 48 57 27]
[ 0  0  0  0  0  0  0  0  0  0  0  0  0  0  0  1  0  0  0  0  0  0  0  0  0  0  0  0  0  0  0  0  1 15 52 75 25 25 63 25 16  8 40 50 15 74 53  9  2 38 33 70 38 54 55  9 43  6 17 62 50 76 24 60]
[ 0  0  0  0  0  0  0  0  0  0  0  0  0  0  0  0  1  0  0  0  0  0  0  0  0  0  0  0  0  0  0  0 34 73 42 17 75 75 35 56 29 69 10  9 47 50 57  3 19 47 41 51 16 20 33 77 64 52 57 45 61 67  2 34]
[ 0  0  0  0  0  0  0  0  0  0  0  0  0  0  0  0  0  1  0  0  0  0  0  0  0  0  0  0  0  0  0  0 41  5 58 78 43 77 27 40 64 11 30 35 75 50 60 14 54 12 20 65 25 13 52 11  0 45 44 32 49 49  6 76]
[ 0  0  0  0  0  0  0  0  0  0  0  0  0  0  0  0  0  0  1  0  0  0  0  0  0  0  0  0  0  0  0  0  1 47 34 19 48 29  0 19 43 15 69 65  2 66 41 61 44 36 17 18 17 35 41 18  9 47 36 22 12 47 10 68]
[ 0  0  0  0  0  0  0  0  0  0  0  0  0  0  0  0  0  0  0  1  0  0  0  0  0  0  0  0  0  0  0  0  8 47 33 65  0 62 42 40 15 45  6 49 65 34 25 25 56  1  0 48  3 23 56 19  5 27  8 68 32 32 75  0]
[ 0  0  0  0  0  0  0  0  0  0  0  0  0  0  0  0  0  0  0  0  1  0  0  0  0  0  0  0  0  0  0  0 70 62 36 17 76 55 42  5 24 19 20 58 72 45 53 52 26 70 64 68 39 48 23 19 73  3  9 24 14 69 14 12]
[ 0  0  0  0  0  0  0  0  0  0  0  0  0  0  0  0  0  0  0  0  0  1  0  0  0  0  0  0  0  0  0  0 43 21 68 67 47 22 47 17 10 22 13 41 73 25 48 61  9 55 68  3 39 73 42 14 51 15 27  6 55 61 63 29]
[ 0  0  0  0  0  0  0  0  0  0  0  0  0  0  0  0  0  0  0  0  0  0  1  0  0  0  0  0  0  0  0  0 42 26 28 34 20 35  9 70 51 13 49 34 75 61 23 27  2 56 31 24 20 22 10 54 25 55 19 44 48 19  3  3]
[ 0  0  0  0  0  0  0  0  0  0  0  0  0  0  0  0  0  0  0  0  0  0  0  1  0  0  0  0  0  0  0  0 39 36 44 21 36 16 17 57 73 76 12 42 72 13  7 26 69 38 34  7 60 73 50 72  2 18  8 10 49 21 16  1]
[ 0  0  0  0  0  0  0  0  0  0  0  0  0  0  0  0  0  0  0  0  0  0  0  0  1  0  0  0  0  0  0  0 32 30 38 61 23 77 72 41 60 78  3 55 33 77 28 51 47 38  3 26 46  5 78 37 38 74 65 46 39 64 23 21]
[ 0  0  0  0  0  0  0  0  0  0  0  0  0  0  0  0  0  0  0  0  0  0  0  0  0  1  0  0  0  0  0  0 14 53  0 25 34 36 26 12 35 35 36 72 16 66  8 26 73 55 35 12  0 29 33 46 57 33 69  9 59 12 26 51]
[ 0  0  0  0  0  0  0  0  0  0  0  0  0  0  0  0  0  0  0  0  0  0  0  0  0  0  1  0  0  0  0  0 63 72 12 63 55 38 16  8 30 15 15 59 55 15 57 21 45 17 58 30 52 42 33 42 37 44  8 39 71 78 42 32]
[ 0  0  0  0  0  0  0  0  0  0  0  0  0  0  0  0  0  0  0  0  0  0  0  0  0  0  0  1  0  0  0  0  5  0 22 41 68 47 65 37 22 70 49 59  0 71 74 28 53  5 48 58  2  7 52 32 62 26 24 73 46 22 61 67]
[ 0  0  0  0  0  0  0  0  0  0  0  0  0  0  0  0  0  0  0  0  0  0  0  0  0  0  0  0  1  0  0  0 60 18 19 69 60 17 69 32 68 72 15 15 29 37 38  8 66 38 20 28 71 67 24 65  5 26 62 52 50 57 60 58]
[ 0  0  0  0  0  0  0  0  0  0  0  0  0  0  0  0  0  0  0  0  0  0  0  0  0  0  0  0  0  1  0  0  9 73 66 30 42  2 13 62 48 16 55 45 27 19 60 57 39 65 13  9 52  5 52 46 14 22 17 33  9 47 13 43]
[ 0  0  0  0  0  0  0  0  0  0  0  0  0  0  0  0  0  0  0  0  0  0  0  0  0  0  0  0  0  0  1  0 34 22 20 13  8  1 69 53  7 12 49 43 18 13 49 18 55  7 55  8  4 70 72 37 23  0 78  7 35 54 48 73]
[ 0  0  0  0  0  0  0  0  0  0  0  0  0  0  0  0  0  0  0  0  0  0  0  0  0  0  0  0  0  0  0  1 47 69 68 20 32 75 76 53 42 30 34 73 12 22 49 57 52 75 76 66 63 77 20 56 45 40 71 56 27 54 19 59]
profile: [33, 1, 1, 1, 1, 1, 1, 1, 1, 1, 1, 1, 1, 1, 1, 1, 1, 1, 1, 1, 1, 1, 1, 1, 1, 1, 1, 1, 1, 1, 1, 1]
33<=B[0].wtL<=1287
B[0].wtH=33, B[0].wtL=615

--- BKZ with beta=3, classic ---
profile after BKZ: [31, 3, 1, 1, 1, 1, 1, 1, 1, 1, 1, 1, 1, 1, 1, 1, 1, 1, 1, 1, 1, 1, 1, 1, 1, 1, 1, 1, 1, 1, 1, 1]
31<=B_red[0].wtL<=1209
B_red[0].wtH=31, B_red[0].wtL=560

--- BKZ with beta=3, selecting lowest lee wt. vec ---
profile after BKZ: [31, 3, 1, 1, 1, 1, 1, 1, 1, 1, 1, 1, 1, 1, 1, 1, 1, 1, 1, 1, 1, 1, 1, 1, 1, 1, 1, 1, 1, 1, 1, 1]
31<=B_red1[0].wtL<=1209
B_red1[0].wtH=31, B_red1[0].wtL=464

--- LeeBKZ with beta=3, bkz with minimum_lee_wt_codeword+primitive ---
profile after BKZ: [33, 1, 1, 1, 1, 1, 1, 1, 1, 1, 1, 1, 1, 1, 1, 1, 1, 1, 1, 1, 1, 1, 1, 1, 1, 1, 1, 1, 1, 1, 1, 1]
33<=B_red2[0].wtL<=1287
B_red2[0].wtH=33, B_red2[0].wtL=461

--- LeeBKZ with beta=3, bkz with minimum_lee_wt_codeword (may be non-primitive) ---
profile after BKZ: [36, 1, 1, 1, 1, 1, 1, 1, 1, 1, 1, 1, 1, 1, 1, 1, 1, 1, 1, 1, 1, 1, 1, 1, 1, 1, 1, 1, 1, 0, 0, 0]
36<=B_red3[0].wtL<=1404
B_red3[0].wtH=36, B_red3[0].wtL=387

--- LeeBKZ with beta=3, bkz with minimum_lee_wt_codeword (revised projections) ---
profile after BKZ: [33, 2, 0, 1, 1, 1, 1, 1, 1, 1, 1, 1, 1, 1, 1, 1, 1, 1, 1, 1, 1, 1, 1, 1, 1, 1, 1, 1, 1, 1, 1, 1]
33<=B_red4[0].wtL<=1287
B_red4[0].wtH=33, B_red4[0].wtL=461
[ 1  0  0  0  0  0  0  0  0  0  0  0  0  0  0  0  0  0  0  0  0  0  0  0  0  0  0  0  0  0  0  0 68 32 75 61 43 14 70 58 68 18 10  4 31 42 41  2 44 34 15  5 74 63  8 18 78 74 77 51 57 21 50 64]
[ 0  1  0  0  0  0  0  0  0  0  0  0  0  0  0  0  0  0  0  0  0  0  0  0  0  0  0  0  0  0  0  0 30 69 57  6 39  7 29 28 47  6 35 56 12 50 65 56 35 11  0 59 70 75 21 57 68 26 66 23 29 71 68 74]
[ 0  0  1  0  0  0  0  0  0  0  0  0  0  0  0  0  0  0  0  0  0  0  0  0  0  0  0  0  0  0  0  0 63 64 38 16 13 18 15 13  4 56 71 44 56 34 55 51 52 39 39 30  9 22  7 41 33  0 18 17 43 40 16 44]
[ 0  0  0  1  0  0  0  0  0  0  0  0  0  0  0  0  0  0  0  0  0  0  0  0  0  0  0  0  0  0  0  0 46 21 23 11 68 50 71 48 66 62 65 56 52 21 56 63 15 43 72  7 45 76 53 38  9 51 34 65 52  5 69 71]
[ 0  0  0  0  1  0  0  0  0  0  0  0  0  0  0  0  0  0  0  0  0  0  0  0  0  0  0  0  0  0  0  0 17 78 66 64 25 13 27 67 46 15 46 78 54 59 47 66 11 12 14 32 48 43 74 60 60  9 65 22 70 47 65 70]
[ 0  0  0  0  0  1  0  0  0  0  0  0  0  0  0  0  0  0  0  0  0  0  0  0  0  0  0  0  0  0  0  0 54 30 39 19 29 21 64 75  2 27 47 74 47 33 54  6 69 56 44 25 31 14 23  3 63 49 57 48 38  5 49 34]
[ 0  0  0  0  0  0  1  0  0  0  0  0  0  0  0  0  0  0  0  0  0  0  0  0  0  0  0  0  0  0  0  0 58 78 32 48 75 32 16 61 64 33 34 77 38  3 49 46 35 64 68 14 17 47 58 49 77 76 12 51 71 60 27 40]
[ 0  0  0  0  0  0  0  1  0  0  0  0  0  0  0  0  0  0  0  0  0  0  0  0  0  0  0  0  0  0  0  0 52 16 32 75 54  4 10 51 16 35 22 16 67 32 78 11 71 77 66 12 15 21 78 57 59 52 65  5 49 53 26 37]
[ 0  0  0  0  0  0  0  0  1  0  0  0  0  0  0  0  0  0  0  0  0  0  0  0  0  0  0  0  0  0  0  0 63 32 71 16 44 27 72 51 14  8  7 11  5 17 31 32 29 77 68 13 23 64 13 35  6  3 69 32 42 62 69 25]
[ 0  0  0  0  0  0  0  0  0  1  0  0  0  0  0  0  0  0  0  0  0  0  0  0  0  0  0  0  0  0  0  0 34 35 50 75 45 49 39 55  5 23 38 74 70  1 25 18 67 68 78 22 71 16 43 14 33 28 73 31 61 72 34  9]
[ 0  0  0  0  0  0  0  0  0  0  1  0  0  0  0  0  0  0  0  0  0  0  0  0  0  0  0  0  0  0  0  0 40 22 29 61 26 59 52 57 57 31 76 46 23  7 10 21  3 68 13 51 25 27 78 16  0 76 18 15 63 69 52 21]
[ 0  0  0  0  0  0  0  0  0  0  0  1  0  0  0  0  0  0  0  0  0  0  0  0  0  0  0  0  0  0  0  0 28 27 26 11 24 49 18  7 37 54 25 68 35  2 51 22  1 52 29 57 38 67 22  6 29 72 43  6 77 64 46 61]
[ 0  0  0  0  0  0  0  0  0  0  0  0  1  0  0  0  0  0  0  0  0  0  0  0  0  0  0  0  0  0  0  0 29 34 11 24 49 48 13 15 30 55  2 21 10 55  6 52 64 18 56 75 39  1 19 19 21 62 77 41 64 73 28  1]
[ 0  0  0  0  0  0  0  0  0  0  0  0  0  1  0  0  0  0  0  0  0  0  0  0  0  0  0  0  0  0  0  0 30 60 11  7  3 40 35 39 18 19 64 33  9 50 52  5  0 21 45 48 62 61 69 30 26  3 71 55 56 72 46 20]
[ 0  0  0  0  0  0  0  0  0  0  0  0  0  0  1  0  0  0  0  0  0  0  0  0  0  0  0  0  0  0  0  0 71 26 15  5 18 50 39 10 32  6 14 21 48  3  5 48 29 48 18  6 57  8  6 61 29 47 59  0 17 62 56 55]
[ 0  0  0  0  0  0  0  0  0  0  0  0  0  0  0  1  0  0  0  0  0  0  0  0  0  0  0  0  0  0  0  0 76 66 26  8 67 43 34 51 51 64 30 40 30 75 19 20 16 74 57  9 33 75 50 57 36 20  6 26 46 59 58 47]
[ 0  0  0  0  0  0  0  0  0  0  0  0  0  0  0  0  1  0  0  0  0  0  0  0  0  0  0  0  0  0  0  0  8 41 72 70 43 32 42 45 46  7 36 11 66 76 36 16 68 14  5 48 64 40 40 40 63  5 24  0 29 38 14 66]
[ 0  0  0  0  0  0  0  0  0  0  0  0  0  0  0  0  0  1  0  0  0  0  0  0  0  0  0  0  0  0  0  0 32 10 75 44 33 32 59 56 39 51 27  6 56 56  0 56 24 41 30 41 56 76 20 31 52  5 67 15 16 62 57 47]
[ 0  0  0  0  0  0  0  0  0  0  0  0  0  0  0  0  0  0  1  0  0  0  0  0  0  0  0  0  0  0  0  0 11 15 68 28 17 34 33 64  3 27 47 49 18 13  9 46 42 27 18  8 22  8 43 17 37 33 74 26 36 45 32 50]
[ 0  0  0  0  0  0  0  0  0  0  0  0  0  0  0  0  0  0  0  1  0  0  0  0  0  0  0  0  0  0  0  0 50 28 24 59 44 54 78 47 61 38 33  4 60 32  9 51 56 51 65 14 39 77 39 14 76  4 51 34 22 72 56 44]
[ 0  0  0  0  0  0  0  0  0  0  0  0  0  0  0  0  0  0  0  0  1  0  0  0  0  0  0  0  0  0  0  0 49 70 69 74  8 71 18  9 68 59 71 50 10 73 17 67 66 59 43 36 47 21 15 64 73 48  7 40 11 39 60 25]
[ 0  0  0  0  0  0  0  0  0  0  0  0  0  0  0  0  0  0  0  0  0  1  0  0  0  0  0  0  0  0  0  0  6 76 71 73  5 58 36 34 73  3 46 46 77 14 65  1 52 48  5 17 51 45 73 37 77  2 31 11 20 58 22 50]
[ 0  0  0  0  0  0  0  0  0  0  0  0  0  0  0  0  0  0  0  0  0  0  1  0  0  0  0  0  0  0  0  0 75 54 31  9 44 53 30 68 33 70 53 55 17 35 47 53 24 32 34 15 54 18 29 68 66 48  6 22 10 30 33  3]
[ 0  0  0  0  0  0  0  0  0  0  0  0  0  0  0  0  0  0  0  0  0  0  0  1  0  0  0  0  0  0  0  0 76 11  7 52 19 35 13 56 40 45 72 56 61 29 54 12 62 17 40 17 73 17 14  5 59 29 45 28 22 32 54 71]
[ 0  0  0  0  0  0  0  0  0  0  0  0  0  0  0  0  0  0  0  0  0  0  0  0  1  0  0  0  0  0  0  0 71 19 39 43 29 41 63  7 39 58 54 55 15 49 59 74 64 60 75 38 62 62 55 68 17 40 19 77 49 10 24  5]
[ 0  0  0  0  0  0  0  0  0  0  0  0  0  0  0  0  0  0  0  0  0  0  0  0  0  1  0  0  0  0  0  0 69 62 20 41 24 17 23  4 78 56 36 32 21 36 20 78 40 11 50 62 26 55 20 60 69 43 30  7 22 32 17 10]
[ 0  0  0  0  0  0  0  0  0  0  0  0  0  0  0  0  0  0  0  0  0  0  0  0  0  0  1  0  0  0  0  0 29 51 68 62 43  2 66 16 24 54 68 37 59 19 64 17 43 22 41 55 78 43 47  9 42 62 54 56 13 16 24 40]
[ 0  0  0  0  0  0  0  0  0  0  0  0  0  0  0  0  0  0  0  0  0  0  0  0  0  0  0  1  0  0  0  0 42 35 30 45 42 55 60 61  0 15 70  5 13 64 17 17 35 55 65 37 73 45 33 42 36 62 69 45 77 53 55 74]
[ 0  0  0  0  0  0  0  0  0  0  0  0  0  0  0  0  0  0  0  0  0  0  0  0  0  0  0  0  1  0  0  0  2 62  9 54 19 47 41 71 77 26 15 34 35 56 57 65 68 48 40 72 44 32 36 36 45 65 62  9 11 32 41  6]
[ 0  0  0  0  0  0  0  0  0  0  0  0  0  0  0  0  0  0  0  0  0  0  0  0  0  0  0  0  0  1  0  0 44 18  6 69 36 66 52 33 22 36 46 17 72 34 11 23 16 22 49 53 56 14 25 48 53 67 70 63 10 21 17 11]
[ 0  0  0  0  0  0  0  0  0  0  0  0  0  0  0  0  0  0  0  0  0  0  0  0  0  0  0  0  0  0  1  0 70 37 37 24 22 77 76 17 28 52  5 37 67 49 63  5 72 74  4 15 22  3 11 77  1 69 29 43 13 33 27  7]
[ 0  0  0  0  0  0  0  0  0  0  0  0  0  0  0  0  0  0  0  0  0  0  0  0  0  0  0  0  0  0  0  1 20 33  9 24 34 43 68 19 72 39 46 73  6 42 13 65 21 59  1 59  6 24 59  3 50 48 44 69 52 28  6 77]
profile: [33, 1, 1, 1, 1, 1, 1, 1, 1, 1, 1, 1, 1, 1, 1, 1, 1, 1, 1, 1, 1, 1, 1, 1, 1, 1, 1, 1, 1, 1, 1, 1]
33<=B[0].wtL<=1287
B[0].wtH=33, B[0].wtL=556

--- BKZ with beta=3, classic ---
profile after BKZ: [31, 3, 1, 1, 1, 1, 1, 1, 1, 1, 1, 1, 1, 1, 1, 1, 1, 1, 1, 1, 1, 1, 1, 1, 1, 1, 1, 1, 1, 1, 1, 1]
31<=B_red[0].wtL<=1209
B_red[0].wtH=31, B_red[0].wtL=691

--- BKZ with beta=3, selecting lowest lee wt. vec ---
profile after BKZ: [31, 3, 1, 1, 1, 1, 1, 1, 1, 1, 1, 1, 1, 1, 1, 1, 1, 1, 1, 1, 1, 1, 1, 1, 1, 1, 1, 1, 1, 1, 1, 1]
31<=B_red1[0].wtL<=1209
B_red1[0].wtH=31, B_red1[0].wtL=446

--- LeeBKZ with beta=3, bkz with minimum_lee_wt_codeword+primitive ---
profile after BKZ: [33, 1, 1, 1, 1, 1, 1, 1, 1, 1, 1, 1, 1, 1, 1, 1, 1, 1, 1, 1, 1, 1, 1, 1, 1, 1, 1, 1, 1, 1, 1, 1]
33<=B_red2[0].wtL<=1287
B_red2[0].wtH=33, B_red2[0].wtL=473

--- LeeBKZ with beta=3, bkz with minimum_lee_wt_codeword (may be non-primitive) ---
profile after BKZ: [34, 1, 1, 1, 1, 1, 1, 1, 1, 1, 1, 1, 1, 1, 1, 1, 1, 1, 1, 1, 1, 1, 1, 1, 1, 1, 1, 1, 1, 1, 1, 0]
34<=B_red3[0].wtL<=1326
B_red3[0].wtH=34, B_red3[0].wtL=405

--- LeeBKZ with beta=3, bkz with minimum_lee_wt_codeword (revised projections) ---
profile after BKZ: [34, 2, 0, 0, 1, 1, 1, 1, 1, 1, 1, 1, 1, 1, 1, 1, 1, 1, 1, 1, 1, 1, 1, 1, 1, 1, 1, 1, 1, 1, 1, 1]
34<=B_red4[0].wtL<=1326
B_red4[0].wtH=34, B_red4[0].wtL=468
[ 1  0  0  0  0  0  0  0  0  0  0  0  0  0  0  0  0  0  0  0  0  0  0  0  0  0  0  0  0  0  0  0 62 15 18 41 72 27 15 35 56 75 27 30 69 11 47 36 67 25 49  4 75 35 78 16  3 76 48 34 46 68 51 12]
[ 0  1  0  0  0  0  0  0  0  0  0  0  0  0  0  0  0  0  0  0  0  0  0  0  0  0  0  0  0  0  0  0 44 42  0 35 59 66 32 60 68 66 28 46 73 71 58 33 11 71 61 10 36 54 74 21 17 58 23 39 64 67 39 10]
[ 0  0  1  0  0  0  0  0  0  0  0  0  0  0  0  0  0  0  0  0  0  0  0  0  0  0  0  0  0  0  0  0 13 37 10 72 78 67 55 45 66 16 27 72 43 60 76 18 61 54  1 55 26 34 56 29 26 47 41 35 12 35 71 28]
[ 0  0  0  1  0  0  0  0  0  0  0  0  0  0  0  0  0  0  0  0  0  0  0  0  0  0  0  0  0  0  0  0 44 18 52  8 25 63 29 48 56 49 33 52 56 15 17 19 47  3 51 13  4 63 25 26 50 30 78 37 28 75 17 52]
[ 0  0  0  0  1  0  0  0  0  0  0  0  0  0  0  0  0  0  0  0  0  0  0  0  0  0  0  0  0  0  0  0 43 73 74 14 29 44 70 63 45 25 12 11 47 68  8 77 19  0 12 74 49 59  3 35 38 35 39 78 59 26 24 48]
[ 0  0  0  0  0  1  0  0  0  0  0  0  0  0  0  0  0  0  0  0  0  0  0  0  0  0  0  0  0  0  0  0 29 64 72 61 75 61 38 46 11  1 34 55 62 43 15 63 42 18 58 54 66 14 28 64 37 41 12 12  9  3 23 26]
[ 0  0  0  0  0  0  1  0  0  0  0  0  0  0  0  0  0  0  0  0  0  0  0  0  0  0  0  0  0  0  0  0 52 47 48 32 50 28 74 57 36 41  8 35 43 35 55  0 58  9 56 50 68 53 68 45 74 39 55  4 28 57 68 41]
[ 0  0  0  0  0  0  0  1  0  0  0  0  0  0  0  0  0  0  0  0  0  0  0  0  0  0  0  0  0  0  0  0 47 65 50 17 76 77 28  5 58 76  0 42 50  0 20 68  1 35 18 58 63 37  9  0 26 22 71 19 16 48  0 77]
[ 0  0  0  0  0  0  0  0  1  0  0  0  0  0  0  0  0  0  0  0  0  0  0  0  0  0  0  0  0  0  0  0 38 26 68  2 71  4 59  1 49 56 49  2 65 72 47 22 22 78  3 74 58 18 19 28 74 10 69 32 54  6 15 21]
[ 0  0  0  0  0  0  0  0  0  1  0  0  0  0  0  0  0  0  0  0  0  0  0  0  0  0  0  0  0  0  0  0 66 24 14 49 37 42 41 39 61 69 11 51 56 45 63  5 66 75 67 73 63 33  6  9 78 53 12  1 12 19 74 59]
[ 0  0  0  0  0  0  0  0  0  0  1  0  0  0  0  0  0  0  0  0  0  0  0  0  0  0  0  0  0  0  0  0 66 18 56 12 34 45 67 46 17 31 24 25  3 47 69 25  1 68 37 55 37 21 76 16 16 38 76 31 58 69 35 75]
[ 0  0  0  0  0  0  0  0  0  0  0  1  0  0  0  0  0  0  0  0  0  0  0  0  0  0  0  0  0  0  0  0  9 61 30 60 44 13 23 31 13 29 76 50 51 77 40 41 16 71 76 56 56 19 36 41 27 26 17 26 27  2 59 39]
[ 0  0  0  0  0  0  0  0  0  0  0  0  1  0  0  0  0  0  0  0  0  0  0  0  0  0  0  0  0  0  0  0 73 26 32 12 14 68 55 68 75 16 67 62 59 74  6 18 69 56 29 17 13 52 77 76 27 53  3 12 54  7 56 10]
[ 0  0  0  0  0  0  0  0  0  0  0  0  0  1  0  0  0  0  0  0  0  0  0  0  0  0  0  0  0  0  0  0 36 17 56 47 41 34 27 30  9 66  7 16  3 60 66  0 51 76 61 70  4 19  8 10 17 70  4 30 42 48 32 52]
[ 0  0  0  0  0  0  0  0  0  0  0  0  0  0  1  0  0  0  0  0  0  0  0  0  0  0  0  0  0  0  0  0  1 11 59 42 45 17 76 55 13 60 24 49 60 29 18 49  2 68 59 47 21 66 74  8 38 71 55 76  3  7 14 57]
[ 0  0  0  0  0  0  0  0  0  0  0  0  0  0  0  1  0  0  0  0  0  0  0  0  0  0  0  0  0  0  0  0 20 12 12 33 36 65 32  7 19 58 26 78 35 32  5 35 63  9 69  8 27 11 42  2 78 22 10 63 35 22 36 61]
[ 0  0  0  0  0  0  0  0  0  0  0  0  0  0  0  0  1  0  0  0  0  0  0  0  0  0  0  0  0  0  0  0  2 59 29 33 48 60 19 33 20  0  1 49 65 22 42 23 35 33 11 71 27 55 39 68 78 58 54 30 37 47 75 47]
[ 0  0  0  0  0  0  0  0  0  0  0  0  0  0  0  0  0  1  0  0  0  0  0  0  0  0  0  0  0  0  0  0 35 34 56 54 76 25 42 34 28 45 72 49 63 11 58 10 58 49 42 56  1 56 30  0 35  0 53 66 57 38 52 46]
[ 0  0  0  0  0  0  0  0  0  0  0  0  0  0  0  0  0  0  1  0  0  0  0  0  0  0  0  0  0  0  0  0 61 21 47 21 78 46 69  5 76 77 68 60 19 14 66 18 46 76 50  3 65  5  5 47 57 77 58 28 78 26 54 22]
[ 0  0  0  0  0  0  0  0  0  0  0  0  0  0  0  0  0  0  0  1  0  0  0  0  0  0  0  0  0  0  0  0 72 20 37 67 15 26 71 28 45 58 44 16 18 30 16 49 58 31 14 13  8  9 61 24 49 39 12 49 17 67 54 38]
[ 0  0  0  0  0  0  0  0  0  0  0  0  0  0  0  0  0  0  0  0  1  0  0  0  0  0  0  0  0  0  0  0 39 13 16 35 21 24 11 64 77 36  1  9 58  9 53 28 73 51 34 39 23 78 20 72 63 54 62 72 64 36 33 23]
[ 0  0  0  0  0  0  0  0  0  0  0  0  0  0  0  0  0  0  0  0  0  1  0  0  0  0  0  0  0  0  0  0 50 30 33 65 53 57 50 20 29 30 43  3 41 23  6 21 46 76 55 78 67  0 17 28 43 25 26 19 68 55 15 74]
[ 0  0  0  0  0  0  0  0  0  0  0  0  0  0  0  0  0  0  0  0  0  0  1  0  0  0  0  0  0  0  0  0 35 25  0 15 23 26 54 77 37 18 52 28  9 45 37 76 32  9 61 27 49  2 36 44 16 12  8 36  6 42 32 44]
[ 0  0  0  0  0  0  0  0  0  0  0  0  0  0  0  0  0  0  0  0  0  0  0  1  0  0  0  0  0  0  0  0 17 37 75 50 13 61 24 76 14 71 76 41 38 47 66 39 72 23 74 66 30  1 65 53 15 17 64 69 10 26  6  0]
[ 0  0  0  0  0  0  0  0  0  0  0  0  0  0  0  0  0  0  0  0  0  0  0  0  1  0  0  0  0  0  0  0 44 77 52 17 78 46 51 50 13 59 56 14 54 29  9 59 47  2  1 47 34 14 39  5 60 38 19 49  3 77  6 32]
[ 0  0  0  0  0  0  0  0  0  0  0  0  0  0  0  0  0  0  0  0  0  0  0  0  0  1  0  0  0  0  0  0  2  4  1 17 20 29 63 13  0 37 63 19 30  5 35 19 29 48 78 53 66 11  6 21 67 71 17 29 64 58 22 55]
[ 0  0  0  0  0  0  0  0  0  0  0  0  0  0  0  0  0  0  0  0  0  0  0  0  0  0  1  0  0  0  0  0 38  0 46 70 43 48 71 53 42 63 58 43 56 56 51 32 37 54  3 49  0  3 52 30 33 66 70 65 22 60 65 42]
[ 0  0  0  0  0  0  0  0  0  0  0  0  0  0  0  0  0  0  0  0  0  0  0  0  0  0  0  1  0  0  0  0 11 38 68 42 51 48 22 13  5 49 51 47 17 33 56  0 59 13 78  0 11  8 13 35 58 22 10 26 35 67 16 53]
[ 0  0  0  0  0  0  0  0  0  0  0  0  0  0  0  0  0  0  0  0  0  0  0  0  0  0  0  0  1  0  0  0 32 31 14  8 18 66 31  8 60 36 54 73 24 76 65 34  8 47 15 63 31 39  9 58 51 63 10  1 14 11 13 31]
[ 0  0  0  0  0  0  0  0  0  0  0  0  0  0  0  0  0  0  0  0  0  0  0  0  0  0  0  0  0  1  0  0 16 12 67 23 57 30 34 75 67 31 43 18 78 25 27 32  2  4 31 29  9 13 75 53  6  3 46 12 28 14 78 66]
[ 0  0  0  0  0  0  0  0  0  0  0  0  0  0  0  0  0  0  0  0  0  0  0  0  0  0  0  0  0  0  1  0 36 76 73 45 59 34 43 44 34 66 75 40 44  4 10 68 27 14 42 54 73 51 55 10 31 12 59 51 69 68 71 31]
[ 0  0  0  0  0  0  0  0  0  0  0  0  0  0  0  0  0  0  0  0  0  0  0  0  0  0  0  0  0  0  0  1 35  5 55 65  1 38 30 27 34 57  4  6 18 43 30 20 71 63 42 60 67 69  9 44 75  6 22  7 67 70 54 12]
profile: [33, 1, 1, 1, 1, 1, 1, 1, 1, 1, 1, 1, 1, 1, 1, 1, 1, 1, 1, 1, 1, 1, 1, 1, 1, 1, 1, 1, 1, 1, 1, 1]
33<=B[0].wtL<=1287
B[0].wtH=33, B[0].wtL=628

--- BKZ with beta=3, classic ---
profile after BKZ: [31, 3, 1, 1, 1, 1, 1, 1, 1, 1, 1, 1, 1, 1, 1, 1, 1, 1, 1, 1, 1, 1, 1, 1, 1, 1, 1, 1, 1, 1, 1, 1]
31<=B_red[0].wtL<=1209
B_red[0].wtH=31, B_red[0].wtL=548

--- BKZ with beta=3, selecting lowest lee wt. vec ---
profile after BKZ: [31, 3, 1, 1, 1, 1, 1, 1, 1, 1, 1, 1, 1, 1, 1, 1, 1, 1, 1, 1, 1, 1, 1, 1, 1, 1, 1, 1, 1, 1, 1, 1]
31<=B_red1[0].wtL<=1209
B_red1[0].wtH=31, B_red1[0].wtL=449

--- LeeBKZ with beta=3, bkz with minimum_lee_wt_codeword+primitive ---
profile after BKZ: [33, 1, 1, 1, 1, 1, 1, 1, 1, 1, 1, 1, 1, 1, 1, 1, 1, 1, 1, 1, 1, 1, 1, 1, 1, 1, 1, 1, 1, 1, 1, 1]
33<=B_red2[0].wtL<=1287
B_red2[0].wtH=33, B_red2[0].wtL=492

--- LeeBKZ with beta=3, bkz with minimum_lee_wt_codeword (may be non-primitive) ---
profile after BKZ: [35, 1, 1, 1, 1, 1, 1, 1, 1, 1, 1, 1, 1, 1, 1, 1, 1, 1, 1, 1, 1, 1, 1, 1, 1, 1, 1, 1, 1, 1, 0, 0]
35<=B_red3[0].wtL<=1365
B_red3[0].wtH=35, B_red3[0].wtL=392

--- LeeBKZ with beta=3, bkz with minimum_lee_wt_codeword (revised projections) ---
profile after BKZ: [33, 3, 0, 0, 1, 1, 1, 1, 1, 1, 1, 1, 1, 1, 1, 1, 1, 1, 1, 1, 1, 1, 1, 1, 1, 1, 1, 1, 1, 1, 1, 1]
33<=B_red4[0].wtL<=1287
B_red4[0].wtH=33, B_red4[0].wtL=462
[ 1  0  0  0  0  0  0  0  0  0  0  0  0  0  0  0  0  0  0  0  0  0  0  0  0  0  0  0  0  0  0  0 14 53 41 73 62 51 23 23 21 31 26 24 74 27  1 43 40 32 48  2 36 32 43 56 31 30 53 55 77 50  7  1]
[ 0  1  0  0  0  0  0  0  0  0  0  0  0  0  0  0  0  0  0  0  0  0  0  0  0  0  0  0  0  0  0  0 24 14 48  0 32 12 71 12 53 65 29 19 67  4 54 23 21 77 10  8 46 51 39 40  9 27 52 46 67 60 44 23]
[ 0  0  1  0  0  0  0  0  0  0  0  0  0  0  0  0  0  0  0  0  0  0  0  0  0  0  0  0  0  0  0  0 67 61 40 30 68 68 24 14 36 77 30 12 47 52  3 51 70 72 69 43 37  3 55 51 34 49 38 59 64 18 68 67]
[ 0  0  0  1  0  0  0  0  0  0  0  0  0  0  0  0  0  0  0  0  0  0  0  0  0  0  0  0  0  0  0  0 16  4 24 37 71 30 13 38 27 61 63 11 10 17 24 62  8 49 50 21 45 55 39 65 28 12 22 25 28 29 70 49]
[ 0  0  0  0  1  0  0  0  0  0  0  0  0  0  0  0  0  0  0  0  0  0  0  0  0  0  0  0  0  0  0  0 38 44 49 13 55 65 37 12 19 78 32 40 44 54 11 16 65 56 60  2 23 31  6  2 62 53 42 18 47 75 13 14]
[ 0  0  0  0  0  1  0  0  0  0  0  0  0  0  0  0  0  0  0  0  0  0  0  0  0  0  0  0  0  0  0  0  0  8 14 29  8 28 27 67 11 29  4 24 37 14 51 68 74 21  9 69 49 46 45 20 33 54 15  8 72 66 31 64]
[ 0  0  0  0  0  0  1  0  0  0  0  0  0  0  0  0  0  0  0  0  0  0  0  0  0  0  0  0  0  0  0  0 31 20 77 21 37 39 34 47 44 46 66 44 61  2 66 33 30 16 62 20 50  2 20 76 27 77 78 72 26 49 17  2]
[ 0  0  0  0  0  0  0  1  0  0  0  0  0  0  0  0  0  0  0  0  0  0  0  0  0  0  0  0  0  0  0  0 34 32  7 54 29 44 22 26 42 69 19 66 47  5  4 21  0 47 13 47 58  7 48 17 10 21 68  0 64 54 64 31]
[ 0  0  0  0  0  0  0  0  1  0  0  0  0  0  0  0  0  0  0  0  0  0  0  0  0  0  0  0  0  0  0  0 29 66 19  6 63 65 55 71 16 63 60 78 50  8 77 70 72 11  4  2 69 70 37 76  4 70 70 23 69  0 58 16]
[ 0  0  0  0  0  0  0  0  0  1  0  0  0  0  0  0  0  0  0  0  0  0  0  0  0  0  0  0  0  0  0  0 11 61 31 38 60 24 46 63 47 64 74 42 58 61 58 21 59 35 50 18 71 71 19 37 40 61 52 12 59 24  6 40]
[ 0  0  0  0  0  0  0  0  0  0  1  0  0  0  0  0  0  0  0  0  0  0  0  0  0  0  0  0  0  0  0  0 28 20 64 78 59  8  0 65 55 33 34 50 45 37 47  2 37 78 11 11 13  6  2 48 18 39 41  9  3 25 27 22]
[ 0  0  0  0  0  0  0  0  0  0  0  1  0  0  0  0  0  0  0  0  0  0  0  0  0  0  0  0  0  0  0  0 35 64 66 38 37  6 36  3 60 56  1 59 53 39 15  3 29  1 35 41  8 50 54 12 27 58 42 34 61 61  3 36]
[ 0  0  0  0  0  0  0  0  0  0  0  0  1  0  0  0  0  0  0  0  0  0  0  0  0  0  0  0  0  0  0  0 73 63 77 15 40 49 65 63 29 76 67 48  9 53 23 17 46 62 28  1 12 76 11  5 26 20 24 44 24 40 60 13]
[ 0  0  0  0  0  0  0  0  0  0  0  0  0  1  0  0  0  0  0  0  0  0  0  0  0  0  0  0  0  0  0  0 69 10 26 32 60 46 67 35 41 70 47 35 26 24 40 74 66  3 26 70 74 54 48 35 49 47 69  6 10 14 22 18]
[ 0  0  0  0  0  0  0  0  0  0  0  0  0  0  1  0  0  0  0  0  0  0  0  0  0  0  0  0  0  0  0  0 51  7 39  2 24 66 25 39 66 28 42 10 74 59 71 22 52 67  0 51 15 48 70 14 22 29 27 52 57 13 40 50]
[ 0  0  0  0  0  0  0  0  0  0  0  0  0  0  0  1  0  0  0  0  0  0  0  0  0  0  0  0  0  0  0  0 41 42 57 63 39 27 57 25 49 76  3 54  7 22 51 48 50 18 11 18 13 25 40 41 54  1 48 45 66 76 50 55]
[ 0  0  0  0  0  0  0  0  0  0  0  0  0  0  0  0  1  0  0  0  0  0  0  0  0  0  0  0  0  0  0  0 16 23 19 45 60 31 68 43 26 46  5 78 27 15 40 51 29 49 43  5 64 19 63 36  2 32  2 69 23 55 34 32]
[ 0  0  0  0  0  0  0  0  0  0  0  0  0  0  0  0  0  1  0  0  0  0  0  0  0  0  0  0  0  0  0  0 64 27 46 15 32 42 46 78 31 34 40 77 11 20 32 65 23 21 58 71 56 44 65  5 72 54 45 49 15 45 13 17]
[ 0  0  0  0  0  0  0  0  0  0  0  0  0  0  0  0  0  0  1  0  0  0  0  0  0  0  0  0  0  0  0  0 20 23 75 76 70 39 34  3 41 25 57 76 31 33 35  4 64 54 22 62 21 76 25 39  1 24 14 11 28 58  0 64]
[ 0  0  0  0  0  0  0  0  0  0  0  0  0  0  0  0  0  0  0  1  0  0  0  0  0  0  0  0  0  0  0  0 78 72 43 47 47 30 32 77  7 22 49 36  4 16 10 47 71 31  1 19 48 24 20 78 76 48 35 12 20 40  1 48]
[ 0  0  0  0  0  0  0  0  0  0  0  0  0  0  0  0  0  0  0  0  1  0  0  0  0  0  0  0  0  0  0  0  9 18 38  7 26 75 55 53 43  8  7 44 62 48 17 33 70 62 32 55 70 44 65 11 62 41 40 19 59 71 22 64]
[ 0  0  0  0  0  0  0  0  0  0  0  0  0  0  0  0  0  0  0  0  0  1  0  0  0  0  0  0  0  0  0  0 67 43 23 74 32 42 43 34 38 17 46 31 29 56 70 65 24  1 62 12 67  6 47  8 46 26 56 19  2  8 17  3]
[ 0  0  0  0  0  0  0  0  0  0  0  0  0  0  0  0  0  0  0  0  0  0  1  0  0  0  0  0  0  0  0  0 56 64 66 14  5 24 24 17 40 17 56 29 43 66 54 56  7 52 36 65 65  6  2 32 77 30  8 46 11 29  6 57]
[ 0  0  0  0  0  0  0  0  0  0  0  0  0  0  0  0  0  0  0  0  0  0  0  1  0  0  0  0  0  0  0  0 50 68 24 23 69 62 50 47 23 38  1 48  4  5 54 57 50 25 46  6  6 35 67 29 52 16 33 42  1 27 30 52]
[ 0  0  0  0  0  0  0  0  0  0  0  0  0  0  0  0  0  0  0  0  0  0  0  0  1  0  0  0  0  0  0  0 65 60 49  0  0 50 36  2  1 78 16 72 57  6 13 61 24 19 11 45 17 72 10 77 69 76 10 72  2 69 59 55]
[ 0  0  0  0  0  0  0  0  0  0  0  0  0  0  0  0  0  0  0  0  0  0  0  0  0  1  0  0  0  0  0  0 32 56  8 46 12 62 58 18 15 10 58 54 55 49 76 10 75 59 63 64  7 78 60 68 28  2 59 12 25  9 36 70]
[ 0  0  0  0  0  0  0  0  0  0  0  0  0  0  0  0  0  0  0  0  0  0  0  0  0  0  1  0  0  0  0  0 59 63 67 72 74 32 22 25 33 14 43 25 34 55 30 37 76 75 41 45 55 78 29 16 30 17 20 59  7 61  6 52]
[ 0  0  0  0  0  0  0  0  0  0  0  0  0  0  0  0  0  0  0  0  0  0  0  0  0  0  0  1  0  0  0  0 52 50 33 35 22 59 27 76 16 37 47 42 78 53 34 15 77 35 31  5 29 37 22  6 78 14 31 19 53 77  1 53]
[ 0  0  0  0  0  0  0  0  0  0  0  0  0  0  0  0  0  0  0  0  0  0  0  0  0  0  0  0  1  0  0  0 75 45  9  0 53 61 54 60 64  2 65 12 51  5 66 16 56 47 21 12 69 25 62 56 54  0  3 13 38 70 50 35]
[ 0  0  0  0  0  0  0  0  0  0  0  0  0  0  0  0  0  0  0  0  0  0  0  0  0  0  0  0  0  1  0  0 50  4  1 39 35 13 69  8 43 46 18 27 48 28 60 17 59 43 78 78 74 71  3 25 10 25 17 40 37 50 22 44]
[ 0  0  0  0  0  0  0  0  0  0  0  0  0  0  0  0  0  0  0  0  0  0  0  0  0  0  0  0  0  0  1  0 25 61 49  2 50 13 54 31 49 23 19 22 57 42  9  4 63 49 59 53  9 55 50 56 34 32 70 51 50 10 63 18]
[ 0  0  0  0  0  0  0  0  0  0  0  0  0  0  0  0  0  0  0  0  0  0  0  0  0  0  0  0  0  0  0  1 15  7 11  1 26 48 67 77 73 49 11  1 40 46 55 58 73 13  7 15  8  2 47 25  7 76 15 66 55 56 25 24]
profile: [33, 1, 1, 1, 1, 1, 1, 1, 1, 1, 1, 1, 1, 1, 1, 1, 1, 1, 1, 1, 1, 1, 1, 1, 1, 1, 1, 1, 1, 1, 1, 1]
33<=B[0].wtL<=1287
B[0].wtH=33, B[0].wtL=728

--- BKZ with beta=3, classic ---
profile after BKZ: [31, 3, 1, 1, 1, 1, 1, 1, 1, 1, 1, 1, 1, 1, 1, 1, 1, 1, 1, 1, 1, 1, 1, 1, 1, 1, 1, 1, 1, 1, 1, 1]
31<=B_red[0].wtL<=1209
B_red[0].wtH=31, B_red[0].wtL=583

--- BKZ with beta=3, selecting lowest lee wt. vec ---
profile after BKZ: [31, 3, 1, 1, 1, 1, 1, 1, 1, 1, 1, 1, 1, 1, 1, 1, 1, 1, 1, 1, 1, 1, 1, 1, 1, 1, 1, 1, 1, 1, 1, 1]
31<=B_red1[0].wtL<=1209
B_red1[0].wtH=31, B_red1[0].wtL=477

--- LeeBKZ with beta=3, bkz with minimum_lee_wt_codeword+primitive ---
profile after BKZ: [33, 1, 1, 1, 1, 1, 1, 1, 1, 1, 1, 1, 1, 1, 1, 1, 1, 1, 1, 1, 1, 1, 1, 1, 1, 1, 1, 1, 1, 1, 1, 1]
33<=B_red2[0].wtL<=1287
B_red2[0].wtH=33, B_red2[0].wtL=449

--- LeeBKZ with beta=3, bkz with minimum_lee_wt_codeword (may be non-primitive) ---
profile after BKZ: [33, 1, 1, 1, 1, 1, 1, 1, 1, 1, 1, 1, 1, 1, 1, 1, 1, 1, 1, 1, 1, 1, 1, 1, 1, 1, 1, 1, 1, 1, 1, 1]
33<=B_red3[0].wtL<=1287
B_red3[0].wtH=33, B_red3[0].wtL=398

--- LeeBKZ with beta=3, bkz with minimum_lee_wt_codeword (revised projections) ---
profile after BKZ: [33, 2, 1, 0, 1, 1, 1, 1, 1, 1, 1, 1, 1, 1, 1, 1, 1, 1, 1, 1, 1, 1, 1, 1, 1, 1, 1, 1, 1, 1, 1, 1]
33<=B_red4[0].wtL<=1287
B_red4[0].wtH=33, B_red4[0].wtL=449
[ 1  0  0  0  0  0  0  0  0  0  0  0  0  0  0  0  0  0  0  0  0  0  0  0  0  0  0  0  0  0  0  0 55 43 44 41 59 58 52 52 38 35 20 12 37 70 19 12 10 28 39  5 16 19 55  1  2 59 67  4 77 47 14 47]
[ 0  1  0  0  0  0  0  0  0  0  0  0  0  0  0  0  0  0  0  0  0  0  0  0  0  0  0  0  0  0  0  0 49 10 15 69 64 12 11 16 21 40 38 73 21  8  1 14 71 44 68 55 41 25 66 19 56 52 41  1 29 21 58 26]
[ 0  0  1  0  0  0  0  0  0  0  0  0  0  0  0  0  0  0  0  0  0  0  0  0  0  0  0  0  0  0  0  0 76 70  6 38 51 50 33  3 45 33 74 10 10 34 77  8  3 17 33 65 52 64 66 44 68 21 78 72  5 27 53 59]
[ 0  0  0  1  0  0  0  0  0  0  0  0  0  0  0  0  0  0  0  0  0  0  0  0  0  0  0  0  0  0  0  0 25 72 60 65 36  1 51 37  9 11 50 47 19 40 22 19  0 67 38 26 30 72 30  4 35 31 38 48 42 49 69 23]
[ 0  0  0  0  1  0  0  0  0  0  0  0  0  0  0  0  0  0  0  0  0  0  0  0  0  0  0  0  0  0  0  0 78 39 27  6 17 15  0 68 67 76 54 74 69 75 58 34 33 24 21 71 69 54 78 54 34 32 44  3  4 48 38  1]
[ 0  0  0  0  0  1  0  0  0  0  0  0  0  0  0  0  0  0  0  0  0  0  0  0  0  0  0  0  0  0  0  0 69 77 23 35 49 14 51 42 71 40 18 75 69 30 34  3 24 39 60 54  1 41 76 36 66  8 14 35 39 18 71  0]
[ 0  0  0  0  0  0  1  0  0  0  0  0  0  0  0  0  0  0  0  0  0  0  0  0  0  0  0  0  0  0  0  0 43  4 14 65 39 33 69 33 27 65 53 77 38 59  5 11 10  1 45  5 52 67 13 76 16  7 31 11 12  5  3 21]
[ 0  0  0  0  0  0  0  1  0  0  0  0  0  0  0  0  0  0  0  0  0  0  0  0  0  0  0  0  0  0  0  0 27  4 59 22  0 56 67  3 47 51 11 63 59  5  0 21 40 21 31 14 60 69 18 53 20 19 33 18 38 47  2  0]
[ 0  0  0  0  0  0  0  0  1  0  0  0  0  0  0  0  0  0  0  0  0  0  0  0  0  0  0  0  0  0  0  0 64 58 61 58  4  5 78 37 73 65 37 47  2 34 57  5 63 45  0 72 46 68 33 31 63 55 68 64 39 20 55  1]
[ 0  0  0  0  0  0  0  0  0  1  0  0  0  0  0  0  0  0  0  0  0  0  0  0  0  0  0  0  0  0  0  0 54 41 15 41  1 62 23  4 72 32 44 15 19 49 34  7 46 13 49 71 29  1 24  1  2 15 74 48 73 59 25 45]
[ 0  0  0  0  0  0  0  0  0  0  1  0  0  0  0  0  0  0  0  0  0  0  0  0  0  0  0  0  0  0  0  0 62  4 61 48 33 14 32 31 59 50 73 28 15 26 29 72 35 66 28  5 21 47 21 76 76 26 33 71 58 63 35 23]
[ 0  0  0  0  0  0  0  0  0  0  0  1  0  0  0  0  0  0  0  0  0  0  0  0  0  0  0  0  0  0  0  0 47 62 44 31 30 32 20  1  7 29  1 39  0 71  2 49 27 62  8 30 32 18 21 33 55 75 48 53 49 64 13 17]
[ 0  0  0  0  0  0  0  0  0  0  0  0  1  0  0  0  0  0  0  0  0  0  0  0  0  0  0  0  0  0  0  0 34 38 31 55 30 10 64 63  8 22 39  3 68 21 44 22 78 68  2 48 20  4 16 69 14 39 56 51 16 62 47 65]
[ 0  0  0  0  0  0  0  0  0  0  0  0  0  1  0  0  0  0  0  0  0  0  0  0  0  0  0  0  0  0  0  0 14 11 67  5 45 44 70 17 50 40 59 47 15  4 57 10  6 24  7 55 52 72 28 48 33 44 26 25 63 17  9 27]
[ 0  0  0  0  0  0  0  0  0  0  0  0  0  0  1  0  0  0  0  0  0  0  0  0  0  0  0  0  0  0  0  0 77 35 56 62 52 51 27 42 48  6 49 28 41 76 58 31 18 64 26  9 25 71 54  3 11 39 56 67 74 17 72 32]
[ 0  0  0  0  0  0  0  0  0  0  0  0  0  0  0  1  0  0  0  0  0  0  0  0  0  0  0  0  0  0  0  0 39 53  3 49 75 47 45 41 41 46  3 34 71 44 66 56 48 44  7 30 39 57  5 42 26 45 14 75 73 14 35 68]
[ 0  0  0  0  0  0  0  0  0  0  0  0  0  0  0  0  1  0  0  0  0  0  0  0  0  0  0  0  0  0  0  0 16  8  6  9 24 12 76 65 27 55 54 40 62 49 29 52 78 57 77 76 23  8 76 77  1 41 71 60 63 69 51 21]
[ 0  0  0  0  0  0  0  0  0  0  0  0  0  0  0  0  0  1  0  0  0  0  0  0  0  0  0  0  0  0  0  0  1 72 11 17 48 78 67 57 47 47 65 61 28  8  4 10 60 27 46 56 63 56 50 66 42 78 76 11 69 36 21 57]
[ 0  0  0  0  0  0  0  0  0  0  0  0  0  0  0  0  0  0  1  0  0  0  0  0  0  0  0  0  0  0  0  0 46 26 24 71  5 75 36 60 25 55 27 63 19 16 40 16 42 19 57 74 61 42 31 44 47 52 23 21  0 65 31 59]
[ 0  0  0  0  0  0  0  0  0  0  0  0  0  0  0  0  0  0  0  1  0  0  0  0  0  0  0  0  0  0  0  0 35 18 41 32 71 35 50 29 33 32 35  0 17 42 14 29 75 65  4 10  5  4 64 72 47 71 67 32 13 11 62 63]
[ 0  0  0  0  0  0  0  0  0  0  0  0  0  0  0  0  0  0  0  0  1  0  0  0  0  0  0  0  0  0  0  0 36 68 74 77 63 13  4 40 75 59 39  6 48 67 23 23 56 23 26 52 23 17 76 18 35 63 31 29 72 70 74 74]
[ 0  0  0  0  0  0  0  0  0  0  0  0  0  0  0  0  0  0  0  0  0  1  0  0  0  0  0  0  0  0  0  0 20 59  4 77 33 20 63 32 43 23 14 61 37 49 44 26 53 64  0  1 24 50 64  3  5 61 59 10 46  6 30 72]
[ 0  0  0  0  0  0  0  0  0  0  0  0  0  0  0  0  0  0  0  0  0  0  1  0  0  0  0  0  0  0  0  0 61 36 51 48 31 40  5 43 14 74 28 69 72 23 31 16 43 72 23  6 31  0 67 57 54  3 71 54 50 21 38 30]
[ 0  0  0  0  0  0  0  0  0  0  0  0  0  0  0  0  0  0  0  0  0  0  0  1  0  0  0  0  0  0  0  0 35  8  2 35 68 20 44 78 69  1 70  2  6 12 71  7 15 45 18 55 67 20 43 31 44 13  7 12 35 28 76 39]
[ 0  0  0  0  0  0  0  0  0  0  0  0  0  0  0  0  0  0  0  0  0  0  0  0  1  0  0  0  0  0  0  0 30 56 65 25 15 19 68  7  4 77 30 13 50 54 78 57 33 34 55 73 36 63 63 78 62 58 17 12 27 25 38 34]
[ 0  0  0  0  0  0  0  0  0  0  0  0  0  0  0  0  0  0  0  0  0  0  0  0  0  1  0  0  0  0  0  0  2 60 44 21 34 19 52 58 25 16 32 62  2 51 45 73 15 38 61 53 35 57  9 35 36 64  0 44 37 30 74  5]
[ 0  0  0  0  0  0  0  0  0  0  0  0  0  0  0  0  0  0  0  0  0  0  0  0  0  0  1  0  0  0  0  0 54 65  8 16 41 73 74 16 66 12 27 70 45  7  3 49 14 41 19 67 29 47 21 59  8 10 17 63 48 44  3 40]
[ 0  0  0  0  0  0  0  0  0  0  0  0  0  0  0  0  0  0  0  0  0  0  0  0  0  0  0  1  0  0  0  0 55 23 52  5 21  4 11 64 60  0 63 62 54 74 23 11 38 58  7 29  2 46 61 23  2 69 40  2 45 54 47 30]
[ 0  0  0  0  0  0  0  0  0  0  0  0  0  0  0  0  0  0  0  0  0  0  0  0  0  0  0  0  1  0  0  0  4 31 77 57 25 65 29 59 76 55 72 63 65 46 73 28 73 50 16 29 52 56 46 46 23  9 46 64 28 16 77 40]
[ 0  0  0  0  0  0  0  0  0  0  0  0  0  0  0  0  0  0  0  0  0  0  0  0  0  0  0  0  0  1  0  0 65  0 42 26 14 19 74 31 76 19 46 71 69 63 69 65 56 63 60 19 69 44 22 72 61 31 32 35 11 76 22 66]
[ 0  0  0  0  0  0  0  0  0  0  0  0  0  0  0  0  0  0  0  0  0  0  0  0  0  0  0  0  0  0  1  0 68 13 69  7  0 20 56 73 73  6 26 47 70 46 19 52 25 22 17  7 74 50 50 78 38 40  1 75  2 51 39 44]
[ 0  0  0  0  0  0  0  0  0  0  0  0  0  0  0  0  0  0  0  0  0  0  0  0  0  0  0  0  0  0  0  1 34 57 44  9 71 61 26 33 61  6 50 23 58 18 58 59 20 38 59 44  5 10 56 32 14 29  6 52 56 29  1 76]
profile: [33, 1, 1, 1, 1, 1, 1, 1, 1, 1, 1, 1, 1, 1, 1, 1, 1, 1, 1, 1, 1, 1, 1, 1, 1, 1, 1, 1, 1, 1, 1, 1]
33<=B[0].wtL<=1287
B[0].wtH=33, B[0].wtL=671

--- BKZ with beta=3, classic ---
profile after BKZ: [31, 3, 1, 1, 1, 1, 1, 1, 1, 1, 1, 1, 1, 1, 1, 1, 1, 1, 1, 1, 1, 1, 1, 1, 1, 1, 1, 1, 1, 1, 1, 1]
31<=B_red[0].wtL<=1209
B_red[0].wtH=31, B_red[0].wtL=584

--- BKZ with beta=3, selecting lowest lee wt. vec ---
profile after BKZ: [31, 3, 1, 1, 1, 1, 1, 1, 1, 1, 1, 1, 1, 1, 1, 1, 1, 1, 1, 1, 1, 1, 1, 1, 1, 1, 1, 1, 1, 1, 1, 1]
31<=B_red1[0].wtL<=1209
B_red1[0].wtH=31, B_red1[0].wtL=442

--- LeeBKZ with beta=3, bkz with minimum_lee_wt_codeword+primitive ---
profile after BKZ: [33, 1, 1, 1, 1, 1, 1, 1, 1, 1, 1, 1, 1, 1, 1, 1, 1, 1, 1, 1, 1, 1, 1, 1, 1, 1, 1, 1, 1, 1, 1, 1]
33<=B_red2[0].wtL<=1287
B_red2[0].wtH=33, B_red2[0].wtL=463

--- LeeBKZ with beta=3, bkz with minimum_lee_wt_codeword (may be non-primitive) ---
profile after BKZ: [33, 1, 1, 1, 1, 1, 1, 1, 1, 1, 1, 1, 1, 1, 1, 1, 1, 1, 1, 1, 1, 1, 1, 1, 1, 1, 1, 1, 1, 1, 1, 1]
33<=B_red3[0].wtL<=1287
B_red3[0].wtH=33, B_red3[0].wtL=378

--- LeeBKZ with beta=3, bkz with minimum_lee_wt_codeword (revised projections) ---
profile after BKZ: [33, 3, 0, 0, 1, 1, 1, 1, 1, 1, 1, 1, 1, 1, 1, 1, 1, 1, 1, 1, 1, 1, 1, 1, 1, 1, 1, 1, 1, 1, 1, 1]
33<=B_red4[0].wtL<=1287
B_red4[0].wtH=33, B_red4[0].wtL=448
[ 1  0  0  0  0  0  0  0  0  0  0  0  0  0  0  0  0  0  0  0  0  0  0  0  0  0  0  0  0  0  0  0 37 76 63 42 17  6 64 15 41 63  6 59 35 53 40 58 42 10 56 16 65 21 35 59  9 12 21 26 67 23 64 47]
[ 0  1  0  0  0  0  0  0  0  0  0  0  0  0  0  0  0  0  0  0  0  0  0  0  0  0  0  0  0  0  0  0 64 35 25 45 24  9 33  4 57 20 61 68  5 14 19 36 59 50 42 74  2 13 49  0 19 13 56 54 27 26 35  8]
[ 0  0  1  0  0  0  0  0  0  0  0  0  0  0  0  0  0  0  0  0  0  0  0  0  0  0  0  0  0  0  0  0 66 39 57 51 55 61 49 29 11 77  4 70 27 46 45 73 60 25 67 65 43 28 19 24 43 62 38 17 60 48 56  6]
[ 0  0  0  1  0  0  0  0  0  0  0  0  0  0  0  0  0  0  0  0  0  0  0  0  0  0  0  0  0  0  0  0 39 54 19 78 18 41 24 50  8 64 39  0 55 10 14 40 21  1 35 49  2  7 58 56 32 18  2 43 25  4 55 72]
[ 0  0  0  0  1  0  0  0  0  0  0  0  0  0  0  0  0  0  0  0  0  0  0  0  0  0  0  0  0  0  0  0 43  8 16 25 47 14 33 69  0 27  8 77 21 14 48 15 63 78 66 76 39 65 20  7 50  7 69 12 33 22 13 56]
[ 0  0  0  0  0  1  0  0  0  0  0  0  0  0  0  0  0  0  0  0  0  0  0  0  0  0  0  0  0  0  0  0 58 72 50 76 17  9 53 42 19 18 67 77 78 21 30 62 11 23 23 47 38  4 31 56 23 72 65 18 36 77 70 18]
[ 0  0  0  0  0  0  1  0  0  0  0  0  0  0  0  0  0  0  0  0  0  0  0  0  0  0  0  0  0  0  0  0  4  6 51 11 72 45 73 70 42 43 36  5 19  2 54 71 58 10 47 66 25  4 32 75 73  6 50 41 64 36  6 75]
[ 0  0  0  0  0  0  0  1  0  0  0  0  0  0  0  0  0  0  0  0  0  0  0  0  0  0  0  0  0  0  0  0 59 45 41 33 33 52 66 64 45 24 20 23 21 69  3 26 32 26 28 71 68 68 35 18 74 64 19  0 67 76 12 44]
[ 0  0  0  0  0  0  0  0  1  0  0  0  0  0  0  0  0  0  0  0  0  0  0  0  0  0  0  0  0  0  0  0 57 78  9 31 25 16 34 15 33 56 75 58  4 19  1 32 67 72 78 62 65 74 63 54 43 19 34 52  5 74 31 68]
[ 0  0  0  0  0  0  0  0  0  1  0  0  0  0  0  0  0  0  0  0  0  0  0  0  0  0  0  0  0  0  0  0  3 23 36 62 68  8 22 34 30  2 25 63 23 48 28 23  0  7 15 31 71 77 23 69 42  0 40 40 20 72 21  0]
[ 0  0  0  0  0  0  0  0  0  0  1  0  0  0  0  0  0  0  0  0  0  0  0  0  0  0  0  0  0  0  0  0 62  9 18 72 54 44 50 72 52 48 13 67 47  9 25  6  7 63  3 59 48 24 65 17 44 43 10 70 47 57 19 53]
[ 0  0  0  0  0  0  0  0  0  0  0  1  0  0  0  0  0  0  0  0  0  0  0  0  0  0  0  0  0  0  0  0 37 14 50 37 36  0 29  0 26 10 53 60 72 70 40 37  9 26 74 68 33 78 40  6  3  9  5 69 16  1 48 63]
[ 0  0  0  0  0  0  0  0  0  0  0  0  1  0  0  0  0  0  0  0  0  0  0  0  0  0  0  0  0  0  0  0  8 50 12  2 42 24 33 20 78 49 12 45 12 49 46 67 75 47 73 15  5 52  5 43 74 73 74  3 63  9 35 61]
[ 0  0  0  0  0  0  0  0  0  0  0  0  0  1  0  0  0  0  0  0  0  0  0  0  0  0  0  0  0  0  0  0  3 26  4 13 64 32 52 42 73 18 27 14 73 17 70 78 40 15 21 54 63 19  0 10  6  0  3 54 62 62 48 25]
[ 0  0  0  0  0  0  0  0  0  0  0  0  0  0  1  0  0  0  0  0  0  0  0  0  0  0  0  0  0  0  0  0  0 32 36 63 67 48 46  9 17 23 51  8 29 30 41 48 12  3 24 15 68  7 66 52 53 23 48 33 39 49 22 41]
[ 0  0  0  0  0  0  0  0  0  0  0  0  0  0  0  1  0  0  0  0  0  0  0  0  0  0  0  0  0  0  0  0 49 18 41 27 31 60  5 70 20 31 73 40 65  0 21 26 59 24 78 57 20 52  9 45 64 72 54 76 39 24 23 56]
[ 0  0  0  0  0  0  0  0  0  0  0  0  0  0  0  0  1  0  0  0  0  0  0  0  0  0  0  0  0  0  0  0 10 49 45 65 22 33 31  4 54 40 50  1 74 15 25 29 76 38 43 10 50 18 61 13  7  7 76 15 75 20 20 74]
[ 0  0  0  0  0  0  0  0  0  0  0  0  0  0  0  0  0  1  0  0  0  0  0  0  0  0  0  0  0  0  0  0 13 77 65  5 35 35 69 26 66 53  6 63 17 33 25 78 52 36 15 37  3  2 56 65 21 43  8 50  6 36 67 36]
[ 0  0  0  0  0  0  0  0  0  0  0  0  0  0  0  0  0  0  1  0  0  0  0  0  0  0  0  0  0  0  0  0 24 45  6 35 48 65  8 51 56 46 55 46 66 28 32 52 22 65 25 52 17 47 34 63 58 32 19 22 16 28 55 40]
[ 0  0  0  0  0  0  0  0  0  0  0  0  0  0  0  0  0  0  0  1  0  0  0  0  0  0  0  0  0  0  0  0 75  6 23 29 76 27 69 23 64 49  8 73 34 72  0 53 54 15 31 58 71 54 28 71 61 63 35 15 29 39 72 47]
[ 0  0  0  0  0  0  0  0  0  0  0  0  0  0  0  0  0  0  0  0  1  0  0  0  0  0  0  0  0  0  0  0 60 27 57  8 57 56 63 27  4 58 52 38 47  3 28 61 18 32  3 35 59  6  6 74  0 51 49 45 71 12  5 23]
[ 0  0  0  0  0  0  0  0  0  0  0  0  0  0  0  0  0  0  0  0  0  1  0  0  0  0  0  0  0  0  0  0 11 15  2 47 16  7 48 74  4  6  2 68 19 34  8 44 38 41 20 47 32 43 33 12 31 75 58  4  8 19  2 49]
[ 0  0  0  0  0  0  0  0  0  0  0  0  0  0  0  0  0  0  0  0  0  0  1  0  0  0  0  0  0  0  0  0 15 27 23 28 49 74 28 10 50 15 23 45 11 71 20 42 57 15 76 27 78 38 71 49 78 34 35 68 43  7 37 26]
[ 0  0  0  0  0  0  0  0  0  0  0  0  0  0  0  0  0  0  0  0  0  0  0  1  0  0  0  0  0  0  0  0 62  5  5 41  1 70 14 72 78 74 25  5 57 67  5 29  5 41 41  2 10  8 43 47 15 31 41 70 61 27 44 59]
[ 0  0  0  0  0  0  0  0  0  0  0  0  0  0  0  0  0  0  0  0  0  0  0  0  1  0  0  0  0  0  0  0 65  4 12 49 43 59  1 26 16 15 71 72 59 24 40 19 36 43 34 56 50 33 18  1 65 55 17  5 57 42 46 38]
[ 0  0  0  0  0  0  0  0  0  0  0  0  0  0  0  0  0  0  0  0  0  0  0  0  0  1  0  0  0  0  0  0 62 49 45  1 20  3 74 42 39 28 23 65 57 74 51  9 22 77 47 24 10 49 65 11 76 35 50 17 31 47 63 71]
[ 0  0  0  0  0  0  0  0  0  0  0  0  0  0  0  0  0  0  0  0  0  0  0  0  0  0  1  0  0  0  0  0 70 13 55 47 29 35 59 65 73 74 56  7 43 53  9 17  9 78 66 70 76 71 73 65 22 15  6 60 69 16 40 16]
[ 0  0  0  0  0  0  0  0  0  0  0  0  0  0  0  0  0  0  0  0  0  0  0  0  0  0  0  1  0  0  0  0 24 63 14 33 59  6 62  5 43 72  1 72 63 30  1 46 49  9 67 32 71 78 31  9 23 19 56  3 43 47 40 13]
[ 0  0  0  0  0  0  0  0  0  0  0  0  0  0  0  0  0  0  0  0  0  0  0  0  0  0  0  0  1  0  0  0 60  4 55 59 12 61 32 69  7 17 72 48 31 39 55  5 49 27 71 30 49 53 19 24 34 47 47  9 57  9 54 33]
[ 0  0  0  0  0  0  0  0  0  0  0  0  0  0  0  0  0  0  0  0  0  0  0  0  0  0  0  0  0  1  0  0 23 50 26  1 28 73 14 15 14 68  6 32 68  3 15 29 35 69 10  9 26 10 34 30 74 43 36 59 75 75 70 13]
[ 0  0  0  0  0  0  0  0  0  0  0  0  0  0  0  0  0  0  0  0  0  0  0  0  0  0  0  0  0  0  1  0 41 47 63 75 67 37 58 16 34 24 74 61 13 75 17 26 23 43  6 19 64 72 57 41 74 76  7  6 20 51 38 48]
[ 0  0  0  0  0  0  0  0  0  0  0  0  0  0  0  0  0  0  0  0  0  0  0  0  0  0  0  0  0  0  0  1 55 52 19 76 57 24 63 52 19 53 69 57 49  1 39 56 48 18 52 44 39 54 42 45  6 48 16 47 64 12 72 69]
profile: [33, 1, 1, 1, 1, 1, 1, 1, 1, 1, 1, 1, 1, 1, 1, 1, 1, 1, 1, 1, 1, 1, 1, 1, 1, 1, 1, 1, 1, 1, 1, 1]
33<=B[0].wtL<=1287
B[0].wtH=33, B[0].wtL=674

--- BKZ with beta=3, classic ---
profile after BKZ: [31, 3, 1, 1, 1, 1, 1, 1, 1, 1, 1, 1, 1, 1, 1, 1, 1, 1, 1, 1, 1, 1, 1, 1, 1, 1, 1, 1, 1, 1, 1, 1]
31<=B_red[0].wtL<=1209
B_red[0].wtH=31, B_red[0].wtL=578

--- BKZ with beta=3, selecting lowest lee wt. vec ---
profile after BKZ: [31, 3, 1, 1, 1, 1, 1, 1, 1, 1, 1, 1, 1, 1, 1, 1, 1, 1, 1, 1, 1, 1, 1, 1, 1, 1, 1, 1, 1, 1, 1, 1]
31<=B_red1[0].wtL<=1209
B_red1[0].wtH=31, B_red1[0].wtL=446

--- LeeBKZ with beta=3, bkz with minimum_lee_wt_codeword+primitive ---
profile after BKZ: [33, 1, 1, 1, 1, 1, 1, 1, 1, 1, 1, 1, 1, 1, 1, 1, 1, 1, 1, 1, 1, 1, 1, 1, 1, 1, 1, 1, 1, 1, 1, 1]
33<=B_red2[0].wtL<=1287
B_red2[0].wtH=33, B_red2[0].wtL=437

--- LeeBKZ with beta=3, bkz with minimum_lee_wt_codeword (may be non-primitive) ---
profile after BKZ: [34, 1, 1, 1, 1, 1, 1, 1, 1, 1, 1, 1, 1, 1, 1, 1, 1, 1, 1, 1, 1, 1, 1, 1, 1, 1, 1, 1, 1, 1, 1, 0]
34<=B_red3[0].wtL<=1326
B_red3[0].wtH=34, B_red3[0].wtL=399

--- LeeBKZ with beta=3, bkz with minimum_lee_wt_codeword (revised projections) ---
profile after BKZ: [33, 3, 0, 1, 1, 0, 1, 1, 1, 1, 1, 1, 1, 1, 1, 1, 1, 1, 1, 1, 1, 1, 1, 1, 1, 1, 1, 1, 1, 1, 1, 1]
33<=B_red4[0].wtL<=1287
B_red4[0].wtH=33, B_red4[0].wtL=437
[ 1  0  0  0  0  0  0  0  0  0  0  0  0  0  0  0  0  0  0  0  0  0  0  0  0  0  0  0  0  0  0  0 47 31 74 34 14 41 11 13 10 67 15  7 46 49 47 43 63 24  0 42 61  9  9 75 63 78 38 76 62 68 70 39]
[ 0  1  0  0  0  0  0  0  0  0  0  0  0  0  0  0  0  0  0  0  0  0  0  0  0  0  0  0  0  0  0  0 78 75 37 23 75 34  2 54 12 63 59 25 31 52  9 23 26 31 36 32 59 21 10 50 33 61 69 45 32 33 67 12]
[ 0  0  1  0  0  0  0  0  0  0  0  0  0  0  0  0  0  0  0  0  0  0  0  0  0  0  0  0  0  0  0  0 60  3 60 78 18 31 52 32 62 71  3 23 19  8 29  5 36  7  9 59 72 24 65 56 49 53 66 20 19 50 26  0]
[ 0  0  0  1  0  0  0  0  0  0  0  0  0  0  0  0  0  0  0  0  0  0  0  0  0  0  0  0  0  0  0  0 38  5 61 10 11 59 60 67 36  4 13  6  6 44  9  0 67 65 21 61 21  0 35 13 32 68 38 55 52 40  0 49]
[ 0  0  0  0  1  0  0  0  0  0  0  0  0  0  0  0  0  0  0  0  0  0  0  0  0  0  0  0  0  0  0  0 50 38 26 43 76 66 17 36 43 40 22 12 48  0 69  5 25 17 36 43 75 32 39 19 70 64  8 38 33 75 44 48]
[ 0  0  0  0  0  1  0  0  0  0  0  0  0  0  0  0  0  0  0  0  0  0  0  0  0  0  0  0  0  0  0  0 33 38 36 16 67 24 70 45  3 19 28 19 30 15 56  5  3 33 18  9 18  0 29 53 52 70 13 39 56 71 39  5]
[ 0  0  0  0  0  0  1  0  0  0  0  0  0  0  0  0  0  0  0  0  0  0  0  0  0  0  0  0  0  0  0  0 59 59 13 71  5 28 46 23 44 16 63 50 28 67 14 61 43 66 32 63 43 10 20 44 14  7 75  5 10 12  7 37]
[ 0  0  0  0  0  0  0  1  0  0  0  0  0  0  0  0  0  0  0  0  0  0  0  0  0  0  0  0  0  0  0  0  0 74 68 70 57 28  6 60 20 56 71 64  1 75 71  5 74  2  8  6 37 40 35 62 17 15 52 70 43 53 15 35]
[ 0  0  0  0  0  0  0  0  1  0  0  0  0  0  0  0  0  0  0  0  0  0  0  0  0  0  0  0  0  0  0  0 18 30 60 47 23 65 62 78 20 76 33  6 55 71 70 39 33 49  8 41 31 18  9 34 23 54 31 71 77 31 39 70]
[ 0  0  0  0  0  0  0  0  0  1  0  0  0  0  0  0  0  0  0  0  0  0  0  0  0  0  0  0  0  0  0  0 54 30 14 64 24 52 21 69  2 52 14 57 56 26 37 10 30 17 68 72  6 70 35 58 36 51 35 24  4 44 35  9]
[ 0  0  0  0  0  0  0  0  0  0  1  0  0  0  0  0  0  0  0  0  0  0  0  0  0  0  0  0  0  0  0  0  3 54 47 78 11  4 55 51 18 16 36 11 74 23 36 45 69 66 69  2 13 42 63 35  6  3  3 17 75 44 15 17]
[ 0  0  0  0  0  0  0  0  0  0  0  1  0  0  0  0  0  0  0  0  0  0  0  0  0  0  0  0  0  0  0  0 70 56 36 33 18 49 73  8 43 18 32 30  4 13 53 39 38 18  5 50 16 36 16 72 73  2 35 21 49 63 75 30]
[ 0  0  0  0  0  0  0  0  0  0  0  0  1  0  0  0  0  0  0  0  0  0  0  0  0  0  0  0  0  0  0  0 72 52 64 78  5 11 44 37 20  3 17 55  2 73 58 12 20 20 19 13  6 23 28 28 15 10 57 18 43 69 74 12]
[ 0  0  0  0  0  0  0  0  0  0  0  0  0  1  0  0  0  0  0  0  0  0  0  0  0  0  0  0  0  0  0  0 55 61  1 53 57  0 65 55 67 62  1 50 78 33  0 66 15 51 30  5 39 67 33 45 72 75  6 72 42 49 32 58]
[ 0  0  0  0  0  0  0  0  0  0  0  0  0  0  1  0  0  0  0  0  0  0  0  0  0  0  0  0  0  0  0  0 48 18 63 58 21 54 64 56 49 32 70 32 30 58 72 49 35 11 44 29  6 57 53 19 77 34 68 32 39 55 64 78]
[ 0  0  0  0  0  0  0  0  0  0  0  0  0  0  0  1  0  0  0  0  0  0  0  0  0  0  0  0  0  0  0  0 21 69 50 59 78 67 12 73 22 22 42  1 14 32 49 15 52 74 40 20  1 67 63 20 58 25 70  9 60 37 42 34]
[ 0  0  0  0  0  0  0  0  0  0  0  0  0  0  0  0  1  0  0  0  0  0  0  0  0  0  0  0  0  0  0  0 61 35 19 68 69 67 76 75 73 40 56 34 59 49 13 35 78 70 42 60 41 67 15 78 43 55 46 14 77 77 54 48]
[ 0  0  0  0  0  0  0  0  0  0  0  0  0  0  0  0  0  1  0  0  0  0  0  0  0  0  0  0  0  0  0  0 59 73 35 39 45 65 52 25 23 22 61 27  1 31 46 53 57 73  4 39 26 18 75 30 61 60 60 46 31 21 26 36]
[ 0  0  0  0  0  0  0  0  0  0  0  0  0  0  0  0  0  0  1  0  0  0  0  0  0  0  0  0  0  0  0  0 34 58 55 25 27 50 30 37 27 26 41 47 57  7 55 71 13 47 28  6 25 42  3 64  2 56  1 41  8 26 55 53]
[ 0  0  0  0  0  0  0  0  0  0  0  0  0  0  0  0  0  0  0  1  0  0  0  0  0  0  0  0  0  0  0  0 58 70 10 42 58 66  6 34 62 54 69 26 28 21 54 25 42 33 22 26  1 11 34 31 61 43 15 51 63 35 56 75]
[ 0  0  0  0  0  0  0  0  0  0  0  0  0  0  0  0  0  0  0  0  1  0  0  0  0  0  0  0  0  0  0  0 12 40 75 33 78 74 78 49 35 78  1 64 41  2 35 30 42 44 70 34 33 19 56 19 57 52  7  1 51 51 27 47]
[ 0  0  0  0  0  0  0  0  0  0  0  0  0  0  0  0  0  0  0  0  0  1  0  0  0  0  0  0  0  0  0  0 25 75 27 68 35 32 38  0 35 13 18 64 57  5 71 18 66 50 25  2 51  8 15 47  2  3 30 14 26 77 32 71]
[ 0  0  0  0  0  0  0  0  0  0  0  0  0  0  0  0  0  0  0  0  0  0  1  0  0  0  0  0  0  0  0  0 12 31 56 36 35 28  2 23 16 65 76 70 29 19 36 78 14 21 33 14 42 52 76 17 54 58 39 46 10 57 26 36]
[ 0  0  0  0  0  0  0  0  0  0  0  0  0  0  0  0  0  0  0  0  0  0  0  1  0  0  0  0  0  0  0  0 25 20  5 21 75  2 64 35 77 32 48  8 54  4 22 75 35 34 47 73 50 35 29 17 56 41 18  3 25  7 37 25]
[ 0  0  0  0  0  0  0  0  0  0  0  0  0  0  0  0  0  0  0  0  0  0  0  0  1  0  0  0  0  0  0  0 27 64 63 74 28 33  8 50 53 55 59 77 22 67 61 74 14 62 29 21 55 23  6 44 14 50 34 24 62 62 31 23]
[ 0  0  0  0  0  0  0  0  0  0  0  0  0  0  0  0  0  0  0  0  0  0  0  0  0  1  0  0  0  0  0  0 52 32 10 41 43 45 41 68 52  2 29 13 29 32 14 14  9 16  9 68 41 10 32 58 16 14  2 67 32 51 13 56]
[ 0  0  0  0  0  0  0  0  0  0  0  0  0  0  0  0  0  0  0  0  0  0  0  0  0  0  1  0  0  0  0  0 23 16 22 43 21 50 27 35 40 40 40  0 60 61 17 11 66  6 51 61 55 32 44 25 11 47 53 47 75 13 18 25]
[ 0  0  0  0  0  0  0  0  0  0  0  0  0  0  0  0  0  0  0  0  0  0  0  0  0  0  0  1  0  0  0  0 43 66 71 37 26 24 56 22 36 66 52 28 31 32 68 28  2 74 24 29 39 78 29 54 20 47 27 29 43 45 49 59]
[ 0  0  0  0  0  0  0  0  0  0  0  0  0  0  0  0  0  0  0  0  0  0  0  0  0  0  0  0  1  0  0  0 56  6 71 37 12 15 31 54 58 49 27 47 24 54 57 46 39 33 26 35 68 22  4 55 49 54  5  7 41 76 42 44]
[ 0  0  0  0  0  0  0  0  0  0  0  0  0  0  0  0  0  0  0  0  0  0  0  0  0  0  0  0  0  1  0  0 36 32 55 67 77 15 51 58 29 46 33 64 22 55 48 26 52 72 52 56 67 30 56  9 36 64 75  3 31 49 31 55]
[ 0  0  0  0  0  0  0  0  0  0  0  0  0  0  0  0  0  0  0  0  0  0  0  0  0  0  0  0  0  0  1  0  2  5 41 12 20 12 31 50 47  3 10  3 30 27 78 76 44 27 61 18 78 19 36 34 44 30 15 45 52 77  4 78]
[ 0  0  0  0  0  0  0  0  0  0  0  0  0  0  0  0  0  0  0  0  0  0  0  0  0  0  0  0  0  0  0  1 65 20 66 32 50  9 36 21 22 52 31 36 19 45 15 56 41 28 38 64 27 31 57  4 18  1 10  0 59 71 12 63]
profile: [32, 2, 1, 1, 1, 1, 1, 1, 1, 1, 1, 1, 1, 1, 1, 1, 1, 1, 1, 1, 1, 1, 1, 1, 1, 1, 1, 1, 1, 1, 1, 1]
32<=B[0].wtL<=1248
B[0].wtH=32, B[0].wtL=605

--- BKZ with beta=3, classic ---
profile after BKZ: [31, 3, 1, 1, 1, 1, 1, 1, 1, 1, 1, 1, 1, 1, 1, 1, 1, 1, 1, 1, 1, 1, 1, 1, 1, 1, 1, 1, 1, 1, 1, 1]
31<=B_red[0].wtL<=1209
B_red[0].wtH=31, B_red[0].wtL=536

--- BKZ with beta=3, selecting lowest lee wt. vec ---
profile after BKZ: [31, 3, 1, 1, 1, 1, 1, 1, 1, 1, 1, 1, 1, 1, 1, 1, 1, 1, 1, 1, 1, 1, 1, 1, 1, 1, 1, 1, 1, 1, 1, 1]
31<=B_red1[0].wtL<=1209
B_red1[0].wtH=31, B_red1[0].wtL=432

--- LeeBKZ with beta=3, bkz with minimum_lee_wt_codeword+primitive ---
profile after BKZ: [33, 1, 1, 1, 1, 1, 1, 1, 1, 1, 1, 1, 1, 1, 1, 1, 1, 1, 1, 1, 1, 1, 1, 1, 1, 1, 1, 1, 1, 1, 1, 1]
33<=B_red2[0].wtL<=1287
B_red2[0].wtH=33, B_red2[0].wtL=465

--- LeeBKZ with beta=3, bkz with minimum_lee_wt_codeword (may be non-primitive) ---
profile after BKZ: [36, 1, 1, 1, 1, 1, 1, 1, 1, 1, 1, 1, 1, 1, 1, 1, 1, 1, 1, 1, 1, 1, 1, 1, 1, 1, 1, 1, 1, 0, 0, 0]
36<=B_red3[0].wtL<=1404
B_red3[0].wtH=36, B_red3[0].wtL=386

--- LeeBKZ with beta=3, bkz with minimum_lee_wt_codeword (revised projections) ---
profile after BKZ: [32, 3, 0, 1, 1, 1, 1, 1, 1, 1, 1, 1, 1, 1, 1, 1, 1, 1, 1, 1, 1, 1, 1, 1, 1, 1, 1, 1, 1, 1, 1, 1]
32<=B_red4[0].wtL<=1248
B_red4[0].wtH=32, B_red4[0].wtL=476
[ 1  0  0  0  0  0  0  0  0  0  0  0  0  0  0  0  0  0  0  0  0  0  0  0  0  0  0  0  0  0  0  0 77 47 72 45 49  3 25 74 66 47 68 63 50  8 73  8 22 37  8 10 57 71 19 68 68 25 69 46 29 36 76 57]
[ 0  1  0  0  0  0  0  0  0  0  0  0  0  0  0  0  0  0  0  0  0  0  0  0  0  0  0  0  0  0  0  0 21 74 12  2 70 35 35  7 39  2  8 39  2  7 31 16 26  3 72 75 70 61 23 24 60 48 60 54 20  8  1 77]
[ 0  0  1  0  0  0  0  0  0  0  0  0  0  0  0  0  0  0  0  0  0  0  0  0  0  0  0  0  0  0  0  0 43 39 68 22 50 56 47 24 73 44 14 56 45 24 45 54 10 36  0 56 14 42  9 73 39 37 45 73 10  3 23  4]
[ 0  0  0  1  0  0  0  0  0  0  0  0  0  0  0  0  0  0  0  0  0  0  0  0  0  0  0  0  0  0  0  0 11 34 35 39 71 30 49 62 25  3 74 22 41 11 55 27 54 15 24 78  9  2  6  6 48 44 63 57 37 18 65 53]
[ 0  0  0  0  1  0  0  0  0  0  0  0  0  0  0  0  0  0  0  0  0  0  0  0  0  0  0  0  0  0  0  0 30 57 23 63 58  9 46 72 62 12 36  9 42 33  7 39 10 21  8 24 39 48 69  0 41 42 25 32 38 29 59 67]
[ 0  0  0  0  0  1  0  0  0  0  0  0  0  0  0  0  0  0  0  0  0  0  0  0  0  0  0  0  0  0  0  0 56 26 23 13 54 12 55 39 67  0 28 19 29 37  1 72 36 58 32 74 35 38 16 71 14 34 46  9  9 63 60 73]
[ 0  0  0  0  0  0  1  0  0  0  0  0  0  0  0  0  0  0  0  0  0  0  0  0  0  0  0  0  0  0  0  0 48 48 72 58 68  3 70 29 13 40 69 33 23 48 71 71  4 69 70 76 67 33 40 44 67 57 50 50 15 19  0 34]
[ 0  0  0  0  0  0  0  1  0  0  0  0  0  0  0  0  0  0  0  0  0  0  0  0  0  0  0  0  0  0  0  0 29 54 76 68 48 65 42 15  5 30  0 55 30 43  3 48 17 46 62 78 30 11  2 34  3 28 70 64 34 30 77 36]
[ 0  0  0  0  0  0  0  0  1  0  0  0  0  0  0  0  0  0  0  0  0  0  0  0  0  0  0  0  0  0  0  0 25 16 70 53 71 24 49 69 27 38  5  8 13 69 74 21 63 54 36 73 64  2 66 50 77 35 25 70 31 36 43  2]
[ 0  0  0  0  0  0  0  0  0  1  0  0  0  0  0  0  0  0  0  0  0  0  0  0  0  0  0  0  0  0  0  0  2 27 18 21 16 54 54 20 74  1 22 22 67 27 68 40 66 57 45 10 66 69 71 60 56 78 38 66 78 18 33 17]
[ 0  0  0  0  0  0  0  0  0  0  1  0  0  0  0  0  0  0  0  0  0  0  0  0  0  0  0  0  0  0  0  0  4 68 69 42 45 60 26 31 36 22 12 71 12 15 30 76 30 54 36 77 56 51 32 70 51 46 55 40 72 76  2 56]
[ 0  0  0  0  0  0  0  0  0  0  0  1  0  0  0  0  0  0  0  0  0  0  0  0  0  0  0  0  0  0  0  0 33 13 71  0  6 23 36 76 15 15  2 39 50 19 49 20 54  7 10 59 78 11 57 77 60 56 77 28 52 61 67 43]
[ 0  0  0  0  0  0  0  0  0  0  0  0  1  0  0  0  0  0  0  0  0  0  0  0  0  0  0  0  0  0  0  0 14 35 32 12 73  5 49 31 35  4 71 29 32 33 65 14 65 75  3 11 42  7  0 42 32 51 69 68 49 32 70 49]
[ 0  0  0  0  0  0  0  0  0  0  0  0  0  1  0  0  0  0  0  0  0  0  0  0  0  0  0  0  0  0  0  0 59 48  6 75 12 27 55 20 60 37 68 50 21 67 60  0 36 35 26 67  5 20 63 25 69  4 10 23 28 78 15 13]
[ 0  0  0  0  0  0  0  0  0  0  0  0  0  0  1  0  0  0  0  0  0  0  0  0  0  0  0  0  0  0  0  0 61 11 36 33 15 46 14 77 38 28 12 75 18 40 45 32 27 23 29  7 58  8 46 14 32 39 61 48 53 74 49 62]
[ 0  0  0  0  0  0  0  0  0  0  0  0  0  0  0  1  0  0  0  0  0  0  0  0  0  0  0  0  0  0  0  0 59 32  8  9 78 35 70 53  0 57 10 67  4 54 73 41 57 54 14 29 16 65 10 14 75 27 70 57  0 77 64 65]
[ 0  0  0  0  0  0  0  0  0  0  0  0  0  0  0  0  1  0  0  0  0  0  0  0  0  0  0  0  0  0  0  0 19 71 73 31  5 30 44 65 61 74 39  0 42 33 58 39 49 12 67 23 14 52 70 22 45 76 36 51 63 18 35 11]
[ 0  0  0  0  0  0  0  0  0  0  0  0  0  0  0  0  0  1  0  0  0  0  0  0  0  0  0  0  0  0  0  0 76 63 67 51 30 63 73 50 48 75 28 38 40 41 77 14 17 74 64 48 40 67 48 41 63  3 27 50  8 39 66 77]
[ 0  0  0  0  0  0  0  0  0  0  0  0  0  0  0  0  0  0  1  0  0  0  0  0  0  0  0  0  0  0  0  0 49 20 23 40 48 71 44 34 45 70 16 33  4 66 71 40 66 47 58  5 70 32 48 64 68 53 49 60 50 10 34 75]
[ 0  0  0  0  0  0  0  0  0  0  0  0  0  0  0  0  0  0  0  1  0  0  0  0  0  0  0  0  0  0  0  0 78  1 55  2 24 49 20  6 49 73 31 11  1 17 66 60 43 27 36 26 11 30 60 45 14 16  8 20 53 11 66 67]
[ 0  0  0  0  0  0  0  0  0  0  0  0  0  0  0  0  0  0  0  0  1  0  0  0  0  0  0  0  0  0  0  0 38  5 53 74 14 39 76 46 74 18  1 75 75 69 61 45 57 26 14 64 37 52 73 63 76 77 67 13 30 30 14 78]
[ 0  0  0  0  0  0  0  0  0  0  0  0  0  0  0  0  0  0  0  0  0  1  0  0  0  0  0  0  0  0  0  0 62  1 61 14 15 71 76  3 36 34 26 62 17 63 57 28 64 11 10 66 64 20 52 28 57 56 41 63 39 18 17 56]
[ 0  0  0  0  0  0  0  0  0  0  0  0  0  0  0  0  0  0  0  0  0  0  1  0  0  0  0  0  0  0  0  0 62 34  5 29 17 33 43 12 77 21 69 76 11 44 56  6 66 17  8 53 73 51 52 72 38 18 64  8  9 22 14 69]
[ 0  0  0  0  0  0  0  0  0  0  0  0  0  0  0  0  0  0  0  0  0  0  0  1  0  0  0  0  0  0  0  0 36 32 41  5  8 31 13 43 54 61 40  9 18 40 27  7 56 17 66  0 11 47 72 66 50 70 28 13 52  7 18 20]
[ 0  0  0  0  0  0  0  0  0  0  0  0  0  0  0  0  0  0  0  0  0  0  0  0  1  0  0  0  0  0  0  0 38 45 10 40 22 20 60 61 36 46 65 49  5 68 76 43  3 50 36 59 66  1 24  4 10 51 22 29 23 33 66 77]
[ 0  0  0  0  0  0  0  0  0  0  0  0  0  0  0  0  0  0  0  0  0  0  0  0  0  1  0  0  0  0  0  0 37 24  7 70 35 30 34 41 24 67 25 58 73 42 76  7 40 48 37 43 67 24  1 69 70  7 61 32 42 34 36  3]
[ 0  0  0  0  0  0  0  0  0  0  0  0  0  0  0  0  0  0  0  0  0  0  0  0  0  0  1  0  0  0  0  0 18  4 45 72 10 73 76 54 14 44 47 49 69 15 70 23 32 21 46  4 56 50 14 15 45 57  0 24 50 14 71 59]
[ 0  0  0  0  0  0  0  0  0  0  0  0  0  0  0  0  0  0  0  0  0  0  0  0  0  0  0  1  0  0  0  0 50 62 67 46 40 76 77 17 13 56 32 42 12 40 54 50 42 47 64 72 37 78 31  7 61 70 24 60 62 44 30 14]
[ 0  0  0  0  0  0  0  0  0  0  0  0  0  0  0  0  0  0  0  0  0  0  0  0  0  0  0  0  1  0  0  0 60 53 77 66 49 75 21  4  6 43  1 18 44  2 17 66 52  0 74 68  9 49 39  9 26 68 56 66 45 39 64 35]
[ 0  0  0  0  0  0  0  0  0  0  0  0  0  0  0  0  0  0  0  0  0  0  0  0  0  0  0  0  0  1  0  0 24 75  2 35 64 47 61 49 77  8 68 39 48 38 20 35 57 72 13 43 35 76 33 42 67 31 46 44 37 52 76  5]
[ 0  0  0  0  0  0  0  0  0  0  0  0  0  0  0  0  0  0  0  0  0  0  0  0  0  0  0  0  0  0  1  0 19 61 18 57 10 49 10  8 28 72 39 69 54 58 43 62 78 46 12 30 10 51 58 70 17 71 74 61 20 77 56 45]
[ 0  0  0  0  0  0  0  0  0  0  0  0  0  0  0  0  0  0  0  0  0  0  0  0  0  0  0  0  0  0  0  1 72 40 41 22  8 56 19  5 20 63  1 44 71 23 14 42 54 73 28 62 46  2 26 54 71 25 27 46 57 38 37 26]
profile: [33, 1, 1, 1, 1, 1, 1, 1, 1, 1, 1, 1, 1, 1, 1, 1, 1, 1, 1, 1, 1, 1, 1, 1, 1, 1, 1, 1, 1, 1, 1, 1]
33<=B[0].wtL<=1287
B[0].wtH=33, B[0].wtL=568

--- BKZ with beta=3, classic ---
profile after BKZ: [31, 3, 1, 1, 1, 1, 1, 1, 1, 1, 1, 1, 1, 1, 1, 1, 1, 1, 1, 1, 1, 1, 1, 1, 1, 1, 1, 1, 1, 1, 1, 1]
31<=B_red[0].wtL<=1209
B_red[0].wtH=31, B_red[0].wtL=550

--- BKZ with beta=3, selecting lowest lee wt. vec ---
profile after BKZ: [31, 3, 1, 1, 1, 1, 1, 1, 1, 1, 1, 1, 1, 1, 1, 1, 1, 1, 1, 1, 1, 1, 1, 1, 1, 1, 1, 1, 1, 1, 1, 1]
31<=B_red1[0].wtL<=1209
B_red1[0].wtH=31, B_red1[0].wtL=465

--- LeeBKZ with beta=3, bkz with minimum_lee_wt_codeword+primitive ---
profile after BKZ: [33, 1, 1, 1, 1, 1, 1, 1, 1, 1, 1, 1, 1, 1, 1, 1, 1, 1, 1, 1, 1, 1, 1, 1, 1, 1, 1, 1, 1, 1, 1, 1]
33<=B_red2[0].wtL<=1287
B_red2[0].wtH=33, B_red2[0].wtL=462

--- LeeBKZ with beta=3, bkz with minimum_lee_wt_codeword (may be non-primitive) ---
profile after BKZ: [34, 1, 1, 1, 1, 1, 1, 1, 1, 1, 1, 1, 1, 1, 1, 1, 1, 1, 1, 1, 1, 1, 1, 1, 1, 1, 1, 1, 1, 1, 1, 0]
34<=B_red3[0].wtL<=1326
B_red3[0].wtH=34, B_red3[0].wtL=380

--- LeeBKZ with beta=3, bkz with minimum_lee_wt_codeword (revised projections) ---
profile after BKZ: [33, 2, 0, 1, 1, 1, 1, 1, 1, 1, 1, 1, 1, 1, 1, 1, 1, 1, 1, 1, 1, 1, 1, 1, 1, 1, 1, 1, 1, 1, 1, 1]
33<=B_red4[0].wtL<=1287
B_red4[0].wtH=33, B_red4[0].wtL=462
[ 1  0  0  0  0  0  0  0  0  0  0  0  0  0  0  0  0  0  0  0  0  0  0  0  0  0  0  0  0  0  0  0 19 38 46 38 16 77 57 61 38 40 71 14 29 66 35 36 12 53 19 12 49 12 67 38 65 70 26  8 18 42 22  1]
[ 0  1  0  0  0  0  0  0  0  0  0  0  0  0  0  0  0  0  0  0  0  0  0  0  0  0  0  0  0  0  0  0 27  1 54 64 35 77 66 69 74 64 23 59  5 45 11  3 35 59 16  4  3 74 68 72 36 77  6 44 58 39  7  5]
[ 0  0  1  0  0  0  0  0  0  0  0  0  0  0  0  0  0  0  0  0  0  0  0  0  0  0  0  0  0  0  0  0  8 62 14 64 14 64 30 67 13 52 59  9 60 69  1  0 46 48 35 37  9 68 10 67 59  9 59 27  7 36 44 62]
[ 0  0  0  1  0  0  0  0  0  0  0  0  0  0  0  0  0  0  0  0  0  0  0  0  0  0  0  0  0  0  0  0 55 43 52 25 28 27 11  4 34 51 56 52 24 15 63 15 75 35 33 29 22 40 29 56 42 38 40 52 72 24 43 34]
[ 0  0  0  0  1  0  0  0  0  0  0  0  0  0  0  0  0  0  0  0  0  0  0  0  0  0  0  0  0  0  0  0 65 26 50 55 29 38 11 17 26  3 13 33 78 49 57 70  3 41 50  0 48 48 22 59 46 62 10 35 27 24 19 77]
[ 0  0  0  0  0  1  0  0  0  0  0  0  0  0  0  0  0  0  0  0  0  0  0  0  0  0  0  0  0  0  0  0 40 45 74 67 63 19  4  2 76 59 77  3 41 22 21  7 32 65  2 41 70 75 12 70 64 40 60 41 67 58 54 22]
[ 0  0  0  0  0  0  1  0  0  0  0  0  0  0  0  0  0  0  0  0  0  0  0  0  0  0  0  0  0  0  0  0 64 45 42 18 19 46 10 52 71 47 58 40  5 12 45 10 30  0 47 74 39  2 60 15 73 16 33 77 75  6 70  3]
[ 0  0  0  0  0  0  0  1  0  0  0  0  0  0  0  0  0  0  0  0  0  0  0  0  0  0  0  0  0  0  0  0 56 32 44 68 54 64 11  2 56 53 44  6  9  1 69 57 67 49 31 35 20 27 42 54 25 51  6 75 49 47 41 22]
[ 0  0  0  0  0  0  0  0  1  0  0  0  0  0  0  0  0  0  0  0  0  0  0  0  0  0  0  0  0  0  0  0 71 14 78 58 17 67 41 42 75  2 77 55 50 54 35 71 29 66 65 48 39 42 22 43 71 58 37 78 22  1 40 23]
[ 0  0  0  0  0  0  0  0  0  1  0  0  0  0  0  0  0  0  0  0  0  0  0  0  0  0  0  0  0  0  0  0 60 28 24 36 49 41 48 12 61 40 42 41 59 12 47 42 48 30 25 43 71 18 71 44  2 21 60 58 75 22 62 42]
[ 0  0  0  0  0  0  0  0  0  0  1  0  0  0  0  0  0  0  0  0  0  0  0  0  0  0  0  0  0  0  0  0 17 47 25 26 37 50 29  2 48 68 72 20 78 36 16 60 24 68  7 37 61 23 70  4  4 25 11 59  8  9 10 33]
[ 0  0  0  0  0  0  0  0  0  0  0  1  0  0  0  0  0  0  0  0  0  0  0  0  0  0  0  0  0  0  0  0 32 37  1 37 52 57 32 42 43  0 17 41 38 12 75 37 34 44 16 19 16 73 17 48 67 77  1 40  0 52 67 47]
[ 0  0  0  0  0  0  0  0  0  0  0  0  1  0  0  0  0  0  0  0  0  0  0  0  0  0  0  0  0  0  0  0 30 57 32 34 69 62 69 46 16  6 56 47 16 15 64  3 44 29 34 42 34 29 78 20 48 67 32 67 77 13 65 33]
[ 0  0  0  0  0  0  0  0  0  0  0  0  0  1  0  0  0  0  0  0  0  0  0  0  0  0  0  0  0  0  0  0 19 50 27 35 64 22 22 36 45 72 50 44 43 65 69 66 17 30 74 68 22 75 68 75 24 10 35 61 70 45 12 19]
[ 0  0  0  0  0  0  0  0  0  0  0  0  0  0  1  0  0  0  0  0  0  0  0  0  0  0  0  0  0  0  0  0  6  4 58 68 71  4 55 36  3 14 38 78 32 18 71 25  1 37 14 31 12 25 51 14 35 25 48 45 16 28 18 59]
[ 0  0  0  0  0  0  0  0  0  0  0  0  0  0  0  1  0  0  0  0  0  0  0  0  0  0  0  0  0  0  0  0 14 69  6  5 51 41 45 61 68 61 72 43 43 30 52 42  4 64 61 41 44 11 13 62 50 27 57  1 10 62 56 26]
[ 0  0  0  0  0  0  0  0  0  0  0  0  0  0  0  0  1  0  0  0  0  0  0  0  0  0  0  0  0  0  0  0 33 65 32  3 70 53 15 45 48 37 22 25 66 65 29 77 29 65 58 56 52 17 20 32 64 73 74 63 46 43 57 55]
[ 0  0  0  0  0  0  0  0  0  0  0  0  0  0  0  0  0  1  0  0  0  0  0  0  0  0  0  0  0  0  0  0 20 43 60 35 55 22 34 41  4 58 68  2 27 73 69 17 64  5 41 13 14  8 47 71 23 74 23 55 33 56 53 51]
[ 0  0  0  0  0  0  0  0  0  0  0  0  0  0  0  0  0  0  1  0  0  0  0  0  0  0  0  0  0  0  0  0 66 64 78 40 42  6 43 61 18 20 38 70  0 42 19 46 68 31 67  3 74 49 39 31 72 67  9 69 33 41 63 44]
[ 0  0  0  0  0  0  0  0  0  0  0  0  0  0  0  0  0  0  0  1  0  0  0  0  0  0  0  0  0  0  0  0 16  0 66  6 78  9 30 23 60 44 34 18 14 17 57 28  6 11 23 22 68 72 52 29 66 23 24  1 60 68  8 37]
[ 0  0  0  0  0  0  0  0  0  0  0  0  0  0  0  0  0  0  0  0  1  0  0  0  0  0  0  0  0  0  0  0 44  2 52  0 42 57 61 53 51 40 12 19 40 19  5 74  6 34 43  5  4  4 24 24 46 48 77 38  8 29 52 14]
[ 0  0  0  0  0  0  0  0  0  0  0  0  0  0  0  0  0  0  0  0  0  1  0  0  0  0  0  0  0  0  0  0 17 76 56 30  2 45 52 11  3 48 34 38 68 75 50 26 28 44 29  0 39 78 56 42 72 60 53 78 62 68  8 56]
[ 0  0  0  0  0  0  0  0  0  0  0  0  0  0  0  0  0  0  0  0  0  0  1  0  0  0  0  0  0  0  0  0 18 32 10 23 65 18  1 23 75 76 69 24 44 63 47 24 51 33  8  3 48  6 66 73 64 36 46 68 53 10 69 44]
[ 0  0  0  0  0  0  0  0  0  0  0  0  0  0  0  0  0  0  0  0  0  0  0  1  0  0  0  0  0  0  0  0 64 77  8 55  5 58 64 53  9  3  1 45 20 56 69 32 59 17 49 65 33 66 75 45  7  2  9 23 15 10 54 33]
[ 0  0  0  0  0  0  0  0  0  0  0  0  0  0  0  0  0  0  0  0  0  0  0  0  1  0  0  0  0  0  0  0 76 68 33 48 71 19 39 10 75 42 73 29  3 42 13 68 50  8 25 76 16 12 23 31 46 13 33 60 78 48  7 27]
[ 0  0  0  0  0  0  0  0  0  0  0  0  0  0  0  0  0  0  0  0  0  0  0  0  0  1  0  0  0  0  0  0 54 62 66 22 35 19 54 17 29 57  9 37 75 73 19  7  0 25 35 57 68 31 67 37 34 27 17 23 50 47  2 57]
[ 0  0  0  0  0  0  0  0  0  0  0  0  0  0  0  0  0  0  0  0  0  0  0  0  0  0  1  0  0  0  0  0 26 68 11 68 32 74 64 58 54  6 44 49 66 18 53 55  6 49 27 59  5 51 39 25 16 52 13 57 22 69  9 25]
[ 0  0  0  0  0  0  0  0  0  0  0  0  0  0  0  0  0  0  0  0  0  0  0  0  0  0  0  1  0  0  0  0 29 61 66 61 28 17 48 52 19  6 42 68 38 51 45 23 16 27 24 15 78 26 77 46 40 71 37 55 30 58 73 73]
[ 0  0  0  0  0  0  0  0  0  0  0  0  0  0  0  0  0  0  0  0  0  0  0  0  0  0  0  0  1  0  0  0 41 55 74 23 56 52 66 10 44 62 50 55 68 68 29 53 31 23  1 17 50 11 70 74 64 43 49 25 64 41 68 41]
[ 0  0  0  0  0  0  0  0  0  0  0  0  0  0  0  0  0  0  0  0  0  0  0  0  0  0  0  0  0  1  0  0 27 63 33 34 75 56 51 63 26 15 78 32 38  5 66 54 63 76 16 53 52 49 30 64 25 65 40  7 10  2 63  7]
[ 0  0  0  0  0  0  0  0  0  0  0  0  0  0  0  0  0  0  0  0  0  0  0  0  0  0  0  0  0  0  1  0 63 33 68 55 66 61 73 23 57 71 58  0 25 28 63  6 63 52 41 31 58 14 13 71 10 53 51 27 24 65 22 42]
[ 0  0  0  0  0  0  0  0  0  0  0  0  0  0  0  0  0  0  0  0  0  0  0  0  0  0  0  0  0  0  0  1 77 52  3 72 55 30 46 78 12 30  6  7 37 27 68 22 53 56 72 67 15 42  7 70 29 73 14 57 19 67 55 47]
profile: [33, 1, 1, 1, 1, 1, 1, 1, 1, 1, 1, 1, 1, 1, 1, 1, 1, 1, 1, 1, 1, 1, 1, 1, 1, 1, 1, 1, 1, 1, 1, 1]
33<=B[0].wtL<=1287
B[0].wtH=33, B[0].wtL=695

--- BKZ with beta=3, classic ---
profile after BKZ: [31, 3, 1, 1, 1, 1, 1, 1, 1, 1, 1, 1, 1, 1, 1, 1, 1, 1, 1, 1, 1, 1, 1, 1, 1, 1, 1, 1, 1, 1, 1, 1]
31<=B_red[0].wtL<=1209
B_red[0].wtH=31, B_red[0].wtL=589

--- BKZ with beta=3, selecting lowest lee wt. vec ---
profile after BKZ: [31, 3, 1, 1, 1, 1, 1, 1, 1, 1, 1, 1, 1, 1, 1, 1, 1, 1, 1, 1, 1, 1, 1, 1, 1, 1, 1, 1, 1, 1, 1, 1]
31<=B_red1[0].wtL<=1209
B_red1[0].wtH=31, B_red1[0].wtL=447

--- LeeBKZ with beta=3, bkz with minimum_lee_wt_codeword+primitive ---
profile after BKZ: [33, 1, 1, 1, 1, 1, 1, 1, 1, 1, 1, 1, 1, 1, 1, 1, 1, 1, 1, 1, 1, 1, 1, 1, 1, 1, 1, 1, 1, 1, 1, 1]
33<=B_red2[0].wtL<=1287
B_red2[0].wtH=33, B_red2[0].wtL=439

--- LeeBKZ with beta=3, bkz with minimum_lee_wt_codeword (may be non-primitive) ---
profile after BKZ: [35, 1, 1, 1, 1, 1, 1, 1, 1, 1, 1, 1, 1, 1, 1, 1, 1, 1, 1, 1, 1, 1, 1, 1, 1, 1, 1, 1, 1, 1, 0, 0]
35<=B_red3[0].wtL<=1365
B_red3[0].wtH=35, B_red3[0].wtL=399

--- LeeBKZ with beta=3, bkz with minimum_lee_wt_codeword (revised projections) ---
profile after BKZ: [33, 2, 0, 1, 1, 1, 1, 1, 1, 1, 1, 1, 1, 1, 1, 1, 1, 1, 1, 1, 1, 1, 1, 1, 1, 1, 1, 1, 1, 1, 1, 1]
33<=B_red4[0].wtL<=1287
B_red4[0].wtH=33, B_red4[0].wtL=439
[ 1  0  0  0  0  0  0  0  0  0  0  0  0  0  0  0  0  0  0  0  0  0  0  0  0  0  0  0  0  0  0  0 14 50 32  3 22 39 23 73 46 78 35 63  1  1  5 57 64 37 42 11 47 50  9 10 58 26 39 41 26 46  0 68]
[ 0  1  0  0  0  0  0  0  0  0  0  0  0  0  0  0  0  0  0  0  0  0  0  0  0  0  0  0  0  0  0  0 40 26  3 19 49 60 28  0 38 10 54 30 60 58 16 26 29 55 59 52 71 38 32 11 38  8 44 71 59 57 25 11]
[ 0  0  1  0  0  0  0  0  0  0  0  0  0  0  0  0  0  0  0  0  0  0  0  0  0  0  0  0  0  0  0  0 74 44 46 65 69 38 58 76 29 69 29 32 74  1 43 49 18 28 61 14 22 56 16 59 15  9 15 59 34 77 62 24]
[ 0  0  0  1  0  0  0  0  0  0  0  0  0  0  0  0  0  0  0  0  0  0  0  0  0  0  0  0  0  0  0  0  2  0 26 69 28 59 22 23 64 29  6 48 38 44 34 70 20 51 65 38 36  7 57  9 78 39  6  0  0 47 28 52]
[ 0  0  0  0  1  0  0  0  0  0  0  0  0  0  0  0  0  0  0  0  0  0  0  0  0  0  0  0  0  0  0  0 17 71 65  4 68 75 78 41 42 43 75 19 36 33 58 18 18 57 37 44  3 51 56 75 28  4 69 75 46 11 37 72]
[ 0  0  0  0  0  1  0  0  0  0  0  0  0  0  0  0  0  0  0  0  0  0  0  0  0  0  0  0  0  0  0  0 16 58 14 47 12 65  1 54 28 44 34 61 30 69 31 26 26 63 73  2 33 46 63 42 23 27 32  6 50 32 78 68]
[ 0  0  0  0  0  0  1  0  0  0  0  0  0  0  0  0  0  0  0  0  0  0  0  0  0  0  0  0  0  0  0  0 28 78 70 57 30 76  0 18  0 26  1 13 60 51 43 59  5 74  5 52 61 12  5 42 50 10  2 50 65 15 15 36]
[ 0  0  0  0  0  0  0  1  0  0  0  0  0  0  0  0  0  0  0  0  0  0  0  0  0  0  0  0  0  0  0  0 23 75 36  7 10  7 25 78 28  1 29 40 61 77 63 40 70 20 38 71 68 10 15  8 42 55 46 21 67 78 60 18]
[ 0  0  0  0  0  0  0  0  1  0  0  0  0  0  0  0  0  0  0  0  0  0  0  0  0  0  0  0  0  0  0  0 27 24 27 22 12 15 24 75 58 72 67 35 31  9 52 30 22 47  2 64 25 76 52 36 35 30 14 63 53 17 38 35]
[ 0  0  0  0  0  0  0  0  0  1  0  0  0  0  0  0  0  0  0  0  0  0  0  0  0  0  0  0  0  0  0  0  7 30 24 74 72  3 56 72 47 71 76 18 30 43 38 38  4 45 25 20 59 36 33 23 18 34 39 48 46  2 13 38]
[ 0  0  0  0  0  0  0  0  0  0  1  0  0  0  0  0  0  0  0  0  0  0  0  0  0  0  0  0  0  0  0  0 16 59 40 71  6 78 55 52 68 31 15 75 58 27 58 51 65 31  8 74  3  0 18 25 62  5 18 77 40 38 53 52]
[ 0  0  0  0  0  0  0  0  0  0  0  1  0  0  0  0  0  0  0  0  0  0  0  0  0  0  0  0  0  0  0  0 29 17 28 47 71 47 48 59 50 26 64 28 53 63 29 60 33 58 75 77 43 73 21 21 69 59 59 58 43 18 20 67]
[ 0  0  0  0  0  0  0  0  0  0  0  0  1  0  0  0  0  0  0  0  0  0  0  0  0  0  0  0  0  0  0  0 35 75  2 68 77 50  6 69 55 50  1 20 13 25 55 76 62 68 78 12 42 16 17 10  1 51 48 24 57  5 77 45]
[ 0  0  0  0  0  0  0  0  0  0  0  0  0  1  0  0  0  0  0  0  0  0  0  0  0  0  0  0  0  0  0  0 71 69 30 53 60 55 37 61 54 17 20  1 38 59 15 68 25 57 64 53 48 15 29  9  6  7 67 48 64 39 60 41]
[ 0  0  0  0  0  0  0  0  0  0  0  0  0  0  1  0  0  0  0  0  0  0  0  0  0  0  0  0  0  0  0  0 34 62 61  2 44 62 48 66  7 15 66 19 12 40 55 33 16 42 26 42 75 41 64  2 46 34 44 30 63 45 40 17]
[ 0  0  0  0  0  0  0  0  0  0  0  0  0  0  0  1  0  0  0  0  0  0  0  0  0  0  0  0  0  0  0  0  7 53 43  6  7 56 53 47 37 45 48 47  3 14 33 63 17 52 21 10 67 64  4  8 35 24 76 24 15 41 39 68]
[ 0  0  0  0  0  0  0  0  0  0  0  0  0  0  0  0  1  0  0  0  0  0  0  0  0  0  0  0  0  0  0  0 33 28  6 68 15 14 23 37 44 26  2 42  9 28 23 28 28 24  6 43 49 59 25 18 69 54  6 15 16 19  6 40]
[ 0  0  0  0  0  0  0  0  0  0  0  0  0  0  0  0  0  1  0  0  0  0  0  0  0  0  0  0  0  0  0  0 43 67 30  0 20 32  8 62 45 61 24 21 56 16 36 32 64 46 33 37 44 66  0 70 32 24 58 33 31 73 57  3]
[ 0  0  0  0  0  0  0  0  0  0  0  0  0  0  0  0  0  0  1  0  0  0  0  0  0  0  0  0  0  0  0  0 62 74 61 78 57 16  1 42 38 40 54 15 47 55 10 69 36 71  3 56 43 45 73 20 20 54 44  6 33  8 18 60]
[ 0  0  0  0  0  0  0  0  0  0  0  0  0  0  0  0  0  0  0  1  0  0  0  0  0  0  0  0  0  0  0  0 73 32 60 66  6 45 66 71 64  6 44 38 13 23 67  3 57 36 23 50 60  7 38 31 66 62 70 44 13  8 14 60]
[ 0  0  0  0  0  0  0  0  0  0  0  0  0  0  0  0  0  0  0  0  1  0  0  0  0  0  0  0  0  0  0  0 58 20 45 75 49 29 34  8  2 78 11 18 61 33 17 34 54 42 19 27 26 20 61 60 77 54 60  8  1 38 22 14]
[ 0  0  0  0  0  0  0  0  0  0  0  0  0  0  0  0  0  0  0  0  0  1  0  0  0  0  0  0  0  0  0  0 41 45 49 64  6 41 39 21 52 65 12  5 78 46 18 11 40 61 31 18 32  8 18 71 29 65 58 26 54 14 71 72]
[ 0  0  0  0  0  0  0  0  0  0  0  0  0  0  0  0  0  0  0  0  0  0  1  0  0  0  0  0  0  0  0  0 43 27 23 30 19 38  3 27 66 51  4 17  3 35 36 17  7 49 70 33  8 42 40 54 51 44 42 57 22 62 51 49]
[ 0  0  0  0  0  0  0  0  0  0  0  0  0  0  0  0  0  0  0  0  0  0  0  1  0  0  0  0  0  0  0  0 53 66 44  6 30 23 72  2 70 56 37  9 77 22 47 47  8 13 72 24 75 66 13 38 13 68 33 18 41 39 47 73]
[ 0  0  0  0  0  0  0  0  0  0  0  0  0  0  0  0  0  0  0  0  0  0  0  0  1  0  0  0  0  0  0  0 62 45 62 34 41 11 33 11 70 58  0 39 56 36 17  3 59 32 71 63  7 12 57 29 16 69 28 38 28 47 19 34]
[ 0  0  0  0  0  0  0  0  0  0  0  0  0  0  0  0  0  0  0  0  0  0  0  0  0  1  0  0  0  0  0  0 68  1 28 70 39 27 23 16 47 65 23 51 44  2 30 49 32 52 76 78 69 17 39 57 34 14 62  5 46 26 48 39]
[ 0  0  0  0  0  0  0  0  0  0  0  0  0  0  0  0  0  0  0  0  0  0  0  0  0  0  1  0  0  0  0  0 20 29 49 27 23 47 35 37 38 31 70 25 57 25 12 58 23 70 54 48 39 50 67  4  5  3 28 52  8  3  6 38]
[ 0  0  0  0  0  0  0  0  0  0  0  0  0  0  0  0  0  0  0  0  0  0  0  0  0  0  0  1  0  0  0  0 53 58 39 24 13 58 43  5 57 51 15 50 64 77 70 67  9  3 39 13 33 43 29 43 13 55 17 73 70 69 66 66]
[ 0  0  0  0  0  0  0  0  0  0  0  0  0  0  0  0  0  0  0  0  0  0  0  0  0  0  0  0  1  0  0  0 55 73 73 40 49 21 43 40 45 56 21 37 12 40 65 78 14 34  1 21 46  0 25 63  0 16 34  8 15 40 38 32]
[ 0  0  0  0  0  0  0  0  0  0  0  0  0  0  0  0  0  0  0  0  0  0  0  0  0  0  0  0  0  1  0  0 78 72 42 27 75 74 33 54  0  7 58 72  0 68 28 35  6 66 47 44 52 50 55 22 34 67 20 75 42  5 10 49]
[ 0  0  0  0  0  0  0  0  0  0  0  0  0  0  0  0  0  0  0  0  0  0  0  0  0  0  0  0  0  0  1  0 13  6 17  6 60  0 73  7  6 49 58 74 68  0 15  5  0  4 14 39 59 20 71 14 33 58  5 22  0 34 42 32]
[ 0  0  0  0  0  0  0  0  0  0  0  0  0  0  0  0  0  0  0  0  0  0  0  0  0  0  0  0  0  0  0  1 52 14 19 59 48 26 55 60 15 63 78 59 26 58 41 10 24 76 12 14 58 19  6 63 21 63 38 15 70 41 73 67]
profile: [32, 2, 1, 1, 1, 1, 1, 1, 1, 1, 1, 1, 1, 1, 1, 1, 1, 1, 1, 1, 1, 1, 1, 1, 1, 1, 1, 1, 1, 1, 1, 1]
32<=B[0].wtL<=1248
B[0].wtH=32, B[0].wtL=657

--- BKZ with beta=3, classic ---
profile after BKZ: [31, 3, 1, 1, 1, 1, 1, 1, 1, 1, 1, 1, 1, 1, 1, 1, 1, 1, 1, 1, 1, 1, 1, 1, 1, 1, 1, 1, 1, 1, 1, 1]
31<=B_red[0].wtL<=1209
B_red[0].wtH=31, B_red[0].wtL=580

--- BKZ with beta=3, selecting lowest lee wt. vec ---
profile after BKZ: [31, 3, 1, 1, 1, 1, 1, 1, 1, 1, 1, 1, 1, 1, 1, 1, 1, 1, 1, 1, 1, 1, 1, 1, 1, 1, 1, 1, 1, 1, 1, 1]
31<=B_red1[0].wtL<=1209
B_red1[0].wtH=31, B_red1[0].wtL=443

--- LeeBKZ with beta=3, bkz with minimum_lee_wt_codeword+primitive ---
profile after BKZ: [33, 1, 1, 1, 1, 1, 1, 1, 1, 1, 1, 1, 1, 1, 1, 1, 1, 1, 1, 1, 1, 1, 1, 1, 1, 1, 1, 1, 1, 1, 1, 1]
33<=B_red2[0].wtL<=1287
B_red2[0].wtH=33, B_red2[0].wtL=458

--- LeeBKZ with beta=3, bkz with minimum_lee_wt_codeword (may be non-primitive) ---
profile after BKZ: [33, 1, 1, 1, 1, 1, 1, 1, 1, 1, 1, 1, 1, 1, 1, 1, 1, 1, 1, 1, 1, 1, 1, 1, 1, 1, 1, 1, 1, 1, 1, 1]
33<=B_red3[0].wtL<=1287
B_red3[0].wtH=33, B_red3[0].wtL=389

--- LeeBKZ with beta=3, bkz with minimum_lee_wt_codeword (revised projections) ---
profile after BKZ: [33, 2, 1, 1, 1, 1, 1, 1, 0, 1, 1, 1, 1, 1, 1, 1, 1, 1, 1, 1, 1, 1, 1, 1, 1, 1, 1, 1, 1, 1, 1, 1]
33<=B_red4[0].wtL<=1287
B_red4[0].wtH=33, B_red4[0].wtL=458


***************************************
******** STATISTICS FOR n=64 ********
***************************************

Modes:
(0) Input matrix (proper basis)
(1) Classic BKZ
(2) Classic BKZ + selecting lower Lee wt vec
(3) LEEBKZ + selecting primitive codeword of minimal Lee wt
(4) LEEBKZ + minimal Lee wt codeword without primitivity (InsertVector)
Reduced 10 matrices of size 32x64
(0): wtH[0]=32.8 wtL[0]=639.7
(1): wtH[0]=31.0 wtL[0]=579.9 time=7.042597150802612
(2): wtH[0]=31.0 wtL[0]=451.1 time=1313.4043801307678
(3): wtH[0]=33.0 wtL[0]=459.9 time=2803.4014233112334
(4): wtH[0]=34.3 wtL[0]=391.3 time=3271.029421377182
[ 1  0  0  0  0  0  0  0  0  0  0  0  0  0  0  0  0  0  0  0  0  0  0  0  0  0  0  0  0  0  0  0  0  0  0  0  0  0  0  0  0  0  0  0  0  0  0  0  0  0  0  0  0  0  0  0  0  0  0  0  0  0  0  0 18 77 30 32 38 34 56  7 64 57 30  8 34  1 60 10  0 35 67 48 62 36 43 36 42  0 61 73 74  6 20 67  0 71 11 28 38 60 47 50 31 60 11 77 22 31 59 62 30 50 41 15 61 51  6 33 16 41 70 38  6 33 38 22]
[ 0  1  0  0  0  0  0  0  0  0  0  0  0  0  0  0  0  0  0  0  0  0  0  0  0  0  0  0  0  0  0  0  0  0  0  0  0  0  0  0  0  0  0  0  0  0  0  0  0  0  0  0  0  0  0  0  0  0  0  0  0  0  0  0 46 49 21 32 46 32 55 15 60 39 50 61 64 45 38 37 10 51 51 31 58 49 67 54  4 12 66 66 20 48 73 48  6 65  8  2 17 15  8 30 46 78 33 71 65 68 49  0 71 54 21 40 13 70 25 45 50 14  7 61 72 16 24 71]
[ 0  0  1  0  0  0  0  0  0  0  0  0  0  0  0  0  0  0  0  0  0  0  0  0  0  0  0  0  0  0  0  0  0  0  0  0  0  0  0  0  0  0  0  0  0  0  0  0  0  0  0  0  0  0  0  0  0  0  0  0  0  0  0  0 74  8 23 52 43 53 14 47 54  1 75 57 74 11 59 56 39 47  5  9  2 40 21 12 54 20 41 42 16 39 14 78 50 13 12 10 68 30 26 20 38 38 68 12 43 57 11 20 54 18 66 45 66 16 22 18 75 14 40 76 72 20 62  2]
[ 0  0  0  1  0  0  0  0  0  0  0  0  0  0  0  0  0  0  0  0  0  0  0  0  0  0  0  0  0  0  0  0  0  0  0  0  0  0  0  0  0  0  0  0  0  0  0  0  0  0  0  0  0  0  0  0  0  0  0  0  0  0  0  0  1  8  8 68 39 32 68 22 57 54 41 39  6 45 76 73 49 76 74 53 35  4 63 30 13 13 53  3 67 58 25 45 24  5  4 21  0 71 24 71 50 68 30 58 49 33 23 49 66  2 26 39 50 65 70 26 53 77 55 56 42  9 51 77]
[ 0  0  0  0  1  0  0  0  0  0  0  0  0  0  0  0  0  0  0  0  0  0  0  0  0  0  0  0  0  0  0  0  0  0  0  0  0  0  0  0  0  0  0  0  0  0  0  0  0  0  0  0  0  0  0  0  0  0  0  0  0  0  0  0 23 52 24 68 17 25 30  2 24 14 71 51  0 72 61 18 62  3 73 25 42 12 52 55  8 73 48 42 25 68 39 26  4 36 27 22 32 14 15 13 75 67 40 36  6 62 71 27 30 40 25 23 52 57 18 43 39 57 43 37  0 22 75  1]
[ 0  0  0  0  0  1  0  0  0  0  0  0  0  0  0  0  0  0  0  0  0  0  0  0  0  0  0  0  0  0  0  0  0  0  0  0  0  0  0  0  0  0  0  0  0  0  0  0  0  0  0  0  0  0  0  0  0  0  0  0  0  0  0  0 61 45 51  7 64 73 70 73 72 66 62 40 18 12  9 62 77 61 42 18  6 48 40  9 30 54 51 12 29  7 43 14 16 71 65 66 59 14  8 66 20 42 73 71 14 64 32  3 60  1 47 30 56  6  4  5 23 60 41 12 30 73 58 39]
[ 0  0  0  0  0  0  1  0  0  0  0  0  0  0  0  0  0  0  0  0  0  0  0  0  0  0  0  0  0  0  0  0  0  0  0  0  0  0  0  0  0  0  0  0  0  0  0  0  0  0  0  0  0  0  0  0  0  0  0  0  0  0  0  0 29 25 22 74 47 75 30 53 53 37 74 11 75 26 19 44  6  9 53 31 29 30 22 64 38 12 32 39 15 41 24 42  3 17 74 59 36 47 22 32 15  8  8 56 74  5 14 34  6  1 78 41 76 38 73 39 12 35 17 40 27 69 53 67]
[ 0  0  0  0  0  0  0  1  0  0  0  0  0  0  0  0  0  0  0  0  0  0  0  0  0  0  0  0  0  0  0  0  0  0  0  0  0  0  0  0  0  0  0  0  0  0  0  0  0  0  0  0  0  0  0  0  0  0  0  0  0  0  0  0 23 22 50 45 39 30 44 78 55 71 30 35 25 62 24 10  1 60 17  7 13  4 48 52 59 73 56 58  9 16 76  3 52  7 16 59 36 33 63 63 16 60  5 34 37 43 16 48 24 51 53 39 39 66 65 20 24 20 41 34  4 10 66 54]
[ 0  0  0  0  0  0  0  0  1  0  0  0  0  0  0  0  0  0  0  0  0  0  0  0  0  0  0  0  0  0  0  0  0  0  0  0  0  0  0  0  0  0  0  0  0  0  0  0  0  0  0  0  0  0  0  0  0  0  0  0  0  0  0  0 41 21 48 12 67 31 21 16 47 23 26 39 49 23 39 37 12 65 68 27 33 31 67 30 57 49 10  5 10 44 60 70 23 54 49 65 71 31  5 25 36 44 28 17 26 41 54 65 76 34 40 59  9 71 15 39  6 63 13 69  0 72 60 73]
[ 0  0  0  0  0  0  0  0  0  1  0  0  0  0  0  0  0  0  0  0  0  0  0  0  0  0  0  0  0  0  0  0  0  0  0  0  0  0  0  0  0  0  0  0  0  0  0  0  0  0  0  0  0  0  0  0  0  0  0  0  0  0  0  0 30 76 61 57 42 10 23 16 64 18  8 39 28 20 33 66 45 66 49 21  2 26 37 72 11 11 20 22 76 40  2 77 28 59 64 78 59 69 52 55 57 65 54 28 31 47 35 36 54 18 29 54 30 29 27 17 25  9 51 38 63 50 41 63]
[ 0  0  0  0  0  0  0  0  0  0  1  0  0  0  0  0  0  0  0  0  0  0  0  0  0  0  0  0  0  0  0  0  0  0  0  0  0  0  0  0  0  0  0  0  0  0  0  0  0  0  0  0  0  0  0  0  0  0  0  0  0  0  0  0 58 62 68 74 45 77 62 39  0 21  0 15 43 52 39 68 11 77 37 76 64 16 59  4 78 41 27 18 26 24 22  3 11 45 19 69 49 39 42 46 43 19 67 22 68  4 43 70 70 19 64 74 25 21 51 69  6  9 48 40 30 13 10 54]
[ 0  0  0  0  0  0  0  0  0  0  0  1  0  0  0  0  0  0  0  0  0  0  0  0  0  0  0  0  0  0  0  0  0  0  0  0  0  0  0  0  0  0  0  0  0  0  0  0  0  0  0  0  0  0  0  0  0  0  0  0  0  0  0  0 29 18 51 45 70 68 14 23 38 22 53 54 30 21 42 28 62 62  8 58 58 14 18 61 44 28 34 27 43 11 22 77 75 62 31 17 54 71 26 54 71 38 42  2 64 58 54 34 39 12 57  9 68 45 60 47 59 68 10 61 73 13 47 52]
[ 0  0  0  0  0  0  0  0  0  0  0  0  1  0  0  0  0  0  0  0  0  0  0  0  0  0  0  0  0  0  0  0  0  0  0  0  0  0  0  0  0  0  0  0  0  0  0  0  0  0  0  0  0  0  0  0  0  0  0  0  0  0  0  0 76 69 42 59 51  4 77 10 53  9 77 36 15 69  1 73 13 26 76 58 53 34 67  1 40 43 46 33 57 75 17 46 76 47 53 72 33  7 62 23 26 70 75 30 45 24  8 64 35 15 51 37 24 69 66 46 74 54 28 36 14 46  7 67]
[ 0  0  0  0  0  0  0  0  0  0  0  0  0  1  0  0  0  0  0  0  0  0  0  0  0  0  0  0  0  0  0  0  0  0  0  0  0  0  0  0  0  0  0  0  0  0  0  0  0  0  0  0  0  0  0  0  0  0  0  0  0  0  0  0 55  9  0 14 20  4 47 47 57 11 53 38 68 70 13 17  9  0 56 72 47 65 60 40 35 77 57 37 69 20 12 41 37 43 59 39 43 50  0  8 50 13 54 71 49 34 62 42 37 15 49 12 27 48 74 35 26 22 68 70 24 18  9 44]
[ 0  0  0  0  0  0  0  0  0  0  0  0  0  0  1  0  0  0  0  0  0  0  0  0  0  0  0  0  0  0  0  0  0  0  0  0  0  0  0  0  0  0  0  0  0  0  0  0  0  0  0  0  0  0  0  0  0  0  0  0  0  0  0  0 50 28 33 72 48 19 56 69 60  4  1 40 43 66 12 21  0 41 60 41 68  1 74  4 61 18 14 74 75 74 27 58 34 29 70 73 76 18 18 45 62 24 52 41 70 61 54 34  7 74  7 24 17 69 34 64 54 67 18 46 43 73 57 55]
[ 0  0  0  0  0  0  0  0  0  0  0  0  0  0  0  1  0  0  0  0  0  0  0  0  0  0  0  0  0  0  0  0  0  0  0  0  0  0  0  0  0  0  0  0  0  0  0  0  0  0  0  0  0  0  0  0  0  0  0  0  0  0  0  0 74 40 56 44 36 44 18 12 37 29 35 22 16 58 74 53 67 32 57  5 65 40 34 61 33 57 21  5 19 52 18  7 21  9 65 72 62 77 48 70 76 51 34  5 71 41 10  8 64 59 61 27 44 25  7 45  0 25 61 30 13 26 54 12]
[ 0  0  0  0  0  0  0  0  0  0  0  0  0  0  0  0  1  0  0  0  0  0  0  0  0  0  0  0  0  0  0  0  0  0  0  0  0  0  0  0  0  0  0  0  0  0  0  0  0  0  0  0  0  0  0  0  0  0  0  0  0  0  0  0  1 33 41 56 32 34  8 48 77 12 34 28 71 76 64 43 34 21 65 67 23 12 75 19 49 10  9 54 32 61  9 35 27 68  9 64 68 54  4 48 32 33 14  2 74 18 20 73 10  6  0 27 26 21 10 21 11 38 56 10 14 12 52 23]
[ 0  0  0  0  0  0  0  0  0  0  0  0  0  0  0  0  0  1  0  0  0  0  0  0  0  0  0  0  0  0  0  0  0  0  0  0  0  0  0  0  0  0  0  0  0  0  0  0  0  0  0  0  0  0  0  0  0  0  0  0  0  0  0  0 43 26 69  9 44  7 69 42 43 71 17 22 16 74 20 36 32 27 75  3 40 51 63 25 73 73 32 58 40 14  2 65 70  5 70 67 37 52 44 53 54 20 63 35 44  4 70 20 58 29 34 49 62  3 59 64  8 43 49  1 45 52 27 56]
[ 0  0  0  0  0  0  0  0  0  0  0  0  0  0  0  0  0  0  1  0  0  0  0  0  0  0  0  0  0  0  0  0  0  0  0  0  0  0  0  0  0  0  0  0  0  0  0  0  0  0  0  0  0  0  0  0  0  0  0  0  0  0  0  0 65 73 22 47 56 18 17  7 37  8 28 76 52 34 21 44 34 78 45  1 39 38 13  8 23 34 23 43 78 75  3 40 23 23 57 13 64 75 27 72 18 26 37 76 27  9 36 45 45 51 59 49 27 65 18 63 63 15 37 67 20 56 57 43]
[ 0  0  0  0  0  0  0  0  0  0  0  0  0  0  0  0  0  0  0  1  0  0  0  0  0  0  0  0  0  0  0  0  0  0  0  0  0  0  0  0  0  0  0  0  0  0  0  0  0  0  0  0  0  0  0  0  0  0  0  0  0  0  0  0  2 76 11 50  9 23 47 48 70 34 33 27 76 38  3 20 47 66  8 37 54  4 11 65 57  6 43  2 63 21 67  2 35  1 39 48 22 11 65  4 12 31 14 13 67 18 29 53 73 53 72 73 25 48 45 13  8 30 64 65 43 70 24 44]
[ 0  0  0  0  0  0  0  0  0  0  0  0  0  0  0  0  0  0  0  0  1  0  0  0  0  0  0  0  0  0  0  0  0  0  0  0  0  0  0  0  0  0  0  0  0  0  0  0  0  0  0  0  0  0  0  0  0  0  0  0  0  0  0  0  6  4  4 29 31 37 69 56 49 69 28 20 31 65 40 16 21 72 30 33 66 42 76 19 63 65 54  3 68 40  3 61 64 41 72 13 63 10 19 48 66 30 51 34 15 53 55 42 53  3 49 14 12 22 75 33  1 12 46 53  9 40  4 78]
[ 0  0  0  0  0  0  0  0  0  0  0  0  0  0  0  0  0  0  0  0  0  1  0  0  0  0  0  0  0  0  0  0  0  0  0  0  0  0  0  0  0  0  0  0  0  0  0  0  0  0  0  0  0  0  0  0  0  0  0  0  0  0  0  0 26  3 48 62 62 26 12 60 47  0 53 77 22 74 44 16 37 60 14 74 64 10 24 61 35 76 58  1  0 16 39  0 16 74 55  4 20 66 56 73 60 47 37 77 22 32  8  1 14 58  0 44 35 43 16 36 73 72 31 53 75 16 54 51]
[ 0  0  0  0  0  0  0  0  0  0  0  0  0  0  0  0  0  0  0  0  0  0  1  0  0  0  0  0  0  0  0  0  0  0  0  0  0  0  0  0  0  0  0  0  0  0  0  0  0  0  0  0  0  0  0  0  0  0  0  0  0  0  0  0 48 57 40 35 66 25 73 75 65 59  9 62 37 31 62 12 78  8  6 60  8  6 50 22 46 53 20 13  0 23  5 40 36 59 43 73  5 11 14 51 31 31 29 33 58 43  0  5 37 54 24  2 72 47 59  5 50 75 12 19  6  7 34  1]
[ 0  0  0  0  0  0  0  0  0  0  0  0  0  0  0  0  0  0  0  0  0  0  0  1  0  0  0  0  0  0  0  0  0  0  0  0  0  0  0  0  0  0  0  0  0  0  0  0  0  0  0  0  0  0  0  0  0  0  0  0  0  0  0  0 11 33 19 21 45 40 23 30 26 34 52 66 58 49 78 74  9 49 29 26 38 73 70 15 34 10 55 48 47 14 63 13 58 46 17 30 75  1 42 71  2 48 67 63 57 15 73 77 32 12 54 32 22 50 71  4 51 57 41  1 59 38 25  1]
[ 0  0  0  0  0  0  0  0  0  0  0  0  0  0  0  0  0  0  0  0  0  0  0  0  1  0  0  0  0  0  0  0  0  0  0  0  0  0  0  0  0  0  0  0  0  0  0  0  0  0  0  0  0  0  0  0  0  0  0  0  0  0  0  0 12 75 69 61 14 49 63 78  9  1 52 60  0 78 43  1 35 22 74 47 25 48 50 66 26 65 42 22 20 38 78  8  8 45  6 34 23 35 56 29 10 54 48 39 44 65 63 29 62 19 77 27 76  4  2 13 18 56 10 35  0 57 47 38]
[ 0  0  0  0  0  0  0  0  0  0  0  0  0  0  0  0  0  0  0  0  0  0  0  0  0  1  0  0  0  0  0  0  0  0  0  0  0  0  0  0  0  0  0  0  0  0  0  0  0  0  0  0  0  0  0  0  0  0  0  0  0  0  0  0 22 61 35 59 46 15 44 22 14  8 59  0 29 25 56 19 36 77 72 50 62 73 28 42 75  2 29 75 25 30 21 37  6  7 56 67 28 15 64 13 39  2 31 11 67 72 49 14 46 43 62 10 39 70 24 73 49 41 61 52  8 14 55 71]
[ 0  0  0  0  0  0  0  0  0  0  0  0  0  0  0  0  0  0  0  0  0  0  0  0  0  0  1  0  0  0  0  0  0  0  0  0  0  0  0  0  0  0  0  0  0  0  0  0  0  0  0  0  0  0  0  0  0  0  0  0  0  0  0  0 50 64  2 24 68 21 77 74 28 20 71 53 16 28 50 31 61 13 76 50 54 69 58 26 48 69 40  9 36 59 13 12  1 68 61 76 55  8 67 50 39 16  7 29 19 33 19 51 30 37 60 69 43 20 59  5 12 24 48 12  7  0 62 43]
[ 0  0  0  0  0  0  0  0  0  0  0  0  0  0  0  0  0  0  0  0  0  0  0  0  0  0  0  1  0  0  0  0  0  0  0  0  0  0  0  0  0  0  0  0  0  0  0  0  0  0  0  0  0  0  0  0  0  0  0  0  0  0  0  0 63  9 72 55 45 50  1 25 42 19 38 20 34 71  8 37 48 21 49 59 22 49 73 31 49  4 53 31  6 21 25 19 23 11 29 70 38  6 61 75  1 68 23  9 71 59 19 36 48 34 44 52  3 76 76 73 64 76 30 67  9 13 37 27]
[ 0  0  0  0  0  0  0  0  0  0  0  0  0  0  0  0  0  0  0  0  0  0  0  0  0  0  0  0  1  0  0  0  0  0  0  0  0  0  0  0  0  0  0  0  0  0  0  0  0  0  0  0  0  0  0  0  0  0  0  0  0  0  0  0 28 24  6 29 41 47 65 75 76 54 72 66 26 46 66 52 46 35 77 58 29  5 78 66  5 70 28  7 64 76 31 30 75 67 37 45 30 71 56 57 57 51 26 26 28 57 31 30 12 15 14 26  9 55 58 41 19 48 56 53 11 54 60  1]
[ 0  0  0  0  0  0  0  0  0  0  0  0  0  0  0  0  0  0  0  0  0  0  0  0  0  0  0  0  0  1  0  0  0  0  0  0  0  0  0  0  0  0  0  0  0  0  0  0  0  0  0  0  0  0  0  0  0  0  0  0  0  0  0  0 72 20 19 32  9 26 47 66 72 49 77 52  0 29 68 10 35  0  3 27 18 45 34 25 28 31 16 18  2 41 72 33 57 65  9 43  3 12 46 46  6 19 64 61 74 42  3 66 24 30 37 70 29 28 10 54 69 26 11 40 35 44 21 53]
[ 0  0  0  0  0  0  0  0  0  0  0  0  0  0  0  0  0  0  0  0  0  0  0  0  0  0  0  0  0  0  1  0  0  0  0  0  0  0  0  0  0  0  0  0  0  0  0  0  0  0  0  0  0  0  0  0  0  0  0  0  0  0  0  0 31 63 66 32  5 59 75 57 40 59 23 73  8 48 24 18 70 57 76 69 21 19 33 10  2 22 37 65 15 11 73 75 14 73 27 75 66 65 34 45 21 78 52 61  1 61 69 59  6  5 70 70 24 59 52 51 47  9 53 50 77 47 58  8]
[ 0  0  0  0  0  0  0  0  0  0  0  0  0  0  0  0  0  0  0  0  0  0  0  0  0  0  0  0  0  0  0  1  0  0  0  0  0  0  0  0  0  0  0  0  0  0  0  0  0  0  0  0  0  0  0  0  0  0  0  0  0  0  0  0 74 32 48 61 59 57 63 17  3 23 68 16 43 49 74 77 73 60  4 44 38 47 38 61 34 27 59 47 62 17 20 23  7 30 50 56  1 30  8 71 11 36 37 26  9 19 21 61 44 77 63 21 58  3 11 10 26 28 32 62  8 28  1 41]
[ 0  0  0  0  0  0  0  0  0  0  0  0  0  0  0  0  0  0  0  0  0  0  0  0  0  0  0  0  0  0  0  0  1  0  0  0  0  0  0  0  0  0  0  0  0  0  0  0  0  0  0  0  0  0  0  0  0  0  0  0  0  0  0  0 28 60 45 36 62 36 56 77 72  3 54 50 70 63  8 72 32 59 53 17 42 42 41 18 36  4 23  6 64 14 56 57 51 11 72 21 11  4 37 31  8  3  4 74 57 28 57 75 64 59 34 19 30 14 68 32 48 35 34 44 14 56 63 10]
[ 0  0  0  0  0  0  0  0  0  0  0  0  0  0  0  0  0  0  0  0  0  0  0  0  0  0  0  0  0  0  0  0  0  1  0  0  0  0  0  0  0  0  0  0  0  0  0  0  0  0  0  0  0  0  0  0  0  0  0  0  0  0  0  0 30  3 20 36 11 65 23 18 47  0 51 24 35 47 27 25 66 76 32 77  5 64  0  8 27 48 50 54 22 29 23 27 66 57 48 23 39 44 41 41  4 74 36 64 17 21 42  8 33 61 33 65 53 22 72 15 74  0  3 26 74 48 34 21]
[ 0  0  0  0  0  0  0  0  0  0  0  0  0  0  0  0  0  0  0  0  0  0  0  0  0  0  0  0  0  0  0  0  0  0  1  0  0  0  0  0  0  0  0  0  0  0  0  0  0  0  0  0  0  0  0  0  0  0  0  0  0  0  0  0 14 28 68 72 54 37 37 43 35 42 24 64 50 37 16 77 32 53 48 17 22 61 69 59 38 32 45 26 16 54 15 70  9 28 26  1 30 51 22 20 22 71 55 60 57  6 17 33 44 12 61 45 33 54 69 54 15 40 40 63  7 14 72 58]
[ 0  0  0  0  0  0  0  0  0  0  0  0  0  0  0  0  0  0  0  0  0  0  0  0  0  0  0  0  0  0  0  0  0  0  0  1  0  0  0  0  0  0  0  0  0  0  0  0  0  0  0  0  0  0  0  0  0  0  0  0  0  0  0  0 14 71 65 51 39 69 19 52 36 73 30 62 36 38 33 72  7 53 10 45 19 32 50 65 22 53 20 14 12  5 58 60 19 50 74 72  6 42 22 32 71 40  3  5 71 45 51 73 25 57 32 45 78 77 28 38 68 66 33 38 27 47  5 28]
[ 0  0  0  0  0  0  0  0  0  0  0  0  0  0  0  0  0  0  0  0  0  0  0  0  0  0  0  0  0  0  0  0  0  0  0  0  1  0  0  0  0  0  0  0  0  0  0  0  0  0  0  0  0  0  0  0  0  0  0  0  0  0  0  0 55 60 14 70 75 14 32 16 18 74 12  3 25 17 13 11  2 27 48 64 51 10 36 29 34 14 47 45 23  2 38 57 36 63 78 31 52 67 38 18 46 21 37 50  5 40 22 69 34 12 58 76 57 70 31 59 51 21 58 30 57  4 26 69]
[ 0  0  0  0  0  0  0  0  0  0  0  0  0  0  0  0  0  0  0  0  0  0  0  0  0  0  0  0  0  0  0  0  0  0  0  0  0  1  0  0  0  0  0  0  0  0  0  0  0  0  0  0  0  0  0  0  0  0  0  0  0  0  0  0 33 50 30 33 74 38  9 30 65 74 24 47 73 78 73  8 76 43  7 26  6 17 22 61 49 41 35 54 46 26  0 40  1 69 48 18 21 23 48 77 39 39 76 63 49  4 61 42 27  2 23 77 40 60 52 61 42 69 34 27  8  7 61 32]
[ 0  0  0  0  0  0  0  0  0  0  0  0  0  0  0  0  0  0  0  0  0  0  0  0  0  0  0  0  0  0  0  0  0  0  0  0  0  0  1  0  0  0  0  0  0  0  0  0  0  0  0  0  0  0  0  0  0  0  0  0  0  0  0  0 55 10  3 12 78 51 72  9 47  2  5 23 31  8 58 69 24  8 41 39 12 67 19 33 47 28  9 12 29  1 38 30 18 63 12 15  5  1  9 28 74 53 56 72 66 77 76 15  3 50 25 14  7 77  4  2 20 15 75 40  9 16  6 25]
[ 0  0  0  0  0  0  0  0  0  0  0  0  0  0  0  0  0  0  0  0  0  0  0  0  0  0  0  0  0  0  0  0  0  0  0  0  0  0  0  1  0  0  0  0  0  0  0  0  0  0  0  0  0  0  0  0  0  0  0  0  0  0  0  0 62 50 53 72 18 52 24 61 32 71 45 59 55 75 35 61  7 12  4 69  0 77 67 57 62 45 15 42 34 55  7  5 45 55 16 66 40 31 72 73 54 48 26 77 75 13 25 32 74 24 76 25 70 56 74  9 33 68 60 78 21 63 27 74]
[ 0  0  0  0  0  0  0  0  0  0  0  0  0  0  0  0  0  0  0  0  0  0  0  0  0  0  0  0  0  0  0  0  0  0  0  0  0  0  0  0  1  0  0  0  0  0  0  0  0  0  0  0  0  0  0  0  0  0  0  0  0  0  0  0 63  2 29 75 13 74 11 59 44 49  1 41  2 30 14 31 38 33 61  6  0 20 18  6 17 36 25 31 33 22  5 25 11 29 26 30 30 16 37 47 31 18 40 42 68 49  6 56 24 58 53 14 20 62 15 39 34 25 68 15 45  0 29  9]
[ 0  0  0  0  0  0  0  0  0  0  0  0  0  0  0  0  0  0  0  0  0  0  0  0  0  0  0  0  0  0  0  0  0  0  0  0  0  0  0  0  0  1  0  0  0  0  0  0  0  0  0  0  0  0  0  0  0  0  0  0  0  0  0  0 39 47 19 38  9 10 39 47  6 44 30 35 38 10 16 54 42 74 55 61 34 47 12 65 36  8 11  7 35 53 47  3 11 36 70 50 16 10 38 55  8 21  8 23 46  2 78 31  8 42  1 75  1 70 18 50 16  8 27 42 45 75 43 56]
[ 0  0  0  0  0  0  0  0  0  0  0  0  0  0  0  0  0  0  0  0  0  0  0  0  0  0  0  0  0  0  0  0  0  0  0  0  0  0  0  0  0  0  1  0  0  0  0  0  0  0  0  0  0  0  0  0  0  0  0  0  0  0  0  0  7 66 62  7 17 21 55  6 15 43 40 51  2  6 33 39 64 68 55 25 55 60 21 55 22 68 59 15 44 59 17  9 46 45 73 34 36 59  8 10 41 51 69 64  8 15 78 37 28 55 76 58 36 31 15 30 73 45 32 78 14 13 61 12]
[ 0  0  0  0  0  0  0  0  0  0  0  0  0  0  0  0  0  0  0  0  0  0  0  0  0  0  0  0  0  0  0  0  0  0  0  0  0  0  0  0  0  0  0  1  0  0  0  0  0  0  0  0  0  0  0  0  0  0  0  0  0  0  0  0 65 47 60 15  4  0 29 25 26 74 45 76  6 56 58  1 13 72 50 24  2 29 70 71  8 15 72 50 14  4 46 56 59 69 24 54 64 19  1 37 74 48 70 48 78 31 40 17  9  1 55 72 11 72 76 36 35 31 51 42 73 25  9 77]
[ 0  0  0  0  0  0  0  0  0  0  0  0  0  0  0  0  0  0  0  0  0  0  0  0  0  0  0  0  0  0  0  0  0  0  0  0  0  0  0  0  0  0  0  0  1  0  0  0  0  0  0  0  0  0  0  0  0  0  0  0  0  0  0  0 70 55 19 55 55  3 61 10 63 62 57  1 69 55 56 58 58  9  6 41 28 15 38 71 70 52 42 52 47 33  1 59 55 60 50 56 27 69 48 41  2 69 40  1 40 30 75 26 52 76 23 53 32 77 19 24 30 50 37 48 68 12 20 28]
[ 0  0  0  0  0  0  0  0  0  0  0  0  0  0  0  0  0  0  0  0  0  0  0  0  0  0  0  0  0  0  0  0  0  0  0  0  0  0  0  0  0  0  0  0  0  1  0  0  0  0  0  0  0  0  0  0  0  0  0  0  0  0  0  0 69 15  4 70 67 17  5 45 62 44 15 43 33 34 62 73 19 27 67  8 14 29 47 29 10 72 56 45 56 62 32 45 36 50 68 66 70 19 52 61 38 70 65 33 32 26 58 16 38  6 30 17  8 10 77 19 73 38 14 29 53 49 46 43]
[ 0  0  0  0  0  0  0  0  0  0  0  0  0  0  0  0  0  0  0  0  0  0  0  0  0  0  0  0  0  0  0  0  0  0  0  0  0  0  0  0  0  0  0  0  0  0  1  0  0  0  0  0  0  0  0  0  0  0  0  0  0  0  0  0 54 34  0 77 21 67 27 67 38 53 61 65 56  5 65  3 47 60 42 39 73 38 27 31 10 38 43 68 75 50 59  1 10 72 32 33 26 14 57 69 45  6 63  9 30 39 67 31  5 43  6 44 26 31 39 41 60 25 77 12 52 54 75  3]
[ 0  0  0  0  0  0  0  0  0  0  0  0  0  0  0  0  0  0  0  0  0  0  0  0  0  0  0  0  0  0  0  0  0  0  0  0  0  0  0  0  0  0  0  0  0  0  0  1  0  0  0  0  0  0  0  0  0  0  0  0  0  0  0  0 37 61 45  0 65 36 22 70  4 27 20 11 34  0 38 49  5 72  3 57 46 25 69 38 32 23 34 58  0 66 57  9 19  2 15 32 65  1 55  7 18 76 37  7 52  6 15  0 51 73 43  4 30 42 48 64 16 77 31 28  4 39 17  5]
[ 0  0  0  0  0  0  0  0  0  0  0  0  0  0  0  0  0  0  0  0  0  0  0  0  0  0  0  0  0  0  0  0  0  0  0  0  0  0  0  0  0  0  0  0  0  0  0  0  1  0  0  0  0  0  0  0  0  0  0  0  0  0  0  0 43 51 42 70 44  9  0 34 61  3  7 39 28 78 46 27 19 26 52 71 52 66 61 12 57 53 36 50 52 70 35 76 26 31 39 12 74 65  7 58 36 19 13 51 72 52 75 46 18 45 40 30 23 38 63 20 33  1 24  4 67 55 21 25]
[ 0  0  0  0  0  0  0  0  0  0  0  0  0  0  0  0  0  0  0  0  0  0  0  0  0  0  0  0  0  0  0  0  0  0  0  0  0  0  0  0  0  0  0  0  0  0  0  0  0  1  0  0  0  0  0  0  0  0  0  0  0  0  0  0 66  5 59 50  8 55  8 49 51 74 10 32 35 17 40 24 66 32 32 55 23 70  1 72 16 76 20 13 40 61 65 67 78 12 13 54 23 42 41 37 45 78 21 74 24 35 27 14 66 60 37 48 54 41 70 55 38 33  0  0 40  4  8  6]
[ 0  0  0  0  0  0  0  0  0  0  0  0  0  0  0  0  0  0  0  0  0  0  0  0  0  0  0  0  0  0  0  0  0  0  0  0  0  0  0  0  0  0  0  0  0  0  0  0  0  0  1  0  0  0  0  0  0  0  0  0  0  0  0  0 46 72 36 13 47  0  8  6 12 48 18 74 12 69 69 49  9 70 39 48 40 43 44 74 58 76 20  9 66 72 27 66 70 49 66 67 71 46 78 76 41 64  5 76 63 40 58 54 25 73 21 26  8 16  8 47 58 29 35 35  2 26 29 36]
[ 0  0  0  0  0  0  0  0  0  0  0  0  0  0  0  0  0  0  0  0  0  0  0  0  0  0  0  0  0  0  0  0  0  0  0  0  0  0  0  0  0  0  0  0  0  0  0  0  0  0  0  1  0  0  0  0  0  0  0  0  0  0  0  0 57 31 35 41 13 33 27 50 57 66 47 67 31 42 29 57 49 24 77 66  0 59 65 70 52 54 40 30 78 47 18 34  4 13 71 78 36 12 30 34 11 66 40 67 21 25 70 69 77 33 63 52 33 27 77 12 45 48 52 15 72 64 20 23]
[ 0  0  0  0  0  0  0  0  0  0  0  0  0  0  0  0  0  0  0  0  0  0  0  0  0  0  0  0  0  0  0  0  0  0  0  0  0  0  0  0  0  0  0  0  0  0  0  0  0  0  0  0  1  0  0  0  0  0  0  0  0  0  0  0 55 49 70  3 39 64 60 10 69  1  1 47 42 50  4 55 21 76 76  0 74 24 46 74 25 30 16 58 51 10 48 62 19 17 69 22 27 36 71 58 58 11 56 58 64 25 76 46 30  3 15  2 16 47 37 47 44 52 46 19 68 20 35  1]
[ 0  0  0  0  0  0  0  0  0  0  0  0  0  0  0  0  0  0  0  0  0  0  0  0  0  0  0  0  0  0  0  0  0  0  0  0  0  0  0  0  0  0  0  0  0  0  0  0  0  0  0  0  0  1  0  0  0  0  0  0  0  0  0  0 29  8 66 33  4 16 36 13  3 78 21 57 33 50 15 13 31 51 76 71 72 27 44 47 57 24 33 25 40 25 60 59 11 46 78 56 41 60 76 65 36 14 31 64  4 25  0 57 34 21 69 12 62 66 26 27  1 27 13 46  5 28 50 40]
[ 0  0  0  0  0  0  0  0  0  0  0  0  0  0  0  0  0  0  0  0  0  0  0  0  0  0  0  0  0  0  0  0  0  0  0  0  0  0  0  0  0  0  0  0  0  0  0  0  0  0  0  0  0  0  1  0  0  0  0  0  0  0  0  0 54 74 55 33  7 29 24 32 32 68 61 57 13 32 11 56  2  3  4 38 74 13 30  7 14 24 36 64 20 10 54  3 69  1  4 60 67 46 38 62 34 44  0 14 14 41 22 55 24 46 42 57 48 44 33 12 20 27 13 53  1 62 74 66]
[ 0  0  0  0  0  0  0  0  0  0  0  0  0  0  0  0  0  0  0  0  0  0  0  0  0  0  0  0  0  0  0  0  0  0  0  0  0  0  0  0  0  0  0  0  0  0  0  0  0  0  0  0  0  0  0  1  0  0  0  0  0  0  0  0  4 53 39  6 18 50 42 37 70 58 78  4  9 40  1 77 42 37 64 75 15 16 49 67 45 65 15 51 14  0 72  7  8 37 78 15  7 33 37  1 38  9 59 30 10  8  7 76  2 26 46 33 44 22 66  4 21 43 77 52 44 24 65 36]
[ 0  0  0  0  0  0  0  0  0  0  0  0  0  0  0  0  0  0  0  0  0  0  0  0  0  0  0  0  0  0  0  0  0  0  0  0  0  0  0  0  0  0  0  0  0  0  0  0  0  0  0  0  0  0  0  0  1  0  0  0  0  0  0  0 35  3 39 65 68 54  8 76 16 63 61 78 23 15 71 23 28 38 53  9 17 49 63 53 60  4 78 29 43 27 23 62 17 41 70 62 72 47  7 43 71 53 77 78 61 65 33 15 74  4 48 40 56  2 25 47 73 43 31 72 23 71 60 54]
[ 0  0  0  0  0  0  0  0  0  0  0  0  0  0  0  0  0  0  0  0  0  0  0  0  0  0  0  0  0  0  0  0  0  0  0  0  0  0  0  0  0  0  0  0  0  0  0  0  0  0  0  0  0  0  0  0  0  1  0  0  0  0  0  0 51 12 55 16 64 77 48 64 54 38  1 30  2 69 64 70 65  0 37 62 60 46 54 59 49 18 49 46 42 17 12 65 59  9 65  1 28 63 22 34 25 56 68 52 22 24 48 50 56 30 50 11  5 46 20 59 68 21 56 34 26 39 36 63]
[ 0  0  0  0  0  0  0  0  0  0  0  0  0  0  0  0  0  0  0  0  0  0  0  0  0  0  0  0  0  0  0  0  0  0  0  0  0  0  0  0  0  0  0  0  0  0  0  0  0  0  0  0  0  0  0  0  0  0  1  0  0  0  0  0 77 52  6  8 73 40 28  4 36 65 42 52 31 10 14  2 71 10 74  5 65 34 32 75 21 66  5 57 11  8 41 10 60 77 72 65 78 40 58 69 16 44 23 34 14 48 14 78 77  7 60 24 60 29 21  9 25  8 32 45 26 74  1 38]
[ 0  0  0  0  0  0  0  0  0  0  0  0  0  0  0  0  0  0  0  0  0  0  0  0  0  0  0  0  0  0  0  0  0  0  0  0  0  0  0  0  0  0  0  0  0  0  0  0  0  0  0  0  0  0  0  0  0  0  0  1  0  0  0  0 15  5 74 56 55 43 14 56 37 41 75 62 24 36 10 59 64 56 19 57 69 63 74 76 45 66 46 36 58 62 37 42 53 22 47 12 43 73 15 47 77 36 25 32 28 68 22 54 56 74 41 25 72 34 53 28 56 24 48 63 25 33 52 27]
[ 0  0  0  0  0  0  0  0  0  0  0  0  0  0  0  0  0  0  0  0  0  0  0  0  0  0  0  0  0  0  0  0  0  0  0  0  0  0  0  0  0  0  0  0  0  0  0  0  0  0  0  0  0  0  0  0  0  0  0  0  1  0  0  0 76 31 19 77 47 28 48 74 55 48 77 28 10 37 18 69 26 76 28 61 52 22 59 69 58 26 31 13 59 18  2 27 75 48 43 42 28 44 45 16  4 57 73 41  3 46 22  2  1 38 21 39 22 50 74  0 63 16 25 58 64 14 68 54]
[ 0  0  0  0  0  0  0  0  0  0  0  0  0  0  0  0  0  0  0  0  0  0  0  0  0  0  0  0  0  0  0  0  0  0  0  0  0  0  0  0  0  0  0  0  0  0  0  0  0  0  0  0  0  0  0  0  0  0  0  0  0  1  0  0 30 74 10 49 23 18 44  2 24 45 53 12 67 19 59 63 30 78 37 62  4 32 27 67 45  1 18 55 35 34 20 64 45 23 71  4 75 37 47 46 75 53 39 29  1 42 21 53 43 74 35 10  4 39 28 53 23 23 14  0 29 55 29 15]
[ 0  0  0  0  0  0  0  0  0  0  0  0  0  0  0  0  0  0  0  0  0  0  0  0  0  0  0  0  0  0  0  0  0  0  0  0  0  0  0  0  0  0  0  0  0  0  0  0  0  0  0  0  0  0  0  0  0  0  0  0  0  0  1  0 58 36 30 42 60 60 58 18 75 42  8 55 33 15 59 51 70 67 34 36 13 73 54 63 14 11 64  3 63 25 40 65 62 46 49 30 75 68 50 34 20 68 28 53 25 57 32 37 57 57 35  3 22 20  6 69 53 16 45 22 67 57 77 47]
[ 0  0  0  0  0  0  0  0  0  0  0  0  0  0  0  0  0  0  0  0  0  0  0  0  0  0  0  0  0  0  0  0  0  0  0  0  0  0  0  0  0  0  0  0  0  0  0  0  0  0  0  0  0  0  0  0  0  0  0  0  0  0  0  1 19 60 55 69  6 57 30 46 53  2 21 17 26 34 29 18 72 56 63 12  8 62 40 48 60 27 67 34 46 54 59 32 16 78 23 78 47 25 19  3 29 12 75  0 15 67 44 52 20  6 57 32  0 32 68 76 60 46 13 18 13 21 61 67]
profile: [62, 4, 1, 1, 1, 1, 1, 1, 1, 1, 1, 1, 1, 1, 1, 1, 1, 1, 1, 1, 1, 1, 1, 1, 1, 1, 1, 1, 1, 1, 1, 1, 1, 1, 1, 1, 1, 1, 1, 1, 1, 1, 1, 1, 1, 1, 1, 1, 1, 1, 1, 1, 1, 1, 1, 1, 1, 1, 1, 1, 1, 1, 1, 1]
62<=B[0].wtL<=2418
B[0].wtH=62, B[0].wtL=1346

--- BKZ with beta=3, classic ---
profile after BKZ: [61, 5, 1, 1, 1, 1, 1, 1, 1, 1, 1, 1, 1, 1, 1, 1, 1, 1, 1, 1, 1, 1, 1, 1, 1, 1, 1, 1, 1, 1, 1, 1, 1, 1, 1, 1, 1, 1, 1, 1, 1, 1, 1, 1, 1, 1, 1, 1, 1, 1, 1, 1, 1, 1, 1, 1, 1, 1, 1, 1, 1, 1, 1, 1]
61<=B_red[0].wtL<=2379
B_red[0].wtH=61, B_red[0].wtL=1231

--- BKZ with beta=3, selecting lowest lee wt. vec ---
profile after BKZ: [61, 5, 1, 1, 1, 1, 1, 1, 1, 1, 1, 1, 1, 1, 1, 1, 1, 1, 1, 1, 1, 1, 1, 1, 1, 1, 1, 1, 1, 1, 1, 1, 1, 1, 1, 1, 1, 1, 1, 1, 1, 1, 1, 1, 1, 1, 1, 1, 1, 1, 1, 1, 1, 1, 1, 1, 1, 1, 1, 1, 1, 1, 1, 1]
61<=B_red1[0].wtL<=2379
B_red1[0].wtH=61, B_red1[0].wtL=1001

--- LeeBKZ with beta=3, bkz with minimum_lee_wt_codeword+primitive ---
profile after BKZ: [62, 4, 1, 1, 1, 1, 1, 1, 1, 1, 1, 1, 1, 1, 1, 1, 1, 1, 1, 1, 1, 1, 1, 1, 1, 1, 1, 1, 1, 1, 1, 1, 1, 1, 1, 1, 1, 1, 1, 1, 1, 1, 1, 1, 1, 1, 1, 1, 1, 1, 1, 1, 1, 1, 1, 1, 1, 1, 1, 1, 1, 1, 1, 1]
62<=B_red2[0].wtL<=2418
B_red2[0].wtH=62, B_red2[0].wtL=963

--- LeeBKZ with beta=3, bkz with minimum_lee_wt_codeword (may be non-primitive) ---
profile after BKZ: [65, 1, 1, 1, 1, 1, 1, 1, 1, 1, 1, 1, 1, 1, 1, 1, 1, 1, 1, 1, 1, 1, 1, 1, 1, 1, 1, 1, 1, 1, 1, 1, 1, 1, 1, 1, 1, 1, 1, 1, 1, 1, 1, 1, 1, 1, 1, 1, 1, 1, 1, 1, 1, 1, 1, 1, 1, 1, 1, 1, 1, 1, 1, 1]
65<=B_red3[0].wtL<=2535
B_red3[0].wtH=65, B_red3[0].wtL=864

--- LeeBKZ with beta=3, bkz with minimum_lee_wt_codeword (revised projections) ---
profile after BKZ: [62, 6, 0, 0, 1, 1, 1, 1, 1, 1, 1, 1, 1, 1, 1, 1, 1, 1, 1, 1, 1, 1, 1, 1, 1, 1, 1, 1, 1, 1, 1, 1, 1, 1, 1, 1, 1, 1, 1, 1, 1, 1, 1, 1, 1, 1, 1, 1, 1, 1, 1, 1, 1, 1, 1, 1, 1, 1, 1, 1, 1, 1, 1, 1]
62<=B_red4[0].wtL<=2418
B_red4[0].wtH=62, B_red4[0].wtL=963
[ 1  0  0  0  0  0  0  0  0  0  0  0  0  0  0  0  0  0  0  0  0  0  0  0  0  0  0  0  0  0  0  0  0  0  0  0  0  0  0  0  0  0  0  0  0  0  0  0  0  0  0  0  0  0  0  0  0  0  0  0  0  0  0  0 73 29 12 59 63 45 20 12 12 64 68 31 54 13 28 38  0 60 53 21 43 21 65 21 78 60 27 78 37 43 20 26  4 58 11 33  8 52 12  9 40 23  4 46 51 27 32  1 43 43 60 35 62 16 76 67 63 40 53 74  9 69 12 28]
[ 0  1  0  0  0  0  0  0  0  0  0  0  0  0  0  0  0  0  0  0  0  0  0  0  0  0  0  0  0  0  0  0  0  0  0  0  0  0  0  0  0  0  0  0  0  0  0  0  0  0  0  0  0  0  0  0  0  0  0  0  0  0  0  0 33 43 63 44 59 48  9 71 72 18 24 75 58 78  2 50 41 34 71 56  0 21 47 54 59  9 65 65 37 11 17 75 68 30 62  3 35 71 49 70 38 39 42 39 71 59 44 14 78  9 36 14 69 46  3 65  8 68  4 64 71 22 69 13]
[ 0  0  1  0  0  0  0  0  0  0  0  0  0  0  0  0  0  0  0  0  0  0  0  0  0  0  0  0  0  0  0  0  0  0  0  0  0  0  0  0  0  0  0  0  0  0  0  0  0  0  0  0  0  0  0  0  0  0  0  0  0  0  0  0 12 54 16  3 28  8 73  3 34  3 19 58 19  8 68  0 52 44 22 51 16  1 34 30  9 30 52 21 60 18  8 40 65 59 50 12  7 47 69 61 76 73 52 26 57 74 15 67 68 75 20 21  5  1 20 38 36 29 16 26 29 47 28 69]
[ 0  0  0  1  0  0  0  0  0  0  0  0  0  0  0  0  0  0  0  0  0  0  0  0  0  0  0  0  0  0  0  0  0  0  0  0  0  0  0  0  0  0  0  0  0  0  0  0  0  0  0  0  0  0  0  0  0  0  0  0  0  0  0  0 31 48  0 60 37  1 19 50 53 78 11 35 76 73 16 43 57 50  5 23 38 57 40 67 72 36 78 53 73  2 70 39 41 52 33 52 40 69 18 53 37 67 41 66 75  7 34 58 40 58 57 32 23  2 29 68 26 42 40 44 15 31 66 69]
[ 0  0  0  0  1  0  0  0  0  0  0  0  0  0  0  0  0  0  0  0  0  0  0  0  0  0  0  0  0  0  0  0  0  0  0  0  0  0  0  0  0  0  0  0  0  0  0  0  0  0  0  0  0  0  0  0  0  0  0  0  0  0  0  0 48 55 74 27 32 28 18 58 41 38 37 14 40 43 39 50 74 23 23 58 28 40 65 50 33  4 16 33 44 20 58 36  0 50 14 73 70 14 33  6 48 56 60 50 39 72  4 23 67 69 11 15 52 32 43 25 14 50 75 37 34 24 32 56]
[ 0  0  0  0  0  1  0  0  0  0  0  0  0  0  0  0  0  0  0  0  0  0  0  0  0  0  0  0  0  0  0  0  0  0  0  0  0  0  0  0  0  0  0  0  0  0  0  0  0  0  0  0  0  0  0  0  0  0  0  0  0  0  0  0 75 70 56  0 33 49 13  6 76 41 33 56 30 18  5  9 78 14 29 43 42 36  1 38 53 61 14  7 72 71 30 36 15 24 48 72 66  7 70 32 48 28 78 26 33 35 50 48 57 34  5  1 44 18 55 45 63 70 38 16 22 48 69 29]
[ 0  0  0  0  0  0  1  0  0  0  0  0  0  0  0  0  0  0  0  0  0  0  0  0  0  0  0  0  0  0  0  0  0  0  0  0  0  0  0  0  0  0  0  0  0  0  0  0  0  0  0  0  0  0  0  0  0  0  0  0  0  0  0  0 20 73 37 60 75 43 21 35 72 62 78 42 18 13 24 18 69 72  4 56 38 30 70  5 59 78 25 42 33 53 67 68 37 68 36 68 47 55 48 44 22 26 38 20 59 36 33  0 18  4 54 45 55 13 70  0 40 55 51 45 18 61 14 12]
[ 0  0  0  0  0  0  0  1  0  0  0  0  0  0  0  0  0  0  0  0  0  0  0  0  0  0  0  0  0  0  0  0  0  0  0  0  0  0  0  0  0  0  0  0  0  0  0  0  0  0  0  0  0  0  0  0  0  0  0  0  0  0  0  0 40  8 78 57  4 33 73 59 41 66 17 62 45 50 69 26 14 47 76 74 64 65 60 22 58 11 19 16 29  2 20 43 70 17 14 61 62 66 10  5 12 52 20 73 31 39 57 51 41 71 24 69 39 48 68 31 34 38  8 63 28 47 68 61]
[ 0  0  0  0  0  0  0  0  1  0  0  0  0  0  0  0  0  0  0  0  0  0  0  0  0  0  0  0  0  0  0  0  0  0  0  0  0  0  0  0  0  0  0  0  0  0  0  0  0  0  0  0  0  0  0  0  0  0  0  0  0  0  0  0 28  3  0 57 57 30 56 24 26 23  5 44 50 43 23 29 66 49 70 27 24 54  8 13 73 63 49 74 56 49 39 68 14 75 26 17 55 70 71  9 15  5 57 17 64 35 77 60 19 32 64  1 50 76 16 44 38 29 64 49  8 73  8 30]
[ 0  0  0  0  0  0  0  0  0  1  0  0  0  0  0  0  0  0  0  0  0  0  0  0  0  0  0  0  0  0  0  0  0  0  0  0  0  0  0  0  0  0  0  0  0  0  0  0  0  0  0  0  0  0  0  0  0  0  0  0  0  0  0  0 30 13 63 49 71 19 77 71 27  0 39 74 49 22 22 62 68 24 20 61 15  1 10 35  0 34 15 12  5 47 47 22 44 20 52 38 69 56 10 53 19 67 70 38 76 15 39 46 61 36  0 45  7  7 62 65 78 21 48 34 77 67 46 42]
[ 0  0  0  0  0  0  0  0  0  0  1  0  0  0  0  0  0  0  0  0  0  0  0  0  0  0  0  0  0  0  0  0  0  0  0  0  0  0  0  0  0  0  0  0  0  0  0  0  0  0  0  0  0  0  0  0  0  0  0  0  0  0  0  0 33 43 12 58 53 19 32 67 52 17 10 70 18 70 36 58  9 19 27 68 59 23 57  2 52 45 28 69 13 45 16 11 60 72 62 12 39 29 68 28 67 26 63  4 50  5 14 69 11 17 15  6  0 58 19 33 25 42 65 39  8 68 74  0]
[ 0  0  0  0  0  0  0  0  0  0  0  1  0  0  0  0  0  0  0  0  0  0  0  0  0  0  0  0  0  0  0  0  0  0  0  0  0  0  0  0  0  0  0  0  0  0  0  0  0  0  0  0  0  0  0  0  0  0  0  0  0  0  0  0 45 56 48 72 19 78 70 16 32 24 66 71 59 16  5 61 40 21 22 58 61 15  1  6 62 53 70  9 76  2 20 55 12 33  0 76 12 53 64 42 61 56 74 57 61 11 14 68 49  8 30 60 71  0 70 48 12 49 69  8  4 20 43 10]
[ 0  0  0  0  0  0  0  0  0  0  0  0  1  0  0  0  0  0  0  0  0  0  0  0  0  0  0  0  0  0  0  0  0  0  0  0  0  0  0  0  0  0  0  0  0  0  0  0  0  0  0  0  0  0  0  0  0  0  0  0  0  0  0  0 61 76 21 65 29  4 58 38 68 60 78 44 55 54 62 31 18 74 17 33 25 43 61  6 78 59 41 44 16  7 44 64 40 28 44 68  2 48 45 35 71 71 32 47 76 19 28 73 21 52  1 28 43 10  3 71 61 59 44 38 78 72 39 21]
[ 0  0  0  0  0  0  0  0  0  0  0  0  0  1  0  0  0  0  0  0  0  0  0  0  0  0  0  0  0  0  0  0  0  0  0  0  0  0  0  0  0  0  0  0  0  0  0  0  0  0  0  0  0  0  0  0  0  0  0  0  0  0  0  0 70 23 61 56  5 21 75 24 57 55 55 53 72 14 49 75 15  7 51 77 33 33 22 66 48 46 29 47 75 25 12 64 16 68 45 42 68 29 37 51 74 30  3 32 46 76 56 22 38 26 75 55 35 42 57 59 30 45 18  1 35 16 53 68]
[ 0  0  0  0  0  0  0  0  0  0  0  0  0  0  1  0  0  0  0  0  0  0  0  0  0  0  0  0  0  0  0  0  0  0  0  0  0  0  0  0  0  0  0  0  0  0  0  0  0  0  0  0  0  0  0  0  0  0  0  0  0  0  0  0 41 20  4 48 49 27 42 41 61 67 22 21  8  2  0 74 63 57 46  0 35 59 16 56 47 59 13 73 13 41 24 26 40 35 10 39 40 53 14 48 65  5 71 30 64 68 73 29 38 21 58 23 27 53 10 46 19 34 50 56 57  4 41  5]
[ 0  0  0  0  0  0  0  0  0  0  0  0  0  0  0  1  0  0  0  0  0  0  0  0  0  0  0  0  0  0  0  0  0  0  0  0  0  0  0  0  0  0  0  0  0  0  0  0  0  0  0  0  0  0  0  0  0  0  0  0  0  0  0  0 15 74  5  2 19 20  0 63 26 24 28 59 76 38 73 63 67 55 61 24 33 50 70 61 18 69 58 36 12 50 49 74 74 46 66 16 62 67 25 23  3 24 48 65 49 62 27 12 12 68  8 10 44  5 73 64 28 14 78 58 77 24 58 18]
[ 0  0  0  0  0  0  0  0  0  0  0  0  0  0  0  0  1  0  0  0  0  0  0  0  0  0  0  0  0  0  0  0  0  0  0  0  0  0  0  0  0  0  0  0  0  0  0  0  0  0  0  0  0  0  0  0  0  0  0  0  0  0  0  0  5 22  1 76 69 15 60 77 48 13  5 17 35 30 57 62  8 52 35 52 59 60 55 62 24 21 49 77 21 12  8 22 31 57  1 67 77 46 14 20 46 76 37 65 46 28 44 45 31 72 23 63 73 28 76  0 76 69 37 58 63 34 75 38]
[ 0  0  0  0  0  0  0  0  0  0  0  0  0  0  0  0  0  1  0  0  0  0  0  0  0  0  0  0  0  0  0  0  0  0  0  0  0  0  0  0  0  0  0  0  0  0  0  0  0  0  0  0  0  0  0  0  0  0  0  0  0  0  0  0 10  7 14  0 42 49 73 61 67 19 78 11  0 45 59 26 65  9 34 20 17 66 28 22 20 24  6 27  3 49 55 47 21 30 77 69 35 49 34 31 21 56 72 67 29 10 37 33 12 66 62 60 55 24 11  7 56 12 74 54 44 20 38 76]
[ 0  0  0  0  0  0  0  0  0  0  0  0  0  0  0  0  0  0  1  0  0  0  0  0  0  0  0  0  0  0  0  0  0  0  0  0  0  0  0  0  0  0  0  0  0  0  0  0  0  0  0  0  0  0  0  0  0  0  0  0  0  0  0  0 68 25 49 74 42 54 19  0 55 62 60 11 18  5 12 10 14 61 46 58 30 51  5 16 62 10 47 16 13 34 68 31 69 56 46 20 10  8  5 32 65 13 31 36 35  8 40 25 34 11 70 66 38  0 50 39 14  5 48 63 50 73 65  8]
[ 0  0  0  0  0  0  0  0  0  0  0  0  0  0  0  0  0  0  0  1  0  0  0  0  0  0  0  0  0  0  0  0  0  0  0  0  0  0  0  0  0  0  0  0  0  0  0  0  0  0  0  0  0  0  0  0  0  0  0  0  0  0  0  0 31 62 74 42 58 47 68  6  1 72  0 45  7 41 14 18  1  9 66 46 23 72 52 56 52  2 60 46 72  7 70 16 53 69  2 13 41 69 57 63 15 28 31 46 47 27 66 53 24 66 48 49 33 35 28 71 65 35 24 15 44 44 77 59]
[ 0  0  0  0  0  0  0  0  0  0  0  0  0  0  0  0  0  0  0  0  1  0  0  0  0  0  0  0  0  0  0  0  0  0  0  0  0  0  0  0  0  0  0  0  0  0  0  0  0  0  0  0  0  0  0  0  0  0  0  0  0  0  0  0 67 55 55 69 45 26 14 75 36 41 54 40 76 73 11 74 14 63 51 57 62 53 53 35 19  2 24 46 45 46 33 49 52  5 29 37 38 13  7 46 63 23 58 53 14 21 13 41 12 49 58 78 76 41 52 29 10 78 28 50 30 35 76 25]
[ 0  0  0  0  0  0  0  0  0  0  0  0  0  0  0  0  0  0  0  0  0  1  0  0  0  0  0  0  0  0  0  0  0  0  0  0  0  0  0  0  0  0  0  0  0  0  0  0  0  0  0  0  0  0  0  0  0  0  0  0  0  0  0  0 33  9 56 11 13 51 34 74 50 17 10 77 34 71 35 72 53 17 66  9 50 58 63 64 71 77 45 46 55 77  7 14 75 19 37 25 54 68  9 58 29  0 19 73 45 49 32 49 73 62 29 62 29 30 35 16  3 60 11 45 20  6 14 64]
[ 0  0  0  0  0  0  0  0  0  0  0  0  0  0  0  0  0  0  0  0  0  0  1  0  0  0  0  0  0  0  0  0  0  0  0  0  0  0  0  0  0  0  0  0  0  0  0  0  0  0  0  0  0  0  0  0  0  0  0  0  0  0  0  0 68 74 59 19 65 11 35 37 37 30 44 60 64  2 31 16  4 66 25 72 42 12 43  2 13 19 36 26 71 43 63 72  9 65 76 71 19 43 43 49 33 77 33 44 64 68 38 39 22  9 60 10  5 12 58 13  2 71  1 61  6  3 51 65]
[ 0  0  0  0  0  0  0  0  0  0  0  0  0  0  0  0  0  0  0  0  0  0  0  1  0  0  0  0  0  0  0  0  0  0  0  0  0  0  0  0  0  0  0  0  0  0  0  0  0  0  0  0  0  0  0  0  0  0  0  0  0  0  0  0  3 57 53 33 16 31 23  2 72 35 77 72 61 11 69 49 77  9 20 73 29 44 71 68 28 44 63 59 65 63 70  2 10 63 39 20 78 64 50 20  6 56 15  9  6 38 50 60 49 16 23  1  0 22 46 64 56 38 62 33 78 63 64 23]
[ 0  0  0  0  0  0  0  0  0  0  0  0  0  0  0  0  0  0  0  0  0  0  0  0  1  0  0  0  0  0  0  0  0  0  0  0  0  0  0  0  0  0  0  0  0  0  0  0  0  0  0  0  0  0  0  0  0  0  0  0  0  0  0  0 65  8 70  7  6  2 10  0  4 30  4 30 21 38 32 65 26 68 30 47 43 69 27 67 36 65 77 70 62 12 74 35  5 47 41 19 44 27 25 11 68 52 65  7 12  5  8  5 15 54 45 59 59 36 77 51 57 78  0 33 40 37  0 10]
[ 0  0  0  0  0  0  0  0  0  0  0  0  0  0  0  0  0  0  0  0  0  0  0  0  0  1  0  0  0  0  0  0  0  0  0  0  0  0  0  0  0  0  0  0  0  0  0  0  0  0  0  0  0  0  0  0  0  0  0  0  0  0  0  0 35 64 46 16 43 32 38 15 10  8 75 50 11 72 11 27 12 71  8  4 14 71 64 12 74 21 61 26  0 52 21 11 15 30  5 29 56 74 71 70 14 16 56 56 75 46 71 31 74 78 17 10  5 71 38  3 29 25 22 20 78 41 66 62]
[ 0  0  0  0  0  0  0  0  0  0  0  0  0  0  0  0  0  0  0  0  0  0  0  0  0  0  1  0  0  0  0  0  0  0  0  0  0  0  0  0  0  0  0  0  0  0  0  0  0  0  0  0  0  0  0  0  0  0  0  0  0  0  0  0 37 64 68 21 57 73 61 12 73 46 15 55 22  2 12 68 23 18 70 47  5 51 49 64 47 37  6 39 42 19 61 15 65 31 77 57  1 30 75 73 73 35 17  7 52 20  4 17 25 20 27  3 32 46 41 53 34 34 66 33 20  2 13 69]
[ 0  0  0  0  0  0  0  0  0  0  0  0  0  0  0  0  0  0  0  0  0  0  0  0  0  0  0  1  0  0  0  0  0  0  0  0  0  0  0  0  0  0  0  0  0  0  0  0  0  0  0  0  0  0  0  0  0  0  0  0  0  0  0  0 74 41 28  9 14 43 78 13  1 18 78 12 70 64 13 39 19 21 49 23 56 60 43 64 47 60 35  6 65 18  3 40 53  1 33  9 37 77 29 38 34 74 25  5 55  1  8 57 14  1 34 16 22 52 60 63 47 20 21 37 10 60  4 73]
[ 0  0  0  0  0  0  0  0  0  0  0  0  0  0  0  0  0  0  0  0  0  0  0  0  0  0  0  0  1  0  0  0  0  0  0  0  0  0  0  0  0  0  0  0  0  0  0  0  0  0  0  0  0  0  0  0  0  0  0  0  0  0  0  0 50 18 61 54  1 28 66 41 45 37 11 75 62  7 28 59 23 60 10 53 26 33 32 73 12 78 76 46 63 46 51 45 58 63 74 50 34 50 58 15 51 71 20 74 69 48  6 74 47 64 26 43  5  3 26 12 77  9 37 53 47 22 71 12]
[ 0  0  0  0  0  0  0  0  0  0  0  0  0  0  0  0  0  0  0  0  0  0  0  0  0  0  0  0  0  1  0  0  0  0  0  0  0  0  0  0  0  0  0  0  0  0  0  0  0  0  0  0  0  0  0  0  0  0  0  0  0  0  0  0 67 47 48 20 59 20 58 57 50 53 46 60 31 30 13 64 23 60 49 73  1 56 62 18 68 43 71 63 76 13 45 19 26  7 51 68 14  3 39 63  6 60 61 57 56 39  1 72 14 66 21 69 70 66  8 26 58 23 72 42 22 40  6 17]
[ 0  0  0  0  0  0  0  0  0  0  0  0  0  0  0  0  0  0  0  0  0  0  0  0  0  0  0  0  0  0  1  0  0  0  0  0  0  0  0  0  0  0  0  0  0  0  0  0  0  0  0  0  0  0  0  0  0  0  0  0  0  0  0  0 62 12 21  4 30 11 48 11 40 70 53 31 74  9 42  7 48 38 38 54 65 29  5 34 77 59 60 42 48 33  9 37 20 19  1  6 60 22 56 77 74 69  3 67  2 15 30 60  2 17 42 10  3 52  1 68 76 27 70 60 30 61 56 54]
[ 0  0  0  0  0  0  0  0  0  0  0  0  0  0  0  0  0  0  0  0  0  0  0  0  0  0  0  0  0  0  0  1  0  0  0  0  0  0  0  0  0  0  0  0  0  0  0  0  0  0  0  0  0  0  0  0  0  0  0  0  0  0  0  0 43 42 10 31 54 31  7  2 61 38  1 71 31 45  8  4 20 70 42 29 66  1  4 72 36 72  3 33 12 25 12 43 42 70 48 71 45 31 23  0 74 39  7 31 63 57  9 16 39 13 64 57 59 60 67 60  2 23  4 27 17 75 23  4]
[ 0  0  0  0  0  0  0  0  0  0  0  0  0  0  0  0  0  0  0  0  0  0  0  0  0  0  0  0  0  0  0  0  1  0  0  0  0  0  0  0  0  0  0  0  0  0  0  0  0  0  0  0  0  0  0  0  0  0  0  0  0  0  0  0 48  2 43 31 44 54 28 42 62 71 13 67  8 20 38 26 57  4 48 29 58 74 10 13 74 40 43 26 60 36 54 54 72 74 29 40  2 44 56 23 64 61 48  5 51 68 53 49 38 12 19 51 56 35 55 32 68  1 26 39 30 54 55 48]
[ 0  0  0  0  0  0  0  0  0  0  0  0  0  0  0  0  0  0  0  0  0  0  0  0  0  0  0  0  0  0  0  0  0  1  0  0  0  0  0  0  0  0  0  0  0  0  0  0  0  0  0  0  0  0  0  0  0  0  0  0  0  0  0  0 43 61 28 29  7 24 69 40 42  9 62 75 59 56 15 22 27 31 62 15 64  2 54  2 15 34 58 16 59 76 15 66 17 60 62 58 10  9 64 49 33 35 19 32 41 12 69  4 38 44 47  9 23 21 46 75 39 37 47 36 22 28 38 56]
[ 0  0  0  0  0  0  0  0  0  0  0  0  0  0  0  0  0  0  0  0  0  0  0  0  0  0  0  0  0  0  0  0  0  0  1  0  0  0  0  0  0  0  0  0  0  0  0  0  0  0  0  0  0  0  0  0  0  0  0  0  0  0  0  0 54  7 42 26 70 22 40  3 10  0 29 75 14 25 49 48 77  7 36 68 43 38 72  5 52 22 71 73 41 64 14 53 26 49 54 54 77 28 33 66 70 17 23 68 47 67  4 77 64 38 78  6 76 64 24 21 50 68 21 57 42 29 59 74]
[ 0  0  0  0  0  0  0  0  0  0  0  0  0  0  0  0  0  0  0  0  0  0  0  0  0  0  0  0  0  0  0  0  0  0  0  1  0  0  0  0  0  0  0  0  0  0  0  0  0  0  0  0  0  0  0  0  0  0  0  0  0  0  0  0 71 64 60 10  5  3 47 57  9  7 18 13 13 16 39 41  4 62 33 24 41 12 17 25 63 33  7 20 24 51 63 63 11 15 63 48  1 53  4 78 54 72 49 77 46 18  6 61 44 42 30 56  9 34 57 58 51  6 44  5 48 20  8 46]
[ 0  0  0  0  0  0  0  0  0  0  0  0  0  0  0  0  0  0  0  0  0  0  0  0  0  0  0  0  0  0  0  0  0  0  0  0  1  0  0  0  0  0  0  0  0  0  0  0  0  0  0  0  0  0  0  0  0  0  0  0  0  0  0  0 52 57 63 51 51  9 56 23 32 39  5 75 24 47 35 43 75 24 67 13 48 47  8 22 61 65 51 11 36 22 57 58 46 69 25 56  3 26 41  5 68 34  1 49 10 65 57 39 18 27 32 52 18 68 44 23 41 77  0 66 69 23 13 42]
[ 0  0  0  0  0  0  0  0  0  0  0  0  0  0  0  0  0  0  0  0  0  0  0  0  0  0  0  0  0  0  0  0  0  0  0  0  0  1  0  0  0  0  0  0  0  0  0  0  0  0  0  0  0  0  0  0  0  0  0  0  0  0  0  0  2 64 10 28 35 19 25 49 16 64 73  9 36  1 44  0  5 29 26  1 54 49 41 51 22 58  1 23 20 53 46 33 71 59 34 33 17 23 22  7 50  0 45 58 51 35 76 42 24 39  1 11 14 11 78 73 41 54 62 76 30 31 30 47]
[ 0  0  0  0  0  0  0  0  0  0  0  0  0  0  0  0  0  0  0  0  0  0  0  0  0  0  0  0  0  0  0  0  0  0  0  0  0  0  1  0  0  0  0  0  0  0  0  0  0  0  0  0  0  0  0  0  0  0  0  0  0  0  0  0 70 59 57 58 59 42 50 20 34 11 64 52 38 35 64 76 34 27 47 49 67 41  9 57 27 52 28 49 52 63  9 16 18 76 16 41 22 52 22 12 56 14 31 45 17 33 17  2  0 28 59 38 66 36 40 57 30  1 37 39 56 27 51  6]
[ 0  0  0  0  0  0  0  0  0  0  0  0  0  0  0  0  0  0  0  0  0  0  0  0  0  0  0  0  0  0  0  0  0  0  0  0  0  0  0  1  0  0  0  0  0  0  0  0  0  0  0  0  0  0  0  0  0  0  0  0  0  0  0  0 36 35 12 34 25 43 20 53  0 38 52 20 50 28 43 37 11 37  7  5 27 74 11 35 62 52 18 58 39  4 70 21 33 21 43 11  9 59 73 68 66 69 63  5 34 41 62 48 65 74  8 65 55 38 12 19 56 40  9 11  4 20 26 17]
[ 0  0  0  0  0  0  0  0  0  0  0  0  0  0  0  0  0  0  0  0  0  0  0  0  0  0  0  0  0  0  0  0  0  0  0  0  0  0  0  0  1  0  0  0  0  0  0  0  0  0  0  0  0  0  0  0  0  0  0  0  0  0  0  0 31 33 71  0  8 32 68 54 40 28 68 13 66 69 64 63 20 21  2 46 32 15 42 66 36 22 57  6 35  3 10 50 54 56 38 18 75 15 10 27 54  0 31 38 40 19 28 25 42 48 56 72 55  9 66 74 35 27 12  6 28 29 55  5]
[ 0  0  0  0  0  0  0  0  0  0  0  0  0  0  0  0  0  0  0  0  0  0  0  0  0  0  0  0  0  0  0  0  0  0  0  0  0  0  0  0  0  1  0  0  0  0  0  0  0  0  0  0  0  0  0  0  0  0  0  0  0  0  0  0  6 34 26 50 45 72 14  6 53 72 76 32 70 60  7 70 46 33  9 41 61 55 52 18 32 47 17 76 74 21 17 24 33 13 49 52  2 21 35 47 71  9  0 18 36 18  6 35  3 40 33 35 48  3 53  1 70 48 13 75 26 64 29 61]
[ 0  0  0  0  0  0  0  0  0  0  0  0  0  0  0  0  0  0  0  0  0  0  0  0  0  0  0  0  0  0  0  0  0  0  0  0  0  0  0  0  0  0  1  0  0  0  0  0  0  0  0  0  0  0  0  0  0  0  0  0  0  0  0  0 74 35 22 36 16 13 52 52 24  0 21 54 17 43 17 63 76  5  2 40 32 48 23 27 49 68 69 17  4  4 64 36 29 48  4 19 10 34 30 25 49 53 44 42 40  2 18  5  8 29  1 26 45 31 78 23 11 72 61 13 47 21 24 40]
[ 0  0  0  0  0  0  0  0  0  0  0  0  0  0  0  0  0  0  0  0  0  0  0  0  0  0  0  0  0  0  0  0  0  0  0  0  0  0  0  0  0  0  0  1  0  0  0  0  0  0  0  0  0  0  0  0  0  0  0  0  0  0  0  0 15 45 14 32 70 60  3  8 60 68 36 28 76  6 36 36 57  7 68 55 49  9 17 25 10 64 13 58 65 37 27 45 34 12 21 55 15 22 32 17 41 74 54  4 76 19 14 54 55 44 42  9  8 49 28 69 42 65 12 77 75 31  6 71]
[ 0  0  0  0  0  0  0  0  0  0  0  0  0  0  0  0  0  0  0  0  0  0  0  0  0  0  0  0  0  0  0  0  0  0  0  0  0  0  0  0  0  0  0  0  1  0  0  0  0  0  0  0  0  0  0  0  0  0  0  0  0  0  0  0 36 59 65 69 78 36 39 54 45 66 34 40 75 19  7 18 20  2 32 48 41  9  8 59 22 55 70 18 61 15 20 68 21 43  8 73 22 49 61 28 44 34 20 28 31 47 47 33  2 55 46 31  4  4 63  8  5 41 65 45 20 76 34 20]
[ 0  0  0  0  0  0  0  0  0  0  0  0  0  0  0  0  0  0  0  0  0  0  0  0  0  0  0  0  0  0  0  0  0  0  0  0  0  0  0  0  0  0  0  0  0  1  0  0  0  0  0  0  0  0  0  0  0  0  0  0  0  0  0  0 64 30 45 60 13 25 60  9 42 42 10 55 69  7 53  9 22 70 12 10  3 66  4 74 17 64 17 65 50 75 13 40 71 70 57  9 33 70 52 22 62 77 38 56 42 23 61 20 66 43  9 14 15 72 19 54 32 23 36 17 13 59 66 31]
[ 0  0  0  0  0  0  0  0  0  0  0  0  0  0  0  0  0  0  0  0  0  0  0  0  0  0  0  0  0  0  0  0  0  0  0  0  0  0  0  0  0  0  0  0  0  0  1  0  0  0  0  0  0  0  0  0  0  0  0  0  0  0  0  0 56 65 37 55 13 29 32 39 68 12 11 19 77 58 28  6 10 55 53 66 40 62  7 24 69 14 19 74 51 47 70 37 12  0 48 11 69 38 74 14 75 10 37 62 12 75 77 53 27 42 43 13 30 48 39 78 14 17  1 33  3 57 77 40]
[ 0  0  0  0  0  0  0  0  0  0  0  0  0  0  0  0  0  0  0  0  0  0  0  0  0  0  0  0  0  0  0  0  0  0  0  0  0  0  0  0  0  0  0  0  0  0  0  1  0  0  0  0  0  0  0  0  0  0  0  0  0  0  0  0 39 12 27  7 44 22  2  4 10 49 75 31 28 24 60 73 45 58 67 20 54 68 12 41 28 26  7 48 69 57  7  4 40 53 57 30 61 15  5 26 37 40 72 67 49 24 53 13 69  7 76 36 74 41 39 74 49 67 42 70 47 78  6 18]
[ 0  0  0  0  0  0  0  0  0  0  0  0  0  0  0  0  0  0  0  0  0  0  0  0  0  0  0  0  0  0  0  0  0  0  0  0  0  0  0  0  0  0  0  0  0  0  0  0  1  0  0  0  0  0  0  0  0  0  0  0  0  0  0  0  3 31 75 58 32  0 13 14 68 68 69 49 57  0 51 64 27 30 47 21 62 75 75 66 40  9  4 53 66  9 16 59 25 16 55 50 51 14 34 66 16 36 34 57 63 34 78 61 47 61  1 65 59 55 32 63 56 43 21 18 40 72 26 68]
[ 0  0  0  0  0  0  0  0  0  0  0  0  0  0  0  0  0  0  0  0  0  0  0  0  0  0  0  0  0  0  0  0  0  0  0  0  0  0  0  0  0  0  0  0  0  0  0  0  0  1  0  0  0  0  0  0  0  0  0  0  0  0  0  0 46 16 13 20 59 24 10  3 37 17 33 16 35 66 23 48 40 77 21 61 12 67 24 49 33 41 60 54 76 35 66 21 30 58  2 49 49 20 24  1 39 42 23 32 60 13 60 64 72 47  5 38 54 24 77 57 54 22 46 14 34  1 12  8]
[ 0  0  0  0  0  0  0  0  0  0  0  0  0  0  0  0  0  0  0  0  0  0  0  0  0  0  0  0  0  0  0  0  0  0  0  0  0  0  0  0  0  0  0  0  0  0  0  0  0  0  1  0  0  0  0  0  0  0  0  0  0  0  0  0  9 37 37 16  8  3 10 42 26 52 19 55 32 17 67 24 19  7 42 39 40  2 73  4 17 30 50 70 63 10  5 53 30 49 28 28 30 75 22 38 28 38 24 14 10  1 17 23  5 28 73 72 28 67 20 56 11 20 22 30 26 49 32 18]
[ 0  0  0  0  0  0  0  0  0  0  0  0  0  0  0  0  0  0  0  0  0  0  0  0  0  0  0  0  0  0  0  0  0  0  0  0  0  0  0  0  0  0  0  0  0  0  0  0  0  0  0  1  0  0  0  0  0  0  0  0  0  0  0  0 64 69 12  8 44 43 48 41 52 33 71 16 64 29 51 45  1  1  7 21 47 14  6 55 43 29 40 38 51  4 53 49 15 57  9  7  3 54 35 63 45 54 65 71  8 76  6 74 29 15 12 25 11 31 73 29 10 60 21 64 16 38 59 21]
[ 0  0  0  0  0  0  0  0  0  0  0  0  0  0  0  0  0  0  0  0  0  0  0  0  0  0  0  0  0  0  0  0  0  0  0  0  0  0  0  0  0  0  0  0  0  0  0  0  0  0  0  0  1  0  0  0  0  0  0  0  0  0  0  0 38 77 47 77 27 75  3  0  5 59 24 28 28 50 41 23 51 36 78 37 53 73 27 15 27 73 47 19 54 23 48  6 37 71 17 39 23 21 71 45 71 12 20  1 73 23 56 44 50 13 16 47 16 59 25 32 61 61 71 54 66 78 47 65]
[ 0  0  0  0  0  0  0  0  0  0  0  0  0  0  0  0  0  0  0  0  0  0  0  0  0  0  0  0  0  0  0  0  0  0  0  0  0  0  0  0  0  0  0  0  0  0  0  0  0  0  0  0  0  1  0  0  0  0  0  0  0  0  0  0 12 22  7 25 19 76 41 21 68 62  9 26 40 31 70 56 66 69 48 42  8  1 31 34 25 23 17 54 19 51 70 58 67 54 37 57 41 33 29  0 38 51 21 62 29 58 10 15 56  7 17  0  2 27 15 13 20 55 52 47 23 75 20 40]
[ 0  0  0  0  0  0  0  0  0  0  0  0  0  0  0  0  0  0  0  0  0  0  0  0  0  0  0  0  0  0  0  0  0  0  0  0  0  0  0  0  0  0  0  0  0  0  0  0  0  0  0  0  0  0  1  0  0  0  0  0  0  0  0  0 47  0 41  6  0 73 25 37 12 28 72 45 14 41 29  2 42 18 60 47  6 49  2 78 33 73 54 78 33 44  1 38 66 45 72 25  6 22 10 53 35  2 18 49 36 33 20 71 11 40 70 13  8 28  0 24 21 22 44 33 51  6 58 47]
[ 0  0  0  0  0  0  0  0  0  0  0  0  0  0  0  0  0  0  0  0  0  0  0  0  0  0  0  0  0  0  0  0  0  0  0  0  0  0  0  0  0  0  0  0  0  0  0  0  0  0  0  0  0  0  0  1  0  0  0  0  0  0  0  0  6 15 45 16 56 72 51  8 39 70 71 74 71 55  0 75 76 44 15 75 56  7 30 37 26 24 16 71 56 33 56 57 24 70 45 32 55  4 59 52 12 14 63 65 25 70 16 62  2 11 60 23 57  4 11  6 17  4 60 69 28 57  5 10]
[ 0  0  0  0  0  0  0  0  0  0  0  0  0  0  0  0  0  0  0  0  0  0  0  0  0  0  0  0  0  0  0  0  0  0  0  0  0  0  0  0  0  0  0  0  0  0  0  0  0  0  0  0  0  0  0  0  1  0  0  0  0  0  0  0 54 70 52  2 63 57 56 19 64 59 70 59 54  1 37 54 66 35 41 74 76 74 67 21 41 39 78  1  7 58 77 43 78 26 66 44  8 54 52 66 42 45 66 11 33 35 69 57 78 68  5 35 77 50 41 36 58 46 77 59 39 63  6 72]
[ 0  0  0  0  0  0  0  0  0  0  0  0  0  0  0  0  0  0  0  0  0  0  0  0  0  0  0  0  0  0  0  0  0  0  0  0  0  0  0  0  0  0  0  0  0  0  0  0  0  0  0  0  0  0  0  0  0  1  0  0  0  0  0  0 43 68 30 27 18  4 44 33 65 78 28 61 39 36 74 29  8 21 27 50 76 64 39 34 37 11  6  4 39 77 23  9 30 45 10 49 31 38 59 20 11 10 32 57 73  9 62 48 25 57  0 51 63  2 28 16 60 44 44 34 29 53 70 20]
[ 0  0  0  0  0  0  0  0  0  0  0  0  0  0  0  0  0  0  0  0  0  0  0  0  0  0  0  0  0  0  0  0  0  0  0  0  0  0  0  0  0  0  0  0  0  0  0  0  0  0  0  0  0  0  0  0  0  0  1  0  0  0  0  0 60 15 57 65 50 57 55 22 61 25 35 75 23 27 66 39 13 65  1 17 16 52 21 52 34 15 21 64 29 10 13 13 43 41 29 37  5 49 19 77 43 55 63 25  5 64 19 16 68 35 14 42 52  6 71 26  3 30 15 47 11 54 52 45]
[ 0  0  0  0  0  0  0  0  0  0  0  0  0  0  0  0  0  0  0  0  0  0  0  0  0  0  0  0  0  0  0  0  0  0  0  0  0  0  0  0  0  0  0  0  0  0  0  0  0  0  0  0  0  0  0  0  0  0  0  1  0  0  0  0  2 76 39  4 78 47 52 61 75 68 56  5 65  2  0 54 17 42 42 13 14 24 36 63 26 34 33 66 56 56 43  2 33 46 31 44  9 43 52  5 67 50 44 44 67 61 45 76 35 57 34 18 41 27 37 78 54 63 19 28  7 19  4 66]
[ 0  0  0  0  0  0  0  0  0  0  0  0  0  0  0  0  0  0  0  0  0  0  0  0  0  0  0  0  0  0  0  0  0  0  0  0  0  0  0  0  0  0  0  0  0  0  0  0  0  0  0  0  0  0  0  0  0  0  0  0  1  0  0  0 54 59 69 36 42  9  1 23  5 45 52 75 61 13 48 46 48 55 46 76 53 19 36 57 30 24 19 72 43 23 70 49 38 71 35 48 31 26 32 54 33  9 63  0 70 31 23 42 55 70  0 23 20 75 64 12 36 16 61 24  9 46 35 71]
[ 0  0  0  0  0  0  0  0  0  0  0  0  0  0  0  0  0  0  0  0  0  0  0  0  0  0  0  0  0  0  0  0  0  0  0  0  0  0  0  0  0  0  0  0  0  0  0  0  0  0  0  0  0  0  0  0  0  0  0  0  0  1  0  0 46 40 31 47 30 50 58 15 54  4 26 42 35 10 70 18 75 30 65 59 67 46  4  4 52 68 17 40 19 25 24 56 70 65 25 39 62 71 35 72 24 63 67 72 15 42  0 35 30  8 72 29 44 46 67  9 54 25 70 40 60 34 41 52]
[ 0  0  0  0  0  0  0  0  0  0  0  0  0  0  0  0  0  0  0  0  0  0  0  0  0  0  0  0  0  0  0  0  0  0  0  0  0  0  0  0  0  0  0  0  0  0  0  0  0  0  0  0  0  0  0  0  0  0  0  0  0  0  1  0 75 34  3 19 13  1 24 16 39 34 14  8 76 30 69  7 78  1 11 52  4 13 61 51 24 44 44 30 70 23 35 67 37 16 17  0  2 34 35 61 24 68 23  4 18 50 77 68 13 24 49 12 69  6 37 48 70 28 40 75 28 28 21 76]
[ 0  0  0  0  0  0  0  0  0  0  0  0  0  0  0  0  0  0  0  0  0  0  0  0  0  0  0  0  0  0  0  0  0  0  0  0  0  0  0  0  0  0  0  0  0  0  0  0  0  0  0  0  0  0  0  0  0  0  0  0  0  0  0  1 12 34 14 49 72 78 26  8 28 37 54 71 51 56 73  1 75 40  3 57 42 42 49 15 65 22 50 21 30 57 43 47 63 68  3 31  6 41 50 51 15 69 37 68 14  2 45 30 44 28 66  6 31 74 46 66 58 15 58 72 42 17 48 10]
profile: [64, 2, 1, 1, 1, 1, 1, 1, 1, 1, 1, 1, 1, 1, 1, 1, 1, 1, 1, 1, 1, 1, 1, 1, 1, 1, 1, 1, 1, 1, 1, 1, 1, 1, 1, 1, 1, 1, 1, 1, 1, 1, 1, 1, 1, 1, 1, 1, 1, 1, 1, 1, 1, 1, 1, 1, 1, 1, 1, 1, 1, 1, 1, 1]
64<=B[0].wtL<=2496
B[0].wtH=64, B[0].wtL=1279

--- BKZ with beta=3, classic ---
profile after BKZ: [61, 4, 2, 1, 1, 1, 1, 1, 1, 1, 1, 1, 1, 1, 1, 1, 1, 1, 1, 1, 1, 1, 1, 1, 1, 1, 1, 1, 1, 1, 1, 1, 1, 1, 1, 1, 1, 1, 1, 1, 1, 1, 1, 1, 1, 1, 1, 1, 1, 1, 1, 1, 1, 1, 1, 1, 1, 1, 1, 1, 1, 1, 1, 1]
61<=B_red[0].wtL<=2379
B_red[0].wtH=61, B_red[0].wtL=1232

--- BKZ with beta=3, selecting lowest lee wt. vec ---
profile after BKZ: [61, 4, 2, 1, 1, 1, 1, 1, 1, 1, 1, 1, 1, 1, 1, 1, 1, 1, 1, 1, 1, 1, 1, 1, 1, 1, 1, 1, 1, 1, 1, 1, 1, 1, 1, 1, 1, 1, 1, 1, 1, 1, 1, 1, 1, 1, 1, 1, 1, 1, 1, 1, 1, 1, 1, 1, 1, 1, 1, 1, 1, 1, 1, 1]
61<=B_red1[0].wtL<=2379
B_red1[0].wtH=61, B_red1[0].wtL=966

--- LeeBKZ with beta=3, bkz with minimum_lee_wt_codeword+primitive ---
profile after BKZ: [65, 1, 1, 1, 1, 1, 1, 1, 1, 1, 1, 1, 1, 1, 1, 1, 1, 1, 1, 1, 1, 1, 1, 1, 1, 1, 1, 1, 1, 1, 1, 1, 1, 1, 1, 1, 1, 1, 1, 1, 1, 1, 1, 1, 1, 1, 1, 1, 1, 1, 1, 1, 1, 1, 1, 1, 1, 1, 1, 1, 1, 1, 1, 1]
65<=B_red2[0].wtL<=2535
B_red2[0].wtH=65, B_red2[0].wtL=957

--- LeeBKZ with beta=3, bkz with minimum_lee_wt_codeword (may be non-primitive) ---
profile after BKZ: [65, 1, 1, 1, 1, 1, 1, 1, 1, 1, 1, 1, 1, 1, 1, 1, 1, 1, 1, 1, 1, 1, 1, 1, 1, 1, 1, 1, 1, 1, 1, 1, 1, 1, 1, 1, 1, 1, 1, 1, 1, 1, 1, 1, 1, 1, 1, 1, 1, 1, 1, 1, 1, 1, 1, 1, 1, 1, 1, 1, 1, 1, 1, 1]
65<=B_red3[0].wtL<=2535
B_red3[0].wtH=65, B_red3[0].wtL=914

--- LeeBKZ with beta=3, bkz with minimum_lee_wt_codeword (revised projections) ---
profile after BKZ: [65, 2, 0, 1, 1, 1, 1, 1, 1, 1, 1, 1, 1, 1, 1, 1, 1, 1, 1, 1, 1, 1, 1, 1, 1, 1, 1, 1, 1, 1, 1, 1, 1, 1, 1, 1, 1, 1, 1, 1, 1, 1, 1, 1, 1, 1, 1, 1, 1, 1, 1, 1, 1, 1, 1, 1, 1, 1, 1, 1, 1, 1, 1, 1]
65<=B_red4[0].wtL<=2535
B_red4[0].wtH=65, B_red4[0].wtL=957
[ 1  0  0  0  0  0  0  0  0  0  0  0  0  0  0  0  0  0  0  0  0  0  0  0  0  0  0  0  0  0  0  0  0  0  0  0  0  0  0  0  0  0  0  0  0  0  0  0  0  0  0  0  0  0  0  0  0  0  0  0  0  0  0  0 28 17 75 49 32 10 64 61 35 58 32 70 58 57 44 70 31 18 35 26 41 66 34  7 77 13 54 77 41 48 45 28 38 61 63 36 40 69  6 71 62 47 55 37 46 40 64 12 17 62 18 51 37 31 38 18 27  8 14 13 15 57 38 34]
[ 0  1  0  0  0  0  0  0  0  0  0  0  0  0  0  0  0  0  0  0  0  0  0  0  0  0  0  0  0  0  0  0  0  0  0  0  0  0  0  0  0  0  0  0  0  0  0  0  0  0  0  0  0  0  0  0  0  0  0  0  0  0  0  0 70 38 37 68 10 78  1 71 66 28 51 64 73 43 53 25 67  0 65 51  8 10 18 69 28  9 61  8  4 47 59 63 60 23 52 21 40 51 30 65 33 34 21 13 35 72 66 76 62 61 14 59 64 16 26 19 68 18 38 43 12 42 25 74]
[ 0  0  1  0  0  0  0  0  0  0  0  0  0  0  0  0  0  0  0  0  0  0  0  0  0  0  0  0  0  0  0  0  0  0  0  0  0  0  0  0  0  0  0  0  0  0  0  0  0  0  0  0  0  0  0  0  0  0  0  0  0  0  0  0 30 56 45 40 10 74  8 77 15 76 62 60 75 39 46 70 11 62 55 37  9 31 78 67 36  0 49  8 66 45 48 45 27 74 46 54 75 32 67 40 54 55 18 25 52 46 73 51 60 28 10 40 31  0 27  1 73 74  4 61 71 18 66 56]
[ 0  0  0  1  0  0  0  0  0  0  0  0  0  0  0  0  0  0  0  0  0  0  0  0  0  0  0  0  0  0  0  0  0  0  0  0  0  0  0  0  0  0  0  0  0  0  0  0  0  0  0  0  0  0  0  0  0  0  0  0  0  0  0  0  6 50 62 44 65 72 41 55 76 21 53 58 70  3 30  4  2 65 52 18 10 18 42 33  6 11 61 31 52 47 54 51  1 78 56  4  9 66 31  6 30 33 11 43  3  2 56 59 63 22 75 40 13 47 25 71 63 30 28 22 72 49 31 37]
[ 0  0  0  0  1  0  0  0  0  0  0  0  0  0  0  0  0  0  0  0  0  0  0  0  0  0  0  0  0  0  0  0  0  0  0  0  0  0  0  0  0  0  0  0  0  0  0  0  0  0  0  0  0  0  0  0  0  0  0  0  0  0  0  0 31 66 77 23 24 25 62 65 54 65 35  8 68 14 16 31 47 27 42 76 21 17 17 22 48 74 45 37 30 66 44 69 46 24 66 77 38 47 62 21 60 41 33  1 66 76 12 42 76 25 67 51 68 36 78 62  1 34 37 44 18 60 19 47]
[ 0  0  0  0  0  1  0  0  0  0  0  0  0  0  0  0  0  0  0  0  0  0  0  0  0  0  0  0  0  0  0  0  0  0  0  0  0  0  0  0  0  0  0  0  0  0  0  0  0  0  0  0  0  0  0  0  0  0  0  0  0  0  0  0 33 42 45 23 23 62 48 29 25 18 23 64 27 61  3 43 55 67 13 62  7 16 78 36 40 64 63 42 59 74 23 61 42 38 11 54 23 78 67 10 19 11  5  0  2 49 45  2 14 35 12 28 12 34 62 16 54 53 23  1 26 45 66 51]
[ 0  0  0  0  0  0  1  0  0  0  0  0  0  0  0  0  0  0  0  0  0  0  0  0  0  0  0  0  0  0  0  0  0  0  0  0  0  0  0  0  0  0  0  0  0  0  0  0  0  0  0  0  0  0  0  0  0  0  0  0  0  0  0  0  2  6 70 23 34 37 62 36 34 41 23  1 37 54 45 58 35 14 43 17 20 46  4 34 66 22 43 29 21  1 20 11 73  0 69 23 21 22 73 68 10 37 73 39 57 68 39 32 76 27 46 45 44 50 25 69 34 29 22 40  7 27 19 69]
[ 0  0  0  0  0  0  0  1  0  0  0  0  0  0  0  0  0  0  0  0  0  0  0  0  0  0  0  0  0  0  0  0  0  0  0  0  0  0  0  0  0  0  0  0  0  0  0  0  0  0  0  0  0  0  0  0  0  0  0  0  0  0  0  0 34 74 63 64 59 78 57 48 23 36 19 67 71  6 73  5 70 49 60 43 22 29 14 62 56 47 69 57 45 16 18 54 23 52  4 38  9 65 64  9 10 64 26 16 18 46 63 34 55  4 10 66 25 68 19 42 49 65  9 36 26 26 67 49]
[ 0  0  0  0  0  0  0  0  1  0  0  0  0  0  0  0  0  0  0  0  0  0  0  0  0  0  0  0  0  0  0  0  0  0  0  0  0  0  0  0  0  0  0  0  0  0  0  0  0  0  0  0  0  0  0  0  0  0  0  0  0  0  0  0 54 33 45 44 52 78 64 56 66 20 33 44 52 21 74 72 12 70 17 25 64  0 39 64 10 69 38 66 44 18 64 20 75 28 34  5 32 25 51 73 20 17 25  9 33 49  5 24 41 24 67 23 46 49 76 46 65 19 69 60 30 62 42 31]
[ 0  0  0  0  0  0  0  0  0  1  0  0  0  0  0  0  0  0  0  0  0  0  0  0  0  0  0  0  0  0  0  0  0  0  0  0  0  0  0  0  0  0  0  0  0  0  0  0  0  0  0  0  0  0  0  0  0  0  0  0  0  0  0  0 34 19 32 27 52 16 46  4 17 54 73 57 53 51 42  6 22 30 31 34  8 36 27 51  2 17 28  6 75 20 65 67 33  0 77 59 62 63 41 55 56 13 17 30 62  8 38 24 16 10 55 70 19 22 14 24  5 64 16 66 59 38 37 74]
[ 0  0  0  0  0  0  0  0  0  0  1  0  0  0  0  0  0  0  0  0  0  0  0  0  0  0  0  0  0  0  0  0  0  0  0  0  0  0  0  0  0  0  0  0  0  0  0  0  0  0  0  0  0  0  0  0  0  0  0  0  0  0  0  0 61 40 22  1 59 36 36 18 35 75 44 69 60 77 42 26  8  1 30  3  0 34 26 61 61 19 13 62 75 74 34 21  9 27 71 32 37 36 63 76 36 44 51 23 31 63 12 19 43 77 41 27 17 77 10 38 61 28 16 37 53 46 62 66]
[ 0  0  0  0  0  0  0  0  0  0  0  1  0  0  0  0  0  0  0  0  0  0  0  0  0  0  0  0  0  0  0  0  0  0  0  0  0  0  0  0  0  0  0  0  0  0  0  0  0  0  0  0  0  0  0  0  0  0  0  0  0  0  0  0 75 74 34 49 64 50 54 35 69 67 46 66 38 49  2 36 22 47 69 25 12 45  8 51 72 35 49 35 70 16 65 40 55 72 29 48  1 58 74 13  6 41 13 66 25 51 62 66 38 20 45 62 71 45 73 72 16 50 11 33 14 37 27 11]
[ 0  0  0  0  0  0  0  0  0  0  0  0  1  0  0  0  0  0  0  0  0  0  0  0  0  0  0  0  0  0  0  0  0  0  0  0  0  0  0  0  0  0  0  0  0  0  0  0  0  0  0  0  0  0  0  0  0  0  0  0  0  0  0  0 75  3 23 30 51 76 46 73 74 21 37  7 75 27 15 75 23 31 24 71 11 75 20 70 35 76 70 17 39 54 11 48 20 76 26 22  4 50 54 60 27 47 19 14 40 55 18  3 28 60 77  6 36 75 11 62 66 65 54 53 41  9  8 23]
[ 0  0  0  0  0  0  0  0  0  0  0  0  0  1  0  0  0  0  0  0  0  0  0  0  0  0  0  0  0  0  0  0  0  0  0  0  0  0  0  0  0  0  0  0  0  0  0  0  0  0  0  0  0  0  0  0  0  0  0  0  0  0  0  0 13 24 41 64 44 65 35  0 15 26 30 69 44  3 64 57  0  0 38 26 62 78 22 11  3 29 11 40 50 18 60 43 46 42 58 37 37 39 48 31 14 69 10 61 43 11 27 62  6 27 42 17  7 74 11 46 73 39 58 56 37 42 27 62]
[ 0  0  0  0  0  0  0  0  0  0  0  0  0  0  1  0  0  0  0  0  0  0  0  0  0  0  0  0  0  0  0  0  0  0  0  0  0  0  0  0  0  0  0  0  0  0  0  0  0  0  0  0  0  0  0  0  0  0  0  0  0  0  0  0 69 49 36 51 13  8 73 74 11 52 61 76 26 52 48 55 42 71 55 68 19 52 41 31 62 57 71 18 16 19 22 16 31  8 28 73 44  2 31 35 12 54  5  4 43 19 76 32 51 27 37 27 26 54 48 21 75 40 62  9 62 40 75 56]
[ 0  0  0  0  0  0  0  0  0  0  0  0  0  0  0  1  0  0  0  0  0  0  0  0  0  0  0  0  0  0  0  0  0  0  0  0  0  0  0  0  0  0  0  0  0  0  0  0  0  0  0  0  0  0  0  0  0  0  0  0  0  0  0  0 62 67 49  5 23 19 69  0 44 70 78 67 48 16 77 13 32 76  2 59 20 49 36 56 26 60 75 13 72 66  5  4 35 33 75 71 63 15 75 11 63 25 32 64  3 36 44 60 16 28  7 46  9  2 47 18 41 66  6 47 43  1 43 75]
[ 0  0  0  0  0  0  0  0  0  0  0  0  0  0  0  0  1  0  0  0  0  0  0  0  0  0  0  0  0  0  0  0  0  0  0  0  0  0  0  0  0  0  0  0  0  0  0  0  0  0  0  0  0  0  0  0  0  0  0  0  0  0  0  0 25 71 45 56 16 65 71 70 51 71 58 24 52  1 45 60 19 41 55 51  0 17  0 47 41 45 17 21 40 61 62 62 29 44 39 24  4 37 51  9 58 18 38 24 19 44 32 36 22  2 44 13 18 35 34 75  3 47 14 25 26  5 10 65]
[ 0  0  0  0  0  0  0  0  0  0  0  0  0  0  0  0  0  1  0  0  0  0  0  0  0  0  0  0  0  0  0  0  0  0  0  0  0  0  0  0  0  0  0  0  0  0  0  0  0  0  0  0  0  0  0  0  0  0  0  0  0  0  0  0 48 11 55 34 62 75 29 55 77 63 27 54 25 71 27 18 37 74 37 33 17 70 71 22  1 69 32 59 48 44 54 63 29 59  0 35 60 12 19 48 35 60 17 43  0 53 50 39 35 39 22 38 66 38 51 56 27 74 43  2  9 74 40 12]
[ 0  0  0  0  0  0  0  0  0  0  0  0  0  0  0  0  0  0  1  0  0  0  0  0  0  0  0  0  0  0  0  0  0  0  0  0  0  0  0  0  0  0  0  0  0  0  0  0  0  0  0  0  0  0  0  0  0  0  0  0  0  0  0  0 45  7 15 74  3 42 43 70 73 69 27 42 29 40 22 47 78 38 50 41  7 56 10 19 54 77 58 78 15 68 78 71 31 38 12 31 68 72 58 37  2 72 47 41 12 73  1 39  2 13 15 52 27 61 34 12 57 16 16 41 43  4 74 71]
[ 0  0  0  0  0  0  0  0  0  0  0  0  0  0  0  0  0  0  0  1  0  0  0  0  0  0  0  0  0  0  0  0  0  0  0  0  0  0  0  0  0  0  0  0  0  0  0  0  0  0  0  0  0  0  0  0  0  0  0  0  0  0  0  0  7 56 55 70 56  0 77 36 13 40  8  2 28 26 78 59 61 71 73 11 34 74 73 69 56 15 20 53 31 66 11 52 32 36 76  0 22 26  5 42 22 35 18 38 77 45 66 38 66 72 45 73 54 24 36 32 36 35 76 31 38 71 67  6]
[ 0  0  0  0  0  0  0  0  0  0  0  0  0  0  0  0  0  0  0  0  1  0  0  0  0  0  0  0  0  0  0  0  0  0  0  0  0  0  0  0  0  0  0  0  0  0  0  0  0  0  0  0  0  0  0  0  0  0  0  0  0  0  0  0 64 78 72  1 64 30 40 64 16 21 39  3 34 10 11  1 55  6 39 22 72 71 16  7 15 35 20 60 24 71 66 61 69 47 68  4 46 47 34  6  7 38 26 72 76 55 36 31 27 29 75 38  1 12 57 11 26 13 69 11  7 68 15 56]
[ 0  0  0  0  0  0  0  0  0  0  0  0  0  0  0  0  0  0  0  0  0  1  0  0  0  0  0  0  0  0  0  0  0  0  0  0  0  0  0  0  0  0  0  0  0  0  0  0  0  0  0  0  0  0  0  0  0  0  0  0  0  0  0  0 66 56 27 34 50 48 27 28  7 71 16 67 35 17  8 32 43 45 77 33 27 26 20 77 36 59 69 77 24 41 13 15 69 30 25 32 19 57 20 35 59  2  8  6 59  5 25 37 29 28 15 61 41 62 39 33 38 64 23 32 60 69 24 51]
[ 0  0  0  0  0  0  0  0  0  0  0  0  0  0  0  0  0  0  0  0  0  0  1  0  0  0  0  0  0  0  0  0  0  0  0  0  0  0  0  0  0  0  0  0  0  0  0  0  0  0  0  0  0  0  0  0  0  0  0  0  0  0  0  0 35 21 40 67 11 66 52 11 13  3 51  7 62 67 78 57 40 67 26 42 69 46  4 37 64 59 48 51  6  2 37 28 58 15 68 57  9 30 35 10 68  3 78 38 42  8 34  7  5 52 41 45 56 21 74 18 32 78 65 70  2 67 77 22]
[ 0  0  0  0  0  0  0  0  0  0  0  0  0  0  0  0  0  0  0  0  0  0  0  1  0  0  0  0  0  0  0  0  0  0  0  0  0  0  0  0  0  0  0  0  0  0  0  0  0  0  0  0  0  0  0  0  0  0  0  0  0  0  0  0 59  9 28 48 70 53 56 54 67 15 73  6  4 34 42 48 69 59 15  1  0 54 10 20 24 62  0 27 34 74 37 21  4 36 54 16 78 12 77 13 43 59 37  9  4 29 77 51 78 32 64  3 25  2 11 60 16 21 46 43  7 59 53 18]
[ 0  0  0  0  0  0  0  0  0  0  0  0  0  0  0  0  0  0  0  0  0  0  0  0  1  0  0  0  0  0  0  0  0  0  0  0  0  0  0  0  0  0  0  0  0  0  0  0  0  0  0  0  0  0  0  0  0  0  0  0  0  0  0  0 22 19 45 45 56 76 18 43 63  4 52 13 48 39  8 26 56 59 15 15 61 15 69 18 50 75 62 44 32 67 47 27 33 63 28 17 68 31  1 65 62 27 24 63  5 38 58 27 39 27 21 57 62 74  1 67  0 40 25 22 39 28 69 72]
[ 0  0  0  0  0  0  0  0  0  0  0  0  0  0  0  0  0  0  0  0  0  0  0  0  0  1  0  0  0  0  0  0  0  0  0  0  0  0  0  0  0  0  0  0  0  0  0  0  0  0  0  0  0  0  0  0  0  0  0  0  0  0  0  0 35 26 78 58 26 10 77  0  5 27 68 78 16 35 65 78 68 39 77 74 27 75 72 64 73  6 52 76 17 73 66  7 49 73 68 77 14 53 74 26 66 74  6 62 50 29 22 70 56 66 49 57 13 25 68 18 74 23 58 38 71 42 19 24]
[ 0  0  0  0  0  0  0  0  0  0  0  0  0  0  0  0  0  0  0  0  0  0  0  0  0  0  1  0  0  0  0  0  0  0  0  0  0  0  0  0  0  0  0  0  0  0  0  0  0  0  0  0  0  0  0  0  0  0  0  0  0  0  0  0 47 13  0 52 45 15 23 63  9 48 41 70 75 35  1 48 20 78 27 28 27 77 15 46 20 33 59  9 77 19 54 21  5 21 55 23 52 77 71 46 62 11 14 63 75 34 46 70 50  6 26 51 35 13 15 56 47 16 60 71 31 67 64 55]
[ 0  0  0  0  0  0  0  0  0  0  0  0  0  0  0  0  0  0  0  0  0  0  0  0  0  0  0  1  0  0  0  0  0  0  0  0  0  0  0  0  0  0  0  0  0  0  0  0  0  0  0  0  0  0  0  0  0  0  0  0  0  0  0  0 52 12  0 41 41 16 22 69 15 13 54 74 59 11 63 38 30 30 12 60 70  2  1 32  2  8 18 28 37  9 77 34 45 59 44 41 39 26 25 78 17  6 76 44  9 68 18  3  1 20  2 31 20 21 28 70 28 27 76 50 45 63 38 63]
[ 0  0  0  0  0  0  0  0  0  0  0  0  0  0  0  0  0  0  0  0  0  0  0  0  0  0  0  0  1  0  0  0  0  0  0  0  0  0  0  0  0  0  0  0  0  0  0  0  0  0  0  0  0  0  0  0  0  0  0  0  0  0  0  0 71 77 19 51 21 56 36 46  0 36 26 59 14 15 24 10 47 49 40 74 25 49  1 14 53 78 69 52 61 47  5 68  1 15  0 71 35  1 10 59 53 77 44 28  5  7  0 21 24 62 68 47 59 67 65 47 29 55 21 48 18 17 49 14]
[ 0  0  0  0  0  0  0  0  0  0  0  0  0  0  0  0  0  0  0  0  0  0  0  0  0  0  0  0  0  1  0  0  0  0  0  0  0  0  0  0  0  0  0  0  0  0  0  0  0  0  0  0  0  0  0  0  0  0  0  0  0  0  0  0 34 15 21  0 69 18 10 65 46 12 34 50 39 20 33 62 73 76 29 70 50 51 36 35  7 42 59 59 71 18 18  5 63 44  5  8 73  9 42 15 54 53 11 19  8 12 43 26 61 24 17 22 34 61 36 51  2 60 52 49 49 17  7 66]
[ 0  0  0  0  0  0  0  0  0  0  0  0  0  0  0  0  0  0  0  0  0  0  0  0  0  0  0  0  0  0  1  0  0  0  0  0  0  0  0  0  0  0  0  0  0  0  0  0  0  0  0  0  0  0  0  0  0  0  0  0  0  0  0  0 52 70  0  3 48 12 70 43 23 36 78 64 64 46 15 13 23 59  2 28 44 54 50 64 18 52 21 54  5 68 62  1 57 59  9 57 47  9 35 78 78  7 70  5 53 57 23  9  9 75 78 48  2 42 68 30 36 30 41  2 51 34 73 64]
[ 0  0  0  0  0  0  0  0  0  0  0  0  0  0  0  0  0  0  0  0  0  0  0  0  0  0  0  0  0  0  0  1  0  0  0  0  0  0  0  0  0  0  0  0  0  0  0  0  0  0  0  0  0  0  0  0  0  0  0  0  0  0  0  0 78 20 40 16 19 30 76 14 23 39 77 52 16 53 57 69  6 67 67 21 51 14 78 49 22 64 39 39 21 25 11 62 11  8 69 31 17 68 34 75 74 29 60 33  3 71 66 43 78 67 56 51 64 67  0 24 65 51 58 41 55 66 40 15]
[ 0  0  0  0  0  0  0  0  0  0  0  0  0  0  0  0  0  0  0  0  0  0  0  0  0  0  0  0  0  0  0  0  1  0  0  0  0  0  0  0  0  0  0  0  0  0  0  0  0  0  0  0  0  0  0  0  0  0  0  0  0  0  0  0 66 62 36 45 55 12 13 45  0 58 21 16 43 24  5 42  1  4  1  9 35 27 63 69 36 12 24 36 24 20 72  1 44 43 67 17 14 45 51 51 76 20 56 11 47 43 11 27 56 12 27 58 19 77  0 66 25  8 75  1 73 30 68 77]
[ 0  0  0  0  0  0  0  0  0  0  0  0  0  0  0  0  0  0  0  0  0  0  0  0  0  0  0  0  0  0  0  0  0  1  0  0  0  0  0  0  0  0  0  0  0  0  0  0  0  0  0  0  0  0  0  0  0  0  0  0  0  0  0  0 73 56 46 57  6 21  2 51 25 43 28 37 29 56 45 16 31 67  3 14 51 70 48 28 22 42 26 39 69 50 51 11 76 28 78 52 31  9 64 77 13 11 63  2 28 17  0 75 29 56 20 53  2 47 20 31 36 42 24 13 76 23 12 78]
[ 0  0  0  0  0  0  0  0  0  0  0  0  0  0  0  0  0  0  0  0  0  0  0  0  0  0  0  0  0  0  0  0  0  0  1  0  0  0  0  0  0  0  0  0  0  0  0  0  0  0  0  0  0  0  0  0  0  0  0  0  0  0  0  0 42 36 37 62 22 23 70 37  0 49 36 48 33  1 14 13 48 71 38 73 38 32  1 28 38 75 21 78 13 75 22  4 36 47 21 70 28 64 28 62 35 19 71 21  9 75 40  1 47 40 47 32 33 38 78 14 78 78 77 73 62 54 66 20]
[ 0  0  0  0  0  0  0  0  0  0  0  0  0  0  0  0  0  0  0  0  0  0  0  0  0  0  0  0  0  0  0  0  0  0  0  1  0  0  0  0  0  0  0  0  0  0  0  0  0  0  0  0  0  0  0  0  0  0  0  0  0  0  0  0  4 52 13  0 23 27 55 19  9 52 15 77 41 25  1  7 18 46 15 70 24  5 72 74 60 47 34 57 14  9 10 60 49 69  9 43 44  3 19  9 73 48  7 39 50  8 72 36 55 56 42 47 26 76 12 56 58 66 21 29 75 42 12 41]
[ 0  0  0  0  0  0  0  0  0  0  0  0  0  0  0  0  0  0  0  0  0  0  0  0  0  0  0  0  0  0  0  0  0  0  0  0  1  0  0  0  0  0  0  0  0  0  0  0  0  0  0  0  0  0  0  0  0  0  0  0  0  0  0  0 18 12 68 38 35 11  1 58 65 14 35 53 45 31 39 78 67 33 62 34 16 24  0 47 78  8 34 25 33  5 29 22 25 52 27 12 27 32 68 55 21 39 58 29 55 19 62 78 58 76 65 38 17 47 74 78 78 12 35  9 44 21 10 55]
[ 0  0  0  0  0  0  0  0  0  0  0  0  0  0  0  0  0  0  0  0  0  0  0  0  0  0  0  0  0  0  0  0  0  0  0  0  0  1  0  0  0  0  0  0  0  0  0  0  0  0  0  0  0  0  0  0  0  0  0  0  0  0  0  0  2 46 19 33 19 55 48 29 52  7 70 35 25 69 56 74 23 50 48 51 63 19 59  0 47 33  2  5  3 64  8 24 65 18 33 26 65  0 74 12 27 70 56  7 64 71 61 70 64 40 62 65 68 51 46 69 36 11  7 54 78 67 18 33]
[ 0  0  0  0  0  0  0  0  0  0  0  0  0  0  0  0  0  0  0  0  0  0  0  0  0  0  0  0  0  0  0  0  0  0  0  0  0  0  1  0  0  0  0  0  0  0  0  0  0  0  0  0  0  0  0  0  0  0  0  0  0  0  0  0  7 43 78 72 58 34 38 72 76 12 50  2 17 10 52 30 29 11  4  7 33 32 77 35 41 48 68 72  6 38 29 67  3 65  8 73 63 22 61 65  6 34 28 26 31 14  4  4  8 29 22 60 20 14 46 19 58 10 65 26 32 77 59 14]
[ 0  0  0  0  0  0  0  0  0  0  0  0  0  0  0  0  0  0  0  0  0  0  0  0  0  0  0  0  0  0  0  0  0  0  0  0  0  0  0  1  0  0  0  0  0  0  0  0  0  0  0  0  0  0  0  0  0  0  0  0  0  0  0  0 28 41 76 28  5 73  0 26 51  6 13 75 34 75 78 42  7 52 44 63 73 58  6 66 48 11 22 25 72 41  9 62 14 27 15  6  9 13 73 71 48 62 41 63  4 25 32 21 68  6 64 68 36 46 74 48 52 67 70 24 26 74 58 64]
[ 0  0  0  0  0  0  0  0  0  0  0  0  0  0  0  0  0  0  0  0  0  0  0  0  0  0  0  0  0  0  0  0  0  0  0  0  0  0  0  0  1  0  0  0  0  0  0  0  0  0  0  0  0  0  0  0  0  0  0  0  0  0  0  0 24 51 50  9 71 65  3 38 11 77 52 51 28 15 11 48 28 47  0 10 10 40  1 38 32 27 17 13 35 32 51 37  6 44 69 74 71 72 73 53  4  9 44 73 49 25  0 66 39 43 36 13 44 33 76 52 72 28 20 75 31 34 36 72]
[ 0  0  0  0  0  0  0  0  0  0  0  0  0  0  0  0  0  0  0  0  0  0  0  0  0  0  0  0  0  0  0  0  0  0  0  0  0  0  0  0  0  1  0  0  0  0  0  0  0  0  0  0  0  0  0  0  0  0  0  0  0  0  0  0 18 69 56 76 37 44 15  3 35 57 28 15 15 61 27 58 42 53 29 37 68 67 32 39  0 19 49 59 16 77 15 43 76 76 44  2 10 22 45 24 77 46 31 49  5 18  0 56 78 59 45 58 10 55 69 18 76 26 24  2 12 73 20  3]
[ 0  0  0  0  0  0  0  0  0  0  0  0  0  0  0  0  0  0  0  0  0  0  0  0  0  0  0  0  0  0  0  0  0  0  0  0  0  0  0  0  0  0  1  0  0  0  0  0  0  0  0  0  0  0  0  0  0  0  0  0  0  0  0  0  5 32  3 71 26 10 19 77 10 71 36  0 21 20 73 34 67  0 32 36 75 74 71 14 63 57 49 17 45 36 30 44  7 76 42 43 73 78 70 34 12 50 75 62 19 41 23 77  6 37 19  6 18 45 71 22 45 10 69 76 15 33 27 76]
[ 0  0  0  0  0  0  0  0  0  0  0  0  0  0  0  0  0  0  0  0  0  0  0  0  0  0  0  0  0  0  0  0  0  0  0  0  0  0  0  0  0  0  0  1  0  0  0  0  0  0  0  0  0  0  0  0  0  0  0  0  0  0  0  0 32 43 60 21 24 31  7 67 76 26 78 33 43 37 59 29 13 70 15 59 13 38 68  8  9  1 57 42 45  6 41 10 50 68  9 71 37 32 25 12 44 27 61 60 43 16 62 28 57 61 30 43 71 50 30 65 62  2 35 26 21 63 27 58]
[ 0  0  0  0  0  0  0  0  0  0  0  0  0  0  0  0  0  0  0  0  0  0  0  0  0  0  0  0  0  0  0  0  0  0  0  0  0  0  0  0  0  0  0  0  1  0  0  0  0  0  0  0  0  0  0  0  0  0  0  0  0  0  0  0  8 51 70 75 54 48 18 64  6 41 64 71 14  4 17 78 71 33 38 34 11 49 35 18 57 10  8 32 25 72 44 58 41  7 75 27 26 29 31 19 15 10 49 51 30 64 43 32 20 74  0 66 59 51 35 57 35 67 53 37 22  8 72 18]
[ 0  0  0  0  0  0  0  0  0  0  0  0  0  0  0  0  0  0  0  0  0  0  0  0  0  0  0  0  0  0  0  0  0  0  0  0  0  0  0  0  0  0  0  0  0  1  0  0  0  0  0  0  0  0  0  0  0  0  0  0  0  0  0  0 58 12 47 77 65 28  7 57 57 56 12 16 43 58 60 73 75 60 47 11 70 73 68 23 57 50 28 75 22 31 48 34 57 48 55  1 67  6 19 36 53 24 63 15 28 36  2 63 14 62 34 54 14 47 40 71 32 31 23  7 32 26 71 76]
[ 0  0  0  0  0  0  0  0  0  0  0  0  0  0  0  0  0  0  0  0  0  0  0  0  0  0  0  0  0  0  0  0  0  0  0  0  0  0  0  0  0  0  0  0  0  0  1  0  0  0  0  0  0  0  0  0  0  0  0  0  0  0  0  0 20  8 71 29 48 33 15 47 24 37 18 74 40 12  0 63 71 35 39 34 15 34 78 53 42  7 62 10 50  4 53 41 13  9 17 66 26 15  6 52 12 54  7 66 29  7 30 29  3 24 61 60 53 36 58 52 20 67 78 54 47 67 35 76]
[ 0  0  0  0  0  0  0  0  0  0  0  0  0  0  0  0  0  0  0  0  0  0  0  0  0  0  0  0  0  0  0  0  0  0  0  0  0  0  0  0  0  0  0  0  0  0  0  1  0  0  0  0  0  0  0  0  0  0  0  0  0  0  0  0 61 65 41  4 53 51 42 48 66 11 69 21 40 26  0  1 25 76 15 22 47 52 30 68 14  5 71 32  6 72 77 53 61 30 58 33 55 30 45 29 44 24 71 52 61 55 22 18 49 23  6 61 14 33 51 37 47  4 17 27 66 45  4 14]
[ 0  0  0  0  0  0  0  0  0  0  0  0  0  0  0  0  0  0  0  0  0  0  0  0  0  0  0  0  0  0  0  0  0  0  0  0  0  0  0  0  0  0  0  0  0  0  0  0  1  0  0  0  0  0  0  0  0  0  0  0  0  0  0  0 32 21 53  9 10 66 70 39 19  7 40 78  2 46  8 32 20 49 49 11 12 29 76 65 39 44 36 20  5 42 38 48 61 25 14 64 16 67 51 51  3 54 10 29 68 38 56 31 16 78 59 30  7 42  4 74 64 52 38 34 78 71 75  6]
[ 0  0  0  0  0  0  0  0  0  0  0  0  0  0  0  0  0  0  0  0  0  0  0  0  0  0  0  0  0  0  0  0  0  0  0  0  0  0  0  0  0  0  0  0  0  0  0  0  0  1  0  0  0  0  0  0  0  0  0  0  0  0  0  0 37 56 63 31 25 36 28 38 65 37 60 25 54 63 77 10 29 29 56 18 55  4 15 73 13 45 56 43 11 75 19 16 54 58 53 23  5 62 49 24 20  4 11 59 32 57 66 46 16 12 60 78 22  0 54 50 16 26 64 28  0 37 72 30]
[ 0  0  0  0  0  0  0  0  0  0  0  0  0  0  0  0  0  0  0  0  0  0  0  0  0  0  0  0  0  0  0  0  0  0  0  0  0  0  0  0  0  0  0  0  0  0  0  0  0  0  1  0  0  0  0  0  0  0  0  0  0  0  0  0 49 48  4 31 15  0 40 47 53 23 40 37 56 28  7  6 59 61 72 35 68 65 58 53 78 18 36 37 64 45 23 65 39 23 58 73 51 10 10 45 42 19 39 11 33 75  9 55 47 23 24  0 57 14 24 34 36 60 78 47 75 67 35 76]
[ 0  0  0  0  0  0  0  0  0  0  0  0  0  0  0  0  0  0  0  0  0  0  0  0  0  0  0  0  0  0  0  0  0  0  0  0  0  0  0  0  0  0  0  0  0  0  0  0  0  0  0  1  0  0  0  0  0  0  0  0  0  0  0  0 50 77  8 61 75 60 68 61 36 58 55 64 17 30  2 26 54 44 37  4  7 69 78 62 53 19  1 23 33 69 30 62 40  6  2 46 64 25 19 16 67 76 72 61 22 34 34 51  5 37 72 12 39 75 29 71 60  5 20 51 54 52 56 46]
[ 0  0  0  0  0  0  0  0  0  0  0  0  0  0  0  0  0  0  0  0  0  0  0  0  0  0  0  0  0  0  0  0  0  0  0  0  0  0  0  0  0  0  0  0  0  0  0  0  0  0  0  0  1  0  0  0  0  0  0  0  0  0  0  0 63 50 63 69  5 71  6 41 18 19 39  4 51 39 63 74 25  0 43  3 76 71 21 25 74 46 75 12 24 57 76 27 17 25 63 48 66  1 26 52 52 74 65 74 58  1 47 50 37 47 67 39 13 19 45 42 33 58 10 20 31 54 54  2]
[ 0  0  0  0  0  0  0  0  0  0  0  0  0  0  0  0  0  0  0  0  0  0  0  0  0  0  0  0  0  0  0  0  0  0  0  0  0  0  0  0  0  0  0  0  0  0  0  0  0  0  0  0  0  1  0  0  0  0  0  0  0  0  0  0 14 65 24 23 77  4 55 67 29 39  4 13 36 47 67  6  7 58 43 11 17 26 27 47 42 17 11 54 74 77 25 35 23  6 42 71 40 36 16 28  7 36 68 28 78 73 50 14 59 32 44 29 64 16 58  2 18 14 31 37 40 22 42 62]
[ 0  0  0  0  0  0  0  0  0  0  0  0  0  0  0  0  0  0  0  0  0  0  0  0  0  0  0  0  0  0  0  0  0  0  0  0  0  0  0  0  0  0  0  0  0  0  0  0  0  0  0  0  0  0  1  0  0  0  0  0  0  0  0  0 53  0 44 72 56  9 25 51 37 43 70 35 38 60 53  2 37 37 72 58 44 64 20 15 59 38 61 30 69  1 74 69 27 76 66 34 74 45 74 29 29 45 67 30 45  7  3 25 27 14 23 38 20  7  7  0 16 48 24 20 23 73 30 77]
[ 0  0  0  0  0  0  0  0  0  0  0  0  0  0  0  0  0  0  0  0  0  0  0  0  0  0  0  0  0  0  0  0  0  0  0  0  0  0  0  0  0  0  0  0  0  0  0  0  0  0  0  0  0  0  0  1  0  0  0  0  0  0  0  0  4 22 70 55 59 50 14 60 62 30 25 14 59 11 23 21 77 23  9 29 69 68 22 15 33 24 78 13 51 49 30 56 54 65 17 76 30 33 44 62 60 57 64 51 20 43  3 49  3 78 45 17 43 67 65 14 47 12 57 62 58 40 28 64]
[ 0  0  0  0  0  0  0  0  0  0  0  0  0  0  0  0  0  0  0  0  0  0  0  0  0  0  0  0  0  0  0  0  0  0  0  0  0  0  0  0  0  0  0  0  0  0  0  0  0  0  0  0  0  0  0  0  1  0  0  0  0  0  0  0 74 33 50 26 52 37 13 17 68 13  0 30 49 57 13 58 55  9 26 19 63 58 46  8 46 45 47  8 21 37 42 44  8 22 19 13 32 62  5 77 59 40 62 32 66  6  8  6 43 38 20 30 19 46 55 29 14 71 65 18  7 59 18 44]
[ 0  0  0  0  0  0  0  0  0  0  0  0  0  0  0  0  0  0  0  0  0  0  0  0  0  0  0  0  0  0  0  0  0  0  0  0  0  0  0  0  0  0  0  0  0  0  0  0  0  0  0  0  0  0  0  0  0  1  0  0  0  0  0  0 55 38 36 15 42  0 74 45 11  4 30 14 55  5 27  4  2  5 70 59 40 27 12 15 43 62 31 47 43  8 17 13  6 41 62 50  1 11 33 68 53 34 35  1 53 71  5 62 47  5 16  1 48 30 62 58 24 55 19 51 47 45 65 19]
[ 0  0  0  0  0  0  0  0  0  0  0  0  0  0  0  0  0  0  0  0  0  0  0  0  0  0  0  0  0  0  0  0  0  0  0  0  0  0  0  0  0  0  0  0  0  0  0  0  0  0  0  0  0  0  0  0  0  0  1  0  0  0  0  0 10 57 57 20 28 25 77 76 12 19 20 73 58 47 56 42 51  9 69 73 46 66  7 73 56 23 32 67 68 66 63  0 41  5 33 74 18 11 67 21 37 38 58 23 13 18  1 76 17 23 61 76 55 45 34 43 67 47 29 32 44 78 66 37]
[ 0  0  0  0  0  0  0  0  0  0  0  0  0  0  0  0  0  0  0  0  0  0  0  0  0  0  0  0  0  0  0  0  0  0  0  0  0  0  0  0  0  0  0  0  0  0  0  0  0  0  0  0  0  0  0  0  0  0  0  1  0  0  0  0 56 40 48  1 57  0 38  7 47 33 23 40 35 59 18 48 16  2 33 74 25 48 76  3 78 23 33 78 62 12 18 58  8 78 58 21 21 40 64 55 54  1 25 12 26 39 42 34 33 72 60 76 57 29 18 33 26 35  7 41 25 68  5 51]
[ 0  0  0  0  0  0  0  0  0  0  0  0  0  0  0  0  0  0  0  0  0  0  0  0  0  0  0  0  0  0  0  0  0  0  0  0  0  0  0  0  0  0  0  0  0  0  0  0  0  0  0  0  0  0  0  0  0  0  0  0  1  0  0  0 39 35 53 27 50 28 29  7  6 63 57 20 78 23 51 12 41 56 72 23 49 55 15 57 52 21 20 74 27  8  2 64 33 52 74 76  0 23 69 58 41 63 49 17 20 43 13 78 64 17 12 38 57 71 76 67 64  5 71 15 32 26 27  4]
[ 0  0  0  0  0  0  0  0  0  0  0  0  0  0  0  0  0  0  0  0  0  0  0  0  0  0  0  0  0  0  0  0  0  0  0  0  0  0  0  0  0  0  0  0  0  0  0  0  0  0  0  0  0  0  0  0  0  0  0  0  0  1  0  0 62 65 32 13 10 31 47 54 36 42 49 49 38 42 67 14 19  5 72 72 57 62 12  1 73 56 39 70 50 67 65 24 26 12 27 71  7 33 29 20  6 47 54 36 11 74 75 10 25 70 39 66 21 25 68 75 15 22 38 51 39 72 42 35]
[ 0  0  0  0  0  0  0  0  0  0  0  0  0  0  0  0  0  0  0  0  0  0  0  0  0  0  0  0  0  0  0  0  0  0  0  0  0  0  0  0  0  0  0  0  0  0  0  0  0  0  0  0  0  0  0  0  0  0  0  0  0  0  1  0 23  6 26 67 77 11 70  8 15 13 76 76 64 72 39 17 45 77  3 71  6  5  2 73 15  2 14 65 45  1 19 38 41 36 56 56 20 38 24  4 59  8 31 18 52 45 18 21 12 71 63 78 48 54 62 63 71 14 28 28 39 70 24 14]
[ 0  0  0  0  0  0  0  0  0  0  0  0  0  0  0  0  0  0  0  0  0  0  0  0  0  0  0  0  0  0  0  0  0  0  0  0  0  0  0  0  0  0  0  0  0  0  0  0  0  0  0  0  0  0  0  0  0  0  0  0  0  0  0  1 59 14  2 66 43 18 64 23 11  3 59 48 49 59 24 21 65 55 11 42 39 44 35 34  9 24 11 25  2 42 30 78 75 40  4  4 68  9 30  1 18 19 42 49 47 68 62 56 68 59 39 32 54 29 23 37 66 34 14 19 47 35 64 58]
profile: [65, 1, 1, 1, 1, 1, 1, 1, 1, 1, 1, 1, 1, 1, 1, 1, 1, 1, 1, 1, 1, 1, 1, 1, 1, 1, 1, 1, 1, 1, 1, 1, 1, 1, 1, 1, 1, 1, 1, 1, 1, 1, 1, 1, 1, 1, 1, 1, 1, 1, 1, 1, 1, 1, 1, 1, 1, 1, 1, 1, 1, 1, 1, 1]
65<=B[0].wtL<=2535
B[0].wtH=65, B[0].wtL=1469

--- BKZ with beta=3, classic ---
profile after BKZ: [62, 4, 1, 1, 1, 1, 1, 1, 1, 1, 1, 1, 1, 1, 1, 1, 1, 1, 1, 1, 1, 1, 1, 1, 1, 1, 1, 1, 1, 1, 1, 1, 1, 1, 1, 1, 1, 1, 1, 1, 1, 1, 1, 1, 1, 1, 1, 1, 1, 1, 1, 1, 1, 1, 1, 1, 1, 1, 1, 1, 1, 1, 1, 1]
62<=B_red[0].wtL<=2418
B_red[0].wtH=62, B_red[0].wtL=1325

--- BKZ with beta=3, selecting lowest lee wt. vec ---
profile after BKZ: [62, 4, 1, 1, 1, 1, 1, 1, 1, 1, 1, 1, 1, 1, 1, 1, 1, 1, 1, 1, 1, 1, 1, 1, 1, 1, 1, 1, 1, 1, 1, 1, 1, 1, 1, 1, 1, 1, 1, 1, 1, 1, 1, 1, 1, 1, 1, 1, 1, 1, 1, 1, 1, 1, 1, 1, 1, 1, 1, 1, 1, 1, 1, 1]
62<=B_red1[0].wtL<=2418
B_red1[0].wtH=62, B_red1[0].wtL=997

--- LeeBKZ with beta=3, bkz with minimum_lee_wt_codeword+primitive ---
profile after BKZ: [65, 1, 1, 1, 1, 1, 1, 1, 1, 1, 1, 1, 1, 1, 1, 1, 1, 1, 1, 1, 1, 1, 1, 1, 1, 1, 1, 1, 1, 1, 1, 1, 1, 1, 1, 1, 1, 1, 1, 1, 1, 1, 1, 1, 1, 1, 1, 1, 1, 1, 1, 1, 1, 1, 1, 1, 1, 1, 1, 1, 1, 1, 1, 1]
65<=B_red2[0].wtL<=2535
B_red2[0].wtH=65, B_red2[0].wtL=989

--- LeeBKZ with beta=3, bkz with minimum_lee_wt_codeword (may be non-primitive) ---
profile after BKZ: [64, 3, 1, 1, 1, 1, 1, 1, 1, 1, 1, 1, 1, 1, 1, 1, 1, 1, 1, 1, 1, 1, 1, 1, 1, 1, 1, 1, 1, 1, 1, 1, 1, 1, 1, 1, 1, 1, 1, 1, 1, 1, 1, 1, 1, 1, 1, 1, 1, 1, 1, 1, 1, 1, 1, 1, 1, 1, 1, 1, 1, 1, 1, 0]
64<=B_red3[0].wtL<=2496
B_red3[0].wtH=64, B_red3[0].wtL=912

--- LeeBKZ with beta=3, bkz with minimum_lee_wt_codeword (revised projections) ---
profile after BKZ: [65, 3, 0, 0, 1, 1, 1, 1, 1, 1, 1, 1, 1, 1, 1, 1, 1, 1, 1, 1, 1, 1, 1, 1, 1, 1, 1, 1, 1, 1, 1, 1, 1, 1, 1, 1, 1, 1, 1, 1, 1, 1, 1, 1, 1, 1, 1, 1, 1, 1, 1, 1, 1, 1, 1, 1, 1, 1, 1, 1, 1, 1, 1, 1]
65<=B_red4[0].wtL<=2535
B_red4[0].wtH=65, B_red4[0].wtL=965
[ 1  0  0  0  0  0  0  0  0  0  0  0  0  0  0  0  0  0  0  0  0  0  0  0  0  0  0  0  0  0  0  0  0  0  0  0  0  0  0  0  0  0  0  0  0  0  0  0  0  0  0  0  0  0  0  0  0  0  0  0  0  0  0  0 66 50 63 47 18 47  0 22 42 66 16 43 69 18 62 24  9 27 67 61 47 70 41  8 10 68  3  7  1 65 28 65 26 72 64 39 32 37 56 19 47 70 67 31 64 57 75 14 19 48 41 76 73 44 22 16 10 53 14 61 56  8 19 18]
[ 0  1  0  0  0  0  0  0  0  0  0  0  0  0  0  0  0  0  0  0  0  0  0  0  0  0  0  0  0  0  0  0  0  0  0  0  0  0  0  0  0  0  0  0  0  0  0  0  0  0  0  0  0  0  0  0  0  0  0  0  0  0  0  0 57 44 36 39 49 60 23 33 39 56 48 23 45 69 27 70 35 33 35 74 36 23 52 30 74 72 41 14  7 74 28 45 38  1  1 21 37 11 68 45 12 36 45  0 12 58  1 68 76 78 70 27 14 43 15  3 28 40 16 34 71 66 69 43]
[ 0  0  1  0  0  0  0  0  0  0  0  0  0  0  0  0  0  0  0  0  0  0  0  0  0  0  0  0  0  0  0  0  0  0  0  0  0  0  0  0  0  0  0  0  0  0  0  0  0  0  0  0  0  0  0  0  0  0  0  0  0  0  0  0 29 46 53 57 52 74  9 33 60 32  0 42 55 28 33 69 36 51 61 43 10 49 44 12 22 48 49 42  5  2 12 28  6 47 11 39 63 50 34 39 77 43 29 59 59  2 62  7 70 78 23 67 22 57 17 37 38 25 62 27 78  3 33 56]
[ 0  0  0  1  0  0  0  0  0  0  0  0  0  0  0  0  0  0  0  0  0  0  0  0  0  0  0  0  0  0  0  0  0  0  0  0  0  0  0  0  0  0  0  0  0  0  0  0  0  0  0  0  0  0  0  0  0  0  0  0  0  0  0  0 16 78 59 35 38  4  0 14 37 39  7 33 65 41 57 30 71  1 25 62 33 76 26 29  9 45 68 22 29 55 21 62 64 40 73 38 32 26 78 54  0 43 22 47  5 75 43 74 56 13 39 57 58  3 23 23 46 54  0 12 21 56 19 24]
[ 0  0  0  0  1  0  0  0  0  0  0  0  0  0  0  0  0  0  0  0  0  0  0  0  0  0  0  0  0  0  0  0  0  0  0  0  0  0  0  0  0  0  0  0  0  0  0  0  0  0  0  0  0  0  0  0  0  0  0  0  0  0  0  0 14 66 48  6 28  2 17 49 36 35  6 56 44 26 14 75 20 43 47  4  4  2 17 61 14 72 52 71 51 30 18 13 78 36 56 11 29  1 18 55 27  8 23 30 67 20 12 19 37 16 62 76 74 18 22 33 12 58 38 50 31 60 38 17]
[ 0  0  0  0  0  1  0  0  0  0  0  0  0  0  0  0  0  0  0  0  0  0  0  0  0  0  0  0  0  0  0  0  0  0  0  0  0  0  0  0  0  0  0  0  0  0  0  0  0  0  0  0  0  0  0  0  0  0  0  0  0  0  0  0 41 38 30 49 24 44 12 59  6 19 34 72 48 54 54 17 47  8 58 64 11  1  2 16 10 25 24  4 74 11 24 42 71 76 45 68 15 37 60  2 61 62 58 61 53 50 57  6 44 74 45 46 22  2 26 61 21 11 64 76 63 45 39  9]
[ 0  0  0  0  0  0  1  0  0  0  0  0  0  0  0  0  0  0  0  0  0  0  0  0  0  0  0  0  0  0  0  0  0  0  0  0  0  0  0  0  0  0  0  0  0  0  0  0  0  0  0  0  0  0  0  0  0  0  0  0  0  0  0  0 41 37  3 77 71 78 60 56 19 49 66 43 21 13 76 62 27  0 20 72 76 14 49 35 55 23 25  8 61 20  8 61 33 45 65 31 73 40 27  3 40 45 22 48 47 28 70 53 35 42 74  3 71 77 67 74 38 41 48 21  5 74 60 47]
[ 0  0  0  0  0  0  0  1  0  0  0  0  0  0  0  0  0  0  0  0  0  0  0  0  0  0  0  0  0  0  0  0  0  0  0  0  0  0  0  0  0  0  0  0  0  0  0  0  0  0  0  0  0  0  0  0  0  0  0  0  0  0  0  0 51 45 74 41 32 61 73 17 70 52 49 48 31 70 15 64 31 61 15 15  5 61 68 45 68 30 60  3 20 22 16 32 22  0 25 39 78 78 36 63 46 53 77 23 40 69 74 60 58 73 20 21 32 68 48 73 18 11 67  2 70 39 47 30]
[ 0  0  0  0  0  0  0  0  1  0  0  0  0  0  0  0  0  0  0  0  0  0  0  0  0  0  0  0  0  0  0  0  0  0  0  0  0  0  0  0  0  0  0  0  0  0  0  0  0  0  0  0  0  0  0  0  0  0  0  0  0  0  0  0 62 13 65 21  4 27 22  6 30 39 14 77 69 54 16 24 77 38 70 52 77 77  8  5  9 13 56 45 76 20 14 65 73 25 77 13 52 18 42 59 23 58 29 51 61  0  2 54 69 41 65 54  5  8 39 56 21 54 19 59 75 54 77 55]
[ 0  0  0  0  0  0  0  0  0  1  0  0  0  0  0  0  0  0  0  0  0  0  0  0  0  0  0  0  0  0  0  0  0  0  0  0  0  0  0  0  0  0  0  0  0  0  0  0  0  0  0  0  0  0  0  0  0  0  0  0  0  0  0  0 52 74 31 13 23 44 48 32 14 65 18 51 38 48 44 16 17  2 24  1 12 13 66 15 71 78 76 15 34  8  8 70 76  0 18 21 34 55 56 36 38 40 40 53 70 53  7 36 19 21 14 67 26 46 38 14 58 71 74 57  5 31 22 78]
[ 0  0  0  0  0  0  0  0  0  0  1  0  0  0  0  0  0  0  0  0  0  0  0  0  0  0  0  0  0  0  0  0  0  0  0  0  0  0  0  0  0  0  0  0  0  0  0  0  0  0  0  0  0  0  0  0  0  0  0  0  0  0  0  0 67 69 50 63 78 64 67 60 33 76 47 66  5 74 66 31 21 58 33 40 61 32 46 15  0  9 73 41  4 44  9 12 78 71 26 71 43 11 37 29 55  0 18 61 71 41 42  5  9 22  3 78 12 61 24 41 56 29 67 44 68 78 44 76]
[ 0  0  0  0  0  0  0  0  0  0  0  1  0  0  0  0  0  0  0  0  0  0  0  0  0  0  0  0  0  0  0  0  0  0  0  0  0  0  0  0  0  0  0  0  0  0  0  0  0  0  0  0  0  0  0  0  0  0  0  0  0  0  0  0 71  9 28 37 74 33 74  9 75 39 54 49 38  6 25 36 59 44 54 44 16 10 12 19 57 48 21  9 27 37  3 33 43 10 35 43 41 55 18 51 14 35  1 60 57 34 30 43 28 72 29 10 10 63 65  8 43 40 24 48 58 20 51 14]
[ 0  0  0  0  0  0  0  0  0  0  0  0  1  0  0  0  0  0  0  0  0  0  0  0  0  0  0  0  0  0  0  0  0  0  0  0  0  0  0  0  0  0  0  0  0  0  0  0  0  0  0  0  0  0  0  0  0  0  0  0  0  0  0  0 57  0 69 33 63  6 51 13  6 48 75 57 48 47 67 55 29  4 16 35 72  7 47 34 13 15 42 71 37 54  6  3 59 44  0  2 47 41 65 23 73 47  3 51  5 71 17 13 23 26 24 75 53  4 21 64 14 69 65 60 76 35 76 61]
[ 0  0  0  0  0  0  0  0  0  0  0  0  0  1  0  0  0  0  0  0  0  0  0  0  0  0  0  0  0  0  0  0  0  0  0  0  0  0  0  0  0  0  0  0  0  0  0  0  0  0  0  0  0  0  0  0  0  0  0  0  0  0  0  0 23 39 38 26 55 30 22 29 72 76 37 48 37 53 59 15 36 30 10 28 18  0 12 52 49 57  6 52 47 66 12 54  8 77  7 33 72 68 57 78 10 36  9 27 46 11 29 59 64 33 75 48 32  9 21 62 37 34 17 60 65 30 26 20]
[ 0  0  0  0  0  0  0  0  0  0  0  0  0  0  1  0  0  0  0  0  0  0  0  0  0  0  0  0  0  0  0  0  0  0  0  0  0  0  0  0  0  0  0  0  0  0  0  0  0  0  0  0  0  0  0  0  0  0  0  0  0  0  0  0 58 56  1 64 17 34  9 51  9 72 25 50 73 68  7 59 43 26 48 19 73  4 40 38  2  6 37 45 49 70 15 34 34 78 60 58 68 64 42  6 33 47 66  7 13 35  5 56 37 42  7 50 35 63 42 42  0 47 21 49 77 77 31 49]
[ 0  0  0  0  0  0  0  0  0  0  0  0  0  0  0  1  0  0  0  0  0  0  0  0  0  0  0  0  0  0  0  0  0  0  0  0  0  0  0  0  0  0  0  0  0  0  0  0  0  0  0  0  0  0  0  0  0  0  0  0  0  0  0  0 67 27 59  1  7 35 51 70 51  1 27 15 72 17 33 70 65 20 14  5  5 50 46 36 33 58 25 68 64 28 55 52 15 66 39 32 36  8  1 32 15 65 23 48  0  5 56 23  8 48 20 45  5 27 40 54  2 60 39 71 24  8 25 30]
[ 0  0  0  0  0  0  0  0  0  0  0  0  0  0  0  0  1  0  0  0  0  0  0  0  0  0  0  0  0  0  0  0  0  0  0  0  0  0  0  0  0  0  0  0  0  0  0  0  0  0  0  0  0  0  0  0  0  0  0  0  0  0  0  0 58 34  2 61 21 59  0 55 72 72 61 23 22 28 75 77 69 25 75 18 59 10 78 36 52  4 77 39 63 48 32 46 62 10 34 14 33 14 78 47 55 78 15 76 37  2 56 75 32 71 75 35 65 65 31 78 12 46  5 20 75 53 71  1]
[ 0  0  0  0  0  0  0  0  0  0  0  0  0  0  0  0  0  1  0  0  0  0  0  0  0  0  0  0  0  0  0  0  0  0  0  0  0  0  0  0  0  0  0  0  0  0  0  0  0  0  0  0  0  0  0  0  0  0  0  0  0  0  0  0 44 58 48 54 68 36 12 51 48 20 72 19 24 32 77 62 15 50  4  4 65 62 47 20 30  0 60 70 35  7 34  5 22 39 61 30 61 57 71 50  6 38  8 57  0 59 14 57 72 55 44  2 32 39 56 44 13 51 60 72 33 36 11 30]
[ 0  0  0  0  0  0  0  0  0  0  0  0  0  0  0  0  0  0  1  0  0  0  0  0  0  0  0  0  0  0  0  0  0  0  0  0  0  0  0  0  0  0  0  0  0  0  0  0  0  0  0  0  0  0  0  0  0  0  0  0  0  0  0  0 19 10  7 67 76 35 74 61 41 49 62 57 30 50 74 50 62 11 24 73 76 15 18 64 27 10 70 76 77  5 77 39  8 26 31 42 77 73 25 27 12 48 41 15 20 48 30 22 46 11 37 13 52 67  2 74 55 50  5 57 18 38  0 71]
[ 0  0  0  0  0  0  0  0  0  0  0  0  0  0  0  0  0  0  0  1  0  0  0  0  0  0  0  0  0  0  0  0  0  0  0  0  0  0  0  0  0  0  0  0  0  0  0  0  0  0  0  0  0  0  0  0  0  0  0  0  0  0  0  0 21 68 56 52 64 10 66 11 15 53 22 64 49 16 65 25 13 61 73 68 12  0 61  8  5 55 60 31 40 42 13 62 48 53 26 46 13 27 31 46 22 14  9 49 38 12 41 58 75 20 74 35 25 53 62 36 56 37 49 74 49 42 76 20]
[ 0  0  0  0  0  0  0  0  0  0  0  0  0  0  0  0  0  0  0  0  1  0  0  0  0  0  0  0  0  0  0  0  0  0  0  0  0  0  0  0  0  0  0  0  0  0  0  0  0  0  0  0  0  0  0  0  0  0  0  0  0  0  0  0 65 28 50 41 36 64 35 15 10  1 77 51 64 76 78 59 33 30 56 60 11 55 38 53 52 53 27 77 61 58 65 60 12 44 35 70  6 68 22 27 38 25 50 23  4 22  8 51 17 72 67 58 19 51 13 78 49 63 27 62 40 19 23 54]
[ 0  0  0  0  0  0  0  0  0  0  0  0  0  0  0  0  0  0  0  0  0  1  0  0  0  0  0  0  0  0  0  0  0  0  0  0  0  0  0  0  0  0  0  0  0  0  0  0  0  0  0  0  0  0  0  0  0  0  0  0  0  0  0  0  5 39 65 68  5 22  1 60 45 63 47 77 18  1 72 40 42 50 11 59 28 69 55 76  2 50 42 66 35 30 67 49 67 70 42  1 11  6  7  9 33 51 20  8 35 52  5 52 18 24 78  0 61 45 78  8 72 41 28 21 75  5 25 37]
[ 0  0  0  0  0  0  0  0  0  0  0  0  0  0  0  0  0  0  0  0  0  0  1  0  0  0  0  0  0  0  0  0  0  0  0  0  0  0  0  0  0  0  0  0  0  0  0  0  0  0  0  0  0  0  0  0  0  0  0  0  0  0  0  0  3 37 64 45 68 76 38 72 68 26 56 74 35 40 47 78 71 53 71  5  7 45 76 22 10  5 19 77  4 66 33 52 18 34  0 10  4 14 29 43  0 54  2 48 32 70 23 74 56 55 33 31 12 50 21  2 63 31 22 33 39 32 29 42]
[ 0  0  0  0  0  0  0  0  0  0  0  0  0  0  0  0  0  0  0  0  0  0  0  1  0  0  0  0  0  0  0  0  0  0  0  0  0  0  0  0  0  0  0  0  0  0  0  0  0  0  0  0  0  0  0  0  0  0  0  0  0  0  0  0 30  3 21 50 74 61 69 23 34 53 31  0 39 14 49  4  9 35 54 31 58 54 28 63 35 49 46  6 10 25 64 59 50 31 47 15 62 41 71 25 37 50 17 62 41 14 43 46  2  4 21 54 58 52 69 39 49 24 21 31 17 58 36 75]
[ 0  0  0  0  0  0  0  0  0  0  0  0  0  0  0  0  0  0  0  0  0  0  0  0  1  0  0  0  0  0  0  0  0  0  0  0  0  0  0  0  0  0  0  0  0  0  0  0  0  0  0  0  0  0  0  0  0  0  0  0  0  0  0  0 14 14 72 18 22 74 63 16 71 51 14 29 69 76 65 74 58 49 56 46 63 61 66 61 40 57  4 12 36 40 26 40 61 34 72 43 43 74 26 65 10 36 74 13 46 66 73 67 45 34 11 71 20 33 56 54 26 45 38 56 49 15 56  9]
[ 0  0  0  0  0  0  0  0  0  0  0  0  0  0  0  0  0  0  0  0  0  0  0  0  0  1  0  0  0  0  0  0  0  0  0  0  0  0  0  0  0  0  0  0  0  0  0  0  0  0  0  0  0  0  0  0  0  0  0  0  0  0  0  0 71 11  8 19 76 30 33 26 28 58 75 50 18 13 67  1 35 71  2 42 35 36 76 39 54 68 38  0 66 31 26 29  2 72 13 64 56 21 57 64 29 68 76 40 63 77 50 59 26 24 39  1 50  5 25  1 15 47 12  3 43 78 38 35]
[ 0  0  0  0  0  0  0  0  0  0  0  0  0  0  0  0  0  0  0  0  0  0  0  0  0  0  1  0  0  0  0  0  0  0  0  0  0  0  0  0  0  0  0  0  0  0  0  0  0  0  0  0  0  0  0  0  0  0  0  0  0  0  0  0 20 66 69 13 34 42 43 51 61 25 76 32  7 53 13 48 32 68 22 56 55 35 17 58 61 17 26 23 41 56  2  7 29 76 57 64 77 47 75 12 49 25 45 20 46 33 22 14  2 56 29 31 12 26 19 49  6 46 62 26 46 30 69 73]
[ 0  0  0  0  0  0  0  0  0  0  0  0  0  0  0  0  0  0  0  0  0  0  0  0  0  0  0  1  0  0  0  0  0  0  0  0  0  0  0  0  0  0  0  0  0  0  0  0  0  0  0  0  0  0  0  0  0  0  0  0  0  0  0  0 52 65 12 13 58  3 71  7 61 44 55 69 53 20 71 21 27 74 57 59 20  1  3 53 28 44 41 22 75 30 30 62 49 15 75 76  3 37 25 20 54 43 52  1 69 55 75 73 77 26 13 25 67 53 11 48 38 73 58  7 45  5 27 11]
[ 0  0  0  0  0  0  0  0  0  0  0  0  0  0  0  0  0  0  0  0  0  0  0  0  0  0  0  0  1  0  0  0  0  0  0  0  0  0  0  0  0  0  0  0  0  0  0  0  0  0  0  0  0  0  0  0  0  0  0  0  0  0  0  0 60 13 22 36 41 41 73 65 70 21 21 34 29 70 49  3 56 55 36  7 64 18 45  6 16 14 73 24  9 62 10 10 69 20 38 16 78 63  5 31 74 69 63 42 42 69 72  2 10 15 65 42 46 20 56 36 67 78 67 71 23 27 76 66]
[ 0  0  0  0  0  0  0  0  0  0  0  0  0  0  0  0  0  0  0  0  0  0  0  0  0  0  0  0  0  1  0  0  0  0  0  0  0  0  0  0  0  0  0  0  0  0  0  0  0  0  0  0  0  0  0  0  0  0  0  0  0  0  0  0 42 43  8 46 32 43 50 70 53 70  5 16 41 70 20 67 51 14 49 68 21 48 62 17 47 62 55 51 53 68 25 74 46 35 10 42 32 12 19  4 58 42 64 39 43 64 55 27 22 22 38 33 41 22 42 61 58 74 27 53 50 35 13 53]
[ 0  0  0  0  0  0  0  0  0  0  0  0  0  0  0  0  0  0  0  0  0  0  0  0  0  0  0  0  0  0  1  0  0  0  0  0  0  0  0  0  0  0  0  0  0  0  0  0  0  0  0  0  0  0  0  0  0  0  0  0  0  0  0  0 22 47 50 26 26 73 16 49 19 54 28 48 63  7 54 64 74 56 37 69 57  1 27 35 75 16 78  6  3 42 27 49 20 57 40  9 72  9 75 63 31  0 63 71 64 28 65 36 36 29 32 60 44  6 32 32  3 56 23 27 28 35  9 52]
[ 0  0  0  0  0  0  0  0  0  0  0  0  0  0  0  0  0  0  0  0  0  0  0  0  0  0  0  0  0  0  0  1  0  0  0  0  0  0  0  0  0  0  0  0  0  0  0  0  0  0  0  0  0  0  0  0  0  0  0  0  0  0  0  0 35 36 54 77 38 47 20 67 53 47  4 21 22 37 10 58  1 31 44 40 10 61 35 47 36 32 12 63  3 76 72 33  8 23 48 20 22  1  5 13  2 41  1 58 51 23 72 70 78 37 41 36 58 13 28 16 14 53 39 16 61 72 38 25]
[ 0  0  0  0  0  0  0  0  0  0  0  0  0  0  0  0  0  0  0  0  0  0  0  0  0  0  0  0  0  0  0  0  1  0  0  0  0  0  0  0  0  0  0  0  0  0  0  0  0  0  0  0  0  0  0  0  0  0  0  0  0  0  0  0 19 32 73 42  0 55 27 58 19  6 54 76 46 22 60 11  6 15 35 47 57 72 68  1 45 36 58 35 32 29  6 38  3 29 14 56 74 70  5 32 73 72 66 60 62 67 67 12 44  3 42 30  5 54 46 33 34 52 20 75 65  7 35 11]
[ 0  0  0  0  0  0  0  0  0  0  0  0  0  0  0  0  0  0  0  0  0  0  0  0  0  0  0  0  0  0  0  0  0  1  0  0  0  0  0  0  0  0  0  0  0  0  0  0  0  0  0  0  0  0  0  0  0  0  0  0  0  0  0  0 54 27 34 50 72 73 72 28 15 54 71 54 45 61 45 75 48 77  7 34 34 34 53 59 22 17 24 36  4 12 74 76 11 33 52  1  0 44 47 73 36  2  6 41 59  1 15 28 34 33 36 13 51  1 17  0 65 65 37  6  4 22  7 77]
[ 0  0  0  0  0  0  0  0  0  0  0  0  0  0  0  0  0  0  0  0  0  0  0  0  0  0  0  0  0  0  0  0  0  0  1  0  0  0  0  0  0  0  0  0  0  0  0  0  0  0  0  0  0  0  0  0  0  0  0  0  0  0  0  0 43  6 47 23 21 40 37  9 12  0 32 71 35  2 32 10 15 11 77 64 30 78 10 77 63 74 43 16 16 17 68 63 22  1  1 33 13  8 15 42 13 71 45 73  7 23 16 46 45 58  7 42 31 16 78 56 36 68 36  6 50 30 56 23]
[ 0  0  0  0  0  0  0  0  0  0  0  0  0  0  0  0  0  0  0  0  0  0  0  0  0  0  0  0  0  0  0  0  0  0  0  1  0  0  0  0  0  0  0  0  0  0  0  0  0  0  0  0  0  0  0  0  0  0  0  0  0  0  0  0 50 15 51 64 47 70  0 35 77 67 64 18  9 56 50 60 58 56 44 73 16 23  1 31 27 53 29 43 66 29  6 38 41 56 48 58 65 57 74 66 13 77 38 26 69 37 57 32 25 61 14 53 16 15 43 30 60  6 52 61 41 30 76 63]
[ 0  0  0  0  0  0  0  0  0  0  0  0  0  0  0  0  0  0  0  0  0  0  0  0  0  0  0  0  0  0  0  0  0  0  0  0  1  0  0  0  0  0  0  0  0  0  0  0  0  0  0  0  0  0  0  0  0  0  0  0  0  0  0  0 56 15 72 69 76 31 44 76 33 64 50 12 49 34 47 44 59 34 37 74 56 46 51  6 36 22 19 15 45 26 30 34 52 25  7 41 50 72 63 38  9 73 34 28 35 28 53 37  9 25 44 31 19 15 32 77 34 32  5 45 27 63  8 25]
[ 0  0  0  0  0  0  0  0  0  0  0  0  0  0  0  0  0  0  0  0  0  0  0  0  0  0  0  0  0  0  0  0  0  0  0  0  0  1  0  0  0  0  0  0  0  0  0  0  0  0  0  0  0  0  0  0  0  0  0  0  0  0  0  0 64  0 30 27 12 35 44 61  9 32  9 61 61 60 31 14 76 50 26 41 52 32 65 68 19 11 24 73 25 71  4 43 47 61 20 77 40 58 63 25  5 23 16 12 58 40  4  5 73 65 75  5 27 27 13 54 66 45  1 57  1 57 76  9]
[ 0  0  0  0  0  0  0  0  0  0  0  0  0  0  0  0  0  0  0  0  0  0  0  0  0  0  0  0  0  0  0  0  0  0  0  0  0  0  1  0  0  0  0  0  0  0  0  0  0  0  0  0  0  0  0  0  0  0  0  0  0  0  0  0 35 20 68 23 46 31 50 54 35 69 27 56 44 52  9 28  2 71  7 35  2 74 28 62 18 63 52 25 45 49 15 51 78 47 15 29 11 69 37 11 56 70 61 33 28 28 53 19 45  7 33 59 24 16 17 58 48  8 55 16 42 57 31 44]
[ 0  0  0  0  0  0  0  0  0  0  0  0  0  0  0  0  0  0  0  0  0  0  0  0  0  0  0  0  0  0  0  0  0  0  0  0  0  0  0  1  0  0  0  0  0  0  0  0  0  0  0  0  0  0  0  0  0  0  0  0  0  0  0  0 75 63 31 23 51 64 23  2 78  1 23 11  4 21  7 22 74  6 63 46  4 23 48  9 33 52 33 15  7 59 76 51  3 35 52 64 23 26 54 11  8 20 56 73 75 70 70 78 23 35  4 73 55  6 20 33 77 41 78 38 34  7 44  6]
[ 0  0  0  0  0  0  0  0  0  0  0  0  0  0  0  0  0  0  0  0  0  0  0  0  0  0  0  0  0  0  0  0  0  0  0  0  0  0  0  0  1  0  0  0  0  0  0  0  0  0  0  0  0  0  0  0  0  0  0  0  0  0  0  0 25 62 44  0 78 76  4  0 33 50 67 64  6 35 10  0 43  5 45 20 15 20 72  5 51  2 14 32 11 70 78 30 49  1  5 49 10 55 52 57 17 65 58 66  0 65 28 24 36  0 58 56  2 40 14 44 66 46 24  4 74 23 65 26]
[ 0  0  0  0  0  0  0  0  0  0  0  0  0  0  0  0  0  0  0  0  0  0  0  0  0  0  0  0  0  0  0  0  0  0  0  0  0  0  0  0  0  1  0  0  0  0  0  0  0  0  0  0  0  0  0  0  0  0  0  0  0  0  0  0 24 14 25 55 42 22 46 49  6 64 59 42 61 62 24  3 30 77 76 48 74 57 52 51 69 23  7  4 15 33 50 15 22  2 45 60 38  8 44 30  5 43 15 17 32 35 76 20 48 65 78 75 67  1 75 15 60 44 15 27  9 66 20 36]
[ 0  0  0  0  0  0  0  0  0  0  0  0  0  0  0  0  0  0  0  0  0  0  0  0  0  0  0  0  0  0  0  0  0  0  0  0  0  0  0  0  0  0  1  0  0  0  0  0  0  0  0  0  0  0  0  0  0  0  0  0  0  0  0  0 46 52 42  0 29 72 11 78 15 67 40 44 18 13 16 30 75 32 29 62 13 77 61 33 76 21 47  3 34 59 14 35 66 67 25 36 78 25 47  9 21  1 64 54 10 74 19 28 53 52 76 52 37 74 66 62 17 63  1 51 36 63 39 38]
[ 0  0  0  0  0  0  0  0  0  0  0  0  0  0  0  0  0  0  0  0  0  0  0  0  0  0  0  0  0  0  0  0  0  0  0  0  0  0  0  0  0  0  0  1  0  0  0  0  0  0  0  0  0  0  0  0  0  0  0  0  0  0  0  0 44 60 24 33 19  0 58 10  2 11 43 59 62 65 75 35 78 69 32 51 46 74 27 16 22  8 46 63 27 49 27 16 76 28 62 46 76  0 27 60 59 59 53 47 40 32 76 38  2 15 28 62 17 30 50 52 30 75  7 37 56 76 31 51]
[ 0  0  0  0  0  0  0  0  0  0  0  0  0  0  0  0  0  0  0  0  0  0  0  0  0  0  0  0  0  0  0  0  0  0  0  0  0  0  0  0  0  0  0  0  1  0  0  0  0  0  0  0  0  0  0  0  0  0  0  0  0  0  0  0 47 73 12 37 52 60 30 61 38 28 23 46 25  0 50 13 68 38 28 41 36 52 33 53  5 11 78 56 66 70 49 40 46 13 34 47 58 73  6 38 73 51  6 49 12 76 22 73 23 10 42 19  5 21  3 42 52 49 13  1 38  3 47  2]
[ 0  0  0  0  0  0  0  0  0  0  0  0  0  0  0  0  0  0  0  0  0  0  0  0  0  0  0  0  0  0  0  0  0  0  0  0  0  0  0  0  0  0  0  0  0  1  0  0  0  0  0  0  0  0  0  0  0  0  0  0  0  0  0  0 77 42 45 41 14 35 56 52 31 12 73 47 36 55 16 67  8 21 16 73 16 72 65  6 24 55 16 32 47 22 60 52 18  3 16  9 48 53 28 34 42 37 72 43 26  3 27 42 45 18 58 36 20 60 16 40 24 10 65 41 32 44 41 40]
[ 0  0  0  0  0  0  0  0  0  0  0  0  0  0  0  0  0  0  0  0  0  0  0  0  0  0  0  0  0  0  0  0  0  0  0  0  0  0  0  0  0  0  0  0  0  0  1  0  0  0  0  0  0  0  0  0  0  0  0  0  0  0  0  0 70 63 34 13 26 55 63 51 73 39 21 75 22 26 50 71 35  9 21 44 37 69 71 76  0 24 18 37 71 74  4 27 70 57 21 28 27 38 22 14 60 63 12 11 16 55  2 69 12 72 24 47  5 27 12 27 42 52 74 16  0 77 78  3]
[ 0  0  0  0  0  0  0  0  0  0  0  0  0  0  0  0  0  0  0  0  0  0  0  0  0  0  0  0  0  0  0  0  0  0  0  0  0  0  0  0  0  0  0  0  0  0  0  1  0  0  0  0  0  0  0  0  0  0  0  0  0  0  0  0 56 39  9 41 12 51 75 44  7 34 55 55 27 62 10 53 71 76 66 77 58 34 62 65 15  9 59 22 71 11  0 18 59  9 25 26 70 19 49 77 70 44 74 14 76 28  8 38 78 60 70 59  3 15 77 35 61 29 56 23 19 27 19 42]
[ 0  0  0  0  0  0  0  0  0  0  0  0  0  0  0  0  0  0  0  0  0  0  0  0  0  0  0  0  0  0  0  0  0  0  0  0  0  0  0  0  0  0  0  0  0  0  0  0  1  0  0  0  0  0  0  0  0  0  0  0  0  0  0  0 13  2 70 37 35 70 14 31 10 30  2 18 54  8 28 50 69 19 58 37 41 47 69 32 25  9 76 24 51 11 68 17 26 49 22 70 52 23 28 75 66 76 34 62 67 67 15 66 23 33 47  7 59 48 12 21 68 50 20 63 73 74 49 44]
[ 0  0  0  0  0  0  0  0  0  0  0  0  0  0  0  0  0  0  0  0  0  0  0  0  0  0  0  0  0  0  0  0  0  0  0  0  0  0  0  0  0  0  0  0  0  0  0  0  0  1  0  0  0  0  0  0  0  0  0  0  0  0  0  0 59  0 25 51 69 54 74 23 13 35 52 23  9 20 58 18 63  9 10 17 30 51 33 75 36 14 26 20 45 20 15 62 69 29 51 50 39  6 12 56 57 55 61 30  1 54 61 43 44 44  4 10 12 47  0 57 72 44 76 76 37 53 22 43]
[ 0  0  0  0  0  0  0  0  0  0  0  0  0  0  0  0  0  0  0  0  0  0  0  0  0  0  0  0  0  0  0  0  0  0  0  0  0  0  0  0  0  0  0  0  0  0  0  0  0  0  1  0  0  0  0  0  0  0  0  0  0  0  0  0 76 64 11 48 76 49 54 62 10 47 26 78 22 52  5 45 49 17 65 68  1 58 33 30 40 22 46 23  5 11 70 35  6 12 46 14 43  8 22 29 73  4 75 73 34 77 32 14  0 78 35 21 29 31 12 57 35 74 47 21 46 77 57 64]
[ 0  0  0  0  0  0  0  0  0  0  0  0  0  0  0  0  0  0  0  0  0  0  0  0  0  0  0  0  0  0  0  0  0  0  0  0  0  0  0  0  0  0  0  0  0  0  0  0  0  0  0  1  0  0  0  0  0  0  0  0  0  0  0  0  3  3 16 78 15 41 55 18 33 59 55 53 45 45 58 59 28 40 21 77 31 30  1 20 42 32 63 72  1 36 32 16 37 76 53 20 58 30  9 52 40  4 44 54 44  1 14 72 26  7 67 59 53 64 55 74 44 20 70  4 12 38 54 66]
[ 0  0  0  0  0  0  0  0  0  0  0  0  0  0  0  0  0  0  0  0  0  0  0  0  0  0  0  0  0  0  0  0  0  0  0  0  0  0  0  0  0  0  0  0  0  0  0  0  0  0  0  0  1  0  0  0  0  0  0  0  0  0  0  0 51  8 39 19 10 43 67 70 27 12 55 70 36 75 21 28 10 15 18 15 29  0 34 76 70 17 46 41 70 22 27 41 48 32 77 73 20 39 19 47 13 47 56 22 62 17 72 20  2 53 46 68  4 21 67 77 55  5 47 73 14 74 38 15]
[ 0  0  0  0  0  0  0  0  0  0  0  0  0  0  0  0  0  0  0  0  0  0  0  0  0  0  0  0  0  0  0  0  0  0  0  0  0  0  0  0  0  0  0  0  0  0  0  0  0  0  0  0  0  1  0  0  0  0  0  0  0  0  0  0 45 68 20  8 62 21 46 46 77 56 49 35 33 77  9 43 45 16 33  7 43 65 26 15 50 68 31 19 60 26 76 67 54 76 39 15 75 51 40 68 59 19 11 39 47 68 23 68 10 12 55 26 28 47 33 64 33  9 69 44 42 61 57 16]
[ 0  0  0  0  0  0  0  0  0  0  0  0  0  0  0  0  0  0  0  0  0  0  0  0  0  0  0  0  0  0  0  0  0  0  0  0  0  0  0  0  0  0  0  0  0  0  0  0  0  0  0  0  0  0  1  0  0  0  0  0  0  0  0  0 54 70 43  5 68 56 14  6  2 31 72 42 30  6 69  5 27 51 47 72 73 61 61 37 55 59 28 58 37 26  4 50 57 25  5 60 19 45 43 54  5 70 41 31 29 66 65  7 47 24 40 29 73 14 68 72  7 67 60 60 47 24 19 69]
[ 0  0  0  0  0  0  0  0  0  0  0  0  0  0  0  0  0  0  0  0  0  0  0  0  0  0  0  0  0  0  0  0  0  0  0  0  0  0  0  0  0  0  0  0  0  0  0  0  0  0  0  0  0  0  0  1  0  0  0  0  0  0  0  0  0 11 57 25 24 35 55 60 39 42 59 61 49 75 60 35 16 24 65 56  8 66  0 10 19 78 73 35 35 30 35 24 29 35  0 75 48 63 40 51  9 30 69 40 49 35 48 16 36 33 65 52 74 70 60 41 69 32 76 45 64 21 50 71]
[ 0  0  0  0  0  0  0  0  0  0  0  0  0  0  0  0  0  0  0  0  0  0  0  0  0  0  0  0  0  0  0  0  0  0  0  0  0  0  0  0  0  0  0  0  0  0  0  0  0  0  0  0  0  0  0  0  1  0  0  0  0  0  0  0 71  2  9 43  7 23 33 38 40 26 77 19 39  7 39 29 49 67 31 52  5 73 40 69 40 11 62 62 45 18  5 49 42 63 75 24  8 15  9 16 48 22 75 20 74 58 67 11 69 36 70 49 15 56 66 37 13 24 43  7 25 19  1  4]
[ 0  0  0  0  0  0  0  0  0  0  0  0  0  0  0  0  0  0  0  0  0  0  0  0  0  0  0  0  0  0  0  0  0  0  0  0  0  0  0  0  0  0  0  0  0  0  0  0  0  0  0  0  0  0  0  0  0  1  0  0  0  0  0  0 78 30 57 31  2 29  7 45  9 75 56 28 20 27 72 78 77 11 76 69 23 15  2  4 30  9 41 15 74 16 34 30  1 19 53 70 74 76 76 33 13 28 28 12 60 76 43 20 44  1 66 20  6  0  4 27 41 73 47 28 60 15 33 35]
[ 0  0  0  0  0  0  0  0  0  0  0  0  0  0  0  0  0  0  0  0  0  0  0  0  0  0  0  0  0  0  0  0  0  0  0  0  0  0  0  0  0  0  0  0  0  0  0  0  0  0  0  0  0  0  0  0  0  0  1  0  0  0  0  0  6 58 24 10 46 42 66 27 52  7 40 41 55 64 41 17 62 17 63 71 14 55 47 35 57 10 68 35  7  5 65 41 42  8 72 56  3 23 67 47  7 35 34 73 40 22  7 61 60 36 38 40 30 67 30 63 30 77 28 75  6 50 26 70]
[ 0  0  0  0  0  0  0  0  0  0  0  0  0  0  0  0  0  0  0  0  0  0  0  0  0  0  0  0  0  0  0  0  0  0  0  0  0  0  0  0  0  0  0  0  0  0  0  0  0  0  0  0  0  0  0  0  0  0  0  1  0  0  0  0  9 78 26 52 67 72 55 32 53 14  3 60  0 13 67 40 27 28 47 68 57  0 23 11 28 71 49 70 12 23 78 29 53 77  0 16 71 38  1 65 19 53 38 28 59 74 14 56 50 20 24 59 59 69 40 38 32 44 48 17  2 46 10 46]
[ 0  0  0  0  0  0  0  0  0  0  0  0  0  0  0  0  0  0  0  0  0  0  0  0  0  0  0  0  0  0  0  0  0  0  0  0  0  0  0  0  0  0  0  0  0  0  0  0  0  0  0  0  0  0  0  0  0  0  0  0  1  0  0  0 65 61  2 22 66 72 38 59  0 26 10 73 53 47  9  1 74  9 26 33 73 63 51 43 18 31 16 26 66 78 43 47  7 13 66 20  8  6 33 11 17 13 39 22 27 71 24 35 54  2 28 54 22 41 65 26 43 27 66 58  0 35 27 47]
[ 0  0  0  0  0  0  0  0  0  0  0  0  0  0  0  0  0  0  0  0  0  0  0  0  0  0  0  0  0  0  0  0  0  0  0  0  0  0  0  0  0  0  0  0  0  0  0  0  0  0  0  0  0  0  0  0  0  0  0  0  0  1  0  0 28 18 20 40  1 35 69 15 78 51 18 20 41 40 74 53 43 34 26 33 16 25 29 14 58 21 33 65 61 18  7 17  8 25  4 14 21 33 74 18  1 30 21 65 26 29 55 76 57 51  9 74 24  0 62 54 21 37 27  5 68 29 48 31]
[ 0  0  0  0  0  0  0  0  0  0  0  0  0  0  0  0  0  0  0  0  0  0  0  0  0  0  0  0  0  0  0  0  0  0  0  0  0  0  0  0  0  0  0  0  0  0  0  0  0  0  0  0  0  0  0  0  0  0  0  0  0  0  1  0 19 40 49 75 49 68  0 41 58 12 61 56 52 71 37 20 16 51 76 36 76  7 14 53 28 21 13 64 69 62 44 29 71 27 71 47 45  9 32 32 34 36 70 11 61 43 21 49 65 71 70 32 43  5 39 41 17 29  5  0 45 48 74 38]
[ 0  0  0  0  0  0  0  0  0  0  0  0  0  0  0  0  0  0  0  0  0  0  0  0  0  0  0  0  0  0  0  0  0  0  0  0  0  0  0  0  0  0  0  0  0  0  0  0  0  0  0  0  0  0  0  0  0  0  0  0  0  0  0  1 72 72 42 64 63 70 56 60 68 18 13 22 63 49 13 37  2 68 72 68 16 75 60 22 22 22 74 19 55 35 26 77 10 41 49 31  5 53 57  9 26 34 36 46 78 25 55 24 75 58 18 41 28 46 54 78  4 57 72 16 39 32  0 71]
profile: [64, 2, 1, 1, 1, 1, 1, 1, 1, 1, 1, 1, 1, 1, 1, 1, 1, 1, 1, 1, 1, 1, 1, 1, 1, 1, 1, 1, 1, 1, 1, 1, 1, 1, 1, 1, 1, 1, 1, 1, 1, 1, 1, 1, 1, 1, 1, 1, 1, 1, 1, 1, 1, 1, 1, 1, 1, 1, 1, 1, 1, 1, 1, 1]
64<=B[0].wtL<=2496
B[0].wtH=64, B[0].wtL=1218

--- BKZ with beta=3, classic ---
profile after BKZ: [62, 4, 1, 1, 1, 1, 1, 1, 1, 1, 1, 1, 1, 1, 1, 1, 1, 1, 1, 1, 1, 1, 1, 1, 1, 1, 1, 1, 1, 1, 1, 1, 1, 1, 1, 1, 1, 1, 1, 1, 1, 1, 1, 1, 1, 1, 1, 1, 1, 1, 1, 1, 1, 1, 1, 1, 1, 1, 1, 1, 1, 1, 1, 1]
62<=B_red[0].wtL<=2418
B_red[0].wtH=62, B_red[0].wtL=1171

--- BKZ with beta=3, selecting lowest lee wt. vec ---
profile after BKZ: [62, 4, 1, 1, 1, 1, 1, 1, 1, 1, 1, 1, 1, 1, 1, 1, 1, 1, 1, 1, 1, 1, 1, 1, 1, 1, 1, 1, 1, 1, 1, 1, 1, 1, 1, 1, 1, 1, 1, 1, 1, 1, 1, 1, 1, 1, 1, 1, 1, 1, 1, 1, 1, 1, 1, 1, 1, 1, 1, 1, 1, 1, 1, 1]
62<=B_red1[0].wtL<=2418
B_red1[0].wtH=62, B_red1[0].wtL=1026

--- LeeBKZ with beta=3, bkz with minimum_lee_wt_codeword+primitive ---
profile after BKZ: [65, 1, 1, 1, 1, 1, 1, 1, 1, 1, 1, 1, 1, 1, 1, 1, 1, 1, 1, 1, 1, 1, 1, 1, 1, 1, 1, 1, 1, 1, 1, 1, 1, 1, 1, 1, 1, 1, 1, 1, 1, 1, 1, 1, 1, 1, 1, 1, 1, 1, 1, 1, 1, 1, 1, 1, 1, 1, 1, 1, 1, 1, 1, 1]
65<=B_red2[0].wtL<=2535
B_red2[0].wtH=65, B_red2[0].wtL=976

--- LeeBKZ with beta=3, bkz with minimum_lee_wt_codeword (may be non-primitive) ---
profile after BKZ: [65, 1, 1, 1, 1, 1, 1, 1, 1, 1, 1, 1, 1, 1, 1, 1, 1, 1, 1, 1, 1, 1, 1, 1, 1, 1, 1, 1, 1, 1, 1, 1, 1, 1, 1, 1, 1, 1, 1, 1, 1, 1, 1, 1, 1, 1, 1, 1, 1, 1, 1, 1, 1, 1, 1, 1, 1, 1, 1, 1, 1, 1, 1, 1]
65<=B_red3[0].wtL<=2535
B_red3[0].wtH=65, B_red3[0].wtL=900

--- LeeBKZ with beta=3, bkz with minimum_lee_wt_codeword (revised projections) ---
profile after BKZ: [65, 2, 1, 1, 0, 1, 1, 1, 1, 1, 1, 1, 1, 1, 1, 1, 1, 1, 1, 1, 1, 1, 1, 1, 1, 1, 1, 1, 1, 1, 1, 1, 1, 1, 1, 1, 1, 1, 1, 1, 1, 1, 1, 1, 1, 1, 1, 1, 1, 1, 1, 1, 1, 1, 1, 1, 1, 1, 1, 1, 1, 1, 1, 1]
65<=B_red4[0].wtL<=2535
B_red4[0].wtH=65, B_red4[0].wtL=976
[ 1  0  0  0  0  0  0  0  0  0  0  0  0  0  0  0  0  0  0  0  0  0  0  0  0  0  0  0  0  0  0  0  0  0  0  0  0  0  0  0  0  0  0  0  0  0  0  0  0  0  0  0  0  0  0  0  0  0  0  0  0  0  0  0 63 72 29 30 65 31 40 20 21 45 59 27 16  5 33 65 24 62 32 10 57  7 14 59  2  7 14 45 14  7 51 44 56 71 62  7 67  5 51 42 28 75 77 56 14 31 30 77 78 22 57 26 33 74 59 28 54 57 64 47 69  3 66 13]
[ 0  1  0  0  0  0  0  0  0  0  0  0  0  0  0  0  0  0  0  0  0  0  0  0  0  0  0  0  0  0  0  0  0  0  0  0  0  0  0  0  0  0  0  0  0  0  0  0  0  0  0  0  0  0  0  0  0  0  0  0  0  0  0  0 18 58 38  8 26 68 75 72 29 76 34 18  2 77 13 55 56 17 30 71 67 52  9 63 51 59 42 46 42 51 71 73  5 65 46  5 21  0 35 57 28 22 58  1 32 17 28 47 62 14  4 63 52 20 27 42 49 58 63 63 33  2 64 46]
[ 0  0  1  0  0  0  0  0  0  0  0  0  0  0  0  0  0  0  0  0  0  0  0  0  0  0  0  0  0  0  0  0  0  0  0  0  0  0  0  0  0  0  0  0  0  0  0  0  0  0  0  0  0  0  0  0  0  0  0  0  0  0  0  0 17 38 40 53 58 48 44 69  8 23 28 24 72 39 28 41 46 32 21 55 12  9  3 11 49 73 37 11 23 46 16 78 66  2 65 34  8  7 73 57 74 59 58 59 42  6 23 66  7 29 14 39 36 73 70 46 14 39  1 47 21 50 35 11]
[ 0  0  0  1  0  0  0  0  0  0  0  0  0  0  0  0  0  0  0  0  0  0  0  0  0  0  0  0  0  0  0  0  0  0  0  0  0  0  0  0  0  0  0  0  0  0  0  0  0  0  0  0  0  0  0  0  0  0  0  0  0  0  0  0 35 47  7 39 29 42 33 36 26 20 58 40 18 66 18 16 58 50  5 58  3  2 61 53 60 63 52 31 35 17  5 53 42 75 78 75 10 69 56 13  4  8 15 43 16 64 45 76 16 45 53 12 59 11 77 21  9 42 26 17 25  2  2 52]
[ 0  0  0  0  1  0  0  0  0  0  0  0  0  0  0  0  0  0  0  0  0  0  0  0  0  0  0  0  0  0  0  0  0  0  0  0  0  0  0  0  0  0  0  0  0  0  0  0  0  0  0  0  0  0  0  0  0  0  0  0  0  0  0  0 40 11 13 59 61  3 29 54 76 20 60 73 25 30 16 26 61 65 56 22 60 41 39 76 50  1 72 36 15 71 45 75 15 40  2 49  4 15 10  2 34 34 62 40 40 62 65 47 73 18 53 17 54 33 76  7 64 35 26 29 69 72 62 45]
[ 0  0  0  0  0  1  0  0  0  0  0  0  0  0  0  0  0  0  0  0  0  0  0  0  0  0  0  0  0  0  0  0  0  0  0  0  0  0  0  0  0  0  0  0  0  0  0  0  0  0  0  0  0  0  0  0  0  0  0  0  0  0  0  0 14 45 33 76 44 33 19 16 25 63 38 39 24 59 54 34 54 41 35 28 24 72 16 44 39 75 40 23 75 39 63  6 29 18 59  4 56 44 56 53 54 71 72 21 56 19  3 33 11 51 39 12 60 75 45 59 38 18 34 31 47 38 44 43]
[ 0  0  0  0  0  0  1  0  0  0  0  0  0  0  0  0  0  0  0  0  0  0  0  0  0  0  0  0  0  0  0  0  0  0  0  0  0  0  0  0  0  0  0  0  0  0  0  0  0  0  0  0  0  0  0  0  0  0  0  0  0  0  0  0 25 25 41  8 54 73 67 36 32 57 65 22 76 22 31 33 17 14 61 64 73  7 45 62  8 70 10 50 30 15 67 59 68  2 36 11 69  0 14  3 53 46 44 42 63 57  3 65 21 48 29 69 29 31 61 47 10 50 76 43 30 59 35 49]
[ 0  0  0  0  0  0  0  1  0  0  0  0  0  0  0  0  0  0  0  0  0  0  0  0  0  0  0  0  0  0  0  0  0  0  0  0  0  0  0  0  0  0  0  0  0  0  0  0  0  0  0  0  0  0  0  0  0  0  0  0  0  0  0  0 22 16 14 23 16 15 27 17  0 40 56 20  0 69 35 51 53 20 66 71  5 30 18 32 58 11 53 65 48  1 49  4 75 19 55 19 52  9 24 11 39 52 17 53 77 16  1 28 45 44 55 43 62 48 38 11 46 56 62 48 75 25 61  9]
[ 0  0  0  0  0  0  0  0  1  0  0  0  0  0  0  0  0  0  0  0  0  0  0  0  0  0  0  0  0  0  0  0  0  0  0  0  0  0  0  0  0  0  0  0  0  0  0  0  0  0  0  0  0  0  0  0  0  0  0  0  0  0  0  0 59 29 17 12  8 28 27  7 50 68 47 34 26 30  5 11 35 71 77 71 59 46 47 11  9 18 49 28 71 27  3 59 59 29  1 64 10 72 63 61 24 41 50 30  5 47 76 57 11 64 71 30 37 32  3 28 56 27  8 75  1 26 63 10]
[ 0  0  0  0  0  0  0  0  0  1  0  0  0  0  0  0  0  0  0  0  0  0  0  0  0  0  0  0  0  0  0  0  0  0  0  0  0  0  0  0  0  0  0  0  0  0  0  0  0  0  0  0  0  0  0  0  0  0  0  0  0  0  0  0 41 64 32 67 19 59  4 49 26 64 20 48 13 70 35 49 58 69 75 27 36 39 44 39 46 67 52  3  0  1 37 46  8 60 55 23 11 62 25 74 51  7 25 57 74 75 56 11 58 11 38 66 58  1  7 53 47  2 26 36 44 46 34 76]
[ 0  0  0  0  0  0  0  0  0  0  1  0  0  0  0  0  0  0  0  0  0  0  0  0  0  0  0  0  0  0  0  0  0  0  0  0  0  0  0  0  0  0  0  0  0  0  0  0  0  0  0  0  0  0  0  0  0  0  0  0  0  0  0  0 77 20 35 61 20 48 73 21 31 41 45  1 14 14 75 42 44 31 47 60 36 45 27  5 74 74 30 72 62 52 56 73 59 20  0 26 77 39 30 39 32 58 19 12 76 69 38 61  5 48 61 47  7 44 58 71 63 58  7  6 56 53 20 65]
[ 0  0  0  0  0  0  0  0  0  0  0  1  0  0  0  0  0  0  0  0  0  0  0  0  0  0  0  0  0  0  0  0  0  0  0  0  0  0  0  0  0  0  0  0  0  0  0  0  0  0  0  0  0  0  0  0  0  0  0  0  0  0  0  0 59  2 50 70 69 41 33 39  3  1 22 26 28 72  4 15  6 21 13 33 46 26  4  0 15 56 51 77 53 49  0 64 23 37 60 56 37 19 48 28 20 20 78 14 14 39 14 45 53  4 11 47 55 55  1 16 63  6 16  1 56 37 55 52]
[ 0  0  0  0  0  0  0  0  0  0  0  0  1  0  0  0  0  0  0  0  0  0  0  0  0  0  0  0  0  0  0  0  0  0  0  0  0  0  0  0  0  0  0  0  0  0  0  0  0  0  0  0  0  0  0  0  0  0  0  0  0  0  0  0 72 13 64 40 67 27 74 48 51  7 57 17 12 71 75 41 34  4  5 72 66 58 23 10 55 73 19 54 71 23 15 25 27 38  4 42 74 41 75 28 44 40 59 55 66 76 58 52 57  9 21 68 17 14 67 16 58 51 73 29 61 30 66 20]
[ 0  0  0  0  0  0  0  0  0  0  0  0  0  1  0  0  0  0  0  0  0  0  0  0  0  0  0  0  0  0  0  0  0  0  0  0  0  0  0  0  0  0  0  0  0  0  0  0  0  0  0  0  0  0  0  0  0  0  0  0  0  0  0  0 53 68 31 66 66 28 26 56 37 31 22 32 44 42 62 34  3 24  1  8 30 63 27  8 61 38 73 34 61 28  4 17  9  8 34  1 26 23 56 43 74  6 76 77 71 25 31 47 33 53  8 25 27 13 27 48 49 24  2 30 50 34 29  1]
[ 0  0  0  0  0  0  0  0  0  0  0  0  0  0  1  0  0  0  0  0  0  0  0  0  0  0  0  0  0  0  0  0  0  0  0  0  0  0  0  0  0  0  0  0  0  0  0  0  0  0  0  0  0  0  0  0  0  0  0  0  0  0  0  0 59  3 24 47 18 76 68 38 65  9 78 44 62 46 69 17 30 28  6  1 37 18 53 29 49 17 28 39 10 40 42 31 18 58 28 76 25 26 49 19 67 63 76  2 44 22 74 38 42 70 40 23 50 53 76 42 58  2 58 56 32 43 26 11]
[ 0  0  0  0  0  0  0  0  0  0  0  0  0  0  0  1  0  0  0  0  0  0  0  0  0  0  0  0  0  0  0  0  0  0  0  0  0  0  0  0  0  0  0  0  0  0  0  0  0  0  0  0  0  0  0  0  0  0  0  0  0  0  0  0 24 40 51 49  2 47 66  9 22 23 72 74 38 21 69 74 33 17 36 74 66 49 46  4 47 65 54 49 14 54 48 39 61  4 54 37 39 49  4 20  0 12 22 16 70 13 15 78 12  1 72 18 12 76 25 29 74 59 11  3 35 39 20 48]
[ 0  0  0  0  0  0  0  0  0  0  0  0  0  0  0  0  1  0  0  0  0  0  0  0  0  0  0  0  0  0  0  0  0  0  0  0  0  0  0  0  0  0  0  0  0  0  0  0  0  0  0  0  0  0  0  0  0  0  0  0  0  0  0  0 36 18 17 66 56 55 62 35 38 25 24  0 52 57 57 58 15 40 58 66 17  1 15 23 18 32 34 55 12 64 52 64  7 57 50 16 40 46 42 70 70 27  7 70 75 62 34 46 44 14  2 37 48 77 62 71 20 45 43 49 31 67 57 76]
[ 0  0  0  0  0  0  0  0  0  0  0  0  0  0  0  0  0  1  0  0  0  0  0  0  0  0  0  0  0  0  0  0  0  0  0  0  0  0  0  0  0  0  0  0  0  0  0  0  0  0  0  0  0  0  0  0  0  0  0  0  0  0  0  0 66  4 78 18 39 27 24 57  6 56  2 30 56 60 66 50 54 34 62 40  2 70 17 13 73 12 41 49 32 20 14 27 63 66 28 11 26 67 46 19 78 27 30 67 37 17 10 10 72 22 26 32 59 54 27 18 77 42 48 14  5 63 61 39]
[ 0  0  0  0  0  0  0  0  0  0  0  0  0  0  0  0  0  0  1  0  0  0  0  0  0  0  0  0  0  0  0  0  0  0  0  0  0  0  0  0  0  0  0  0  0  0  0  0  0  0  0  0  0  0  0  0  0  0  0  0  0  0  0  0 37 16 35 17 43  5 22 16 52  5 22 44  7 59 72  8 54 34 39 67 53 53 11 43 39 17 41 35 75  7 29 12 39 76 51 29 47  1 50 26 17 28 57 15 22 47  9 78 45 56 17 66 51 44  6  5 18  9 31 69 16  1 28 41]
[ 0  0  0  0  0  0  0  0  0  0  0  0  0  0  0  0  0  0  0  1  0  0  0  0  0  0  0  0  0  0  0  0  0  0  0  0  0  0  0  0  0  0  0  0  0  0  0  0  0  0  0  0  0  0  0  0  0  0  0  0  0  0  0  0 49 53 36 49 14 13 54  1 27 67 32 38 67 53 60 44  4 51 53 29 48 32 61 65 70 71 48  1 33 48 36 54 13 78  5 50 23 25 48 34 78 27 23  0 58 63 49 58 73 69 58 46 50 77 66 25 56 33 17 56 29 28 15 26]
[ 0  0  0  0  0  0  0  0  0  0  0  0  0  0  0  0  0  0  0  0  1  0  0  0  0  0  0  0  0  0  0  0  0  0  0  0  0  0  0  0  0  0  0  0  0  0  0  0  0  0  0  0  0  0  0  0  0  0  0  0  0  0  0  0 25 60 34 66 35 13 69  5 31  4 69 60 61 16 78 51 66 35 65 16 69 62 41 70 31 45 76 31 73 53 24 15 35 66 63 47 72 32 19 30 21 38  2  1 49 58 51 64 30 37 11 24 22 21  5 23 40 30 42 37 30 70 44  3]
[ 0  0  0  0  0  0  0  0  0  0  0  0  0  0  0  0  0  0  0  0  0  1  0  0  0  0  0  0  0  0  0  0  0  0  0  0  0  0  0  0  0  0  0  0  0  0  0  0  0  0  0  0  0  0  0  0  0  0  0  0  0  0  0  0 75 42 31 15  2 27 35 47  6 43  0 10 25 33 32 68 13 44 22 23  6 57 63  7 47 11  6 21 73 14 28 56 73  8 26 40 25 62 24 36 66 30 26  0 76 34 47 71 42 60 73 50 28  8 45 50 37 54 58 23  9 61 73 61]
[ 0  0  0  0  0  0  0  0  0  0  0  0  0  0  0  0  0  0  0  0  0  0  1  0  0  0  0  0  0  0  0  0  0  0  0  0  0  0  0  0  0  0  0  0  0  0  0  0  0  0  0  0  0  0  0  0  0  0  0  0  0  0  0  0 50 30 37 16 63 30 58 24 47 63 46 19 35  0 13 76 44 19 13 53 71 16 14 46 44  1 59 45 45  5 20 28 31 32 68 11 42 49 33  1 13 45 71 73 45 21 70 68 43  5 62  3 55  9 10 14 51 11 73 48 63 19 33 28]
[ 0  0  0  0  0  0  0  0  0  0  0  0  0  0  0  0  0  0  0  0  0  0  0  1  0  0  0  0  0  0  0  0  0  0  0  0  0  0  0  0  0  0  0  0  0  0  0  0  0  0  0  0  0  0  0  0  0  0  0  0  0  0  0  0 11 39 64 62  5  9 43 76 69 20  3  1 43 71 35 53 42 11 54 74 57 21 41 77  7 54 40 27  7 47 32 23  7  0 57 47 56 48 76 66 39 60 31 34 77 71 56  6 17 61 20 75 36 49 14 62 34 34 70 18 28 76 44 11]
[ 0  0  0  0  0  0  0  0  0  0  0  0  0  0  0  0  0  0  0  0  0  0  0  0  1  0  0  0  0  0  0  0  0  0  0  0  0  0  0  0  0  0  0  0  0  0  0  0  0  0  0  0  0  0  0  0  0  0  0  0  0  0  0  0 59 47 32 74 49 52 30 47 31 58 10 64 70 57 78 15 29 53 36 46  2 75 50 54 53 15  1 19 74 73 76 18 19 15 67 23 37 54 61 57 66 68 71 76  5 14 32  8 48 50 35 28 38 46 13 47 55 51 78 44 52 29 53 71]
[ 0  0  0  0  0  0  0  0  0  0  0  0  0  0  0  0  0  0  0  0  0  0  0  0  0  1  0  0  0  0  0  0  0  0  0  0  0  0  0  0  0  0  0  0  0  0  0  0  0  0  0  0  0  0  0  0  0  0  0  0  0  0  0  0  4 29 60 29 41 24 74 32 16  4 61 48 73 48 37 42 41 31  4  2 32  4  2 38 55 24  2 68 29 21  0 39 72  3 55  7 10 63  4 36  6  8 37 54 51 76 67 43 14  4 68 47 55 78 11 25 40 46 72 20 65 72 56 36]
[ 0  0  0  0  0  0  0  0  0  0  0  0  0  0  0  0  0  0  0  0  0  0  0  0  0  0  1  0  0  0  0  0  0  0  0  0  0  0  0  0  0  0  0  0  0  0  0  0  0  0  0  0  0  0  0  0  0  0  0  0  0  0  0  0 35 49 65 66 42 23 59 59 74 42 55 64 29  9 19 50 25 44  7 38 54 66 61 28 32 47 53  1 11 69 40 61 35 68 54 65 17 63 64  1 67 47 39 58 40  0 35 41 75 32 12 63 20 35 67 44 46 45 40 67 55 73 63 49]
[ 0  0  0  0  0  0  0  0  0  0  0  0  0  0  0  0  0  0  0  0  0  0  0  0  0  0  0  1  0  0  0  0  0  0  0  0  0  0  0  0  0  0  0  0  0  0  0  0  0  0  0  0  0  0  0  0  0  0  0  0  0  0  0  0  0 48 14 67  1  2 15 21 44  4 66 62 20 23  2 70 30 57 15  3  7 26 15  7 68 30 32  9 64 36 46 43 36 12 21  9 10  7 61 61  0 52 14 36 61 64 23 43  3 13 60 71  4 16 58 28 38 65 55 46 69  1 69 48]
[ 0  0  0  0  0  0  0  0  0  0  0  0  0  0  0  0  0  0  0  0  0  0  0  0  0  0  0  0  1  0  0  0  0  0  0  0  0  0  0  0  0  0  0  0  0  0  0  0  0  0  0  0  0  0  0  0  0  0  0  0  0  0  0  0 73 29 40 70 33 21 46 77 13  3 32 65 30 56 45 49 78 70 45  0 34 62 26 27 51 28 45 24 50 64 17 21 47 26 16 41  2 27 58 11 19 43 25  7 65 23 40 75 14 67 48 21  3 76 62 23  0 64  9 49  6 46 27  5]
[ 0  0  0  0  0  0  0  0  0  0  0  0  0  0  0  0  0  0  0  0  0  0  0  0  0  0  0  0  0  1  0  0  0  0  0  0  0  0  0  0  0  0  0  0  0  0  0  0  0  0  0  0  0  0  0  0  0  0  0  0  0  0  0  0  1 26 23 64  0 40 55 43 62 75 11 31 46 18 64 26  2 16 50  0  0 69 55 39 10 69  4 37 30 74 16 65 12 32 18 16 47 42 40 22 27 57 29 52 31 72 43 58 26 37 57 61 17  6 51 16 43 25 75 21 32 73 66 13]
[ 0  0  0  0  0  0  0  0  0  0  0  0  0  0  0  0  0  0  0  0  0  0  0  0  0  0  0  0  0  0  1  0  0  0  0  0  0  0  0  0  0  0  0  0  0  0  0  0  0  0  0  0  0  0  0  0  0  0  0  0  0  0  0  0 78 78 62 75 15 58  9 33 56 38 37 55 25 31 32  0 78 22 74 78 74 47 26 19 26 35 44 46 74 16 40 32 28 78  4 30 24 77  8  8 59 42 35 41 25 26  3 13 70 53 63 12 40 63 72 35 38 20 58 64 16 11 12 69]
[ 0  0  0  0  0  0  0  0  0  0  0  0  0  0  0  0  0  0  0  0  0  0  0  0  0  0  0  0  0  0  0  1  0  0  0  0  0  0  0  0  0  0  0  0  0  0  0  0  0  0  0  0  0  0  0  0  0  0  0  0  0  0  0  0 23 45 60 36  9 68 36  8 56 62 43 60 14 40 33 56 61 21 78 57 41 36 46 77 59 49 44  4 11  6 66 39 55 39 22 47 29 17 68 47  7 24 16 40 35  4 21 12 46 55 57 17 19 46  9 70 48 31 64 50 49  4 31 63]
[ 0  0  0  0  0  0  0  0  0  0  0  0  0  0  0  0  0  0  0  0  0  0  0  0  0  0  0  0  0  0  0  0  1  0  0  0  0  0  0  0  0  0  0  0  0  0  0  0  0  0  0  0  0  0  0  0  0  0  0  0  0  0  0  0 48 52 24 68 27 27 40 47 43 65 47 77 69 70 77 77 36 29 72 47 20  9  8 55 27 34 51 10 56 42 25 56 56 21 43 49 11  6  7 20 24 47 12 52 59 51 10 58 72 61 10  0 76 35 46 38 53 25 19 78 56 76 30 65]
[ 0  0  0  0  0  0  0  0  0  0  0  0  0  0  0  0  0  0  0  0  0  0  0  0  0  0  0  0  0  0  0  0  0  1  0  0  0  0  0  0  0  0  0  0  0  0  0  0  0  0  0  0  0  0  0  0  0  0  0  0  0  0  0  0 70 65 47 51 41 14 17 20 11 30 55 52  6 27 13 58 29  0 40 34 13 63 30 74 54 20 37 39 14 54 58 39 14 62 62 28 45 36 33 11 38 61 78 64 61 34  4 46 73 65 27 58 27 57 16 53 65 74 15 42 61 37 37 21]
[ 0  0  0  0  0  0  0  0  0  0  0  0  0  0  0  0  0  0  0  0  0  0  0  0  0  0  0  0  0  0  0  0  0  0  1  0  0  0  0  0  0  0  0  0  0  0  0  0  0  0  0  0  0  0  0  0  0  0  0  0  0  0  0  0 43 48 55 61 19 41 49 52 17 12 37 45  0 11 55 29 66 48 41  5 27 77  4 20 63 69 49 15 31 21 30 28 32 77 45 15 70 36 26 70 71 59  1  3 68 24 50 38 73 24 16 38 15 59  1 31 17 60  6 21 73 23 63 19]
[ 0  0  0  0  0  0  0  0  0  0  0  0  0  0  0  0  0  0  0  0  0  0  0  0  0  0  0  0  0  0  0  0  0  0  0  1  0  0  0  0  0  0  0  0  0  0  0  0  0  0  0  0  0  0  0  0  0  0  0  0  0  0  0  0 55 26 19 53 63 66 54 19 70 56 77 35 18 71 56 45 27 37 16 54 58 47  9 22 52 24 12 14 27 76 53 31 78  8 33 38 35 45 25 36 48 63 56 46 38 54 70 71 35 18 49 55 47 67 38  8 51 32 54 70  5 30 75 45]
[ 0  0  0  0  0  0  0  0  0  0  0  0  0  0  0  0  0  0  0  0  0  0  0  0  0  0  0  0  0  0  0  0  0  0  0  0  1  0  0  0  0  0  0  0  0  0  0  0  0  0  0  0  0  0  0  0  0  0  0  0  0  0  0  0 35 54 19 73 16 44 34 43 31 67 36  0 67 64 23 74 30 78 21 19 39 61  6 74 39 61 66 10 78 61 26 77 36 40 59 16 68 18 20 10 34 52  5 61 41 11 43 73 56 70 61 11 29 50 50 60 61  4 47 62 71 46 71 67]
[ 0  0  0  0  0  0  0  0  0  0  0  0  0  0  0  0  0  0  0  0  0  0  0  0  0  0  0  0  0  0  0  0  0  0  0  0  0  1  0  0  0  0  0  0  0  0  0  0  0  0  0  0  0  0  0  0  0  0  0  0  0  0  0  0 41 53 76  1 21 77 20 72 32 39 59 11 46 69 16 66  6 49 72 29 77 21 42 70 61 23 30 45 57 21 35 63 51 63 77  4  8 74 20 18 20 22 61 67 23 48 49 55 35 30 38 31 22 49 12 73 43 59 78 70 60 46 21 45]
[ 0  0  0  0  0  0  0  0  0  0  0  0  0  0  0  0  0  0  0  0  0  0  0  0  0  0  0  0  0  0  0  0  0  0  0  0  0  0  1  0  0  0  0  0  0  0  0  0  0  0  0  0  0  0  0  0  0  0  0  0  0  0  0  0 28  4 24 32 64 26 41 24 18 42 39 10 45 51 12 75 50 54 13 62 56 67  1  6 22 47 31 30  7 14 43 54 43 70 64 22 76 54 69  0 35 54 36 21 18 53  6 32 30 10 16 70 74 14 48 37 43 26 34 36 71 37 51 55]
[ 0  0  0  0  0  0  0  0  0  0  0  0  0  0  0  0  0  0  0  0  0  0  0  0  0  0  0  0  0  0  0  0  0  0  0  0  0  0  0  1  0  0  0  0  0  0  0  0  0  0  0  0  0  0  0  0  0  0  0  0  0  0  0  0 35 76 33 65 70 34  7 77 56 26  1 61 26 67 35 37 69 11 59  3 48  2  3 12 58 36  3 70 57 54 72 66 48 61 32 29 30 58 76 46 40 59 37 38 70 78 18 49 18 44 60 19  0 73 33 53 45 15 54 40 57  5 78 13]
[ 0  0  0  0  0  0  0  0  0  0  0  0  0  0  0  0  0  0  0  0  0  0  0  0  0  0  0  0  0  0  0  0  0  0  0  0  0  0  0  0  1  0  0  0  0  0  0  0  0  0  0  0  0  0  0  0  0  0  0  0  0  0  0  0 16 67 65 51  4 50 45  7  9 68 25 50 52 77 12 66  5 73 12 27 34 57 47 37 61 72 17 73 24 61 71 35 24 78 28 75 46 71 18 78 55  6 19 18  2  6 31 74 67 44 30 63 39 62 55  4 60 43  3 73 43 72 53 23]
[ 0  0  0  0  0  0  0  0  0  0  0  0  0  0  0  0  0  0  0  0  0  0  0  0  0  0  0  0  0  0  0  0  0  0  0  0  0  0  0  0  0  1  0  0  0  0  0  0  0  0  0  0  0  0  0  0  0  0  0  0  0  0  0  0 40 12 21  8 15 68 75 21 72 30 31 42 45 33  2 37 44 65 41 30 17 58 41 20 56 45 12  3 50 66 31 15 64 21  8 45 49 56 37 41 61 10 51  0 58 68 41 43  6 78 14 36  2 65 23 51 28 77 34 51 53  0 74 20]
[ 0  0  0  0  0  0  0  0  0  0  0  0  0  0  0  0  0  0  0  0  0  0  0  0  0  0  0  0  0  0  0  0  0  0  0  0  0  0  0  0  0  0  1  0  0  0  0  0  0  0  0  0  0  0  0  0  0  0  0  0  0  0  0  0 77 25 52 55 14 11 49 50 44 47 22 35 51 69 21 22  2 26  6 15 69 50 34 49 53 28 12 57 62 22 55 78 36  6  5 60 45  0 67 77 42 59 77 68 47 36 34 59 35 26 31 12 60 56 44 31 16 16 16 66 27 47 43 70]
[ 0  0  0  0  0  0  0  0  0  0  0  0  0  0  0  0  0  0  0  0  0  0  0  0  0  0  0  0  0  0  0  0  0  0  0  0  0  0  0  0  0  0  0  1  0  0  0  0  0  0  0  0  0  0  0  0  0  0  0  0  0  0  0  0 33 39 58 50 29 11 47  0 14 63 16 40 27 16 59 24 51 73 55  1  3 64 34 41 28 14 19 47 70 15 48 55 34  6 40 15 49 68 21 32 75 36 70 24 30 74 76 41 35 22  5 40 72 73 37 43 70 55 24 69 39 32 72 10]
[ 0  0  0  0  0  0  0  0  0  0  0  0  0  0  0  0  0  0  0  0  0  0  0  0  0  0  0  0  0  0  0  0  0  0  0  0  0  0  0  0  0  0  0  0  1  0  0  0  0  0  0  0  0  0  0  0  0  0  0  0  0  0  0  0 11  5 17 71 14 14 27 14 25 77 55 27 65 21 11 34  6 41  7 19  9  5 27 54  5 68 31  3 55 76 30 36 65 26 53 65 31 71  1 64 47 15 78  4 18 12 43  1 20 49  0  5  4 67 66 78 69 69 61 45 73 31 47 15]
[ 0  0  0  0  0  0  0  0  0  0  0  0  0  0  0  0  0  0  0  0  0  0  0  0  0  0  0  0  0  0  0  0  0  0  0  0  0  0  0  0  0  0  0  0  0  1  0  0  0  0  0  0  0  0  0  0  0  0  0  0  0  0  0  0  7  0 32 65 46 10 73 15 12 35 77 52 13 52 13  6 13 12 70 37 74 33 17 73 25 58 59 34 52  3 12  1 70 65 30 65  0 10 61 65 78 51 46 58 30 52 32 65 71 64  0 11 57 55 69 72 35 64 52 63 76 36 60 50]
[ 0  0  0  0  0  0  0  0  0  0  0  0  0  0  0  0  0  0  0  0  0  0  0  0  0  0  0  0  0  0  0  0  0  0  0  0  0  0  0  0  0  0  0  0  0  0  1  0  0  0  0  0  0  0  0  0  0  0  0  0  0  0  0  0 20 21 26 58  7 51 77 24 29 46 21 56 11 51 31  1 20 32 50 23 38 57  3 70 29 49 77 64 13 52 68 49 45 65 32 37  8 66 59 30 66 75 76 12 48 78 63 17 58 71 66 54 38 23 54 53 71 11 66 57 77 65 19 32]
[ 0  0  0  0  0  0  0  0  0  0  0  0  0  0  0  0  0  0  0  0  0  0  0  0  0  0  0  0  0  0  0  0  0  0  0  0  0  0  0  0  0  0  0  0  0  0  0  1  0  0  0  0  0  0  0  0  0  0  0  0  0  0  0  0 10 76 31 62 29 75  8 32 38 20 35 43 76 64 52 51 70 59  5 67 37 61 69 69 19  8 26 40 52 35 56 50 40 42 71 64  5 25  1 27  4 29 56 61  9 10 58 46 52 34 52 18 31 75  4 42 10 75  5 19 47 29 44 13]
[ 0  0  0  0  0  0  0  0  0  0  0  0  0  0  0  0  0  0  0  0  0  0  0  0  0  0  0  0  0  0  0  0  0  0  0  0  0  0  0  0  0  0  0  0  0  0  0  0  1  0  0  0  0  0  0  0  0  0  0  0  0  0  0  0 75 62 41 77 33 68 64 45 38 21 52 31  7 12 41 62  9 77  3 66 46 36 73 45 73 26 21 12 49 47  0 50 38 76 25 76 56 53 61  8 29 51  4 45 28 42 54  4 50 52 30 62  6 35 19 29 26 54 25 13 27 58 30 73]
[ 0  0  0  0  0  0  0  0  0  0  0  0  0  0  0  0  0  0  0  0  0  0  0  0  0  0  0  0  0  0  0  0  0  0  0  0  0  0  0  0  0  0  0  0  0  0  0  0  0  1  0  0  0  0  0  0  0  0  0  0  0  0  0  0 15 29 17 29 62 60 37 54 58 46 56 61 76  6 51 32 72  9  3 56 44 20 60 59 34 18 37 38 76 31 46 11 73 55 40 14 22 77 30 35 64 45 15 26 28 23 31 65  7 61 65  0 13 44 29 10 14  1 61 22 66 52  0 57]
[ 0  0  0  0  0  0  0  0  0  0  0  0  0  0  0  0  0  0  0  0  0  0  0  0  0  0  0  0  0  0  0  0  0  0  0  0  0  0  0  0  0  0  0  0  0  0  0  0  0  0  1  0  0  0  0  0  0  0  0  0  0  0  0  0 39 56 18  0 29 37 44 57 48 72  4 23 12 41 33 45  3 53 26 28 73 38  4 24 54 62 76 58 17 51  7 74 67 38 34 36  0 51 22 64 36  5 72 19  5 31 49 67 61 72 45 60 29 55 49 76 48  5 58 20 32 15 28 41]
[ 0  0  0  0  0  0  0  0  0  0  0  0  0  0  0  0  0  0  0  0  0  0  0  0  0  0  0  0  0  0  0  0  0  0  0  0  0  0  0  0  0  0  0  0  0  0  0  0  0  0  0  1  0  0  0  0  0  0  0  0  0  0  0  0 41 51 78 68 30 57 46 35 30 70 23 72 15 12 28 60 38 58 67 51 18 19 22 26 31 59  2 77 51 24 47  2  0 46  8 50 22 38 12 71 11 40 78 40 36  7 42 45 47  7 73 30 16  1  0  3 72 76 57 67  9 75  3 29]
[ 0  0  0  0  0  0  0  0  0  0  0  0  0  0  0  0  0  0  0  0  0  0  0  0  0  0  0  0  0  0  0  0  0  0  0  0  0  0  0  0  0  0  0  0  0  0  0  0  0  0  0  0  1  0  0  0  0  0  0  0  0  0  0  0 51 24 23 27 19  4 37 15 69 72 53 45 10 69 24 15 68 50 73  5 30 19 31 45 60 32 19 74 21 17 68 78  2  1 66 25 63 51 48 75 13 24 29 63  4 12 33 77 74 56 45 71 21 45 43 29 48 48 61 58 22 40 33 42]
[ 0  0  0  0  0  0  0  0  0  0  0  0  0  0  0  0  0  0  0  0  0  0  0  0  0  0  0  0  0  0  0  0  0  0  0  0  0  0  0  0  0  0  0  0  0  0  0  0  0  0  0  0  0  1  0  0  0  0  0  0  0  0  0  0  7 32 51 37 57 40 14 10 38 15 15 45 25 61 17 27 77 23 53 63 55 53 24 45 43  0 50 35 31 13 56 19 22 14 69 77 62 75 30 24 54 48 23 63 20 56 10 71 70 66 15 36 14 65 34 30 50  5 23 59 41 64 69 49]
[ 0  0  0  0  0  0  0  0  0  0  0  0  0  0  0  0  0  0  0  0  0  0  0  0  0  0  0  0  0  0  0  0  0  0  0  0  0  0  0  0  0  0  0  0  0  0  0  0  0  0  0  0  0  0  1  0  0  0  0  0  0  0  0  0 34 24 22 40 52  6 28 70 23 23 78 12  3 75  2 57 32 23  4 74 43 57 19 20  3 57 23 76 41 37 23 62 15 20  2 19 37 49 42 77  7 77 73 23 39 31 62 55 55 58 43 52 63 55 24 21  5 20 68 64 72 67 62 45]
[ 0  0  0  0  0  0  0  0  0  0  0  0  0  0  0  0  0  0  0  0  0  0  0  0  0  0  0  0  0  0  0  0  0  0  0  0  0  0  0  0  0  0  0  0  0  0  0  0  0  0  0  0  0  0  0  1  0  0  0  0  0  0  0  0 10 36 17 43 69  3 74 53 16 31 69 65  5  2 15 77  8 16 42 59 62  4 69 12 29  6 14 60 57  1 13 73  6 59 40  4 14 14  5 34 36 41  0 34 51 45 55 69 26 56 38 42 10 47 72  1  7 65 25 40 15 40  5 60]
[ 0  0  0  0  0  0  0  0  0  0  0  0  0  0  0  0  0  0  0  0  0  0  0  0  0  0  0  0  0  0  0  0  0  0  0  0  0  0  0  0  0  0  0  0  0  0  0  0  0  0  0  0  0  0  0  0  1  0  0  0  0  0  0  0 16 76  2 22 70  9 32 13 19 33 74 73 19 22 13 43 69 73 74 32 39 39 73 53 10 15 18 66 71 78 76 17 13 63 33 47 30 36 55 54  7 66  5 38 35 34 35 55 21 54 48 60 29 21 18 64  7 15 30  0 10 47 60 18]
[ 0  0  0  0  0  0  0  0  0  0  0  0  0  0  0  0  0  0  0  0  0  0  0  0  0  0  0  0  0  0  0  0  0  0  0  0  0  0  0  0  0  0  0  0  0  0  0  0  0  0  0  0  0  0  0  0  0  1  0  0  0  0  0  0 39 76 71  3 52 52 71 11 76 21 74 65 32 26 24 42  3 10 25 24 32 55 57 24  5 67 24  4 41 26 40 61 54 51 53 26 56 53 26 52 20 68 41 30 66  0 15 54  3 60 10 44 67 42 59 67 44 17 40 11 39 57 15 47]
[ 0  0  0  0  0  0  0  0  0  0  0  0  0  0  0  0  0  0  0  0  0  0  0  0  0  0  0  0  0  0  0  0  0  0  0  0  0  0  0  0  0  0  0  0  0  0  0  0  0  0  0  0  0  0  0  0  0  0  1  0  0  0  0  0 58  5 46 56  7 25 50 21  5 40 35 36 20 34 63 74 69 45  9 34 70 67 68 34 42 70 18 11 50 33 40 70 45 16 56  6 31 29 14  0 16 74 74 25 59 50 36 33 68 34 54 15 30  0 14 26 27  8 65 10 24  9 13 66]
[ 0  0  0  0  0  0  0  0  0  0  0  0  0  0  0  0  0  0  0  0  0  0  0  0  0  0  0  0  0  0  0  0  0  0  0  0  0  0  0  0  0  0  0  0  0  0  0  0  0  0  0  0  0  0  0  0  0  0  0  1  0  0  0  0 64 68 11  2 36 33 37 29  9 70 72 35 78  4 27 23 51 71 34 69  2 51 52 45 73 67 63 16 29 16 24 67 52 65 38 57 39 21 12 27 12 50 42 30 10 21 59 74 51 40 11  1 49 56 30 19 71  5  7 16  3 66  9  0]
[ 0  0  0  0  0  0  0  0  0  0  0  0  0  0  0  0  0  0  0  0  0  0  0  0  0  0  0  0  0  0  0  0  0  0  0  0  0  0  0  0  0  0  0  0  0  0  0  0  0  0  0  0  0  0  0  0  0  0  0  0  1  0  0  0 55 54 73 15 32 61 27 11  1  6 10 61 36 51 62 56 48 48 60 41 24 62 32 43 23 70 35 27 55 69 76 52 52 33 49 22 33 23 74 19 40  6 68 61  7  4  4 70 60 62 71 36 68  6 12 40 52 78 61  4 43 65 36 66]
[ 0  0  0  0  0  0  0  0  0  0  0  0  0  0  0  0  0  0  0  0  0  0  0  0  0  0  0  0  0  0  0  0  0  0  0  0  0  0  0  0  0  0  0  0  0  0  0  0  0  0  0  0  0  0  0  0  0  0  0  0  0  1  0  0 57 24 66 69 72 43  0 48 16 44 60 68 57 10 60 63 71 52  9 32  5 29  5 18 67 10 18 19 70 75 66 64 72 29 19 23 76 42 46 28 22 68 62 46 56 73 16 56 26  2 54 35 55 34 47 30 73 61 59 53 52 55  9 66]
[ 0  0  0  0  0  0  0  0  0  0  0  0  0  0  0  0  0  0  0  0  0  0  0  0  0  0  0  0  0  0  0  0  0  0  0  0  0  0  0  0  0  0  0  0  0  0  0  0  0  0  0  0  0  0  0  0  0  0  0  0  0  0  1  0 23  2 39 72  7 74 73 47 43 35 35 67 11 68 32 36  5 32 36 53 49 69 64 11 63 57 58 76 26 75  9 38 71 36 63 73  3  3  0 53 20 33 29 76 20 29 62 50 72  4 64 69 35 62 32 34 52 19 71 26 73 59 39 40]
[ 0  0  0  0  0  0  0  0  0  0  0  0  0  0  0  0  0  0  0  0  0  0  0  0  0  0  0  0  0  0  0  0  0  0  0  0  0  0  0  0  0  0  0  0  0  0  0  0  0  0  0  0  0  0  0  0  0  0  0  0  0  0  0  1 23 41 36 35 60 38 57 51 31 20 55 38 13 33  5  8 30 55 77 72 24 75  0 29 57 30  4 33 74 54 62 61 28 56 43 76 27 41 66 20  5 20 55 30 32 35 74  8 56 37 46 10 16 78  5 14 33 17 57 69 71  9 50 55]
