RANDOM_SEED=6

Hamming profile: [462, 49, 4, 1, 1, 1, 1, 1, 1, 1, 1, 1, 1, 1, 1, 1, 1, 1, 1, 1, 1, 1, 1, 1, 1, 1, 1, 1, 1, 1, 1, 1, 1, 1, 1, 1, 1, 1, 1, 1, 1, 1, 1, 1, 1, 1, 1, 1, 1, 1, 1, 1, 1, 1, 1, 1, 1, 1, 1, 1, 1, 1, 1, 1, 1, 1, 1, 1, 1, 1, 1, 1, 1, 1, 1, 1, 1, 1, 1, 1, 1, 1, 1, 1, 1, 1, 1, 1, 1, 1, 1, 1, 1, 1, 1, 1, 1, 1, 1, 1, 1, 1, 1, 1, 1, 1, 1, 1, 1, 1, 1, 1, 1, 1, 1, 1, 1, 1, 1, 1, 1, 1, 1, 1, 1, 1, 1, 1, 1, 1, 1, 1, 1, 1, 1, 1, 1, 1, 1, 1, 1, 1, 1, 1, 1, 1, 1, 1, 1, 1, 1, 1, 1, 1, 1, 1, 1, 1, 1, 1, 1, 1, 1, 1, 1, 1, 1, 1, 1, 1, 1, 1, 1, 1, 1, 1, 1, 1, 1, 1, 1, 1, 1, 1, 1, 1, 1, 1, 1, 1, 1, 1, 1, 1, 1, 1, 1, 1, 1, 1, 1, 1, 1, 1, 1, 1, 1, 1, 1, 1, 1, 1, 1, 1, 1, 1, 1, 1, 1, 1, 1, 1, 1, 1, 1, 1, 1, 1, 1, 1, 1, 1, 1, 1, 1, 1, 1, 1, 1, 1, 1, 1, 1, 1, 1, 1, 1, 1, 1, 1, 1, 1, 1, 1, 1, 1, 1, 1, 1, 1, 1, 1, 1, 1, 1, 1, 1, 1, 1, 1, 1, 1, 1, 1, 1, 1, 1, 1, 1, 1, 1, 1, 1, 1, 1, 1, 1, 1, 1, 1, 1, 1, 1, 1, 1, 1, 1, 1, 1, 1, 1, 1, 1, 1, 1, 1, 1, 1, 1, 1, 1, 1, 1, 1, 1, 1, 1, 1, 1, 1, 1, 1, 1, 1, 1, 1, 1, 1, 1, 1, 1, 1, 1, 1, 1, 1, 1, 1, 1, 1, 1, 1, 1, 1, 1, 1, 1, 1, 1, 1, 1, 1, 1, 1, 1, 1, 1, 1, 1, 1, 1, 1, 1, 1, 1, 1, 1, 1, 1, 1, 1, 1, 1, 1, 1, 1, 1, 1, 1, 1, 1, 1, 1, 1, 1, 1, 1, 1, 1, 1, 1, 1, 1, 1, 1, 1, 1, 1, 1, 1, 1, 1, 1, 1, 1, 1, 1, 1, 1, 1, 1, 1, 1, 1, 1, 1, 1, 1, 1, 1, 1, 1, 1, 1, 1, 1, 1, 1, 1, 1, 1, 1, 1, 1, 1, 1, 1, 1, 1, 1, 1, 1, 1, 1, 1, 1, 1, 1, 1, 1, 1, 1, 1, 1, 1, 1, 1, 1, 1, 1, 1, 1, 1, 1, 1, 1, 1, 1, 1, 1, 1, 1, 1, 1, 1, 1, 1, 1, 1, 1, 1, 1, 1, 1, 1, 1, 1, 1, 1, 1, 1, 1, 1, 1, 1, 1, 1, 1, 1, 1, 1, 1, 1, 1, 1, 1, 1, 1, 1, 1, 1, 1]
Lee profile: [1444, 141, 9, 1, 1, 1, 1, 1, 1, 1, 1, 1, 1, 1, 1, 1, 1, 1, 1, 1, 1, 1, 1, 1, 1, 1, 1, 1, 1, 1, 1, 1, 1, 1, 1, 1, 1, 1, 1, 1, 1, 1, 1, 1, 1, 1, 1, 1, 1, 1, 1, 1, 1, 1, 1, 1, 1, 1, 1, 1, 1, 1, 1, 1, 1, 1, 1, 1, 1, 1, 1, 1, 1, 1, 1, 1, 1, 1, 1, 1, 1, 1, 1, 1, 1, 1, 1, 1, 1, 1, 1, 1, 1, 1, 1, 1, 1, 1, 1, 1, 1, 1, 1, 1, 1, 1, 1, 1, 1, 1, 1, 1, 1, 1, 1, 1, 1, 1, 1, 1, 1, 1, 1, 1, 1, 1, 1, 1, 1, 1, 1, 1, 1, 1, 1, 1, 1, 1, 1, 1, 1, 1, 1, 1, 1, 1, 1, 1, 1, 1, 1, 1, 1, 1, 1, 1, 1, 1, 1, 1, 1, 1, 1, 1, 1, 1, 1, 1, 1, 1, 1, 1, 1, 1, 1, 1, 1, 1, 1, 1, 1, 1, 1, 1, 1, 1, 1, 1, 1, 1, 1, 1, 1, 1, 1, 1, 1, 1, 1, 1, 1, 1, 1, 1, 1, 1, 1, 1, 1, 1, 1, 1, 1, 1, 1, 1, 1, 1, 1, 1, 1, 1, 1, 1, 1, 1, 1, 1, 1, 1, 1, 1, 1, 1, 1, 1, 1, 1, 1, 1, 1, 1, 1, 1, 1, 1, 1, 1, 1, 1, 1, 1, 1, 1, 1, 1, 1, 1, 1, 1, 1, 1, 1, 1, 1, 1, 1, 1, 1, 1, 1, 1, 1, 1, 1, 1, 1, 1, 1, 1, 1, 1, 1, 1, 1, 1, 1, 1, 1, 1, 1, 1, 1, 1, 1, 1, 1, 1, 1, 1, 1, 1, 1, 1, 1, 1, 1, 1, 1, 1, 1, 1, 1, 1, 1, 1, 1, 1, 1, 1, 1, 1, 1, 1, 1, 1, 1, 1, 1, 1, 1, 1, 1, 1, 1, 1, 1, 1, 1, 1, 1, 1, 1, 1, 1, 1, 1, 1, 1, 1, 1, 1, 1, 1, 1, 1, 1, 1, 1, 1, 1, 1, 1, 1, 1, 1, 1, 1, 1, 1, 1, 1, 1, 1, 1, 1, 1, 1, 1, 1, 1, 1, 1, 1, 1, 1, 1, 1, 1, 1, 1, 1, 1, 1, 1, 1, 1, 1, 1, 1, 1, 1, 1, 1, 1, 1, 1, 1, 1, 1, 1, 1, 1, 1, 1, 1, 1, 1, 1, 1, 1, 1, 1, 1, 1, 1, 1, 1, 1, 1, 1, 1, 1, 1, 1, 1, 1, 1, 1, 1, 1, 1, 1, 1, 1, 1, 1, 1, 1, 1, 1, 1, 1, 1, 1, 1, 1, 1, 1, 1, 1, 1, 1, 1, 1, 1, 1, 1, 1, 1, 1, 1, 1, 1, 1, 1, 1, 1, 1, 1, 1, 1, 1, 1, 1, 1, 1, 1, 1, 1, 1, 1, 1, 1, 1, 1, 1, 1, 1, 1, 1, 1, 1, 1, 1, 1, 1, 1, 1, 1, 1, 1]
462<=B[0].wtL<=2310
B[0].wtH=462, B[0].wtL=1444

--- LeeBKZ with beta=5, bkz with minimum_lee_wt_codeword (may be non-primitive) ---
[LEEbkz:MW_Codeword_LEE:0.03992152214050293 sec.]
[LEEbkz:MW_Codeword_LEE:0.023060083389282227 sec.]
[LEEbkz:MW_Codeword_LEE:0.035811424255371094 sec.]
[LEEbkz:MW_Codeword_LEE:0.022836685180664062 sec.]
[LEEbkz:MW_Codeword_LEE:0.06540226936340332 sec.]
[LEEbkz:MW_Codeword_LEE:0.0326390266418457 sec.]
[LEEbkz:MW_Codeword_LEE:0.02909398078918457 sec.]
[LEEbkz:MW_Codeword_LEE:0.036223411560058594 sec.]
[LEEbkz:MW_Codeword_LEE:0.02290177345275879 sec.]
[LEEbkz:MW_Codeword_LEE:0.021315574645996094 sec.]
[LEEbkz:MW_Codeword_LEE:0.020976543426513672 sec.]
[LEEbkz:MW_Codeword_LEE:0.03593730926513672 sec.]
[LEEbkz:MW_Codeword_LEE:0.0234375 sec.]
[LEEbkz:MW_Codeword_LEE:0.021001815795898438 sec.]
[LEEbkz:MW_Codeword_LEE:0.02143692970275879 sec.]
[LEEbkz:MW_Codeword_LEE:0.03585648536682129 sec.]
[LEEbkz:MW_Codeword_LEE:0.022816896438598633 sec.]
[LEEbkz:MW_Codeword_LEE:0.02144908905029297 sec.]
[LEEbkz:MW_Codeword_LEE:0.02103567123413086 sec.]
[LEEbkz:MW_Codeword_LEE:0.02106928825378418 sec.]
[LEEbkz:MW_Codeword_LEE:0.022681474685668945 sec.]
[LEEbkz:MW_Codeword_LEE:0.021579742431640625 sec.]
[LEEbkz:MW_Codeword_LEE:0.021243572235107422 sec.]
[LEEbkz:MW_Codeword_LEE:0.03539395332336426 sec.]
[LEEbkz:MW_Codeword_LEE:0.021946191787719727 sec.]
[LEEbkz:MW_Codeword_LEE:0.02235269546508789 sec.]
Hamming profile after BKZ: [448, 59, 7, 1, 2, 1, 1, 1, 1, 1, 1, 1, 1, 1, 1, 1, 1, 1, 1, 1, 1, 1, 1, 1, 1, 1, 1, 1, 1, 1, 1, 1, 1, 1, 1, 1, 1, 1, 1, 1, 1, 1, 1, 1, 1, 1, 1, 1, 1, 1, 1, 1, 1, 1, 1, 1, 1, 1, 1, 1, 1, 1, 1, 1, 1, 1, 1, 1, 1, 1, 1, 1, 1, 1, 1, 1, 1, 1, 1, 1, 1, 1, 1, 1, 1, 1, 1, 1, 1, 1, 1, 1, 1, 1, 1, 1, 1, 1, 1, 1, 1, 1, 1, 1, 1, 1, 1, 1, 1, 1, 1, 1, 1, 1, 1, 1, 1, 1, 1, 1, 1, 1, 1, 1, 1, 1, 1, 1, 1, 1, 1, 1, 1, 1, 1, 1, 1, 1, 1, 1, 1, 1, 1, 1, 1, 1, 1, 1, 1, 1, 1, 1, 1, 1, 1, 1, 1, 1, 1, 1, 1, 1, 1, 1, 1, 1, 1, 1, 1, 1, 1, 1, 1, 1, 1, 1, 1, 1, 1, 1, 1, 1, 1, 1, 1, 1, 1, 1, 1, 1, 1, 1, 1, 1, 1, 1, 1, 1, 1, 1, 1, 1, 1, 1, 1, 1, 1, 1, 1, 1, 1, 1, 1, 1, 1, 1, 1, 1, 1, 1, 1, 1, 1, 1, 1, 1, 1, 1, 1, 1, 1, 1, 1, 1, 1, 1, 1, 1, 1, 1, 1, 1, 1, 1, 1, 1, 1, 1, 1, 1, 1, 1, 1, 1, 1, 1, 1, 1, 1, 1, 1, 1, 1, 1, 1, 1, 1, 1, 1, 1, 1, 1, 1, 1, 1, 1, 1, 1, 1, 1, 1, 1, 1, 1, 1, 1, 1, 1, 1, 1, 1, 1, 1, 1, 1, 1, 1, 1, 1, 1, 1, 1, 1, 1, 1, 1, 1, 1, 1, 1, 1, 1, 1, 1, 1, 1, 1, 1, 1, 1, 1, 1, 1, 1, 1, 1, 1, 1, 1, 1, 1, 1, 1, 1, 1, 1, 1, 1, 1, 1, 1, 1, 1, 1, 1, 1, 1, 1, 1, 1, 1, 1, 1, 1, 1, 1, 1, 1, 1, 1, 1, 1, 1, 1, 1, 1, 1, 1, 1, 1, 1, 1, 1, 1, 1, 1, 1, 1, 1, 1, 1, 1, 1, 1, 1, 1, 1, 1, 1, 1, 1, 1, 1, 1, 1, 1, 1, 1, 1, 1, 1, 1, 1, 1, 1, 1, 1, 1, 1, 1, 1, 1, 1, 1, 1, 1, 1, 1, 1, 1, 1, 1, 1, 1, 1, 1, 1, 1, 1, 1, 1, 1, 1, 1, 1, 1, 1, 1, 1, 1, 1, 1, 1, 1, 1, 1, 1, 1, 1, 1, 1, 1, 1, 1, 1, 1, 1, 1, 1, 1, 1, 1, 1, 1, 1, 1, 1, 1, 1, 1, 1, 1, 1, 1, 1, 1, 1, 1, 1, 1, 1, 1, 1, 1, 1, 1, 1, 1, 1, 1, 1, 1, 1, 1, 1, 1, 1, 1, 1, 1, 1, 1, 1, 1, 1, 1, 1, 1, 1, 1, 1, 1]
Lee profile after BKZ: [1242, 130, 10, 1, 2, 1, 1, 1, 1, 1, 1, 1, 1, 1, 1, 1, 1, 1, 1, 1, 1, 1, 1, 1, 1, 1, 1, 1, 1, 1, 1, 1, 1, 1, 1, 1, 1, 1, 1, 1, 1, 1, 1, 1, 1, 1, 1, 1, 1, 1, 1, 1, 1, 1, 1, 1, 1, 1, 1, 1, 1, 1, 1, 1, 1, 1, 1, 1, 1, 1, 1, 1, 1, 1, 1, 1, 1, 1, 1, 1, 1, 1, 1, 1, 1, 1, 1, 1, 1, 1, 1, 1, 1, 1, 1, 1, 1, 1, 1, 1, 1, 1, 1, 1, 1, 1, 1, 1, 1, 1, 1, 1, 1, 1, 1, 1, 1, 1, 1, 1, 1, 1, 1, 1, 1, 1, 1, 1, 1, 1, 1, 1, 1, 1, 1, 1, 1, 1, 1, 1, 1, 1, 1, 1, 1, 1, 1, 1, 1, 1, 1, 1, 1, 1, 1, 1, 1, 1, 1, 1, 1, 1, 1, 1, 1, 1, 1, 1, 1, 1, 1, 1, 1, 1, 1, 1, 1, 1, 1, 1, 1, 1, 1, 1, 1, 1, 1, 1, 1, 1, 1, 1, 1, 1, 1, 1, 1, 1, 1, 1, 1, 1, 1, 1, 1, 1, 1, 1, 1, 1, 1, 1, 1, 1, 1, 1, 1, 1, 1, 1, 1, 1, 1, 1, 1, 1, 1, 1, 1, 1, 1, 1, 1, 1, 1, 1, 1, 1, 1, 1, 1, 1, 1, 1, 1, 1, 1, 1, 1, 1, 1, 1, 1, 1, 1, 1, 1, 1, 1, 1, 1, 1, 1, 1, 1, 1, 1, 1, 1, 1, 1, 1, 1, 1, 1, 1, 1, 1, 1, 1, 1, 1, 1, 1, 1, 1, 1, 1, 1, 1, 1, 1, 1, 1, 1, 1, 1, 1, 1, 1, 1, 1, 1, 1, 1, 1, 1, 1, 1, 1, 1, 1, 1, 1, 1, 1, 1, 1, 1, 1, 1, 1, 1, 1, 1, 1, 1, 1, 1, 1, 1, 1, 1, 1, 1, 1, 1, 1, 1, 1, 1, 1, 1, 1, 1, 1, 1, 1, 1, 1, 1, 1, 1, 1, 1, 1, 1, 1, 1, 1, 1, 1, 1, 1, 1, 1, 1, 1, 1, 1, 1, 1, 1, 1, 1, 1, 1, 1, 1, 1, 1, 1, 1, 1, 1, 1, 1, 1, 1, 1, 1, 1, 1, 1, 1, 1, 1, 1, 1, 1, 1, 1, 1, 1, 1, 1, 1, 1, 1, 1, 1, 1, 1, 1, 1, 1, 1, 1, 1, 1, 1, 1, 1, 1, 1, 1, 1, 1, 1, 1, 1, 1, 1, 1, 1, 1, 1, 1, 1, 1, 1, 1, 1, 1, 1, 1, 1, 1, 1, 1, 1, 1, 1, 1, 1, 1, 1, 1, 1, 1, 1, 1, 1, 1, 1, 1, 1, 1, 1, 1, 1, 1, 1, 1, 1, 1, 1, 1, 1, 1, 1, 1, 1, 1, 1, 1, 1, 1, 1, 1, 1, 1, 1, 1, 1, 1, 1, 1, 1, 1, 1, 1, 1, 1, 1, 1, 1, 1, 1, 1, 1, 1]
448<=B_red[0].wtL<=2240
B_red[0].wtH=448, B_red[0].wtL=1242

Hamming profile: [473, 40, 2, 1, 1, 1, 1, 1, 1, 1, 1, 1, 1, 1, 1, 1, 1, 1, 1, 1, 1, 1, 1, 1, 1, 1, 1, 1, 1, 1, 1, 1, 1, 1, 1, 1, 1, 1, 1, 1, 1, 1, 1, 1, 1, 1, 1, 1, 1, 1, 1, 1, 1, 1, 1, 1, 1, 1, 1, 1, 1, 1, 1, 1, 1, 1, 1, 1, 1, 1, 1, 1, 1, 1, 1, 1, 1, 1, 1, 1, 1, 1, 1, 1, 1, 1, 1, 1, 1, 1, 1, 1, 1, 1, 1, 1, 1, 1, 1, 1, 1, 1, 1, 1, 1, 1, 1, 1, 1, 1, 1, 1, 1, 1, 1, 1, 1, 1, 1, 1, 1, 1, 1, 1, 1, 1, 1, 1, 1, 1, 1, 1, 1, 1, 1, 1, 1, 1, 1, 1, 1, 1, 1, 1, 1, 1, 1, 1, 1, 1, 1, 1, 1, 1, 1, 1, 1, 1, 1, 1, 1, 1, 1, 1, 1, 1, 1, 1, 1, 1, 1, 1, 1, 1, 1, 1, 1, 1, 1, 1, 1, 1, 1, 1, 1, 1, 1, 1, 1, 1, 1, 1, 1, 1, 1, 1, 1, 1, 1, 1, 1, 1, 1, 1, 1, 1, 1, 1, 1, 1, 1, 1, 1, 1, 1, 1, 1, 1, 1, 1, 1, 1, 1, 1, 1, 1, 1, 1, 1, 1, 1, 1, 1, 1, 1, 1, 1, 1, 1, 1, 1, 1, 1, 1, 1, 1, 1, 1, 1, 1, 1, 1, 1, 1, 1, 1, 1, 1, 1, 1, 1, 1, 1, 1, 1, 1, 1, 1, 1, 1, 1, 1, 1, 1, 1, 1, 1, 1, 1, 1, 1, 1, 1, 1, 1, 1, 1, 1, 1, 1, 1, 1, 1, 1, 1, 1, 1, 1, 1, 1, 1, 1, 1, 1, 1, 1, 1, 1, 1, 1, 1, 1, 1, 1, 1, 1, 1, 1, 1, 1, 1, 1, 1, 1, 1, 1, 1, 1, 1, 1, 1, 1, 1, 1, 1, 1, 1, 1, 1, 1, 1, 1, 1, 1, 1, 1, 1, 1, 1, 1, 1, 1, 1, 1, 1, 1, 1, 1, 1, 1, 1, 1, 1, 1, 1, 1, 1, 1, 1, 1, 1, 1, 1, 1, 1, 1, 1, 1, 1, 1, 1, 1, 1, 1, 1, 1, 1, 1, 1, 1, 1, 1, 1, 1, 1, 1, 1, 1, 1, 1, 1, 1, 1, 1, 1, 1, 1, 1, 1, 1, 1, 1, 1, 1, 1, 1, 1, 1, 1, 1, 1, 1, 1, 1, 1, 1, 1, 1, 1, 1, 1, 1, 1, 1, 1, 1, 1, 1, 1, 1, 1, 1, 1, 1, 1, 1, 1, 1, 1, 1, 1, 1, 1, 1, 1, 1, 1, 1, 1, 1, 1, 1, 1, 1, 1, 1, 1, 1, 1, 1, 1, 1, 1, 1, 1, 1, 1, 1, 1, 1, 1, 1, 1, 1, 1, 1, 1, 1, 1, 1, 1, 1, 1, 1, 1, 1, 1, 1, 1, 1, 1, 1, 1, 1, 1, 1, 1, 1, 1, 1, 1, 1]
Lee profile: [1367, 120, 2, 1, 1, 1, 1, 1, 1, 1, 1, 1, 1, 1, 1, 1, 1, 1, 1, 1, 1, 1, 1, 1, 1, 1, 1, 1, 1, 1, 1, 1, 1, 1, 1, 1, 1, 1, 1, 1, 1, 1, 1, 1, 1, 1, 1, 1, 1, 1, 1, 1, 1, 1, 1, 1, 1, 1, 1, 1, 1, 1, 1, 1, 1, 1, 1, 1, 1, 1, 1, 1, 1, 1, 1, 1, 1, 1, 1, 1, 1, 1, 1, 1, 1, 1, 1, 1, 1, 1, 1, 1, 1, 1, 1, 1, 1, 1, 1, 1, 1, 1, 1, 1, 1, 1, 1, 1, 1, 1, 1, 1, 1, 1, 1, 1, 1, 1, 1, 1, 1, 1, 1, 1, 1, 1, 1, 1, 1, 1, 1, 1, 1, 1, 1, 1, 1, 1, 1, 1, 1, 1, 1, 1, 1, 1, 1, 1, 1, 1, 1, 1, 1, 1, 1, 1, 1, 1, 1, 1, 1, 1, 1, 1, 1, 1, 1, 1, 1, 1, 1, 1, 1, 1, 1, 1, 1, 1, 1, 1, 1, 1, 1, 1, 1, 1, 1, 1, 1, 1, 1, 1, 1, 1, 1, 1, 1, 1, 1, 1, 1, 1, 1, 1, 1, 1, 1, 1, 1, 1, 1, 1, 1, 1, 1, 1, 1, 1, 1, 1, 1, 1, 1, 1, 1, 1, 1, 1, 1, 1, 1, 1, 1, 1, 1, 1, 1, 1, 1, 1, 1, 1, 1, 1, 1, 1, 1, 1, 1, 1, 1, 1, 1, 1, 1, 1, 1, 1, 1, 1, 1, 1, 1, 1, 1, 1, 1, 1, 1, 1, 1, 1, 1, 1, 1, 1, 1, 1, 1, 1, 1, 1, 1, 1, 1, 1, 1, 1, 1, 1, 1, 1, 1, 1, 1, 1, 1, 1, 1, 1, 1, 1, 1, 1, 1, 1, 1, 1, 1, 1, 1, 1, 1, 1, 1, 1, 1, 1, 1, 1, 1, 1, 1, 1, 1, 1, 1, 1, 1, 1, 1, 1, 1, 1, 1, 1, 1, 1, 1, 1, 1, 1, 1, 1, 1, 1, 1, 1, 1, 1, 1, 1, 1, 1, 1, 1, 1, 1, 1, 1, 1, 1, 1, 1, 1, 1, 1, 1, 1, 1, 1, 1, 1, 1, 1, 1, 1, 1, 1, 1, 1, 1, 1, 1, 1, 1, 1, 1, 1, 1, 1, 1, 1, 1, 1, 1, 1, 1, 1, 1, 1, 1, 1, 1, 1, 1, 1, 1, 1, 1, 1, 1, 1, 1, 1, 1, 1, 1, 1, 1, 1, 1, 1, 1, 1, 1, 1, 1, 1, 1, 1, 1, 1, 1, 1, 1, 1, 1, 1, 1, 1, 1, 1, 1, 1, 1, 1, 1, 1, 1, 1, 1, 1, 1, 1, 1, 1, 1, 1, 1, 1, 1, 1, 1, 1, 1, 1, 1, 1, 1, 1, 1, 1, 1, 1, 1, 1, 1, 1, 1, 1, 1, 1, 1, 1, 1, 1, 1, 1, 1, 1, 1, 1, 1, 1, 1, 1, 1, 1, 1, 1, 1, 1, 1, 1, 1, 1, 1, 1, 1, 1, 1]
473<=B[0].wtL<=2365
B[0].wtH=473, B[0].wtL=1367

--- LeeBKZ with beta=5, bkz with minimum_lee_wt_codeword (may be non-primitive) ---
[LEEbkz:MW_Codeword_LEE:0.037497520446777344 sec.]
[LEEbkz:MW_Codeword_LEE:0.02351665496826172 sec.]
[LEEbkz:MW_Codeword_LEE:0.036164283752441406 sec.]
[LEEbkz:MW_Codeword_LEE:0.022629261016845703 sec.]
[LEEbkz:MW_Codeword_LEE:0.021238327026367188 sec.]
[LEEbkz:MW_Codeword_LEE:0.035787343978881836 sec.]
[LEEbkz:MW_Codeword_LEE:0.022782087326049805 sec.]
[LEEbkz:MW_Codeword_LEE:0.021181106567382812 sec.]
[LEEbkz:MW_Codeword_LEE:0.036676883697509766 sec.]
[LEEbkz:MW_Codeword_LEE:0.035982608795166016 sec.]
[LEEbkz:MW_Codeword_LEE:0.022459030151367188 sec.]
[LEEbkz:MW_Codeword_LEE:0.02110457420349121 sec.]
[LEEbkz:MW_Codeword_LEE:0.024100542068481445 sec.]
[LEEbkz:MW_Codeword_LEE:0.03588509559631348 sec.]
[LEEbkz:MW_Codeword_LEE:0.02261209487915039 sec.]
[LEEbkz:MW_Codeword_LEE:0.021379470825195312 sec.]
[LEEbkz:MW_Codeword_LEE:0.024140357971191406 sec.]
[LEEbkz:MW_Codeword_LEE:0.022683143615722656 sec.]
[LEEbkz:MW_Codeword_LEE:0.021416902542114258 sec.]
[LEEbkz:MW_Codeword_LEE:0.023689985275268555 sec.]
[LEEbkz:MW_Codeword_LEE:0.021547794342041016 sec.]
[LEEbkz:MW_Codeword_LEE:0.023889780044555664 sec.]
[LEEbkz:MW_Codeword_LEE:0.024251222610473633 sec.]
[LEEbkz:MW_Codeword_LEE:0.024268150329589844 sec.]
[LEEbkz:MW_Codeword_LEE:0.023798227310180664 sec.]
[LEEbkz:MW_Codeword_LEE:0.023929357528686523 sec.]
[LEEbkz:MW_Codeword_LEE:0.024152040481567383 sec.]
[LEEbkz:MW_Codeword_LEE:0.024296283721923828 sec.]
[LEEbkz:MW_Codeword_LEE:0.02496480941772461 sec.]
[LEEbkz:MW_Codeword_LEE:0.024417877197265625 sec.]
[LEEbkz:MW_Codeword_LEE:0.0246737003326416 sec.]
[LEEbkz:MW_Codeword_LEE:0.024916410446166992 sec.]
[LEEbkz:MW_Codeword_LEE:0.024297237396240234 sec.]
[LEEbkz:MW_Codeword_LEE:0.024747848510742188 sec.]
[LEEbkz:MW_Codeword_LEE:0.023929595947265625 sec.]
[LEEbkz:MW_Codeword_LEE:0.024428367614746094 sec.]
[LEEbkz:MW_Codeword_LEE:0.024562835693359375 sec.]
[LEEbkz:MW_Codeword_LEE:0.02449941635131836 sec.]
[LEEbkz:MW_Codeword_LEE:0.024214506149291992 sec.]
[LEEbkz:MW_Codeword_LEE:0.02464127540588379 sec.]
[LEEbkz:MW_Codeword_LEE:0.02450108528137207 sec.]
[LEEbkz:MW_Codeword_LEE:0.024516820907592773 sec.]
[LEEbkz:MW_Codeword_LEE:0.024411439895629883 sec.]
[LEEbkz:MW_Codeword_LEE:0.024080991744995117 sec.]
[LEEbkz:MW_Codeword_LEE:0.024521827697753906 sec.]
[LEEbkz:MW_Codeword_LEE:0.02424335479736328 sec.]
[LEEbkz:MW_Codeword_LEE:0.024321317672729492 sec.]
[LEEbkz:MW_Codeword_LEE:0.02485346794128418 sec.]
[LEEbkz:MW_Codeword_LEE:0.023923635482788086 sec.]
[LEEbkz:MW_Codeword_LEE:0.024346351623535156 sec.]
[LEEbkz:MW_Codeword_LEE:0.024248361587524414 sec.]
[LEEbkz:MW_Codeword_LEE:0.023993730545043945 sec.]
[LEEbkz:MW_Codeword_LEE:0.02431964874267578 sec.]
[LEEbkz:MW_Codeword_LEE:0.024050235748291016 sec.]
[LEEbkz:MW_Codeword_LEE:0.02417755126953125 sec.]
[LEEbkz:MW_Codeword_LEE:0.024683237075805664 sec.]
[LEEbkz:MW_Codeword_LEE:0.0242919921875 sec.]
[LEEbkz:MW_Codeword_LEE:0.02478766441345215 sec.]
[LEEbkz:MW_Codeword_LEE:0.02417922019958496 sec.]
[LEEbkz:MW_Codeword_LEE:0.02402329444885254 sec.]
[LEEbkz:MW_Codeword_LEE:0.025330543518066406 sec.]
[LEEbkz:MW_Codeword_LEE:0.023976564407348633 sec.]
[LEEbkz:MW_Codeword_LEE:0.024602413177490234 sec.]
[LEEbkz:MW_Codeword_LEE:0.024856090545654297 sec.]
[LEEbkz:MW_Codeword_LEE:0.023982763290405273 sec.]
[LEEbkz:MW_Codeword_LEE:0.02417755126953125 sec.]
[LEEbkz:MW_Codeword_LEE:0.024077415466308594 sec.]
[LEEbkz:MW_Codeword_LEE:0.024285078048706055 sec.]
[LEEbkz:MW_Codeword_LEE:0.024558544158935547 sec.]
[LEEbkz:MW_Codeword_LEE:0.024354219436645508 sec.]
[LEEbkz:MW_Codeword_LEE:0.024142980575561523 sec.]
[LEEbkz:MW_Codeword_LEE:0.02473616600036621 sec.]
[LEEbkz:MW_Codeword_LEE:0.024054288864135742 sec.]
[LEEbkz:MW_Codeword_LEE:0.026215314865112305 sec.]
[LEEbkz:MW_Codeword_LEE:0.024402856826782227 sec.]
[LEEbkz:MW_Codeword_LEE:0.024480581283569336 sec.]
[LEEbkz:MW_Codeword_LEE:0.024396896362304688 sec.]
[LEEbkz:MW_Codeword_LEE:0.02484416961669922 sec.]
[LEEbkz:MW_Codeword_LEE:0.024605512619018555 sec.]
[LEEbkz:MW_Codeword_LEE:0.024090290069580078 sec.]
[LEEbkz:MW_Codeword_LEE:0.024628877639770508 sec.]
[LEEbkz:MW_Codeword_LEE:0.024251699447631836 sec.]
[LEEbkz:MW_Codeword_LEE:0.02396416664123535 sec.]
[LEEbkz:MW_Codeword_LEE:0.024294614791870117 sec.]
[LEEbkz:MW_Codeword_LEE:0.024342775344848633 sec.]
[LEEbkz:MW_Codeword_LEE:0.024128198623657227 sec.]
[LEEbkz:MW_Codeword_LEE:0.024383544921875 sec.]
[LEEbkz:MW_Codeword_LEE:0.024514436721801758 sec.]
[LEEbkz:MW_Codeword_LEE:0.02400660514831543 sec.]
[LEEbkz:MW_Codeword_LEE:0.02507781982421875 sec.]
[LEEbkz:MW_Codeword_LEE:0.024062395095825195 sec.]
[LEEbkz:MW_Codeword_LEE:0.02422809600830078 sec.]
[LEEbkz:MW_Codeword_LEE:0.024114608764648438 sec.]
[LEEbkz:MW_Codeword_LEE:0.02444624900817871 sec.]
[LEEbkz:MW_Codeword_LEE:0.024228811264038086 sec.]
[LEEbkz:MW_Codeword_LEE:0.024412870407104492 sec.]
[LEEbkz:MW_Codeword_LEE:0.024251222610473633 sec.]
[LEEbkz:MW_Codeword_LEE:0.02400517463684082 sec.]
[LEEbkz:MW_Codeword_LEE:0.024552583694458008 sec.]
[LEEbkz:MW_Codeword_LEE:0.023926734924316406 sec.]
[LEEbkz:MW_Codeword_LEE:0.02400970458984375 sec.]
[LEEbkz:MW_Codeword_LEE:0.024489402770996094 sec.]
[LEEbkz:MW_Codeword_LEE:0.024155139923095703 sec.]
[LEEbkz:MW_Codeword_LEE:0.024149417877197266 sec.]
[LEEbkz:MW_Codeword_LEE:0.024532556533813477 sec.]
[LEEbkz:MW_Codeword_LEE:0.02413463592529297 sec.]
[LEEbkz:MW_Codeword_LEE:0.02408885955810547 sec.]
[LEEbkz:MW_Codeword_LEE:0.024390220642089844 sec.]
[LEEbkz:MW_Codeword_LEE:0.02398538589477539 sec.]
[LEEbkz:MW_Codeword_LEE:0.024001359939575195 sec.]
[LEEbkz:MW_Codeword_LEE:0.023873567581176758 sec.]
[LEEbkz:MW_Codeword_LEE:0.0243685245513916 sec.]
[LEEbkz:MW_Codeword_LEE:0.024182796478271484 sec.]
[LEEbkz:MW_Codeword_LEE:0.024159669876098633 sec.]
[LEEbkz:MW_Codeword_LEE:0.024265289306640625 sec.]
[LEEbkz:MW_Codeword_LEE:0.024029970169067383 sec.]
[LEEbkz:MW_Codeword_LEE:0.02430582046508789 sec.]
[LEEbkz:MW_Codeword_LEE:0.02408123016357422 sec.]
[LEEbkz:MW_Codeword_LEE:0.024029254913330078 sec.]
[LEEbkz:MW_Codeword_LEE:0.023986101150512695 sec.]
[LEEbkz:MW_Codeword_LEE:0.023999452590942383 sec.]
[LEEbkz:MW_Codeword_LEE:0.02443718910217285 sec.]
[LEEbkz:MW_Codeword_LEE:0.024150371551513672 sec.]
[LEEbkz:MW_Codeword_LEE:0.024034976959228516 sec.]
[LEEbkz:MW_Codeword_LEE:0.024155855178833008 sec.]
[LEEbkz:MW_Codeword_LEE:0.02427840232849121 sec.]
[LEEbkz:MW_Codeword_LEE:0.024026870727539062 sec.]
[LEEbkz:MW_Codeword_LEE:0.02407073974609375 sec.]
[LEEbkz:MW_Codeword_LEE:0.02400994300842285 sec.]
[LEEbkz:MW_Codeword_LEE:0.024061203002929688 sec.]
[LEEbkz:MW_Codeword_LEE:0.02400684356689453 sec.]
[LEEbkz:MW_Codeword_LEE:0.024561166763305664 sec.]
[LEEbkz:MW_Codeword_LEE:0.0237884521484375 sec.]
[LEEbkz:MW_Codeword_LEE:0.02435755729675293 sec.]
[LEEbkz:MW_Codeword_LEE:0.024117231369018555 sec.]
[LEEbkz:MW_Codeword_LEE:0.024039268493652344 sec.]
[LEEbkz:MW_Codeword_LEE:0.024054288864135742 sec.]
[LEEbkz:MW_Codeword_LEE:0.024072647094726562 sec.]
[LEEbkz:MW_Codeword_LEE:0.02414870262145996 sec.]
[LEEbkz:MW_Codeword_LEE:0.024025440216064453 sec.]
[LEEbkz:MW_Codeword_LEE:0.02392721176147461 sec.]
[LEEbkz:MW_Codeword_LEE:0.023868083953857422 sec.]
[LEEbkz:MW_Codeword_LEE:0.02378678321838379 sec.]
[LEEbkz:MW_Codeword_LEE:0.024273395538330078 sec.]
[LEEbkz:MW_Codeword_LEE:0.024022817611694336 sec.]
[LEEbkz:MW_Codeword_LEE:0.024072647094726562 sec.]
[LEEbkz:MW_Codeword_LEE:0.02401447296142578 sec.]
[LEEbkz:MW_Codeword_LEE:0.023958206176757812 sec.]
[LEEbkz:MW_Codeword_LEE:0.02398514747619629 sec.]
[LEEbkz:MW_Codeword_LEE:0.02416229248046875 sec.]
[LEEbkz:MW_Codeword_LEE:0.02407979965209961 sec.]
[LEEbkz:MW_Codeword_LEE:0.024029970169067383 sec.]
[LEEbkz:MW_Codeword_LEE:0.024205684661865234 sec.]
[LEEbkz:MW_Codeword_LEE:0.024078369140625 sec.]
[LEEbkz:MW_Codeword_LEE:0.024038314819335938 sec.]
[LEEbkz:MW_Codeword_LEE:0.02388930320739746 sec.]
[LEEbkz:MW_Codeword_LEE:0.024008989334106445 sec.]
[LEEbkz:MW_Codeword_LEE:0.024187803268432617 sec.]
[LEEbkz:MW_Codeword_LEE:0.024599313735961914 sec.]
[LEEbkz:MW_Codeword_LEE:0.024163246154785156 sec.]
[LEEbkz:MW_Codeword_LEE:0.02386641502380371 sec.]
[LEEbkz:MW_Codeword_LEE:0.024328947067260742 sec.]
[LEEbkz:MW_Codeword_LEE:0.023865938186645508 sec.]
[LEEbkz:MW_Codeword_LEE:0.024244308471679688 sec.]
[LEEbkz:MW_Codeword_LEE:0.02379775047302246 sec.]
[LEEbkz:MW_Codeword_LEE:0.02412271499633789 sec.]
[LEEbkz:MW_Codeword_LEE:0.023862600326538086 sec.]
[LEEbkz:MW_Codeword_LEE:0.024133920669555664 sec.]
[LEEbkz:MW_Codeword_LEE:0.023975849151611328 sec.]
[LEEbkz:MW_Codeword_LEE:0.02403116226196289 sec.]
[LEEbkz:MW_Codeword_LEE:0.02447652816772461 sec.]
[LEEbkz:MW_Codeword_LEE:0.023881912231445312 sec.]
[LEEbkz:MW_Codeword_LEE:0.023990869522094727 sec.]
[LEEbkz:MW_Codeword_LEE:0.024068117141723633 sec.]
[LEEbkz:MW_Codeword_LEE:0.024001121520996094 sec.]
[LEEbkz:MW_Codeword_LEE:0.023894071578979492 sec.]
[LEEbkz:MW_Codeword_LEE:0.024425506591796875 sec.]
[LEEbkz:MW_Codeword_LEE:0.023888826370239258 sec.]
[LEEbkz:MW_Codeword_LEE:0.023918867111206055 sec.]
[LEEbkz:MW_Codeword_LEE:0.024351119995117188 sec.]
[LEEbkz:MW_Codeword_LEE:0.023965120315551758 sec.]
[LEEbkz:MW_Codeword_LEE:0.02414083480834961 sec.]
[LEEbkz:MW_Codeword_LEE:0.02405095100402832 sec.]
[LEEbkz:MW_Codeword_LEE:0.024408578872680664 sec.]
[LEEbkz:MW_Codeword_LEE:0.024044036865234375 sec.]
[LEEbkz:MW_Codeword_LEE:0.0242767333984375 sec.]
[LEEbkz:MW_Codeword_LEE:0.02388167381286621 sec.]
[LEEbkz:MW_Codeword_LEE:0.023875951766967773 sec.]
[LEEbkz:MW_Codeword_LEE:0.02451610565185547 sec.]
[LEEbkz:MW_Codeword_LEE:0.023906707763671875 sec.]
[LEEbkz:MW_Codeword_LEE:0.024025917053222656 sec.]
[LEEbkz:MW_Codeword_LEE:0.023781538009643555 sec.]
[LEEbkz:MW_Codeword_LEE:0.07266664505004883 sec.]
[LEEbkz:MW_Codeword_LEE:0.02411651611328125 sec.]
[LEEbkz:MW_Codeword_LEE:0.024179697036743164 sec.]
[LEEbkz:MW_Codeword_LEE:0.024048805236816406 sec.]
[LEEbkz:MW_Codeword_LEE:0.024558544158935547 sec.]
[LEEbkz:MW_Codeword_LEE:0.024432897567749023 sec.]
[LEEbkz:MW_Codeword_LEE:0.023893117904663086 sec.]
[LEEbkz:MW_Codeword_LEE:0.024201631546020508 sec.]
[LEEbkz:MW_Codeword_LEE:0.02411198616027832 sec.]
[LEEbkz:MW_Codeword_LEE:0.023996829986572266 sec.]
[LEEbkz:MW_Codeword_LEE:0.024194002151489258 sec.]
[LEEbkz:MW_Codeword_LEE:0.02384638786315918 sec.]
[LEEbkz:MW_Codeword_LEE:0.024237394332885742 sec.]
[LEEbkz:MW_Codeword_LEE:0.023869752883911133 sec.]
[LEEbkz:MW_Codeword_LEE:0.02385401725769043 sec.]
[LEEbkz:MW_Codeword_LEE:0.02386617660522461 sec.]
[LEEbkz:MW_Codeword_LEE:0.02395033836364746 sec.]
[LEEbkz:MW_Codeword_LEE:0.0239870548248291 sec.]
[LEEbkz:MW_Codeword_LEE:0.02412271499633789 sec.]
[LEEbkz:MW_Codeword_LEE:0.07244873046875 sec.]
[LEEbkz:MW_Codeword_LEE:0.02374887466430664 sec.]
[LEEbkz:MW_Codeword_LEE:0.024174213409423828 sec.]
[LEEbkz:MW_Codeword_LEE:0.024126291275024414 sec.]
[LEEbkz:MW_Codeword_LEE:0.023941993713378906 sec.]
Hamming profile after BKZ: [459, 49, 8, 1, 1, 1, 1, 1, 1, 1, 1, 1, 1, 1, 1, 1, 1, 1, 1, 1, 1, 1, 1, 1, 1, 1, 1, 1, 1, 1, 1, 1, 1, 1, 1, 1, 1, 1, 1, 1, 1, 1, 1, 1, 1, 1, 1, 1, 1, 1, 1, 1, 1, 1, 1, 1, 1, 1, 1, 1, 1, 1, 1, 1, 1, 1, 1, 1, 1, 1, 1, 1, 1, 1, 1, 1, 1, 1, 1, 1, 1, 1, 1, 1, 1, 1, 1, 1, 1, 1, 1, 1, 1, 1, 1, 1, 1, 1, 1, 1, 1, 1, 1, 1, 1, 1, 1, 1, 1, 1, 1, 1, 1, 1, 1, 1, 1, 1, 1, 1, 1, 1, 1, 1, 1, 1, 1, 1, 1, 1, 1, 1, 1, 1, 1, 1, 1, 1, 1, 1, 1, 1, 1, 1, 1, 1, 1, 1, 1, 1, 1, 1, 1, 1, 1, 1, 1, 1, 1, 1, 1, 1, 1, 1, 1, 1, 1, 1, 1, 1, 1, 1, 1, 1, 1, 1, 1, 1, 1, 1, 1, 1, 1, 1, 1, 1, 1, 1, 1, 1, 1, 1, 1, 1, 1, 1, 1, 1, 1, 1, 1, 1, 1, 1, 1, 0, 1, 1, 1, 1, 1, 1, 1, 1, 1, 1, 1, 1, 1, 1, 1, 1, 1, 1, 1, 1, 1, 1, 1, 1, 1, 1, 1, 1, 1, 1, 1, 1, 1, 1, 1, 1, 1, 1, 1, 1, 1, 1, 1, 1, 1, 1, 1, 1, 1, 1, 1, 1, 1, 1, 1, 1, 1, 1, 1, 1, 1, 1, 1, 1, 1, 1, 1, 1, 1, 1, 1, 1, 1, 1, 1, 1, 1, 1, 1, 1, 1, 1, 1, 1, 1, 1, 1, 1, 1, 1, 1, 1, 1, 1, 1, 1, 1, 1, 1, 1, 1, 1, 1, 1, 1, 1, 1, 1, 1, 1, 1, 1, 1, 1, 1, 1, 1, 1, 1, 1, 1, 1, 1, 1, 1, 1, 1, 1, 1, 1, 1, 1, 1, 1, 1, 1, 1, 1, 1, 1, 1, 1, 1, 1, 1, 1, 1, 1, 1, 1, 1, 1, 1, 1, 1, 1, 1, 1, 1, 1, 1, 1, 1, 1, 1, 1, 1, 1, 1, 1, 1, 1, 1, 1, 1, 1, 1, 1, 1, 1, 1, 1, 1, 1, 1, 1, 1, 1, 1, 1, 1, 1, 1, 1, 1, 1, 1, 1, 1, 1, 1, 1, 1, 1, 1, 1, 1, 1, 1, 1, 1, 1, 1, 1, 1, 1, 1, 1, 1, 1, 1, 1, 1, 1, 1, 1, 1, 1, 1, 1, 1, 1, 1, 1, 1, 1, 1, 1, 1, 1, 1, 1, 1, 1, 1, 1, 1, 1, 1, 1, 1, 1, 1, 1, 1, 1, 1, 1, 1, 1, 1, 1, 1, 1, 1, 1, 1, 1, 1, 1, 1, 1, 1, 1, 1, 1, 1, 1, 1, 1, 1, 1, 1, 1, 1, 1, 1, 1, 1, 1, 1, 1, 1, 1, 1, 1, 1, 1, 1, 1, 1, 1, 1, 1, 1, 1]
Lee profile after BKZ: [1237, 104, 8, 1, 1, 1, 1, 1, 1, 1, 1, 1, 1, 1, 1, 1, 1, 1, 1, 1, 1, 1, 1, 1, 1, 1, 1, 1, 1, 1, 1, 1, 1, 1, 1, 1, 1, 1, 1, 1, 1, 1, 1, 1, 1, 1, 1, 1, 1, 1, 1, 1, 1, 1, 1, 1, 1, 1, 1, 1, 1, 1, 1, 1, 1, 1, 1, 1, 1, 1, 1, 1, 1, 1, 1, 1, 1, 1, 1, 1, 1, 1, 1, 1, 1, 1, 1, 1, 1, 1, 1, 1, 1, 1, 1, 1, 1, 1, 1, 1, 1, 1, 1, 1, 1, 1, 1, 1, 1, 1, 1, 1, 1, 1, 1, 1, 1, 1, 1, 1, 1, 1, 1, 1, 1, 1, 1, 1, 1, 1, 1, 1, 1, 1, 1, 1, 1, 1, 1, 1, 1, 1, 1, 1, 1, 1, 1, 1, 1, 1, 1, 1, 1, 1, 1, 1, 1, 1, 1, 1, 1, 1, 1, 1, 1, 1, 1, 1, 1, 1, 1, 1, 1, 1, 1, 1, 1, 1, 1, 1, 1, 1, 1, 1, 1, 1, 1, 1, 1, 1, 1, 1, 1, 1, 1, 1, 1, 1, 1, 1, 1, 1, 1, 1, 1, 0, 1, 1, 1, 1, 1, 1, 1, 1, 1, 1, 1, 1, 1, 1, 1, 1, 1, 1, 1, 1, 1, 1, 1, 1, 1, 1, 1, 1, 1, 1, 1, 1, 1, 1, 1, 1, 1, 1, 1, 1, 1, 1, 1, 1, 1, 1, 1, 1, 1, 1, 1, 1, 1, 1, 1, 1, 1, 1, 1, 1, 1, 1, 1, 1, 1, 1, 1, 1, 1, 1, 1, 1, 1, 1, 1, 1, 1, 1, 1, 1, 1, 1, 1, 1, 1, 1, 1, 1, 1, 1, 1, 1, 1, 1, 1, 1, 1, 1, 1, 1, 1, 1, 1, 1, 1, 1, 1, 1, 1, 1, 1, 1, 1, 1, 1, 1, 1, 1, 1, 1, 1, 1, 1, 1, 1, 1, 1, 1, 1, 1, 1, 1, 1, 1, 1, 1, 1, 1, 1, 1, 1, 1, 1, 1, 1, 1, 1, 1, 1, 1, 1, 1, 1, 1, 1, 1, 1, 1, 1, 1, 1, 1, 1, 1, 1, 1, 1, 1, 1, 1, 1, 1, 1, 1, 1, 1, 1, 1, 1, 1, 1, 1, 1, 1, 1, 1, 1, 1, 1, 1, 1, 1, 1, 1, 1, 1, 1, 1, 1, 1, 1, 1, 1, 1, 1, 1, 1, 1, 1, 1, 1, 1, 1, 1, 1, 1, 1, 1, 1, 1, 1, 1, 1, 1, 1, 1, 1, 1, 1, 1, 1, 1, 1, 1, 1, 1, 1, 1, 1, 1, 1, 1, 1, 1, 1, 1, 1, 1, 1, 1, 1, 1, 1, 1, 1, 1, 1, 1, 1, 1, 1, 1, 1, 1, 1, 1, 1, 1, 1, 1, 1, 1, 1, 1, 1, 1, 1, 1, 1, 1, 1, 1, 1, 1, 1, 1, 1, 1, 1, 1, 1, 1, 1, 1, 1, 1, 1, 1, 1, 1, 1, 1, 1, 1, 1, 1]
459<=B_red[0].wtL<=2295
B_red[0].wtH=459, B_red[0].wtL=1237

Hamming profile: [462, 47, 5, 2, 1, 1, 1, 1, 1, 1, 1, 1, 1, 1, 1, 1, 1, 1, 1, 1, 1, 1, 1, 1, 1, 1, 1, 1, 1, 1, 1, 1, 1, 1, 1, 1, 1, 1, 1, 1, 1, 1, 1, 1, 1, 1, 1, 1, 1, 1, 1, 1, 1, 1, 1, 1, 1, 1, 1, 1, 1, 1, 1, 1, 1, 1, 1, 1, 1, 1, 1, 1, 1, 1, 1, 1, 1, 1, 1, 1, 1, 1, 1, 1, 1, 1, 1, 1, 1, 1, 1, 1, 1, 1, 1, 1, 1, 1, 1, 1, 1, 1, 1, 1, 1, 1, 1, 1, 1, 1, 1, 1, 1, 1, 1, 1, 1, 1, 1, 1, 1, 1, 1, 1, 1, 1, 1, 1, 1, 1, 1, 1, 1, 1, 1, 1, 1, 1, 1, 1, 1, 1, 1, 1, 1, 1, 1, 1, 1, 1, 1, 1, 1, 1, 1, 1, 1, 1, 1, 1, 1, 1, 1, 1, 1, 1, 1, 1, 1, 1, 1, 1, 1, 1, 1, 1, 1, 1, 1, 1, 1, 1, 1, 1, 1, 1, 1, 1, 1, 1, 1, 1, 1, 1, 1, 1, 1, 1, 1, 1, 1, 1, 1, 1, 1, 1, 1, 1, 1, 1, 1, 1, 1, 1, 1, 1, 1, 1, 1, 1, 1, 1, 1, 1, 1, 1, 1, 1, 1, 1, 1, 1, 1, 1, 1, 1, 1, 1, 1, 1, 1, 1, 1, 1, 1, 1, 1, 1, 1, 1, 1, 1, 1, 1, 1, 1, 1, 1, 1, 1, 1, 1, 1, 1, 1, 1, 1, 1, 1, 1, 1, 1, 1, 1, 1, 1, 1, 1, 1, 1, 1, 1, 1, 1, 1, 1, 1, 1, 1, 1, 1, 1, 1, 1, 1, 1, 1, 1, 1, 1, 1, 1, 1, 1, 1, 1, 1, 1, 1, 1, 1, 1, 1, 1, 1, 1, 1, 1, 1, 1, 1, 1, 1, 1, 1, 1, 1, 1, 1, 1, 1, 1, 1, 1, 1, 1, 1, 1, 1, 1, 1, 1, 1, 1, 1, 1, 1, 1, 1, 1, 1, 1, 1, 1, 1, 1, 1, 1, 1, 1, 1, 1, 1, 1, 1, 1, 1, 1, 1, 1, 1, 1, 1, 1, 1, 1, 1, 1, 1, 1, 1, 1, 1, 1, 1, 1, 1, 1, 1, 1, 1, 1, 1, 1, 1, 1, 1, 1, 1, 1, 1, 1, 1, 1, 1, 1, 1, 1, 1, 1, 1, 1, 1, 1, 1, 1, 1, 1, 1, 1, 1, 1, 1, 1, 1, 1, 1, 1, 1, 1, 1, 1, 1, 1, 1, 1, 1, 1, 1, 1, 1, 1, 1, 1, 1, 1, 1, 1, 1, 1, 1, 1, 1, 1, 1, 1, 1, 1, 1, 1, 1, 1, 1, 1, 1, 1, 1, 1, 1, 1, 1, 1, 1, 1, 1, 1, 1, 1, 1, 1, 1, 1, 1, 1, 1, 1, 1, 1, 1, 1, 1, 1, 1, 1, 1, 1, 1, 1, 1, 1, 1, 1, 1, 1, 1, 1, 1, 1, 1, 1, 1, 1]
Lee profile: [1370, 139, 18, 2, 1, 1, 1, 1, 1, 1, 1, 1, 1, 1, 1, 1, 1, 1, 1, 1, 1, 1, 1, 1, 1, 1, 1, 1, 1, 1, 1, 1, 1, 1, 1, 1, 1, 1, 1, 1, 1, 1, 1, 1, 1, 1, 1, 1, 1, 1, 1, 1, 1, 1, 1, 1, 1, 1, 1, 1, 1, 1, 1, 1, 1, 1, 1, 1, 1, 1, 1, 1, 1, 1, 1, 1, 1, 1, 1, 1, 1, 1, 1, 1, 1, 1, 1, 1, 1, 1, 1, 1, 1, 1, 1, 1, 1, 1, 1, 1, 1, 1, 1, 1, 1, 1, 1, 1, 1, 1, 1, 1, 1, 1, 1, 1, 1, 1, 1, 1, 1, 1, 1, 1, 1, 1, 1, 1, 1, 1, 1, 1, 1, 1, 1, 1, 1, 1, 1, 1, 1, 1, 1, 1, 1, 1, 1, 1, 1, 1, 1, 1, 1, 1, 1, 1, 1, 1, 1, 1, 1, 1, 1, 1, 1, 1, 1, 1, 1, 1, 1, 1, 1, 1, 1, 1, 1, 1, 1, 1, 1, 1, 1, 1, 1, 1, 1, 1, 1, 1, 1, 1, 1, 1, 1, 1, 1, 1, 1, 1, 1, 1, 1, 1, 1, 1, 1, 1, 1, 1, 1, 1, 1, 1, 1, 1, 1, 1, 1, 1, 1, 1, 1, 1, 1, 1, 1, 1, 1, 1, 1, 1, 1, 1, 1, 1, 1, 1, 1, 1, 1, 1, 1, 1, 1, 1, 1, 1, 1, 1, 1, 1, 1, 1, 1, 1, 1, 1, 1, 1, 1, 1, 1, 1, 1, 1, 1, 1, 1, 1, 1, 1, 1, 1, 1, 1, 1, 1, 1, 1, 1, 1, 1, 1, 1, 1, 1, 1, 1, 1, 1, 1, 1, 1, 1, 1, 1, 1, 1, 1, 1, 1, 1, 1, 1, 1, 1, 1, 1, 1, 1, 1, 1, 1, 1, 1, 1, 1, 1, 1, 1, 1, 1, 1, 1, 1, 1, 1, 1, 1, 1, 1, 1, 1, 1, 1, 1, 1, 1, 1, 1, 1, 1, 1, 1, 1, 1, 1, 1, 1, 1, 1, 1, 1, 1, 1, 1, 1, 1, 1, 1, 1, 1, 1, 1, 1, 1, 1, 1, 1, 1, 1, 1, 1, 1, 1, 1, 1, 1, 1, 1, 1, 1, 1, 1, 1, 1, 1, 1, 1, 1, 1, 1, 1, 1, 1, 1, 1, 1, 1, 1, 1, 1, 1, 1, 1, 1, 1, 1, 1, 1, 1, 1, 1, 1, 1, 1, 1, 1, 1, 1, 1, 1, 1, 1, 1, 1, 1, 1, 1, 1, 1, 1, 1, 1, 1, 1, 1, 1, 1, 1, 1, 1, 1, 1, 1, 1, 1, 1, 1, 1, 1, 1, 1, 1, 1, 1, 1, 1, 1, 1, 1, 1, 1, 1, 1, 1, 1, 1, 1, 1, 1, 1, 1, 1, 1, 1, 1, 1, 1, 1, 1, 1, 1, 1, 1, 1, 1, 1, 1, 1, 1, 1, 1, 1, 1, 1, 1, 1, 1, 1, 1, 1, 1, 1, 1, 1, 1, 1, 1, 1, 1]
462<=B[0].wtL<=2310
B[0].wtH=462, B[0].wtL=1370

--- LeeBKZ with beta=5, bkz with minimum_lee_wt_codeword (may be non-primitive) ---
[LEEbkz:MW_Codeword_LEE:0.0358881950378418 sec.]
[LEEbkz:MW_Codeword_LEE:0.02349400520324707 sec.]
[LEEbkz:MW_Codeword_LEE:0.036047935485839844 sec.]
[LEEbkz:MW_Codeword_LEE:0.02324819564819336 sec.]
[LEEbkz:MW_Codeword_LEE:0.035481929779052734 sec.]
[LEEbkz:MW_Codeword_LEE:0.02321648597717285 sec.]
[LEEbkz:MW_Codeword_LEE:0.0210573673248291 sec.]
[LEEbkz:MW_Codeword_LEE:0.0354006290435791 sec.]
[LEEbkz:MW_Codeword_LEE:0.02278876304626465 sec.]
[LEEbkz:MW_Codeword_LEE:0.020978689193725586 sec.]
[LEEbkz:MW_Codeword_LEE:0.020839214324951172 sec.]
[LEEbkz:MW_Codeword_LEE:0.03539228439331055 sec.]
[LEEbkz:MW_Codeword_LEE:0.022793292999267578 sec.]
[LEEbkz:MW_Codeword_LEE:0.021006345748901367 sec.]
[LEEbkz:MW_Codeword_LEE:0.020971298217773438 sec.]
[LEEbkz:MW_Codeword_LEE:0.03593611717224121 sec.]
[LEEbkz:MW_Codeword_LEE:0.023119449615478516 sec.]
[LEEbkz:MW_Codeword_LEE:0.021175384521484375 sec.]
[LEEbkz:MW_Codeword_LEE:0.02131199836730957 sec.]
[LEEbkz:MW_Codeword_LEE:0.023066997528076172 sec.]
[LEEbkz:MW_Codeword_LEE:0.021075725555419922 sec.]
Hamming profile after BKZ: [446, 60, 9, 1, 1, 1, 1, 1, 1, 1, 1, 1, 1, 1, 1, 1, 1, 1, 1, 1, 1, 1, 1, 1, 1, 1, 1, 1, 1, 1, 1, 1, 1, 1, 1, 1, 1, 1, 1, 1, 1, 1, 1, 1, 1, 1, 1, 1, 1, 1, 1, 1, 1, 1, 1, 1, 1, 1, 1, 1, 1, 1, 1, 1, 1, 1, 1, 1, 1, 1, 1, 1, 1, 1, 1, 1, 1, 1, 1, 1, 1, 1, 1, 1, 1, 1, 1, 1, 1, 1, 1, 1, 1, 1, 1, 1, 1, 1, 1, 1, 1, 1, 1, 1, 1, 1, 1, 1, 1, 1, 1, 1, 1, 1, 1, 1, 1, 1, 1, 1, 1, 1, 1, 1, 1, 1, 1, 1, 1, 1, 1, 1, 1, 1, 1, 1, 1, 1, 1, 1, 1, 1, 1, 1, 1, 1, 1, 1, 1, 1, 1, 1, 1, 1, 1, 1, 1, 1, 1, 1, 1, 1, 1, 1, 1, 1, 1, 1, 1, 1, 1, 1, 1, 1, 1, 1, 1, 1, 1, 1, 1, 1, 1, 1, 1, 1, 1, 1, 1, 1, 1, 1, 1, 1, 1, 1, 1, 1, 1, 1, 1, 1, 1, 1, 1, 1, 1, 1, 1, 1, 1, 1, 1, 1, 1, 1, 1, 1, 1, 1, 1, 1, 1, 1, 1, 1, 1, 1, 1, 1, 1, 1, 1, 1, 1, 1, 1, 1, 1, 1, 1, 1, 1, 1, 1, 1, 1, 1, 1, 1, 1, 1, 1, 1, 1, 1, 1, 1, 1, 1, 1, 1, 1, 1, 1, 1, 1, 1, 1, 1, 1, 1, 1, 1, 1, 1, 1, 1, 1, 1, 1, 1, 1, 1, 1, 1, 1, 1, 1, 1, 1, 1, 1, 1, 1, 1, 1, 1, 1, 1, 1, 1, 1, 1, 1, 1, 1, 1, 1, 1, 1, 1, 1, 1, 1, 1, 1, 1, 1, 1, 1, 1, 1, 1, 1, 1, 1, 1, 1, 1, 1, 1, 1, 1, 1, 1, 1, 1, 1, 1, 1, 1, 1, 1, 1, 1, 1, 1, 1, 1, 1, 1, 1, 1, 1, 1, 1, 1, 1, 1, 1, 1, 1, 1, 1, 1, 1, 1, 1, 1, 1, 1, 1, 1, 1, 1, 1, 1, 1, 1, 1, 1, 1, 1, 1, 1, 1, 1, 1, 1, 1, 1, 1, 1, 1, 1, 1, 1, 1, 1, 1, 1, 1, 1, 1, 1, 1, 1, 1, 1, 1, 1, 1, 1, 1, 1, 1, 1, 1, 1, 1, 1, 1, 1, 1, 1, 1, 1, 1, 1, 1, 1, 1, 1, 1, 1, 1, 1, 1, 1, 1, 1, 1, 1, 1, 1, 1, 1, 1, 1, 1, 1, 1, 1, 1, 1, 1, 1, 1, 1, 1, 1, 1, 1, 1, 1, 1, 1, 1, 1, 1, 1, 1, 1, 1, 1, 1, 1, 1, 1, 1, 1, 1, 1, 1, 1, 1, 1, 1, 1, 1, 1, 1, 1, 1, 1, 1, 1, 1, 1, 1, 1, 1, 1, 1, 1, 1, 1, 1, 1, 1, 1]
Lee profile after BKZ: [1244, 136, 13, 1, 1, 1, 1, 1, 1, 1, 1, 1, 1, 1, 1, 1, 1, 1, 1, 1, 1, 1, 1, 1, 1, 1, 1, 1, 1, 1, 1, 1, 1, 1, 1, 1, 1, 1, 1, 1, 1, 1, 1, 1, 1, 1, 1, 1, 1, 1, 1, 1, 1, 1, 1, 1, 1, 1, 1, 1, 1, 1, 1, 1, 1, 1, 1, 1, 1, 1, 1, 1, 1, 1, 1, 1, 1, 1, 1, 1, 1, 1, 1, 1, 1, 1, 1, 1, 1, 1, 1, 1, 1, 1, 1, 1, 1, 1, 1, 1, 1, 1, 1, 1, 1, 1, 1, 1, 1, 1, 1, 1, 1, 1, 1, 1, 1, 1, 1, 1, 1, 1, 1, 1, 1, 1, 1, 1, 1, 1, 1, 1, 1, 1, 1, 1, 1, 1, 1, 1, 1, 1, 1, 1, 1, 1, 1, 1, 1, 1, 1, 1, 1, 1, 1, 1, 1, 1, 1, 1, 1, 1, 1, 1, 1, 1, 1, 1, 1, 1, 1, 1, 1, 1, 1, 1, 1, 1, 1, 1, 1, 1, 1, 1, 1, 1, 1, 1, 1, 1, 1, 1, 1, 1, 1, 1, 1, 1, 1, 1, 1, 1, 1, 1, 1, 1, 1, 1, 1, 1, 1, 1, 1, 1, 1, 1, 1, 1, 1, 1, 1, 1, 1, 1, 1, 1, 1, 1, 1, 1, 1, 1, 1, 1, 1, 1, 1, 1, 1, 1, 1, 1, 1, 1, 1, 1, 1, 1, 1, 1, 1, 1, 1, 1, 1, 1, 1, 1, 1, 1, 1, 1, 1, 1, 1, 1, 1, 1, 1, 1, 1, 1, 1, 1, 1, 1, 1, 1, 1, 1, 1, 1, 1, 1, 1, 1, 1, 1, 1, 1, 1, 1, 1, 1, 1, 1, 1, 1, 1, 1, 1, 1, 1, 1, 1, 1, 1, 1, 1, 1, 1, 1, 1, 1, 1, 1, 1, 1, 1, 1, 1, 1, 1, 1, 1, 1, 1, 1, 1, 1, 1, 1, 1, 1, 1, 1, 1, 1, 1, 1, 1, 1, 1, 1, 1, 1, 1, 1, 1, 1, 1, 1, 1, 1, 1, 1, 1, 1, 1, 1, 1, 1, 1, 1, 1, 1, 1, 1, 1, 1, 1, 1, 1, 1, 1, 1, 1, 1, 1, 1, 1, 1, 1, 1, 1, 1, 1, 1, 1, 1, 1, 1, 1, 1, 1, 1, 1, 1, 1, 1, 1, 1, 1, 1, 1, 1, 1, 1, 1, 1, 1, 1, 1, 1, 1, 1, 1, 1, 1, 1, 1, 1, 1, 1, 1, 1, 1, 1, 1, 1, 1, 1, 1, 1, 1, 1, 1, 1, 1, 1, 1, 1, 1, 1, 1, 1, 1, 1, 1, 1, 1, 1, 1, 1, 1, 1, 1, 1, 1, 1, 1, 1, 1, 1, 1, 1, 1, 1, 1, 1, 1, 1, 1, 1, 1, 1, 1, 1, 1, 1, 1, 1, 1, 1, 1, 1, 1, 1, 1, 1, 1, 1, 1, 1, 1, 1, 1, 1, 1, 1, 1, 1, 1, 1, 1, 1, 1, 1, 1, 1, 1, 1]
446<=B_red[0].wtL<=2230
B_red[0].wtH=446, B_red[0].wtL=1244

Hamming profile: [460, 49, 6, 1, 1, 1, 1, 1, 1, 1, 1, 1, 1, 1, 1, 1, 1, 1, 1, 1, 1, 1, 1, 1, 1, 1, 1, 1, 1, 1, 1, 1, 1, 1, 1, 1, 1, 1, 1, 1, 1, 1, 1, 1, 1, 1, 1, 1, 1, 1, 1, 1, 1, 1, 1, 1, 1, 1, 1, 1, 1, 1, 1, 1, 1, 1, 1, 1, 1, 1, 1, 1, 1, 1, 1, 1, 1, 1, 1, 1, 1, 1, 1, 1, 1, 1, 1, 1, 1, 1, 1, 1, 1, 1, 1, 1, 1, 1, 1, 1, 1, 1, 1, 1, 1, 1, 1, 1, 1, 1, 1, 1, 1, 1, 1, 1, 1, 1, 1, 1, 1, 1, 1, 1, 1, 1, 1, 1, 1, 1, 1, 1, 1, 1, 1, 1, 1, 1, 1, 1, 1, 1, 1, 1, 1, 1, 1, 1, 1, 1, 1, 1, 1, 1, 1, 1, 1, 1, 1, 1, 1, 1, 1, 1, 1, 1, 1, 1, 1, 1, 1, 1, 1, 1, 1, 1, 1, 1, 1, 1, 1, 1, 1, 1, 1, 1, 1, 1, 1, 1, 1, 1, 1, 1, 1, 1, 1, 1, 1, 1, 1, 1, 1, 1, 1, 1, 1, 1, 1, 1, 1, 1, 1, 1, 1, 1, 1, 1, 1, 1, 1, 1, 1, 1, 1, 1, 1, 1, 1, 1, 1, 1, 1, 1, 1, 1, 1, 1, 1, 1, 1, 1, 1, 1, 1, 1, 1, 1, 1, 1, 1, 1, 1, 1, 1, 1, 1, 1, 1, 1, 1, 1, 1, 1, 1, 1, 1, 1, 1, 1, 1, 1, 1, 1, 1, 1, 1, 1, 1, 1, 1, 1, 1, 1, 1, 1, 1, 1, 1, 1, 1, 1, 1, 1, 1, 1, 1, 1, 1, 1, 1, 1, 1, 1, 1, 1, 1, 1, 1, 1, 1, 1, 1, 1, 1, 1, 1, 1, 1, 1, 1, 1, 1, 1, 1, 1, 1, 1, 1, 1, 1, 1, 1, 1, 1, 1, 1, 1, 1, 1, 1, 1, 1, 1, 1, 1, 1, 1, 1, 1, 1, 1, 1, 1, 1, 1, 1, 1, 1, 1, 1, 1, 1, 1, 1, 1, 1, 1, 1, 1, 1, 1, 1, 1, 1, 1, 1, 1, 1, 1, 1, 1, 1, 1, 1, 1, 1, 1, 1, 1, 1, 1, 1, 1, 1, 1, 1, 1, 1, 1, 1, 1, 1, 1, 1, 1, 1, 1, 1, 1, 1, 1, 1, 1, 1, 1, 1, 1, 1, 1, 1, 1, 1, 1, 1, 1, 1, 1, 1, 1, 1, 1, 1, 1, 1, 1, 1, 1, 1, 1, 1, 1, 1, 1, 1, 1, 1, 1, 1, 1, 1, 1, 1, 1, 1, 1, 1, 1, 1, 1, 1, 1, 1, 1, 1, 1, 1, 1, 1, 1, 1, 1, 1, 1, 1, 1, 1, 1, 1, 1, 1, 1, 1, 1, 1, 1, 1, 1, 1, 1, 1, 1, 1, 1, 1, 1, 1, 1, 1, 1, 1, 1, 1, 1, 1, 1, 1, 1, 1, 1, 1, 1]
Lee profile: [1429, 149, 20, 1, 1, 1, 1, 1, 1, 1, 1, 1, 1, 1, 1, 1, 1, 1, 1, 1, 1, 1, 1, 1, 1, 1, 1, 1, 1, 1, 1, 1, 1, 1, 1, 1, 1, 1, 1, 1, 1, 1, 1, 1, 1, 1, 1, 1, 1, 1, 1, 1, 1, 1, 1, 1, 1, 1, 1, 1, 1, 1, 1, 1, 1, 1, 1, 1, 1, 1, 1, 1, 1, 1, 1, 1, 1, 1, 1, 1, 1, 1, 1, 1, 1, 1, 1, 1, 1, 1, 1, 1, 1, 1, 1, 1, 1, 1, 1, 1, 1, 1, 1, 1, 1, 1, 1, 1, 1, 1, 1, 1, 1, 1, 1, 1, 1, 1, 1, 1, 1, 1, 1, 1, 1, 1, 1, 1, 1, 1, 1, 1, 1, 1, 1, 1, 1, 1, 1, 1, 1, 1, 1, 1, 1, 1, 1, 1, 1, 1, 1, 1, 1, 1, 1, 1, 1, 1, 1, 1, 1, 1, 1, 1, 1, 1, 1, 1, 1, 1, 1, 1, 1, 1, 1, 1, 1, 1, 1, 1, 1, 1, 1, 1, 1, 1, 1, 1, 1, 1, 1, 1, 1, 1, 1, 1, 1, 1, 1, 1, 1, 1, 1, 1, 1, 1, 1, 1, 1, 1, 1, 1, 1, 1, 1, 1, 1, 1, 1, 1, 1, 1, 1, 1, 1, 1, 1, 1, 1, 1, 1, 1, 1, 1, 1, 1, 1, 1, 1, 1, 1, 1, 1, 1, 1, 1, 1, 1, 1, 1, 1, 1, 1, 1, 1, 1, 1, 1, 1, 1, 1, 1, 1, 1, 1, 1, 1, 1, 1, 1, 1, 1, 1, 1, 1, 1, 1, 1, 1, 1, 1, 1, 1, 1, 1, 1, 1, 1, 1, 1, 1, 1, 1, 1, 1, 1, 1, 1, 1, 1, 1, 1, 1, 1, 1, 1, 1, 1, 1, 1, 1, 1, 1, 1, 1, 1, 1, 1, 1, 1, 1, 1, 1, 1, 1, 1, 1, 1, 1, 1, 1, 1, 1, 1, 1, 1, 1, 1, 1, 1, 1, 1, 1, 1, 1, 1, 1, 1, 1, 1, 1, 1, 1, 1, 1, 1, 1, 1, 1, 1, 1, 1, 1, 1, 1, 1, 1, 1, 1, 1, 1, 1, 1, 1, 1, 1, 1, 1, 1, 1, 1, 1, 1, 1, 1, 1, 1, 1, 1, 1, 1, 1, 1, 1, 1, 1, 1, 1, 1, 1, 1, 1, 1, 1, 1, 1, 1, 1, 1, 1, 1, 1, 1, 1, 1, 1, 1, 1, 1, 1, 1, 1, 1, 1, 1, 1, 1, 1, 1, 1, 1, 1, 1, 1, 1, 1, 1, 1, 1, 1, 1, 1, 1, 1, 1, 1, 1, 1, 1, 1, 1, 1, 1, 1, 1, 1, 1, 1, 1, 1, 1, 1, 1, 1, 1, 1, 1, 1, 1, 1, 1, 1, 1, 1, 1, 1, 1, 1, 1, 1, 1, 1, 1, 1, 1, 1, 1, 1, 1, 1, 1, 1, 1, 1, 1, 1, 1, 1, 1, 1, 1, 1, 1, 1, 1, 1, 1, 1, 1, 1, 1, 1]
460<=B[0].wtL<=2300
B[0].wtH=460, B[0].wtL=1429

--- LeeBKZ with beta=5, bkz with minimum_lee_wt_codeword (may be non-primitive) ---
[LEEbkz:MW_Codeword_LEE:0.03587937355041504 sec.]
[LEEbkz:MW_Codeword_LEE:0.02263641357421875 sec.]
[LEEbkz:MW_Codeword_LEE:0.03562164306640625 sec.]
[LEEbkz:MW_Codeword_LEE:0.022712230682373047 sec.]
[LEEbkz:MW_Codeword_LEE:0.021210908889770508 sec.]
[LEEbkz:MW_Codeword_LEE:0.03586769104003906 sec.]
[LEEbkz:MW_Codeword_LEE:0.02261209487915039 sec.]
[LEEbkz:MW_Codeword_LEE:0.03563070297241211 sec.]
[LEEbkz:MW_Codeword_LEE:0.02238178253173828 sec.]
[LEEbkz:MW_Codeword_LEE:0.035596609115600586 sec.]
[LEEbkz:MW_Codeword_LEE:0.022470474243164062 sec.]
[LEEbkz:MW_Codeword_LEE:0.021446704864501953 sec.]
[LEEbkz:MW_Codeword_LEE:0.0353238582611084 sec.]
[LEEbkz:MW_Codeword_LEE:0.02219986915588379 sec.]
[LEEbkz:MW_Codeword_LEE:0.03551745414733887 sec.]
[LEEbkz:MW_Codeword_LEE:0.02240610122680664 sec.]
[LEEbkz:MW_Codeword_LEE:0.020809173583984375 sec.]
[LEEbkz:MW_Codeword_LEE:0.03518033027648926 sec.]
[LEEbkz:MW_Codeword_LEE:0.023202896118164062 sec.]
[LEEbkz:MW_Codeword_LEE:0.03534698486328125 sec.]
[LEEbkz:MW_Codeword_LEE:0.022686243057250977 sec.]
[LEEbkz:MW_Codeword_LEE:0.021045923233032227 sec.]
[LEEbkz:MW_Codeword_LEE:0.03522157669067383 sec.]
[LEEbkz:MW_Codeword_LEE:0.02258920669555664 sec.]
[LEEbkz:MW_Codeword_LEE:0.02092742919921875 sec.]
[LEEbkz:MW_Codeword_LEE:0.02110910415649414 sec.]
[LEEbkz:MW_Codeword_LEE:0.035712242126464844 sec.]
[LEEbkz:MW_Codeword_LEE:0.022691965103149414 sec.]
[LEEbkz:MW_Codeword_LEE:0.021105527877807617 sec.]
[LEEbkz:MW_Codeword_LEE:0.02122974395751953 sec.]
[LEEbkz:MW_Codeword_LEE:0.021285295486450195 sec.]
[LEEbkz:MW_Codeword_LEE:0.035752296447753906 sec.]
[LEEbkz:MW_Codeword_LEE:0.022612333297729492 sec.]
[LEEbkz:MW_Codeword_LEE:0.020888805389404297 sec.]
[LEEbkz:MW_Codeword_LEE:0.020954132080078125 sec.]
[LEEbkz:MW_Codeword_LEE:0.020838260650634766 sec.]
[LEEbkz:MW_Codeword_LEE:0.02065587043762207 sec.]
[LEEbkz:MW_Codeword_LEE:0.023038148880004883 sec.]
[LEEbkz:MW_Codeword_LEE:0.021390438079833984 sec.]
[LEEbkz:MW_Codeword_LEE:0.02107405662536621 sec.]
[LEEbkz:MW_Codeword_LEE:0.020930051803588867 sec.]
[LEEbkz:MW_Codeword_LEE:0.0210878849029541 sec.]
[LEEbkz:MW_Codeword_LEE:0.02116084098815918 sec.]
[LEEbkz:MW_Codeword_LEE:0.020676374435424805 sec.]
[LEEbkz:MW_Codeword_LEE:0.020836353302001953 sec.]
Hamming profile after BKZ: [453, 54, 6, 2, 2, 1, 1, 1, 1, 1, 1, 1, 1, 1, 1, 1, 1, 1, 1, 1, 1, 1, 1, 1, 1, 1, 1, 1, 1, 1, 1, 1, 1, 1, 1, 1, 1, 1, 1, 1, 1, 1, 1, 1, 1, 1, 1, 1, 1, 1, 1, 1, 1, 1, 1, 1, 1, 1, 1, 1, 1, 1, 1, 1, 1, 1, 1, 1, 1, 1, 1, 1, 1, 1, 1, 1, 1, 1, 1, 1, 1, 1, 1, 1, 1, 1, 1, 1, 1, 1, 1, 1, 1, 1, 1, 1, 1, 1, 1, 1, 1, 1, 1, 1, 1, 1, 1, 1, 1, 1, 1, 1, 1, 1, 1, 1, 1, 1, 1, 1, 1, 1, 1, 1, 1, 1, 1, 1, 1, 1, 1, 1, 1, 1, 1, 1, 1, 1, 1, 1, 1, 1, 1, 1, 1, 1, 1, 1, 1, 1, 1, 1, 1, 1, 1, 1, 1, 1, 1, 1, 1, 1, 1, 1, 1, 1, 1, 1, 1, 1, 1, 1, 1, 1, 1, 1, 1, 1, 1, 1, 1, 1, 1, 1, 1, 1, 1, 1, 1, 1, 1, 1, 1, 1, 1, 1, 1, 1, 1, 1, 1, 1, 1, 1, 1, 1, 1, 1, 1, 1, 1, 1, 1, 1, 1, 1, 1, 1, 1, 1, 1, 1, 1, 1, 1, 1, 1, 1, 1, 1, 1, 1, 1, 1, 1, 1, 1, 1, 1, 1, 1, 1, 1, 1, 1, 1, 1, 1, 1, 1, 1, 1, 1, 1, 1, 1, 1, 1, 1, 1, 1, 1, 1, 1, 1, 1, 1, 1, 1, 1, 1, 1, 1, 1, 1, 1, 1, 1, 1, 1, 1, 1, 1, 1, 1, 1, 1, 1, 1, 1, 1, 1, 1, 1, 1, 1, 1, 1, 1, 1, 1, 1, 1, 1, 1, 1, 1, 1, 1, 1, 1, 1, 1, 1, 1, 1, 1, 1, 1, 1, 1, 1, 1, 1, 1, 1, 1, 1, 1, 1, 1, 1, 1, 1, 1, 1, 1, 1, 1, 1, 1, 1, 1, 1, 1, 1, 1, 1, 1, 1, 1, 1, 1, 1, 1, 1, 1, 1, 1, 1, 1, 1, 1, 1, 1, 1, 1, 1, 1, 1, 1, 1, 1, 1, 1, 1, 1, 1, 1, 1, 1, 1, 1, 1, 1, 1, 1, 1, 1, 1, 1, 1, 1, 1, 1, 1, 1, 1, 1, 1, 1, 1, 1, 1, 1, 1, 1, 1, 1, 1, 1, 1, 1, 1, 1, 1, 1, 1, 1, 1, 1, 1, 1, 1, 1, 1, 1, 1, 1, 1, 1, 1, 1, 1, 1, 1, 1, 1, 1, 1, 1, 1, 1, 1, 1, 1, 1, 1, 1, 1, 1, 1, 1, 1, 1, 1, 1, 1, 1, 1, 1, 1, 1, 1, 1, 1, 1, 1, 1, 1, 1, 1, 1, 1, 1, 1, 1, 1, 1, 1, 1, 1, 1, 1, 1, 1, 1, 1, 1, 1, 1, 1, 1, 1, 1, 1, 1, 1, 1, 1, 1, 1, 1, 1, 1, 1, 1, 1, 1, 1, 1, 1]
Lee profile after BKZ: [1226, 120, 10, 3, 2, 1, 1, 1, 1, 1, 1, 1, 1, 1, 1, 1, 1, 1, 1, 1, 1, 1, 1, 1, 1, 1, 1, 1, 1, 1, 1, 1, 1, 1, 1, 1, 1, 1, 1, 1, 1, 1, 1, 1, 1, 1, 1, 1, 1, 1, 1, 1, 1, 1, 1, 1, 1, 1, 1, 1, 1, 1, 1, 1, 1, 1, 1, 1, 1, 1, 1, 1, 1, 1, 1, 1, 1, 1, 1, 1, 1, 1, 1, 1, 1, 1, 1, 1, 1, 1, 1, 1, 1, 1, 1, 1, 1, 1, 1, 1, 1, 1, 1, 1, 1, 1, 1, 1, 1, 1, 1, 1, 1, 1, 1, 1, 1, 1, 1, 1, 1, 1, 1, 1, 1, 1, 1, 1, 1, 1, 1, 1, 1, 1, 1, 1, 1, 1, 1, 1, 1, 1, 1, 1, 1, 1, 1, 1, 1, 1, 1, 1, 1, 1, 1, 1, 1, 1, 1, 1, 1, 1, 1, 1, 1, 1, 1, 1, 1, 1, 1, 1, 1, 1, 1, 1, 1, 1, 1, 1, 1, 1, 1, 1, 1, 1, 1, 1, 1, 1, 1, 1, 1, 1, 1, 1, 1, 1, 1, 1, 1, 1, 1, 1, 1, 1, 1, 1, 1, 1, 1, 1, 1, 1, 1, 1, 1, 1, 1, 1, 1, 1, 1, 1, 1, 1, 1, 1, 1, 1, 1, 1, 1, 1, 1, 1, 1, 1, 1, 1, 1, 1, 1, 1, 1, 1, 1, 1, 1, 1, 1, 1, 1, 1, 1, 1, 1, 1, 1, 1, 1, 1, 1, 1, 1, 1, 1, 1, 1, 1, 1, 1, 1, 1, 1, 1, 1, 1, 1, 1, 1, 1, 1, 1, 1, 1, 1, 1, 1, 1, 1, 1, 1, 1, 1, 1, 1, 1, 1, 1, 1, 1, 1, 1, 1, 1, 1, 1, 1, 1, 1, 1, 1, 1, 1, 1, 1, 1, 1, 1, 1, 1, 1, 1, 1, 1, 1, 1, 1, 1, 1, 1, 1, 1, 1, 1, 1, 1, 1, 1, 1, 1, 1, 1, 1, 1, 1, 1, 1, 1, 1, 1, 1, 1, 1, 1, 1, 1, 1, 1, 1, 1, 1, 1, 1, 1, 1, 1, 1, 1, 1, 1, 1, 1, 1, 1, 1, 1, 1, 1, 1, 1, 1, 1, 1, 1, 1, 1, 1, 1, 1, 1, 1, 1, 1, 1, 1, 1, 1, 1, 1, 1, 1, 1, 1, 1, 1, 1, 1, 1, 1, 1, 1, 1, 1, 1, 1, 1, 1, 1, 1, 1, 1, 1, 1, 1, 1, 1, 1, 1, 1, 1, 1, 1, 1, 1, 1, 1, 1, 1, 1, 1, 1, 1, 1, 1, 1, 1, 1, 1, 1, 1, 1, 1, 1, 1, 1, 1, 1, 1, 1, 1, 1, 1, 1, 1, 1, 1, 1, 1, 1, 1, 1, 1, 1, 1, 1, 1, 1, 1, 1, 1, 1, 1, 1, 1, 1, 1, 1, 1, 1, 1, 1, 1, 1, 1, 1, 1, 1, 1, 1, 1, 1, 1, 1, 1, 1, 1, 1, 1, 1, 1]
453<=B_red[0].wtL<=2265
B_red[0].wtH=453, B_red[0].wtL=1226

Hamming profile: [473, 40, 2, 1, 1, 1, 1, 1, 1, 1, 1, 1, 1, 1, 1, 1, 1, 1, 1, 1, 1, 1, 1, 1, 1, 1, 1, 1, 1, 1, 1, 1, 1, 1, 1, 1, 1, 1, 1, 1, 1, 1, 1, 1, 1, 1, 1, 1, 1, 1, 1, 1, 1, 1, 1, 1, 1, 1, 1, 1, 1, 1, 1, 1, 1, 1, 1, 1, 1, 1, 1, 1, 1, 1, 1, 1, 1, 1, 1, 1, 1, 1, 1, 1, 1, 1, 1, 1, 1, 1, 1, 1, 1, 1, 1, 1, 1, 1, 1, 1, 1, 1, 1, 1, 1, 1, 1, 1, 1, 1, 1, 1, 1, 1, 1, 1, 1, 1, 1, 1, 1, 1, 1, 1, 1, 1, 1, 1, 1, 1, 1, 1, 1, 1, 1, 1, 1, 1, 1, 1, 1, 1, 1, 1, 1, 1, 1, 1, 1, 1, 1, 1, 1, 1, 1, 1, 1, 1, 1, 1, 1, 1, 1, 1, 1, 1, 1, 1, 1, 1, 1, 1, 1, 1, 1, 1, 1, 1, 1, 1, 1, 1, 1, 1, 1, 1, 1, 1, 1, 1, 1, 1, 1, 1, 1, 1, 1, 1, 1, 1, 1, 1, 1, 1, 1, 1, 1, 1, 1, 1, 1, 1, 1, 1, 1, 1, 1, 1, 1, 1, 1, 1, 1, 1, 1, 1, 1, 1, 1, 1, 1, 1, 1, 1, 1, 1, 1, 1, 1, 1, 1, 1, 1, 1, 1, 1, 1, 1, 1, 1, 1, 1, 1, 1, 1, 1, 1, 1, 1, 1, 1, 1, 1, 1, 1, 1, 1, 1, 1, 1, 1, 1, 1, 1, 1, 1, 1, 1, 1, 1, 1, 1, 1, 1, 1, 1, 1, 1, 1, 1, 1, 1, 1, 1, 1, 1, 1, 1, 1, 1, 1, 1, 1, 1, 1, 1, 1, 1, 1, 1, 1, 1, 1, 1, 1, 1, 1, 1, 1, 1, 1, 1, 1, 1, 1, 1, 1, 1, 1, 1, 1, 1, 1, 1, 1, 1, 1, 1, 1, 1, 1, 1, 1, 1, 1, 1, 1, 1, 1, 1, 1, 1, 1, 1, 1, 1, 1, 1, 1, 1, 1, 1, 1, 1, 1, 1, 1, 1, 1, 1, 1, 1, 1, 1, 1, 1, 1, 1, 1, 1, 1, 1, 1, 1, 1, 1, 1, 1, 1, 1, 1, 1, 1, 1, 1, 1, 1, 1, 1, 1, 1, 1, 1, 1, 1, 1, 1, 1, 1, 1, 1, 1, 1, 1, 1, 1, 1, 1, 1, 1, 1, 1, 1, 1, 1, 1, 1, 1, 1, 1, 1, 1, 1, 1, 1, 1, 1, 1, 1, 1, 1, 1, 1, 1, 1, 1, 1, 1, 1, 1, 1, 1, 1, 1, 1, 1, 1, 1, 1, 1, 1, 1, 1, 1, 1, 1, 1, 1, 1, 1, 1, 1, 1, 1, 1, 1, 1, 1, 1, 1, 1, 1, 1, 1, 1, 1, 1, 1, 1, 1, 1, 1, 1, 1, 1, 1, 1, 1, 1, 1, 1, 1, 1, 1, 1, 1, 1, 1, 1, 1, 1, 1]
Lee profile: [1393, 113, 2, 1, 1, 1, 1, 1, 1, 1, 1, 1, 1, 1, 1, 1, 1, 1, 1, 1, 1, 1, 1, 1, 1, 1, 1, 1, 1, 1, 1, 1, 1, 1, 1, 1, 1, 1, 1, 1, 1, 1, 1, 1, 1, 1, 1, 1, 1, 1, 1, 1, 1, 1, 1, 1, 1, 1, 1, 1, 1, 1, 1, 1, 1, 1, 1, 1, 1, 1, 1, 1, 1, 1, 1, 1, 1, 1, 1, 1, 1, 1, 1, 1, 1, 1, 1, 1, 1, 1, 1, 1, 1, 1, 1, 1, 1, 1, 1, 1, 1, 1, 1, 1, 1, 1, 1, 1, 1, 1, 1, 1, 1, 1, 1, 1, 1, 1, 1, 1, 1, 1, 1, 1, 1, 1, 1, 1, 1, 1, 1, 1, 1, 1, 1, 1, 1, 1, 1, 1, 1, 1, 1, 1, 1, 1, 1, 1, 1, 1, 1, 1, 1, 1, 1, 1, 1, 1, 1, 1, 1, 1, 1, 1, 1, 1, 1, 1, 1, 1, 1, 1, 1, 1, 1, 1, 1, 1, 1, 1, 1, 1, 1, 1, 1, 1, 1, 1, 1, 1, 1, 1, 1, 1, 1, 1, 1, 1, 1, 1, 1, 1, 1, 1, 1, 1, 1, 1, 1, 1, 1, 1, 1, 1, 1, 1, 1, 1, 1, 1, 1, 1, 1, 1, 1, 1, 1, 1, 1, 1, 1, 1, 1, 1, 1, 1, 1, 1, 1, 1, 1, 1, 1, 1, 1, 1, 1, 1, 1, 1, 1, 1, 1, 1, 1, 1, 1, 1, 1, 1, 1, 1, 1, 1, 1, 1, 1, 1, 1, 1, 1, 1, 1, 1, 1, 1, 1, 1, 1, 1, 1, 1, 1, 1, 1, 1, 1, 1, 1, 1, 1, 1, 1, 1, 1, 1, 1, 1, 1, 1, 1, 1, 1, 1, 1, 1, 1, 1, 1, 1, 1, 1, 1, 1, 1, 1, 1, 1, 1, 1, 1, 1, 1, 1, 1, 1, 1, 1, 1, 1, 1, 1, 1, 1, 1, 1, 1, 1, 1, 1, 1, 1, 1, 1, 1, 1, 1, 1, 1, 1, 1, 1, 1, 1, 1, 1, 1, 1, 1, 1, 1, 1, 1, 1, 1, 1, 1, 1, 1, 1, 1, 1, 1, 1, 1, 1, 1, 1, 1, 1, 1, 1, 1, 1, 1, 1, 1, 1, 1, 1, 1, 1, 1, 1, 1, 1, 1, 1, 1, 1, 1, 1, 1, 1, 1, 1, 1, 1, 1, 1, 1, 1, 1, 1, 1, 1, 1, 1, 1, 1, 1, 1, 1, 1, 1, 1, 1, 1, 1, 1, 1, 1, 1, 1, 1, 1, 1, 1, 1, 1, 1, 1, 1, 1, 1, 1, 1, 1, 1, 1, 1, 1, 1, 1, 1, 1, 1, 1, 1, 1, 1, 1, 1, 1, 1, 1, 1, 1, 1, 1, 1, 1, 1, 1, 1, 1, 1, 1, 1, 1, 1, 1, 1, 1, 1, 1, 1, 1, 1, 1, 1, 1, 1, 1, 1, 1, 1, 1, 1, 1, 1, 1, 1, 1, 1, 1, 1, 1, 1, 1, 1, 1]
473<=B[0].wtL<=2365
B[0].wtH=473, B[0].wtL=1393

--- LeeBKZ with beta=5, bkz with minimum_lee_wt_codeword (may be non-primitive) ---
[LEEbkz:MW_Codeword_LEE:0.03730344772338867 sec.]
[LEEbkz:MW_Codeword_LEE:0.022420406341552734 sec.]
[LEEbkz:MW_Codeword_LEE:0.03597593307495117 sec.]
[LEEbkz:MW_Codeword_LEE:0.022293806076049805 sec.]
[LEEbkz:MW_Codeword_LEE:0.021207809448242188 sec.]
[LEEbkz:MW_Codeword_LEE:0.03565502166748047 sec.]
[LEEbkz:MW_Codeword_LEE:0.02216315269470215 sec.]
[LEEbkz:MW_Codeword_LEE:0.035491943359375 sec.]
[LEEbkz:MW_Codeword_LEE:0.023334503173828125 sec.]
[LEEbkz:MW_Codeword_LEE:0.03528714179992676 sec.]
[LEEbkz:MW_Codeword_LEE:0.023157119750976562 sec.]
[LEEbkz:MW_Codeword_LEE:0.021311283111572266 sec.]
[LEEbkz:MW_Codeword_LEE:0.03542160987854004 sec.]
[LEEbkz:MW_Codeword_LEE:0.02290058135986328 sec.]
[LEEbkz:MW_Codeword_LEE:0.021303415298461914 sec.]
[LEEbkz:MW_Codeword_LEE:0.020816326141357422 sec.]
[LEEbkz:MW_Codeword_LEE:0.03569602966308594 sec.]
[LEEbkz:MW_Codeword_LEE:0.023308753967285156 sec.]
[LEEbkz:MW_Codeword_LEE:0.021157503128051758 sec.]
[LEEbkz:MW_Codeword_LEE:0.021073102951049805 sec.]
[LEEbkz:MW_Codeword_LEE:0.021042346954345703 sec.]
[LEEbkz:MW_Codeword_LEE:0.03591322898864746 sec.]
[LEEbkz:MW_Codeword_LEE:0.02348947525024414 sec.]
[LEEbkz:MW_Codeword_LEE:0.035265445709228516 sec.]
[LEEbkz:MW_Codeword_LEE:0.022845745086669922 sec.]
[LEEbkz:MW_Codeword_LEE:0.020781278610229492 sec.]
[LEEbkz:MW_Codeword_LEE:0.03540635108947754 sec.]
[LEEbkz:MW_Codeword_LEE:0.022690534591674805 sec.]
[LEEbkz:MW_Codeword_LEE:0.02131366729736328 sec.]
[LEEbkz:MW_Codeword_LEE:0.021169424057006836 sec.]
[LEEbkz:MW_Codeword_LEE:0.0357670783996582 sec.]
[LEEbkz:MW_Codeword_LEE:0.022961854934692383 sec.]
[LEEbkz:MW_Codeword_LEE:0.02179098129272461 sec.]
[LEEbkz:MW_Codeword_LEE:0.021250009536743164 sec.]
[LEEbkz:MW_Codeword_LEE:0.024180889129638672 sec.]
[LEEbkz:MW_Codeword_LEE:0.035901546478271484 sec.]
[LEEbkz:MW_Codeword_LEE:0.023276567459106445 sec.]
[LEEbkz:MW_Codeword_LEE:0.021429777145385742 sec.]
[LEEbkz:MW_Codeword_LEE:0.035619258880615234 sec.]
[LEEbkz:MW_Codeword_LEE:0.02280712127685547 sec.]
[LEEbkz:MW_Codeword_LEE:0.021064281463623047 sec.]
[LEEbkz:MW_Codeword_LEE:0.020712852478027344 sec.]
[LEEbkz:MW_Codeword_LEE:0.03566288948059082 sec.]
[LEEbkz:MW_Codeword_LEE:0.023230314254760742 sec.]
[LEEbkz:MW_Codeword_LEE:0.021459579467773438 sec.]
[LEEbkz:MW_Codeword_LEE:0.021369218826293945 sec.]
[LEEbkz:MW_Codeword_LEE:0.035970211029052734 sec.]
[LEEbkz:MW_Codeword_LEE:0.023797035217285156 sec.]
[LEEbkz:MW_Codeword_LEE:0.021363258361816406 sec.]
[LEEbkz:MW_Codeword_LEE:0.02105712890625 sec.]
[LEEbkz:MW_Codeword_LEE:0.0228424072265625 sec.]
[LEEbkz:MW_Codeword_LEE:0.03588700294494629 sec.]
[LEEbkz:MW_Codeword_LEE:0.0232086181640625 sec.]
[LEEbkz:MW_Codeword_LEE:0.03545713424682617 sec.]
[LEEbkz:MW_Codeword_LEE:0.02276134490966797 sec.]
[LEEbkz:MW_Codeword_LEE:0.021451950073242188 sec.]
[LEEbkz:MW_Codeword_LEE:0.03613615036010742 sec.]
[LEEbkz:MW_Codeword_LEE:0.022992849349975586 sec.]
[LEEbkz:MW_Codeword_LEE:0.021202802658081055 sec.]
[LEEbkz:MW_Codeword_LEE:0.02099013328552246 sec.]
[LEEbkz:MW_Codeword_LEE:0.03597545623779297 sec.]
[LEEbkz:MW_Codeword_LEE:0.02318096160888672 sec.]
[LEEbkz:MW_Codeword_LEE:0.0212552547454834 sec.]
[LEEbkz:MW_Codeword_LEE:0.021123409271240234 sec.]
[LEEbkz:MW_Codeword_LEE:0.0212404727935791 sec.]
[LEEbkz:MW_Codeword_LEE:0.03553175926208496 sec.]
[LEEbkz:MW_Codeword_LEE:0.022856473922729492 sec.]
[LEEbkz:MW_Codeword_LEE:0.02104973793029785 sec.]
[LEEbkz:MW_Codeword_LEE:0.020590543746948242 sec.]
[LEEbkz:MW_Codeword_LEE:0.020901203155517578 sec.]
[LEEbkz:MW_Codeword_LEE:0.020537137985229492 sec.]
[LEEbkz:MW_Codeword_LEE:0.022723674774169922 sec.]
[LEEbkz:MW_Codeword_LEE:0.02115774154663086 sec.]
[LEEbkz:MW_Codeword_LEE:0.021074533462524414 sec.]
[LEEbkz:MW_Codeword_LEE:0.020964622497558594 sec.]
[LEEbkz:MW_Codeword_LEE:0.02104806900024414 sec.]
[LEEbkz:MW_Codeword_LEE:0.021531105041503906 sec.]
[LEEbkz:MW_Codeword_LEE:0.0208890438079834 sec.]
[LEEbkz:MW_Codeword_LEE:0.020792007446289062 sec.]
[LEEbkz:MW_Codeword_LEE:0.021068096160888672 sec.]
[LEEbkz:MW_Codeword_LEE:0.021276235580444336 sec.]
[LEEbkz:MW_Codeword_LEE:0.021277666091918945 sec.]
[LEEbkz:MW_Codeword_LEE:0.021122217178344727 sec.]
[LEEbkz:MW_Codeword_LEE:0.021197795867919922 sec.]
Hamming profile after BKZ: [450, 53, 10, 2, 2, 1, 1, 1, 1, 1, 1, 1, 1, 1, 1, 1, 1, 1, 1, 1, 1, 1, 1, 1, 1, 1, 1, 1, 1, 1, 1, 1, 1, 1, 1, 1, 1, 1, 1, 1, 1, 1, 1, 1, 1, 1, 1, 1, 1, 1, 1, 1, 1, 1, 1, 1, 1, 1, 1, 1, 1, 1, 1, 1, 1, 1, 1, 1, 1, 1, 1, 1, 1, 1, 1, 1, 1, 1, 1, 1, 1, 1, 1, 1, 1, 1, 1, 1, 1, 1, 1, 1, 1, 1, 1, 1, 1, 1, 1, 1, 1, 1, 1, 1, 1, 1, 1, 1, 1, 1, 1, 1, 1, 1, 1, 1, 1, 1, 1, 1, 1, 1, 1, 1, 1, 1, 1, 1, 1, 1, 1, 1, 1, 1, 1, 1, 1, 1, 1, 1, 1, 1, 1, 1, 1, 1, 1, 1, 1, 1, 1, 1, 1, 1, 1, 1, 1, 1, 1, 1, 1, 1, 1, 1, 1, 1, 1, 1, 1, 1, 1, 1, 1, 1, 1, 1, 1, 1, 1, 1, 1, 1, 1, 1, 1, 1, 1, 1, 1, 1, 1, 1, 1, 1, 1, 1, 1, 1, 1, 1, 1, 1, 1, 1, 1, 1, 1, 1, 1, 1, 1, 1, 1, 1, 1, 1, 1, 1, 1, 1, 1, 1, 1, 1, 1, 1, 1, 1, 1, 1, 1, 1, 1, 1, 1, 1, 1, 1, 1, 1, 1, 1, 1, 1, 1, 1, 1, 1, 1, 1, 1, 1, 1, 1, 1, 1, 1, 1, 1, 1, 1, 1, 1, 1, 1, 1, 1, 1, 1, 1, 1, 1, 1, 1, 1, 1, 1, 1, 1, 1, 1, 1, 1, 1, 1, 1, 1, 1, 1, 1, 1, 1, 1, 1, 1, 1, 1, 1, 1, 1, 1, 1, 1, 1, 1, 1, 1, 1, 1, 1, 1, 1, 1, 1, 1, 1, 1, 1, 1, 1, 1, 1, 1, 1, 1, 1, 1, 1, 1, 1, 1, 1, 1, 1, 1, 1, 1, 1, 1, 1, 1, 1, 1, 1, 1, 1, 1, 1, 1, 1, 1, 1, 1, 1, 1, 1, 1, 1, 1, 1, 1, 1, 1, 1, 1, 1, 1, 1, 1, 1, 1, 1, 1, 1, 1, 1, 1, 1, 1, 1, 1, 1, 1, 1, 1, 1, 1, 1, 1, 1, 1, 1, 1, 1, 1, 1, 1, 1, 1, 1, 1, 1, 1, 1, 1, 1, 1, 1, 1, 1, 1, 1, 1, 1, 1, 1, 1, 1, 1, 1, 1, 1, 1, 1, 1, 1, 1, 1, 1, 1, 1, 1, 1, 1, 1, 1, 1, 1, 1, 1, 1, 1, 1, 1, 1, 1, 1, 1, 1, 1, 1, 1, 1, 1, 1, 1, 1, 1, 1, 1, 1, 1, 1, 1, 1, 1, 1, 1, 1, 1, 1, 1, 1, 1, 1, 1, 1, 1, 1, 1, 1, 1, 1, 1, 1, 1, 1, 1, 1, 1, 1, 1, 1, 1, 1, 1, 1, 1, 1, 1, 1, 1, 1, 1, 1, 1, 1, 1, 1, 1, 1, 1]
Lee profile after BKZ: [1240, 129, 18, 3, 2, 1, 1, 1, 1, 1, 1, 1, 1, 1, 1, 1, 1, 1, 1, 1, 1, 1, 1, 1, 1, 1, 1, 1, 1, 1, 1, 1, 1, 1, 1, 1, 1, 1, 1, 1, 1, 1, 1, 1, 1, 1, 1, 1, 1, 1, 1, 1, 1, 1, 1, 1, 1, 1, 1, 1, 1, 1, 1, 1, 1, 1, 1, 1, 1, 1, 1, 1, 1, 1, 1, 1, 1, 1, 1, 1, 1, 1, 1, 1, 1, 1, 1, 1, 1, 1, 1, 1, 1, 1, 1, 1, 1, 1, 1, 1, 1, 1, 1, 1, 1, 1, 1, 1, 1, 1, 1, 1, 1, 1, 1, 1, 1, 1, 1, 1, 1, 1, 1, 1, 1, 1, 1, 1, 1, 1, 1, 1, 1, 1, 1, 1, 1, 1, 1, 1, 1, 1, 1, 1, 1, 1, 1, 1, 1, 1, 1, 1, 1, 1, 1, 1, 1, 1, 1, 1, 1, 1, 1, 1, 1, 1, 1, 1, 1, 1, 1, 1, 1, 1, 1, 1, 1, 1, 1, 1, 1, 1, 1, 1, 1, 1, 1, 1, 1, 1, 1, 1, 1, 1, 1, 1, 1, 1, 1, 1, 1, 1, 1, 1, 1, 1, 1, 1, 1, 1, 1, 1, 1, 1, 1, 1, 1, 1, 1, 1, 1, 1, 1, 1, 1, 1, 1, 1, 1, 1, 1, 1, 1, 1, 1, 1, 1, 1, 1, 1, 1, 1, 1, 1, 1, 1, 1, 1, 1, 1, 1, 1, 1, 1, 1, 1, 1, 1, 1, 1, 1, 1, 1, 1, 1, 1, 1, 1, 1, 1, 1, 1, 1, 1, 1, 1, 1, 1, 1, 1, 1, 1, 1, 1, 1, 1, 1, 1, 1, 1, 1, 1, 1, 1, 1, 1, 1, 1, 1, 1, 1, 1, 1, 1, 1, 1, 1, 1, 1, 1, 1, 1, 1, 1, 1, 1, 1, 1, 1, 1, 1, 1, 1, 1, 1, 1, 1, 1, 1, 1, 1, 1, 1, 1, 1, 1, 1, 1, 1, 1, 1, 1, 1, 1, 1, 1, 1, 1, 1, 1, 1, 1, 1, 1, 1, 1, 1, 1, 1, 1, 1, 1, 1, 1, 1, 1, 1, 1, 1, 1, 1, 1, 1, 1, 1, 1, 1, 1, 1, 1, 1, 1, 1, 1, 1, 1, 1, 1, 1, 1, 1, 1, 1, 1, 1, 1, 1, 1, 1, 1, 1, 1, 1, 1, 1, 1, 1, 1, 1, 1, 1, 1, 1, 1, 1, 1, 1, 1, 1, 1, 1, 1, 1, 1, 1, 1, 1, 1, 1, 1, 1, 1, 1, 1, 1, 1, 1, 1, 1, 1, 1, 1, 1, 1, 1, 1, 1, 1, 1, 1, 1, 1, 1, 1, 1, 1, 1, 1, 1, 1, 1, 1, 1, 1, 1, 1, 1, 1, 1, 1, 1, 1, 1, 1, 1, 1, 1, 1, 1, 1, 1, 1, 1, 1, 1, 1, 1, 1, 1, 1, 1, 1, 1, 1, 1, 1, 1, 1, 1, 1, 1, 1, 1, 1, 1, 1, 1, 1, 1, 1, 1, 1]
450<=B_red[0].wtL<=2250
B_red[0].wtH=450, B_red[0].wtL=1240

Hamming profile: [451, 55, 9, 1, 1, 1, 1, 1, 1, 1, 1, 1, 1, 1, 1, 1, 1, 1, 1, 1, 1, 1, 1, 1, 1, 1, 1, 1, 1, 1, 1, 1, 1, 1, 1, 1, 1, 1, 1, 1, 1, 1, 1, 1, 1, 1, 1, 1, 1, 1, 1, 1, 1, 1, 1, 1, 1, 1, 1, 1, 1, 1, 1, 1, 1, 1, 1, 1, 1, 1, 1, 1, 1, 1, 1, 1, 1, 1, 1, 1, 1, 1, 1, 1, 1, 1, 1, 1, 1, 1, 1, 1, 1, 1, 1, 1, 1, 1, 1, 1, 1, 1, 1, 1, 1, 1, 1, 1, 1, 1, 1, 1, 1, 1, 1, 1, 1, 1, 1, 1, 1, 1, 1, 1, 1, 1, 1, 1, 1, 1, 1, 1, 1, 1, 1, 1, 1, 1, 1, 1, 1, 1, 1, 1, 1, 1, 1, 1, 1, 1, 1, 1, 1, 1, 1, 1, 1, 1, 1, 1, 1, 1, 1, 1, 1, 1, 1, 1, 1, 1, 1, 1, 1, 1, 1, 1, 1, 1, 1, 1, 1, 1, 1, 1, 1, 1, 1, 1, 1, 1, 1, 1, 1, 1, 1, 1, 1, 1, 1, 1, 1, 1, 1, 1, 1, 1, 1, 1, 1, 1, 1, 1, 1, 1, 1, 1, 1, 1, 1, 1, 1, 1, 1, 1, 1, 1, 1, 1, 1, 1, 1, 1, 1, 1, 1, 1, 1, 1, 1, 1, 1, 1, 1, 1, 1, 1, 1, 1, 1, 1, 1, 1, 1, 1, 1, 1, 1, 1, 1, 1, 1, 1, 1, 1, 1, 1, 1, 1, 1, 1, 1, 1, 1, 1, 1, 1, 1, 1, 1, 1, 1, 1, 1, 1, 1, 1, 1, 1, 1, 1, 1, 1, 1, 1, 1, 1, 1, 1, 1, 1, 1, 1, 1, 1, 1, 1, 1, 1, 1, 1, 1, 1, 1, 1, 1, 1, 1, 1, 1, 1, 1, 1, 1, 1, 1, 1, 1, 1, 1, 1, 1, 1, 1, 1, 1, 1, 1, 1, 1, 1, 1, 1, 1, 1, 1, 1, 1, 1, 1, 1, 1, 1, 1, 1, 1, 1, 1, 1, 1, 1, 1, 1, 1, 1, 1, 1, 1, 1, 1, 1, 1, 1, 1, 1, 1, 1, 1, 1, 1, 1, 1, 1, 1, 1, 1, 1, 1, 1, 1, 1, 1, 1, 1, 1, 1, 1, 1, 1, 1, 1, 1, 1, 1, 1, 1, 1, 1, 1, 1, 1, 1, 1, 1, 1, 1, 1, 1, 1, 1, 1, 1, 1, 1, 1, 1, 1, 1, 1, 1, 1, 1, 1, 1, 1, 1, 1, 1, 1, 1, 1, 1, 1, 1, 1, 1, 1, 1, 1, 1, 1, 1, 1, 1, 1, 1, 1, 1, 1, 1, 1, 1, 1, 1, 1, 1, 1, 1, 1, 1, 1, 1, 1, 1, 1, 1, 1, 1, 1, 1, 1, 1, 1, 1, 1, 1, 1, 1, 1, 1, 1, 1, 1, 1, 1, 1, 1, 1, 1, 1, 1, 1, 1, 1, 1, 1, 1, 1, 1, 1, 1, 1, 1]
Lee profile: [1359, 159, 27, 1, 1, 1, 1, 1, 1, 1, 1, 1, 1, 1, 1, 1, 1, 1, 1, 1, 1, 1, 1, 1, 1, 1, 1, 1, 1, 1, 1, 1, 1, 1, 1, 1, 1, 1, 1, 1, 1, 1, 1, 1, 1, 1, 1, 1, 1, 1, 1, 1, 1, 1, 1, 1, 1, 1, 1, 1, 1, 1, 1, 1, 1, 1, 1, 1, 1, 1, 1, 1, 1, 1, 1, 1, 1, 1, 1, 1, 1, 1, 1, 1, 1, 1, 1, 1, 1, 1, 1, 1, 1, 1, 1, 1, 1, 1, 1, 1, 1, 1, 1, 1, 1, 1, 1, 1, 1, 1, 1, 1, 1, 1, 1, 1, 1, 1, 1, 1, 1, 1, 1, 1, 1, 1, 1, 1, 1, 1, 1, 1, 1, 1, 1, 1, 1, 1, 1, 1, 1, 1, 1, 1, 1, 1, 1, 1, 1, 1, 1, 1, 1, 1, 1, 1, 1, 1, 1, 1, 1, 1, 1, 1, 1, 1, 1, 1, 1, 1, 1, 1, 1, 1, 1, 1, 1, 1, 1, 1, 1, 1, 1, 1, 1, 1, 1, 1, 1, 1, 1, 1, 1, 1, 1, 1, 1, 1, 1, 1, 1, 1, 1, 1, 1, 1, 1, 1, 1, 1, 1, 1, 1, 1, 1, 1, 1, 1, 1, 1, 1, 1, 1, 1, 1, 1, 1, 1, 1, 1, 1, 1, 1, 1, 1, 1, 1, 1, 1, 1, 1, 1, 1, 1, 1, 1, 1, 1, 1, 1, 1, 1, 1, 1, 1, 1, 1, 1, 1, 1, 1, 1, 1, 1, 1, 1, 1, 1, 1, 1, 1, 1, 1, 1, 1, 1, 1, 1, 1, 1, 1, 1, 1, 1, 1, 1, 1, 1, 1, 1, 1, 1, 1, 1, 1, 1, 1, 1, 1, 1, 1, 1, 1, 1, 1, 1, 1, 1, 1, 1, 1, 1, 1, 1, 1, 1, 1, 1, 1, 1, 1, 1, 1, 1, 1, 1, 1, 1, 1, 1, 1, 1, 1, 1, 1, 1, 1, 1, 1, 1, 1, 1, 1, 1, 1, 1, 1, 1, 1, 1, 1, 1, 1, 1, 1, 1, 1, 1, 1, 1, 1, 1, 1, 1, 1, 1, 1, 1, 1, 1, 1, 1, 1, 1, 1, 1, 1, 1, 1, 1, 1, 1, 1, 1, 1, 1, 1, 1, 1, 1, 1, 1, 1, 1, 1, 1, 1, 1, 1, 1, 1, 1, 1, 1, 1, 1, 1, 1, 1, 1, 1, 1, 1, 1, 1, 1, 1, 1, 1, 1, 1, 1, 1, 1, 1, 1, 1, 1, 1, 1, 1, 1, 1, 1, 1, 1, 1, 1, 1, 1, 1, 1, 1, 1, 1, 1, 1, 1, 1, 1, 1, 1, 1, 1, 1, 1, 1, 1, 1, 1, 1, 1, 1, 1, 1, 1, 1, 1, 1, 1, 1, 1, 1, 1, 1, 1, 1, 1, 1, 1, 1, 1, 1, 1, 1, 1, 1, 1, 1, 1, 1, 1, 1, 1, 1, 1, 1, 1, 1, 1, 1, 1, 1, 1, 1, 1, 1, 1, 1, 1, 1, 1]
451<=B[0].wtL<=2255
B[0].wtH=451, B[0].wtL=1359

--- LeeBKZ with beta=5, bkz with minimum_lee_wt_codeword (may be non-primitive) ---
[LEEbkz:MW_Codeword_LEE:0.035672903060913086 sec.]
[LEEbkz:MW_Codeword_LEE:0.022711992263793945 sec.]
[LEEbkz:MW_Codeword_LEE:0.03603720664978027 sec.]
[LEEbkz:MW_Codeword_LEE:0.023299455642700195 sec.]
[LEEbkz:MW_Codeword_LEE:0.03574419021606445 sec.]
[LEEbkz:MW_Codeword_LEE:0.022298574447631836 sec.]
[LEEbkz:MW_Codeword_LEE:0.02146005630493164 sec.]
[LEEbkz:MW_Codeword_LEE:0.035541534423828125 sec.]
[LEEbkz:MW_Codeword_LEE:0.022985458374023438 sec.]
[LEEbkz:MW_Codeword_LEE:0.03563427925109863 sec.]
[LEEbkz:MW_Codeword_LEE:0.022865772247314453 sec.]
[LEEbkz:MW_Codeword_LEE:0.02100229263305664 sec.]
[LEEbkz:MW_Codeword_LEE:0.03573155403137207 sec.]
[LEEbkz:MW_Codeword_LEE:0.022749662399291992 sec.]
[LEEbkz:MW_Codeword_LEE:0.0359649658203125 sec.]
[LEEbkz:MW_Codeword_LEE:0.023329973220825195 sec.]
[LEEbkz:MW_Codeword_LEE:0.03570222854614258 sec.]
[LEEbkz:MW_Codeword_LEE:0.023555755615234375 sec.]
[LEEbkz:MW_Codeword_LEE:0.021074771881103516 sec.]
[LEEbkz:MW_Codeword_LEE:0.03619980812072754 sec.]
[LEEbkz:MW_Codeword_LEE:0.0233767032623291 sec.]
[LEEbkz:MW_Codeword_LEE:0.035605669021606445 sec.]
[LEEbkz:MW_Codeword_LEE:0.023382902145385742 sec.]
[LEEbkz:MW_Codeword_LEE:0.021540403366088867 sec.]
[LEEbkz:MW_Codeword_LEE:0.035509586334228516 sec.]
[LEEbkz:MW_Codeword_LEE:0.023577451705932617 sec.]
[LEEbkz:MW_Codeword_LEE:0.021000146865844727 sec.]
[LEEbkz:MW_Codeword_LEE:0.021005630493164062 sec.]
[LEEbkz:MW_Codeword_LEE:0.03594565391540527 sec.]
[LEEbkz:MW_Codeword_LEE:0.02308058738708496 sec.]
[LEEbkz:MW_Codeword_LEE:0.021207809448242188 sec.]
[LEEbkz:MW_Codeword_LEE:0.020595312118530273 sec.]
[LEEbkz:MW_Codeword_LEE:0.020839929580688477 sec.]
[LEEbkz:MW_Codeword_LEE:0.03579378128051758 sec.]
[LEEbkz:MW_Codeword_LEE:0.023228883743286133 sec.]
[LEEbkz:MW_Codeword_LEE:0.02112579345703125 sec.]
[LEEbkz:MW_Codeword_LEE:0.021472930908203125 sec.]
[LEEbkz:MW_Codeword_LEE:0.021269798278808594 sec.]
[LEEbkz:MW_Codeword_LEE:0.021012067794799805 sec.]
[LEEbkz:MW_Codeword_LEE:0.0232698917388916 sec.]
[LEEbkz:MW_Codeword_LEE:0.021340608596801758 sec.]
[LEEbkz:MW_Codeword_LEE:0.021141767501831055 sec.]
[LEEbkz:MW_Codeword_LEE:0.02066969871520996 sec.]
[LEEbkz:MW_Codeword_LEE:0.0216522216796875 sec.]
[LEEbkz:MW_Codeword_LEE:0.021355867385864258 sec.]
[LEEbkz:MW_Codeword_LEE:0.0210568904876709 sec.]
[LEEbkz:MW_Codeword_LEE:0.02111983299255371 sec.]
Hamming profile after BKZ: [439, 63, 11, 2, 2, 1, 1, 1, 1, 1, 1, 1, 1, 1, 1, 1, 1, 1, 1, 1, 1, 1, 1, 1, 1, 1, 1, 1, 1, 1, 1, 1, 1, 1, 1, 1, 1, 1, 1, 1, 1, 1, 1, 1, 1, 1, 1, 1, 1, 1, 1, 1, 1, 1, 1, 1, 1, 1, 1, 1, 1, 1, 1, 1, 1, 1, 1, 1, 1, 1, 1, 1, 1, 1, 1, 1, 1, 1, 1, 1, 1, 1, 1, 1, 1, 1, 1, 1, 1, 1, 1, 1, 1, 1, 1, 1, 1, 1, 1, 1, 1, 1, 1, 1, 1, 1, 1, 1, 1, 1, 1, 1, 1, 1, 1, 1, 1, 1, 1, 1, 1, 1, 1, 1, 1, 1, 1, 1, 1, 1, 1, 1, 1, 1, 1, 1, 1, 1, 1, 1, 1, 1, 1, 1, 1, 1, 1, 1, 1, 1, 1, 1, 1, 1, 1, 1, 1, 1, 1, 1, 1, 1, 1, 1, 1, 1, 1, 1, 1, 1, 1, 1, 1, 1, 1, 1, 1, 1, 1, 1, 1, 1, 1, 1, 1, 1, 1, 1, 1, 1, 1, 1, 1, 1, 1, 1, 1, 1, 1, 1, 1, 1, 1, 1, 1, 1, 1, 1, 1, 1, 1, 1, 1, 1, 1, 1, 1, 1, 1, 1, 1, 1, 1, 1, 1, 1, 1, 1, 1, 1, 1, 1, 1, 1, 1, 1, 1, 1, 1, 1, 1, 1, 1, 1, 1, 1, 1, 1, 1, 1, 1, 1, 1, 1, 1, 1, 1, 1, 1, 1, 1, 1, 1, 1, 1, 1, 1, 1, 1, 1, 1, 1, 1, 1, 1, 1, 1, 1, 1, 1, 1, 1, 1, 1, 1, 1, 1, 1, 1, 1, 1, 1, 1, 1, 1, 1, 1, 1, 1, 1, 1, 1, 1, 1, 1, 1, 1, 1, 1, 1, 1, 1, 1, 1, 1, 1, 1, 1, 1, 1, 1, 1, 1, 1, 1, 1, 1, 1, 1, 1, 1, 1, 1, 1, 1, 1, 1, 1, 1, 1, 1, 1, 1, 1, 1, 1, 1, 1, 1, 1, 1, 1, 1, 1, 1, 1, 1, 1, 1, 1, 1, 1, 1, 1, 1, 1, 1, 1, 1, 1, 1, 1, 1, 1, 1, 1, 1, 1, 1, 1, 1, 1, 1, 1, 1, 1, 1, 1, 1, 1, 1, 1, 1, 1, 1, 1, 1, 1, 1, 1, 1, 1, 1, 1, 1, 1, 1, 1, 1, 1, 1, 1, 1, 1, 1, 1, 1, 1, 1, 1, 1, 1, 1, 1, 1, 1, 1, 1, 1, 1, 1, 1, 1, 1, 1, 1, 1, 1, 1, 1, 1, 1, 1, 1, 1, 1, 1, 1, 1, 1, 1, 1, 1, 1, 1, 1, 1, 1, 1, 1, 1, 1, 1, 1, 1, 1, 1, 1, 1, 1, 1, 1, 1, 1, 1, 1, 1, 1, 1, 1, 1, 1, 1, 1, 1, 1, 1, 1, 1, 1, 1, 1, 1, 1, 1, 1, 1, 1, 1, 1, 1, 1, 1, 1, 1, 1, 1, 1, 1, 1, 1, 1]
Lee profile after BKZ: [1217, 155, 20, 3, 2, 1, 1, 1, 1, 1, 1, 1, 1, 1, 1, 1, 1, 1, 1, 1, 1, 1, 1, 1, 1, 1, 1, 1, 1, 1, 1, 1, 1, 1, 1, 1, 1, 1, 1, 1, 1, 1, 1, 1, 1, 1, 1, 1, 1, 1, 1, 1, 1, 1, 1, 1, 1, 1, 1, 1, 1, 1, 1, 1, 1, 1, 1, 1, 1, 1, 1, 1, 1, 1, 1, 1, 1, 1, 1, 1, 1, 1, 1, 1, 1, 1, 1, 1, 1, 1, 1, 1, 1, 1, 1, 1, 1, 1, 1, 1, 1, 1, 1, 1, 1, 1, 1, 1, 1, 1, 1, 1, 1, 1, 1, 1, 1, 1, 1, 1, 1, 1, 1, 1, 1, 1, 1, 1, 1, 1, 1, 1, 1, 1, 1, 1, 1, 1, 1, 1, 1, 1, 1, 1, 1, 1, 1, 1, 1, 1, 1, 1, 1, 1, 1, 1, 1, 1, 1, 1, 1, 1, 1, 1, 1, 1, 1, 1, 1, 1, 1, 1, 1, 1, 1, 1, 1, 1, 1, 1, 1, 1, 1, 1, 1, 1, 1, 1, 1, 1, 1, 1, 1, 1, 1, 1, 1, 1, 1, 1, 1, 1, 1, 1, 1, 1, 1, 1, 1, 1, 1, 1, 1, 1, 1, 1, 1, 1, 1, 1, 1, 1, 1, 1, 1, 1, 1, 1, 1, 1, 1, 1, 1, 1, 1, 1, 1, 1, 1, 1, 1, 1, 1, 1, 1, 1, 1, 1, 1, 1, 1, 1, 1, 1, 1, 1, 1, 1, 1, 1, 1, 1, 1, 1, 1, 1, 1, 1, 1, 1, 1, 1, 1, 1, 1, 1, 1, 1, 1, 1, 1, 1, 1, 1, 1, 1, 1, 1, 1, 1, 1, 1, 1, 1, 1, 1, 1, 1, 1, 1, 1, 1, 1, 1, 1, 1, 1, 1, 1, 1, 1, 1, 1, 1, 1, 1, 1, 1, 1, 1, 1, 1, 1, 1, 1, 1, 1, 1, 1, 1, 1, 1, 1, 1, 1, 1, 1, 1, 1, 1, 1, 1, 1, 1, 1, 1, 1, 1, 1, 1, 1, 1, 1, 1, 1, 1, 1, 1, 1, 1, 1, 1, 1, 1, 1, 1, 1, 1, 1, 1, 1, 1, 1, 1, 1, 1, 1, 1, 1, 1, 1, 1, 1, 1, 1, 1, 1, 1, 1, 1, 1, 1, 1, 1, 1, 1, 1, 1, 1, 1, 1, 1, 1, 1, 1, 1, 1, 1, 1, 1, 1, 1, 1, 1, 1, 1, 1, 1, 1, 1, 1, 1, 1, 1, 1, 1, 1, 1, 1, 1, 1, 1, 1, 1, 1, 1, 1, 1, 1, 1, 1, 1, 1, 1, 1, 1, 1, 1, 1, 1, 1, 1, 1, 1, 1, 1, 1, 1, 1, 1, 1, 1, 1, 1, 1, 1, 1, 1, 1, 1, 1, 1, 1, 1, 1, 1, 1, 1, 1, 1, 1, 1, 1, 1, 1, 1, 1, 1, 1, 1, 1, 1, 1, 1, 1, 1, 1, 1, 1, 1, 1, 1, 1, 1, 1, 1, 1, 1, 1, 1, 1, 1]
439<=B_red[0].wtL<=2195
B_red[0].wtH=439, B_red[0].wtL=1217

Hamming profile: [476, 32, 7, 1, 1, 1, 1, 1, 1, 1, 1, 1, 1, 1, 1, 1, 1, 1, 1, 1, 1, 1, 1, 1, 1, 1, 1, 1, 1, 1, 1, 1, 1, 1, 1, 1, 1, 1, 1, 1, 1, 1, 1, 1, 1, 1, 1, 1, 1, 1, 1, 1, 1, 1, 1, 1, 1, 1, 1, 1, 1, 1, 1, 1, 1, 1, 1, 1, 1, 1, 1, 1, 1, 1, 1, 1, 1, 1, 1, 1, 1, 1, 1, 1, 1, 1, 1, 1, 1, 1, 1, 1, 1, 1, 1, 1, 1, 1, 1, 1, 1, 1, 1, 1, 1, 1, 1, 1, 1, 1, 1, 1, 1, 1, 1, 1, 1, 1, 1, 1, 1, 1, 1, 1, 1, 1, 1, 1, 1, 1, 1, 1, 1, 1, 1, 1, 1, 1, 1, 1, 1, 1, 1, 1, 1, 1, 1, 1, 1, 1, 1, 1, 1, 1, 1, 1, 1, 1, 1, 1, 1, 1, 1, 1, 1, 1, 1, 1, 1, 1, 1, 1, 1, 1, 1, 1, 1, 1, 1, 1, 1, 1, 1, 1, 1, 1, 1, 1, 1, 1, 1, 1, 1, 1, 1, 1, 1, 1, 1, 1, 1, 1, 1, 1, 1, 1, 1, 1, 1, 1, 1, 1, 1, 1, 1, 1, 1, 1, 1, 1, 1, 1, 1, 1, 1, 1, 1, 1, 1, 1, 1, 1, 1, 1, 1, 1, 1, 1, 1, 1, 1, 1, 1, 1, 1, 1, 1, 1, 1, 1, 1, 1, 1, 1, 1, 1, 1, 1, 1, 1, 1, 1, 1, 1, 1, 1, 1, 1, 1, 1, 1, 1, 1, 1, 1, 1, 1, 1, 1, 1, 1, 1, 1, 1, 1, 1, 1, 1, 1, 1, 1, 1, 1, 1, 1, 1, 1, 1, 1, 1, 1, 1, 1, 1, 1, 1, 1, 1, 1, 1, 1, 1, 1, 1, 1, 1, 1, 1, 1, 1, 1, 1, 1, 1, 1, 1, 1, 1, 1, 1, 1, 1, 1, 1, 1, 1, 1, 1, 1, 1, 1, 1, 1, 1, 1, 1, 1, 1, 1, 1, 1, 1, 1, 1, 1, 1, 1, 1, 1, 1, 1, 1, 1, 1, 1, 1, 1, 1, 1, 1, 1, 1, 1, 1, 1, 1, 1, 1, 1, 1, 1, 1, 1, 1, 1, 1, 1, 1, 1, 1, 1, 1, 1, 1, 1, 1, 1, 1, 1, 1, 1, 1, 1, 1, 1, 1, 1, 1, 1, 1, 1, 1, 1, 1, 1, 1, 1, 1, 1, 1, 1, 1, 1, 1, 1, 1, 1, 1, 1, 1, 1, 1, 1, 1, 1, 1, 1, 1, 1, 1, 1, 1, 1, 1, 1, 1, 1, 1, 1, 1, 1, 1, 1, 1, 1, 1, 1, 1, 1, 1, 1, 1, 1, 1, 1, 1, 1, 1, 1, 1, 1, 1, 1, 1, 1, 1, 1, 1, 1, 1, 1, 1, 1, 1, 1, 1, 1, 1, 1, 1, 1, 1, 1, 1, 1, 1, 1, 1, 1, 1, 1, 1, 1, 1, 1, 1, 1, 1, 1, 1, 1, 1]
Lee profile: [1356, 88, 19, 1, 1, 1, 1, 1, 1, 1, 1, 1, 1, 1, 1, 1, 1, 1, 1, 1, 1, 1, 1, 1, 1, 1, 1, 1, 1, 1, 1, 1, 1, 1, 1, 1, 1, 1, 1, 1, 1, 1, 1, 1, 1, 1, 1, 1, 1, 1, 1, 1, 1, 1, 1, 1, 1, 1, 1, 1, 1, 1, 1, 1, 1, 1, 1, 1, 1, 1, 1, 1, 1, 1, 1, 1, 1, 1, 1, 1, 1, 1, 1, 1, 1, 1, 1, 1, 1, 1, 1, 1, 1, 1, 1, 1, 1, 1, 1, 1, 1, 1, 1, 1, 1, 1, 1, 1, 1, 1, 1, 1, 1, 1, 1, 1, 1, 1, 1, 1, 1, 1, 1, 1, 1, 1, 1, 1, 1, 1, 1, 1, 1, 1, 1, 1, 1, 1, 1, 1, 1, 1, 1, 1, 1, 1, 1, 1, 1, 1, 1, 1, 1, 1, 1, 1, 1, 1, 1, 1, 1, 1, 1, 1, 1, 1, 1, 1, 1, 1, 1, 1, 1, 1, 1, 1, 1, 1, 1, 1, 1, 1, 1, 1, 1, 1, 1, 1, 1, 1, 1, 1, 1, 1, 1, 1, 1, 1, 1, 1, 1, 1, 1, 1, 1, 1, 1, 1, 1, 1, 1, 1, 1, 1, 1, 1, 1, 1, 1, 1, 1, 1, 1, 1, 1, 1, 1, 1, 1, 1, 1, 1, 1, 1, 1, 1, 1, 1, 1, 1, 1, 1, 1, 1, 1, 1, 1, 1, 1, 1, 1, 1, 1, 1, 1, 1, 1, 1, 1, 1, 1, 1, 1, 1, 1, 1, 1, 1, 1, 1, 1, 1, 1, 1, 1, 1, 1, 1, 1, 1, 1, 1, 1, 1, 1, 1, 1, 1, 1, 1, 1, 1, 1, 1, 1, 1, 1, 1, 1, 1, 1, 1, 1, 1, 1, 1, 1, 1, 1, 1, 1, 1, 1, 1, 1, 1, 1, 1, 1, 1, 1, 1, 1, 1, 1, 1, 1, 1, 1, 1, 1, 1, 1, 1, 1, 1, 1, 1, 1, 1, 1, 1, 1, 1, 1, 1, 1, 1, 1, 1, 1, 1, 1, 1, 1, 1, 1, 1, 1, 1, 1, 1, 1, 1, 1, 1, 1, 1, 1, 1, 1, 1, 1, 1, 1, 1, 1, 1, 1, 1, 1, 1, 1, 1, 1, 1, 1, 1, 1, 1, 1, 1, 1, 1, 1, 1, 1, 1, 1, 1, 1, 1, 1, 1, 1, 1, 1, 1, 1, 1, 1, 1, 1, 1, 1, 1, 1, 1, 1, 1, 1, 1, 1, 1, 1, 1, 1, 1, 1, 1, 1, 1, 1, 1, 1, 1, 1, 1, 1, 1, 1, 1, 1, 1, 1, 1, 1, 1, 1, 1, 1, 1, 1, 1, 1, 1, 1, 1, 1, 1, 1, 1, 1, 1, 1, 1, 1, 1, 1, 1, 1, 1, 1, 1, 1, 1, 1, 1, 1, 1, 1, 1, 1, 1, 1, 1, 1, 1, 1, 1, 1, 1, 1, 1, 1, 1, 1, 1, 1, 1, 1, 1, 1, 1, 1, 1, 1, 1, 1, 1, 1, 1]
476<=B[0].wtL<=2380
B[0].wtH=476, B[0].wtL=1356

--- LeeBKZ with beta=5, bkz with minimum_lee_wt_codeword (may be non-primitive) ---
[LEEbkz:MW_Codeword_LEE:0.036183834075927734 sec.]
[LEEbkz:MW_Codeword_LEE:0.022938966751098633 sec.]
[LEEbkz:MW_Codeword_LEE:0.03575444221496582 sec.]
[LEEbkz:MW_Codeword_LEE:0.022799968719482422 sec.]
[LEEbkz:MW_Codeword_LEE:0.03533220291137695 sec.]
[LEEbkz:MW_Codeword_LEE:0.022675275802612305 sec.]
[LEEbkz:MW_Codeword_LEE:0.0355992317199707 sec.]
[LEEbkz:MW_Codeword_LEE:0.022641658782958984 sec.]
[LEEbkz:MW_Codeword_LEE:0.02112102508544922 sec.]
[LEEbkz:MW_Codeword_LEE:0.03573179244995117 sec.]
[LEEbkz:MW_Codeword_LEE:0.022658348083496094 sec.]
[LEEbkz:MW_Codeword_LEE:0.02121591567993164 sec.]
[LEEbkz:MW_Codeword_LEE:0.02066969871520996 sec.]
[LEEbkz:MW_Codeword_LEE:0.03578925132751465 sec.]
[LEEbkz:MW_Codeword_LEE:0.02246570587158203 sec.]
[LEEbkz:MW_Codeword_LEE:0.021106243133544922 sec.]
[LEEbkz:MW_Codeword_LEE:0.021039724349975586 sec.]
[LEEbkz:MW_Codeword_LEE:0.03601813316345215 sec.]
[LEEbkz:MW_Codeword_LEE:0.023058176040649414 sec.]
[LEEbkz:MW_Codeword_LEE:0.0356142520904541 sec.]
[LEEbkz:MW_Codeword_LEE:0.02324223518371582 sec.]
[LEEbkz:MW_Codeword_LEE:0.021464824676513672 sec.]
[LEEbkz:MW_Codeword_LEE:0.035529136657714844 sec.]
[LEEbkz:MW_Codeword_LEE:0.023051977157592773 sec.]
[LEEbkz:MW_Codeword_LEE:0.02159738540649414 sec.]
[LEEbkz:MW_Codeword_LEE:0.02438640594482422 sec.]
[LEEbkz:MW_Codeword_LEE:0.03550863265991211 sec.]
[LEEbkz:MW_Codeword_LEE:0.02304387092590332 sec.]
[LEEbkz:MW_Codeword_LEE:0.021439075469970703 sec.]
[LEEbkz:MW_Codeword_LEE:0.023853063583374023 sec.]
[LEEbkz:MW_Codeword_LEE:0.0356752872467041 sec.]
[LEEbkz:MW_Codeword_LEE:0.023018836975097656 sec.]
[LEEbkz:MW_Codeword_LEE:0.021170854568481445 sec.]
[LEEbkz:MW_Codeword_LEE:0.023980140686035156 sec.]
[LEEbkz:MW_Codeword_LEE:0.023735761642456055 sec.]
[LEEbkz:MW_Codeword_LEE:0.021789073944091797 sec.]
[LEEbkz:MW_Codeword_LEE:0.023875713348388672 sec.]
[LEEbkz:MW_Codeword_LEE:0.021358966827392578 sec.]
[LEEbkz:MW_Codeword_LEE:0.024054527282714844 sec.]
[LEEbkz:MW_Codeword_LEE:0.024210453033447266 sec.]
[LEEbkz:MW_Codeword_LEE:0.02428889274597168 sec.]
[LEEbkz:MW_Codeword_LEE:0.024092674255371094 sec.]
[LEEbkz:MW_Codeword_LEE:0.024160385131835938 sec.]
[LEEbkz:MW_Codeword_LEE:0.02406907081604004 sec.]
[LEEbkz:MW_Codeword_LEE:0.024268150329589844 sec.]
[LEEbkz:MW_Codeword_LEE:0.024052143096923828 sec.]
[LEEbkz:MW_Codeword_LEE:0.02407240867614746 sec.]
[LEEbkz:MW_Codeword_LEE:0.024166345596313477 sec.]
[LEEbkz:MW_Codeword_LEE:0.023831605911254883 sec.]
[LEEbkz:MW_Codeword_LEE:0.02443408966064453 sec.]
[LEEbkz:MW_Codeword_LEE:0.023794174194335938 sec.]
[LEEbkz:MW_Codeword_LEE:0.0237579345703125 sec.]
[LEEbkz:MW_Codeword_LEE:0.02432084083557129 sec.]
[LEEbkz:MW_Codeword_LEE:0.024197816848754883 sec.]
[LEEbkz:MW_Codeword_LEE:0.02410268783569336 sec.]
[LEEbkz:MW_Codeword_LEE:0.024281740188598633 sec.]
[LEEbkz:MW_Codeword_LEE:0.024133920669555664 sec.]
[LEEbkz:MW_Codeword_LEE:0.023915767669677734 sec.]
[LEEbkz:MW_Codeword_LEE:0.024018526077270508 sec.]
[LEEbkz:MW_Codeword_LEE:0.0240325927734375 sec.]
[LEEbkz:MW_Codeword_LEE:0.024552106857299805 sec.]
[LEEbkz:MW_Codeword_LEE:0.023864269256591797 sec.]
[LEEbkz:MW_Codeword_LEE:0.02442765235900879 sec.]
[LEEbkz:MW_Codeword_LEE:0.02398061752319336 sec.]
[LEEbkz:MW_Codeword_LEE:0.023766517639160156 sec.]
[LEEbkz:MW_Codeword_LEE:0.02401137351989746 sec.]
[LEEbkz:MW_Codeword_LEE:0.024042606353759766 sec.]
[LEEbkz:MW_Codeword_LEE:0.02393960952758789 sec.]
[LEEbkz:MW_Codeword_LEE:0.024172544479370117 sec.]
[LEEbkz:MW_Codeword_LEE:0.023824691772460938 sec.]
[LEEbkz:MW_Codeword_LEE:0.024157285690307617 sec.]
[LEEbkz:MW_Codeword_LEE:0.02400374412536621 sec.]
[LEEbkz:MW_Codeword_LEE:0.024144649505615234 sec.]
[LEEbkz:MW_Codeword_LEE:0.023833513259887695 sec.]
[LEEbkz:MW_Codeword_LEE:0.023823976516723633 sec.]
[LEEbkz:MW_Codeword_LEE:0.023870229721069336 sec.]
[LEEbkz:MW_Codeword_LEE:0.024141311645507812 sec.]
[LEEbkz:MW_Codeword_LEE:0.023837804794311523 sec.]
[LEEbkz:MW_Codeword_LEE:0.023808002471923828 sec.]
[LEEbkz:MW_Codeword_LEE:0.02414727210998535 sec.]
[LEEbkz:MW_Codeword_LEE:0.02434825897216797 sec.]
[LEEbkz:MW_Codeword_LEE:0.024038076400756836 sec.]
[LEEbkz:MW_Codeword_LEE:0.0238649845123291 sec.]
[LEEbkz:MW_Codeword_LEE:0.0238192081451416 sec.]
[LEEbkz:MW_Codeword_LEE:0.02441692352294922 sec.]
[LEEbkz:MW_Codeword_LEE:0.02399444580078125 sec.]
[LEEbkz:MW_Codeword_LEE:0.023901700973510742 sec.]
[LEEbkz:MW_Codeword_LEE:0.023960113525390625 sec.]
[LEEbkz:MW_Codeword_LEE:0.024320602416992188 sec.]
[LEEbkz:MW_Codeword_LEE:0.023909568786621094 sec.]
[LEEbkz:MW_Codeword_LEE:0.024115324020385742 sec.]
[LEEbkz:MW_Codeword_LEE:0.024380207061767578 sec.]
[LEEbkz:MW_Codeword_LEE:0.024353504180908203 sec.]
[LEEbkz:MW_Codeword_LEE:0.02430438995361328 sec.]
[LEEbkz:MW_Codeword_LEE:0.023952007293701172 sec.]
[LEEbkz:MW_Codeword_LEE:0.023865699768066406 sec.]
[LEEbkz:MW_Codeword_LEE:0.024724721908569336 sec.]
[LEEbkz:MW_Codeword_LEE:0.024199962615966797 sec.]
[LEEbkz:MW_Codeword_LEE:0.024529695510864258 sec.]
[LEEbkz:MW_Codeword_LEE:0.0243375301361084 sec.]
[LEEbkz:MW_Codeword_LEE:0.024266719818115234 sec.]
[LEEbkz:MW_Codeword_LEE:0.024304866790771484 sec.]
[LEEbkz:MW_Codeword_LEE:0.02390313148498535 sec.]
[LEEbkz:MW_Codeword_LEE:0.023728132247924805 sec.]
[LEEbkz:MW_Codeword_LEE:0.02469038963317871 sec.]
[LEEbkz:MW_Codeword_LEE:0.02391338348388672 sec.]
[LEEbkz:MW_Codeword_LEE:0.024073362350463867 sec.]
[LEEbkz:MW_Codeword_LEE:0.02395939826965332 sec.]
[LEEbkz:MW_Codeword_LEE:0.024239301681518555 sec.]
[LEEbkz:MW_Codeword_LEE:0.02411937713623047 sec.]
[LEEbkz:MW_Codeword_LEE:0.02380681037902832 sec.]
[LEEbkz:MW_Codeword_LEE:0.02396678924560547 sec.]
[LEEbkz:MW_Codeword_LEE:0.024072647094726562 sec.]
[LEEbkz:MW_Codeword_LEE:0.024053096771240234 sec.]
[LEEbkz:MW_Codeword_LEE:0.023792505264282227 sec.]
[LEEbkz:MW_Codeword_LEE:0.0240628719329834 sec.]
[LEEbkz:MW_Codeword_LEE:0.02416372299194336 sec.]
[LEEbkz:MW_Codeword_LEE:0.024445295333862305 sec.]
[LEEbkz:MW_Codeword_LEE:0.02407550811767578 sec.]
[LEEbkz:MW_Codeword_LEE:0.02447366714477539 sec.]
[LEEbkz:MW_Codeword_LEE:0.024057626724243164 sec.]
[LEEbkz:MW_Codeword_LEE:0.023784160614013672 sec.]
[LEEbkz:MW_Codeword_LEE:0.02416825294494629 sec.]
[LEEbkz:MW_Codeword_LEE:0.023869037628173828 sec.]
[LEEbkz:MW_Codeword_LEE:0.024372339248657227 sec.]
[LEEbkz:MW_Codeword_LEE:0.024036645889282227 sec.]
[LEEbkz:MW_Codeword_LEE:0.02415609359741211 sec.]
[LEEbkz:MW_Codeword_LEE:0.024343490600585938 sec.]
[LEEbkz:MW_Codeword_LEE:0.024330854415893555 sec.]
[LEEbkz:MW_Codeword_LEE:0.02388143539428711 sec.]
[LEEbkz:MW_Codeword_LEE:0.02435588836669922 sec.]
[LEEbkz:MW_Codeword_LEE:0.023818016052246094 sec.]
[LEEbkz:MW_Codeword_LEE:0.02380061149597168 sec.]
[LEEbkz:MW_Codeword_LEE:0.023797273635864258 sec.]
[LEEbkz:MW_Codeword_LEE:0.023807287216186523 sec.]
[LEEbkz:MW_Codeword_LEE:0.023886680603027344 sec.]
[LEEbkz:MW_Codeword_LEE:0.024398326873779297 sec.]
[LEEbkz:MW_Codeword_LEE:0.023983478546142578 sec.]
[LEEbkz:MW_Codeword_LEE:0.02391791343688965 sec.]
[LEEbkz:MW_Codeword_LEE:0.024117469787597656 sec.]
[LEEbkz:MW_Codeword_LEE:0.02395915985107422 sec.]
[LEEbkz:MW_Codeword_LEE:0.02391529083251953 sec.]
[LEEbkz:MW_Codeword_LEE:0.024050235748291016 sec.]
[LEEbkz:MW_Codeword_LEE:0.02397298812866211 sec.]
[LEEbkz:MW_Codeword_LEE:0.024301528930664062 sec.]
[LEEbkz:MW_Codeword_LEE:0.02433490753173828 sec.]
[LEEbkz:MW_Codeword_LEE:0.024091005325317383 sec.]
[LEEbkz:MW_Codeword_LEE:0.023994922637939453 sec.]
[LEEbkz:MW_Codeword_LEE:0.024073362350463867 sec.]
[LEEbkz:MW_Codeword_LEE:0.02391982078552246 sec.]
[LEEbkz:MW_Codeword_LEE:0.023832082748413086 sec.]
[LEEbkz:MW_Codeword_LEE:0.023746013641357422 sec.]
[LEEbkz:MW_Codeword_LEE:0.023940086364746094 sec.]
[LEEbkz:MW_Codeword_LEE:0.023923635482788086 sec.]
[LEEbkz:MW_Codeword_LEE:0.024253129959106445 sec.]
[LEEbkz:MW_Codeword_LEE:0.024331331253051758 sec.]
[LEEbkz:MW_Codeword_LEE:0.024143457412719727 sec.]
[LEEbkz:MW_Codeword_LEE:0.02392101287841797 sec.]
[LEEbkz:MW_Codeword_LEE:0.0240170955657959 sec.]
[LEEbkz:MW_Codeword_LEE:0.02387714385986328 sec.]
[LEEbkz:MW_Codeword_LEE:0.02400064468383789 sec.]
[LEEbkz:MW_Codeword_LEE:0.02398061752319336 sec.]
[LEEbkz:MW_Codeword_LEE:0.024262189865112305 sec.]
[LEEbkz:MW_Codeword_LEE:0.024381637573242188 sec.]
[LEEbkz:MW_Codeword_LEE:0.024117708206176758 sec.]
[LEEbkz:MW_Codeword_LEE:0.024068832397460938 sec.]
[LEEbkz:MW_Codeword_LEE:0.023948192596435547 sec.]
[LEEbkz:MW_Codeword_LEE:0.024140119552612305 sec.]
[LEEbkz:MW_Codeword_LEE:0.024097204208374023 sec.]
[LEEbkz:MW_Codeword_LEE:0.024044036865234375 sec.]
[LEEbkz:MW_Codeword_LEE:0.0238800048828125 sec.]
[LEEbkz:MW_Codeword_LEE:0.02388477325439453 sec.]
[LEEbkz:MW_Codeword_LEE:0.024335861206054688 sec.]
[LEEbkz:MW_Codeword_LEE:0.02420830726623535 sec.]
[LEEbkz:MW_Codeword_LEE:0.02399301528930664 sec.]
[LEEbkz:MW_Codeword_LEE:0.023969650268554688 sec.]
[LEEbkz:MW_Codeword_LEE:0.02389073371887207 sec.]
[LEEbkz:MW_Codeword_LEE:0.02388167381286621 sec.]
[LEEbkz:MW_Codeword_LEE:0.023775100708007812 sec.]
[LEEbkz:MW_Codeword_LEE:0.02385854721069336 sec.]
[LEEbkz:MW_Codeword_LEE:0.024233341217041016 sec.]
[LEEbkz:MW_Codeword_LEE:0.024218082427978516 sec.]
[LEEbkz:MW_Codeword_LEE:0.023983240127563477 sec.]
[LEEbkz:MW_Codeword_LEE:0.024213314056396484 sec.]
[LEEbkz:MW_Codeword_LEE:0.023992061614990234 sec.]
[LEEbkz:MW_Codeword_LEE:0.024170398712158203 sec.]
[LEEbkz:MW_Codeword_LEE:0.024025678634643555 sec.]
[LEEbkz:MW_Codeword_LEE:0.02377462387084961 sec.]
[LEEbkz:MW_Codeword_LEE:0.0240938663482666 sec.]
[LEEbkz:MW_Codeword_LEE:0.02387213706970215 sec.]
[LEEbkz:MW_Codeword_LEE:0.024456262588500977 sec.]
[LEEbkz:MW_Codeword_LEE:0.02437901496887207 sec.]
[LEEbkz:MW_Codeword_LEE:0.023916959762573242 sec.]
[LEEbkz:MW_Codeword_LEE:0.024547576904296875 sec.]
[LEEbkz:MW_Codeword_LEE:0.024163484573364258 sec.]
[LEEbkz:MW_Codeword_LEE:0.02388930320739746 sec.]
[LEEbkz:MW_Codeword_LEE:0.023786067962646484 sec.]
[LEEbkz:MW_Codeword_LEE:0.024133920669555664 sec.]
[LEEbkz:MW_Codeword_LEE:0.02416849136352539 sec.]
[LEEbkz:MW_Codeword_LEE:0.02448415756225586 sec.]
[LEEbkz:MW_Codeword_LEE:0.024178028106689453 sec.]
[LEEbkz:MW_Codeword_LEE:0.024197101593017578 sec.]
[LEEbkz:MW_Codeword_LEE:0.02409672737121582 sec.]
[LEEbkz:MW_Codeword_LEE:0.023950815200805664 sec.]
[LEEbkz:MW_Codeword_LEE:0.024139881134033203 sec.]
[LEEbkz:MW_Codeword_LEE:0.024106979370117188 sec.]
[LEEbkz:MW_Codeword_LEE:0.024056434631347656 sec.]
[LEEbkz:MW_Codeword_LEE:0.02409648895263672 sec.]
[LEEbkz:MW_Codeword_LEE:0.024344205856323242 sec.]
[LEEbkz:MW_Codeword_LEE:0.024017810821533203 sec.]
[LEEbkz:MW_Codeword_LEE:0.023839950561523438 sec.]
[LEEbkz:MW_Codeword_LEE:0.023598670959472656 sec.]
[LEEbkz:MW_Codeword_LEE:0.024044513702392578 sec.]
[LEEbkz:MW_Codeword_LEE:0.02386021614074707 sec.]
[LEEbkz:MW_Codeword_LEE:0.02399897575378418 sec.]
[LEEbkz:MW_Codeword_LEE:0.023766040802001953 sec.]
[LEEbkz:MW_Codeword_LEE:0.024244070053100586 sec.]
[LEEbkz:MW_Codeword_LEE:0.024580955505371094 sec.]
[LEEbkz:MW_Codeword_LEE:0.023998737335205078 sec.]
[LEEbkz:MW_Codeword_LEE:0.024042844772338867 sec.]
[LEEbkz:MW_Codeword_LEE:0.02396106719970703 sec.]
[LEEbkz:MW_Codeword_LEE:0.024184465408325195 sec.]
[LEEbkz:MW_Codeword_LEE:0.024151325225830078 sec.]
[LEEbkz:MW_Codeword_LEE:0.024316072463989258 sec.]
[LEEbkz:MW_Codeword_LEE:0.02426743507385254 sec.]
[LEEbkz:MW_Codeword_LEE:0.023729801177978516 sec.]
[LEEbkz:MW_Codeword_LEE:0.024469852447509766 sec.]
[LEEbkz:MW_Codeword_LEE:0.024185895919799805 sec.]
[LEEbkz:MW_Codeword_LEE:0.023869991302490234 sec.]
[LEEbkz:MW_Codeword_LEE:0.023832321166992188 sec.]
[LEEbkz:MW_Codeword_LEE:0.024077415466308594 sec.]
[LEEbkz:MW_Codeword_LEE:0.024184465408325195 sec.]
[LEEbkz:MW_Codeword_LEE:0.023883342742919922 sec.]
[LEEbkz:MW_Codeword_LEE:0.024030208587646484 sec.]
[LEEbkz:MW_Codeword_LEE:0.023995161056518555 sec.]
[LEEbkz:MW_Codeword_LEE:0.0243074893951416 sec.]
[LEEbkz:MW_Codeword_LEE:0.023916959762573242 sec.]
[LEEbkz:MW_Codeword_LEE:0.024271011352539062 sec.]
[LEEbkz:MW_Codeword_LEE:0.024043560028076172 sec.]
[LEEbkz:MW_Codeword_LEE:0.023987293243408203 sec.]
[LEEbkz:MW_Codeword_LEE:0.02411675453186035 sec.]
[LEEbkz:MW_Codeword_LEE:0.023827552795410156 sec.]
[LEEbkz:MW_Codeword_LEE:0.023945331573486328 sec.]
[LEEbkz:MW_Codeword_LEE:0.02378988265991211 sec.]
[LEEbkz:MW_Codeword_LEE:0.024399757385253906 sec.]
[LEEbkz:MW_Codeword_LEE:0.024039030075073242 sec.]
[LEEbkz:MW_Codeword_LEE:0.02384805679321289 sec.]
[LEEbkz:MW_Codeword_LEE:0.023947954177856445 sec.]
[LEEbkz:MW_Codeword_LEE:0.02402520179748535 sec.]
[LEEbkz:MW_Codeword_LEE:0.024169921875 sec.]
[LEEbkz:MW_Codeword_LEE:0.02387833595275879 sec.]
[LEEbkz:MW_Codeword_LEE:0.023997068405151367 sec.]
[LEEbkz:MW_Codeword_LEE:0.024175167083740234 sec.]
[LEEbkz:MW_Codeword_LEE:0.024399518966674805 sec.]
[LEEbkz:MW_Codeword_LEE:0.024232864379882812 sec.]
[LEEbkz:MW_Codeword_LEE:0.024096965789794922 sec.]
[LEEbkz:MW_Codeword_LEE:0.024253129959106445 sec.]
[LEEbkz:MW_Codeword_LEE:0.023854970932006836 sec.]
[LEEbkz:MW_Codeword_LEE:0.023797988891601562 sec.]
[LEEbkz:MW_Codeword_LEE:0.02441692352294922 sec.]
[LEEbkz:MW_Codeword_LEE:0.02404475212097168 sec.]
[LEEbkz:MW_Codeword_LEE:0.024028539657592773 sec.]
[LEEbkz:MW_Codeword_LEE:0.024464130401611328 sec.]
[LEEbkz:MW_Codeword_LEE:0.024335384368896484 sec.]
[LEEbkz:MW_Codeword_LEE:0.023903846740722656 sec.]
[LEEbkz:MW_Codeword_LEE:0.02448868751525879 sec.]
[LEEbkz:MW_Codeword_LEE:0.024269819259643555 sec.]
[LEEbkz:MW_Codeword_LEE:0.024205684661865234 sec.]
[LEEbkz:MW_Codeword_LEE:0.023954391479492188 sec.]
[LEEbkz:MW_Codeword_LEE:0.023926496505737305 sec.]
[LEEbkz:MW_Codeword_LEE:0.023937463760375977 sec.]
[LEEbkz:MW_Codeword_LEE:0.024409055709838867 sec.]
[LEEbkz:MW_Codeword_LEE:0.0239412784576416 sec.]
[LEEbkz:MW_Codeword_LEE:0.023937702178955078 sec.]
[LEEbkz:MW_Codeword_LEE:0.02413010597229004 sec.]
[LEEbkz:MW_Codeword_LEE:0.023838281631469727 sec.]
[LEEbkz:MW_Codeword_LEE:0.02432107925415039 sec.]
[LEEbkz:MW_Codeword_LEE:0.024153709411621094 sec.]
[LEEbkz:MW_Codeword_LEE:0.023897647857666016 sec.]
[LEEbkz:MW_Codeword_LEE:0.02381587028503418 sec.]
[LEEbkz:MW_Codeword_LEE:0.024354934692382812 sec.]
[LEEbkz:MW_Codeword_LEE:0.024145841598510742 sec.]
[LEEbkz:MW_Codeword_LEE:0.02394723892211914 sec.]
[LEEbkz:MW_Codeword_LEE:0.02414250373840332 sec.]
[LEEbkz:MW_Codeword_LEE:0.024364709854125977 sec.]
[LEEbkz:MW_Codeword_LEE:0.0238034725189209 sec.]
[LEEbkz:MW_Codeword_LEE:0.023905038833618164 sec.]
[LEEbkz:MW_Codeword_LEE:0.023828983306884766 sec.]
[LEEbkz:MW_Codeword_LEE:0.02405858039855957 sec.]
[LEEbkz:MW_Codeword_LEE:0.02408456802368164 sec.]
[LEEbkz:MW_Codeword_LEE:0.024031639099121094 sec.]
[LEEbkz:MW_Codeword_LEE:0.024136781692504883 sec.]
[LEEbkz:MW_Codeword_LEE:0.02388310432434082 sec.]
[LEEbkz:MW_Codeword_LEE:0.023876190185546875 sec.]
[LEEbkz:MW_Codeword_LEE:0.024275541305541992 sec.]
[LEEbkz:MW_Codeword_LEE:0.02456831932067871 sec.]
[LEEbkz:MW_Codeword_LEE:0.023897409439086914 sec.]
[LEEbkz:MW_Codeword_LEE:0.023758888244628906 sec.]
[LEEbkz:MW_Codeword_LEE:0.024100542068481445 sec.]
[LEEbkz:MW_Codeword_LEE:0.024112224578857422 sec.]
[LEEbkz:MW_Codeword_LEE:0.023856401443481445 sec.]
[LEEbkz:MW_Codeword_LEE:0.024076223373413086 sec.]
[LEEbkz:MW_Codeword_LEE:0.023936033248901367 sec.]
[LEEbkz:MW_Codeword_LEE:0.024225711822509766 sec.]
[LEEbkz:MW_Codeword_LEE:0.023945331573486328 sec.]
[LEEbkz:MW_Codeword_LEE:0.024239540100097656 sec.]
[LEEbkz:MW_Codeword_LEE:0.0238494873046875 sec.]
[LEEbkz:MW_Codeword_LEE:0.024334430694580078 sec.]
[LEEbkz:MW_Codeword_LEE:0.02406764030456543 sec.]
[LEEbkz:MW_Codeword_LEE:0.024280548095703125 sec.]
[LEEbkz:MW_Codeword_LEE:0.023891925811767578 sec.]
[LEEbkz:MW_Codeword_LEE:0.02405834197998047 sec.]
[LEEbkz:MW_Codeword_LEE:0.024111270904541016 sec.]
[LEEbkz:MW_Codeword_LEE:0.02424335479736328 sec.]
[LEEbkz:MW_Codeword_LEE:0.023676395416259766 sec.]
[LEEbkz:MW_Codeword_LEE:0.023965120315551758 sec.]
[LEEbkz:MW_Codeword_LEE:0.024081945419311523 sec.]
[LEEbkz:MW_Codeword_LEE:0.024302959442138672 sec.]
[LEEbkz:MW_Codeword_LEE:0.02393341064453125 sec.]
[LEEbkz:MW_Codeword_LEE:0.0243227481842041 sec.]
[LEEbkz:MW_Codeword_LEE:0.02419114112854004 sec.]
[LEEbkz:MW_Codeword_LEE:0.024410247802734375 sec.]
[LEEbkz:MW_Codeword_LEE:0.024027585983276367 sec.]
[LEEbkz:MW_Codeword_LEE:0.023896455764770508 sec.]
[LEEbkz:MW_Codeword_LEE:0.024040937423706055 sec.]
[LEEbkz:MW_Codeword_LEE:0.02401137351989746 sec.]
[LEEbkz:MW_Codeword_LEE:0.023994922637939453 sec.]
[LEEbkz:MW_Codeword_LEE:0.02395915985107422 sec.]
[LEEbkz:MW_Codeword_LEE:0.02381587028503418 sec.]
[LEEbkz:MW_Codeword_LEE:0.02401423454284668 sec.]
[LEEbkz:MW_Codeword_LEE:0.024506092071533203 sec.]
[LEEbkz:MW_Codeword_LEE:0.02399754524230957 sec.]
[LEEbkz:MW_Codeword_LEE:0.024029254913330078 sec.]
[LEEbkz:MW_Codeword_LEE:0.02387714385986328 sec.]
[LEEbkz:MW_Codeword_LEE:0.0239408016204834 sec.]
[LEEbkz:MW_Codeword_LEE:0.024238109588623047 sec.]
[LEEbkz:MW_Codeword_LEE:0.024047374725341797 sec.]
[LEEbkz:MW_Codeword_LEE:0.024024009704589844 sec.]
[LEEbkz:MW_Codeword_LEE:0.023970365524291992 sec.]
[LEEbkz:MW_Codeword_LEE:0.024393558502197266 sec.]
[LEEbkz:MW_Codeword_LEE:0.02425861358642578 sec.]
[LEEbkz:MW_Codeword_LEE:0.024080276489257812 sec.]
[LEEbkz:MW_Codeword_LEE:0.02395343780517578 sec.]
[LEEbkz:MW_Codeword_LEE:0.024150848388671875 sec.]
[LEEbkz:MW_Codeword_LEE:0.024153709411621094 sec.]
[LEEbkz:MW_Codeword_LEE:0.024347543716430664 sec.]
[LEEbkz:MW_Codeword_LEE:0.024079322814941406 sec.]
[LEEbkz:MW_Codeword_LEE:0.023932933807373047 sec.]
[LEEbkz:MW_Codeword_LEE:0.024083852767944336 sec.]
[LEEbkz:MW_Codeword_LEE:0.0242311954498291 sec.]
[LEEbkz:MW_Codeword_LEE:0.02388453483581543 sec.]
[LEEbkz:MW_Codeword_LEE:0.024160385131835938 sec.]
[LEEbkz:MW_Codeword_LEE:0.024050474166870117 sec.]
[LEEbkz:MW_Codeword_LEE:0.023833513259887695 sec.]
[LEEbkz:MW_Codeword_LEE:0.02431321144104004 sec.]
[LEEbkz:MW_Codeword_LEE:0.024127483367919922 sec.]
[LEEbkz:MW_Codeword_LEE:0.024117708206176758 sec.]
[LEEbkz:MW_Codeword_LEE:0.024225711822509766 sec.]
[LEEbkz:MW_Codeword_LEE:0.023954391479492188 sec.]
[LEEbkz:MW_Codeword_LEE:0.024044036865234375 sec.]
[LEEbkz:MW_Codeword_LEE:0.023865461349487305 sec.]
[LEEbkz:MW_Codeword_LEE:0.02417731285095215 sec.]
[LEEbkz:MW_Codeword_LEE:0.02382040023803711 sec.]
[LEEbkz:MW_Codeword_LEE:0.02386641502380371 sec.]
[LEEbkz:MW_Codeword_LEE:0.02383255958557129 sec.]
[LEEbkz:MW_Codeword_LEE:0.024018526077270508 sec.]
[LEEbkz:MW_Codeword_LEE:0.024190664291381836 sec.]
[LEEbkz:MW_Codeword_LEE:0.024171113967895508 sec.]
[LEEbkz:MW_Codeword_LEE:0.02388930320739746 sec.]
[LEEbkz:MW_Codeword_LEE:0.024095773696899414 sec.]
[LEEbkz:MW_Codeword_LEE:0.023871183395385742 sec.]
[LEEbkz:MW_Codeword_LEE:0.02421116828918457 sec.]
[LEEbkz:MW_Codeword_LEE:0.024343013763427734 sec.]
[LEEbkz:MW_Codeword_LEE:0.02390003204345703 sec.]
[LEEbkz:MW_Codeword_LEE:0.02407670021057129 sec.]
[LEEbkz:MW_Codeword_LEE:0.024149417877197266 sec.]
[LEEbkz:MW_Codeword_LEE:0.02411055564880371 sec.]
[LEEbkz:MW_Codeword_LEE:0.02421259880065918 sec.]
[LEEbkz:MW_Codeword_LEE:0.023966550827026367 sec.]
[LEEbkz:MW_Codeword_LEE:0.023881196975708008 sec.]
[LEEbkz:MW_Codeword_LEE:0.023867130279541016 sec.]
[LEEbkz:MW_Codeword_LEE:0.024103641510009766 sec.]
[LEEbkz:MW_Codeword_LEE:0.024057865142822266 sec.]
[LEEbkz:MW_Codeword_LEE:0.023786544799804688 sec.]
[LEEbkz:MW_Codeword_LEE:0.02414536476135254 sec.]
[LEEbkz:MW_Codeword_LEE:0.02394390106201172 sec.]
[LEEbkz:MW_Codeword_LEE:0.023868560791015625 sec.]
[LEEbkz:MW_Codeword_LEE:0.02385711669921875 sec.]
[LEEbkz:MW_Codeword_LEE:0.02415633201599121 sec.]
[LEEbkz:MW_Codeword_LEE:0.02378535270690918 sec.]
[LEEbkz:MW_Codeword_LEE:0.024039506912231445 sec.]
[LEEbkz:MW_Codeword_LEE:0.024264097213745117 sec.]
[LEEbkz:MW_Codeword_LEE:0.023992538452148438 sec.]
[LEEbkz:MW_Codeword_LEE:0.024585962295532227 sec.]
[LEEbkz:MW_Codeword_LEE:0.02391505241394043 sec.]
[LEEbkz:MW_Codeword_LEE:0.023891210556030273 sec.]
[LEEbkz:MW_Codeword_LEE:0.024117469787597656 sec.]
[LEEbkz:MW_Codeword_LEE:0.02410149574279785 sec.]
[LEEbkz:MW_Codeword_LEE:0.023984909057617188 sec.]
[LEEbkz:MW_Codeword_LEE:0.02415943145751953 sec.]
[LEEbkz:MW_Codeword_LEE:0.024006366729736328 sec.]
[LEEbkz:MW_Codeword_LEE:0.0238034725189209 sec.]
[LEEbkz:MW_Codeword_LEE:0.024143457412719727 sec.]
[LEEbkz:MW_Codeword_LEE:0.02431654930114746 sec.]
[LEEbkz:MW_Codeword_LEE:0.02404952049255371 sec.]
[LEEbkz:MW_Codeword_LEE:0.0240781307220459 sec.]
[LEEbkz:MW_Codeword_LEE:0.024002552032470703 sec.]
[LEEbkz:MW_Codeword_LEE:0.023871183395385742 sec.]
[LEEbkz:MW_Codeword_LEE:0.023800373077392578 sec.]
[LEEbkz:MW_Codeword_LEE:0.023990154266357422 sec.]
[LEEbkz:MW_Codeword_LEE:0.024218082427978516 sec.]
[LEEbkz:MW_Codeword_LEE:0.02425694465637207 sec.]
[LEEbkz:MW_Codeword_LEE:0.024555206298828125 sec.]
[LEEbkz:MW_Codeword_LEE:0.023928403854370117 sec.]
[LEEbkz:MW_Codeword_LEE:0.024219989776611328 sec.]
[LEEbkz:MW_Codeword_LEE:0.023955583572387695 sec.]
[LEEbkz:MW_Codeword_LEE:0.024027347564697266 sec.]
[LEEbkz:MW_Codeword_LEE:0.024094104766845703 sec.]
[LEEbkz:MW_Codeword_LEE:0.024204492568969727 sec.]
[LEEbkz:MW_Codeword_LEE:0.024180173873901367 sec.]
[LEEbkz:MW_Codeword_LEE:0.0242922306060791 sec.]
[LEEbkz:MW_Codeword_LEE:0.024205446243286133 sec.]
[LEEbkz:MW_Codeword_LEE:0.024155139923095703 sec.]
[LEEbkz:MW_Codeword_LEE:0.023785829544067383 sec.]
[LEEbkz:MW_Codeword_LEE:0.024181604385375977 sec.]
[LEEbkz:MW_Codeword_LEE:0.023717164993286133 sec.]
[LEEbkz:MW_Codeword_LEE:0.024096012115478516 sec.]
[LEEbkz:MW_Codeword_LEE:0.02377605438232422 sec.]
[LEEbkz:MW_Codeword_LEE:0.023666858673095703 sec.]
[LEEbkz:MW_Codeword_LEE:0.0240936279296875 sec.]
[LEEbkz:MW_Codeword_LEE:0.023923158645629883 sec.]
[LEEbkz:MW_Codeword_LEE:0.02380681037902832 sec.]
[LEEbkz:MW_Codeword_LEE:0.02398848533630371 sec.]
[LEEbkz:MW_Codeword_LEE:0.023719072341918945 sec.]
[LEEbkz:MW_Codeword_LEE:0.02379751205444336 sec.]
[LEEbkz:MW_Codeword_LEE:0.024111032485961914 sec.]
[LEEbkz:MW_Codeword_LEE:0.023850679397583008 sec.]
[LEEbkz:MW_Codeword_LEE:0.023938894271850586 sec.]
[LEEbkz:MW_Codeword_LEE:0.024181604385375977 sec.]
[LEEbkz:MW_Codeword_LEE:0.0241086483001709 sec.]
[LEEbkz:MW_Codeword_LEE:0.02371048927307129 sec.]
[LEEbkz:MW_Codeword_LEE:0.023673057556152344 sec.]
[LEEbkz:MW_Codeword_LEE:0.024139404296875 sec.]
[LEEbkz:MW_Codeword_LEE:0.024103164672851562 sec.]
[LEEbkz:MW_Codeword_LEE:0.024019241333007812 sec.]
[LEEbkz:MW_Codeword_LEE:0.02404332160949707 sec.]
[LEEbkz:MW_Codeword_LEE:0.023978710174560547 sec.]
[LEEbkz:MW_Codeword_LEE:0.02407383918762207 sec.]
[LEEbkz:MW_Codeword_LEE:0.0244443416595459 sec.]
[LEEbkz:MW_Codeword_LEE:0.023936033248901367 sec.]
[LEEbkz:MW_Codeword_LEE:0.023932933807373047 sec.]
[LEEbkz:MW_Codeword_LEE:0.023888349533081055 sec.]
[LEEbkz:MW_Codeword_LEE:0.0238192081451416 sec.]
[LEEbkz:MW_Codeword_LEE:0.023770809173583984 sec.]
[LEEbkz:MW_Codeword_LEE:0.02399134635925293 sec.]
[LEEbkz:MW_Codeword_LEE:0.02409529685974121 sec.]
[LEEbkz:MW_Codeword_LEE:0.024003267288208008 sec.]
[LEEbkz:MW_Codeword_LEE:0.0242002010345459 sec.]
[LEEbkz:MW_Codeword_LEE:0.02405691146850586 sec.]
[LEEbkz:MW_Codeword_LEE:0.024085283279418945 sec.]
[LEEbkz:MW_Codeword_LEE:0.02404618263244629 sec.]
[LEEbkz:MW_Codeword_LEE:0.023802518844604492 sec.]
[LEEbkz:MW_Codeword_LEE:0.02398848533630371 sec.]
[LEEbkz:MW_Codeword_LEE:0.024251222610473633 sec.]
[LEEbkz:MW_Codeword_LEE:0.024034976959228516 sec.]
[LEEbkz:MW_Codeword_LEE:0.02457737922668457 sec.]
[LEEbkz:MW_Codeword_LEE:0.023899078369140625 sec.]
[LEEbkz:MW_Codeword_LEE:0.023963451385498047 sec.]
[LEEbkz:MW_Codeword_LEE:0.023845672607421875 sec.]
[LEEbkz:MW_Codeword_LEE:0.024430513381958008 sec.]
[LEEbkz:MW_Codeword_LEE:0.02377605438232422 sec.]
[LEEbkz:MW_Codeword_LEE:0.024036884307861328 sec.]
[LEEbkz:MW_Codeword_LEE:0.023776769638061523 sec.]
[LEEbkz:MW_Codeword_LEE:0.023747920989990234 sec.]
[LEEbkz:MW_Codeword_LEE:0.024358749389648438 sec.]
[LEEbkz:MW_Codeword_LEE:0.02395009994506836 sec.]
[LEEbkz:MW_Codeword_LEE:0.023904085159301758 sec.]
[LEEbkz:MW_Codeword_LEE:0.024107933044433594 sec.]
[LEEbkz:MW_Codeword_LEE:0.023775339126586914 sec.]
[LEEbkz:MW_Codeword_LEE:0.02359318733215332 sec.]
[LEEbkz:MW_Codeword_LEE:0.024007320404052734 sec.]
[LEEbkz:MW_Codeword_LEE:0.024151325225830078 sec.]
[LEEbkz:MW_Codeword_LEE:0.023945331573486328 sec.]
[LEEbkz:MW_Codeword_LEE:0.02400040626525879 sec.]
[LEEbkz:MW_Codeword_LEE:0.024039030075073242 sec.]
[LEEbkz:MW_Codeword_LEE:0.024080514907836914 sec.]
[LEEbkz:MW_Codeword_LEE:0.02396678924560547 sec.]
[LEEbkz:MW_Codeword_LEE:0.023886919021606445 sec.]
[LEEbkz:MW_Codeword_LEE:0.024029970169067383 sec.]
[LEEbkz:MW_Codeword_LEE:0.023992300033569336 sec.]
[LEEbkz:MW_Codeword_LEE:0.024083375930786133 sec.]
[LEEbkz:MW_Codeword_LEE:0.02400684356689453 sec.]
[LEEbkz:MW_Codeword_LEE:0.024075031280517578 sec.]
[LEEbkz:MW_Codeword_LEE:0.024524688720703125 sec.]
[LEEbkz:MW_Codeword_LEE:0.023930072784423828 sec.]
[LEEbkz:MW_Codeword_LEE:0.02402973175048828 sec.]
[LEEbkz:MW_Codeword_LEE:0.023759126663208008 sec.]
[LEEbkz:MW_Codeword_LEE:0.023812294006347656 sec.]
[LEEbkz:MW_Codeword_LEE:0.024353981018066406 sec.]
[LEEbkz:MW_Codeword_LEE:0.023698806762695312 sec.]
[LEEbkz:MW_Codeword_LEE:0.02366328239440918 sec.]
[LEEbkz:MW_Codeword_LEE:0.024249553680419922 sec.]
[LEEbkz:MW_Codeword_LEE:0.024401426315307617 sec.]
[LEEbkz:MW_Codeword_LEE:0.02391815185546875 sec.]
[LEEbkz:MW_Codeword_LEE:0.02399444580078125 sec.]
[LEEbkz:MW_Codeword_LEE:0.02390289306640625 sec.]
[LEEbkz:MW_Codeword_LEE:0.023824691772460938 sec.]
[LEEbkz:MW_Codeword_LEE:0.023798465728759766 sec.]
[LEEbkz:MW_Codeword_LEE:0.024037599563598633 sec.]
[LEEbkz:MW_Codeword_LEE:0.023708343505859375 sec.]
[LEEbkz:MW_Codeword_LEE:0.024271726608276367 sec.]
[LEEbkz:MW_Codeword_LEE:0.023894548416137695 sec.]
[LEEbkz:MW_Codeword_LEE:0.023886919021606445 sec.]
[LEEbkz:MW_Codeword_LEE:0.023949384689331055 sec.]
[LEEbkz:MW_Codeword_LEE:0.023921966552734375 sec.]
[LEEbkz:MW_Codeword_LEE:0.024100542068481445 sec.]
[LEEbkz:MW_Codeword_LEE:0.023908138275146484 sec.]
[LEEbkz:MW_Codeword_LEE:0.023943662643432617 sec.]
[LEEbkz:MW_Codeword_LEE:0.0237429141998291 sec.]
[LEEbkz:MW_Codeword_LEE:0.024110078811645508 sec.]
[LEEbkz:MW_Codeword_LEE:0.02398824691772461 sec.]
[LEEbkz:MW_Codeword_LEE:0.024006366729736328 sec.]
[LEEbkz:MW_Codeword_LEE:0.023824453353881836 sec.]
[LEEbkz:MW_Codeword_LEE:0.023941993713378906 sec.]
[LEEbkz:MW_Codeword_LEE:0.024187564849853516 sec.]
[LEEbkz:MW_Codeword_LEE:0.02405261993408203 sec.]
[LEEbkz:MW_Codeword_LEE:0.023845911026000977 sec.]
[LEEbkz:MW_Codeword_LEE:0.023694276809692383 sec.]
[LEEbkz:MW_Codeword_LEE:0.02406477928161621 sec.]
[LEEbkz:MW_Codeword_LEE:0.02406167984008789 sec.]
[LEEbkz:MW_Codeword_LEE:0.024085521697998047 sec.]
[LEEbkz:MW_Codeword_LEE:0.024051904678344727 sec.]
[LEEbkz:MW_Codeword_LEE:0.023717880249023438 sec.]
[LEEbkz:MW_Codeword_LEE:0.023943424224853516 sec.]
[LEEbkz:MW_Codeword_LEE:0.023802757263183594 sec.]
[LEEbkz:MW_Codeword_LEE:0.023678302764892578 sec.]
[LEEbkz:MW_Codeword_LEE:0.024286270141601562 sec.]
[LEEbkz:MW_Codeword_LEE:0.024178028106689453 sec.]
[LEEbkz:MW_Codeword_LEE:0.0236663818359375 sec.]
[LEEbkz:MW_Codeword_LEE:0.02208232879638672 sec.]
[LEEbkz:MW_Codeword_LEE:0.020411252975463867 sec.]
Hamming profile after BKZ: [441, 65, 10, 1, 1, 1, 1, 1, 1, 1, 1, 1, 1, 1, 1, 1, 1, 1, 1, 1, 1, 1, 1, 1, 1, 1, 1, 1, 1, 1, 1, 1, 1, 1, 1, 1, 1, 1, 1, 1, 1, 1, 1, 1, 1, 1, 1, 1, 1, 1, 1, 1, 1, 1, 1, 1, 1, 1, 1, 1, 1, 1, 1, 1, 1, 1, 1, 1, 1, 1, 1, 1, 1, 1, 1, 1, 1, 1, 1, 1, 1, 1, 1, 1, 1, 1, 1, 1, 1, 1, 1, 1, 1, 1, 1, 1, 1, 1, 1, 1, 1, 1, 1, 1, 1, 1, 1, 1, 1, 1, 1, 1, 1, 1, 1, 1, 1, 1, 1, 1, 1, 1, 1, 1, 1, 1, 1, 1, 1, 1, 1, 1, 1, 1, 1, 1, 1, 1, 1, 1, 1, 1, 1, 1, 1, 1, 1, 1, 1, 1, 1, 1, 1, 1, 1, 1, 1, 1, 1, 1, 1, 1, 1, 1, 1, 1, 1, 1, 1, 1, 1, 1, 1, 1, 1, 1, 1, 1, 1, 1, 1, 1, 1, 1, 1, 1, 1, 1, 1, 1, 1, 1, 1, 1, 1, 1, 1, 1, 1, 1, 1, 1, 1, 1, 1, 1, 1, 1, 1, 1, 1, 1, 1, 1, 1, 1, 1, 1, 1, 1, 1, 1, 1, 1, 1, 1, 1, 1, 1, 1, 1, 1, 1, 1, 1, 1, 1, 1, 1, 1, 1, 1, 1, 1, 1, 1, 1, 1, 1, 1, 1, 1, 1, 1, 1, 1, 1, 1, 1, 1, 1, 1, 1, 1, 1, 1, 1, 1, 1, 1, 1, 1, 1, 1, 1, 1, 1, 1, 1, 1, 1, 1, 1, 1, 1, 1, 1, 1, 1, 1, 1, 1, 1, 1, 1, 1, 1, 1, 1, 1, 1, 1, 1, 1, 1, 1, 1, 1, 1, 1, 1, 1, 1, 1, 1, 1, 1, 1, 1, 1, 1, 1, 1, 1, 1, 1, 1, 1, 1, 1, 1, 1, 1, 1, 1, 1, 1, 1, 1, 1, 1, 1, 1, 1, 1, 1, 1, 1, 1, 1, 1, 1, 1, 1, 1, 1, 1, 1, 1, 1, 1, 1, 1, 1, 1, 1, 1, 1, 1, 1, 1, 1, 1, 1, 1, 1, 1, 1, 1, 1, 1, 1, 1, 1, 1, 1, 1, 1, 1, 1, 1, 1, 1, 1, 1, 1, 1, 1, 1, 1, 1, 1, 1, 1, 1, 1, 1, 1, 1, 1, 1, 1, 1, 1, 1, 1, 1, 1, 1, 1, 1, 1, 1, 1, 1, 1, 1, 1, 1, 1, 1, 1, 1, 1, 1, 1, 1, 1, 1, 1, 1, 1, 1, 1, 1, 1, 1, 1, 1, 1, 1, 1, 1, 1, 1, 1, 1, 1, 1, 1, 1, 1, 1, 1, 1, 1, 1, 1, 1, 1, 1, 1, 1, 1, 1, 1, 1, 1, 1, 1, 1, 1, 1, 1, 1, 1, 1, 1, 1, 1, 1, 1, 1, 1, 1, 1, 1, 1, 1, 1, 1, 1, 1, 1, 1, 1, 1, 1, 1, 1, 1, 0]
Lee profile after BKZ: [1236, 152, 12, 1, 1, 1, 1, 1, 1, 1, 1, 1, 1, 1, 1, 1, 1, 1, 1, 1, 1, 1, 1, 1, 1, 1, 1, 1, 1, 1, 1, 1, 1, 1, 1, 1, 1, 1, 1, 1, 1, 1, 1, 1, 1, 1, 1, 1, 1, 1, 1, 1, 1, 1, 1, 1, 1, 1, 1, 1, 1, 1, 1, 1, 1, 1, 1, 1, 1, 1, 1, 1, 1, 1, 1, 1, 1, 1, 1, 1, 1, 1, 1, 1, 1, 1, 1, 1, 1, 1, 1, 1, 1, 1, 1, 1, 1, 1, 1, 1, 1, 1, 1, 1, 1, 1, 1, 1, 1, 1, 1, 1, 1, 1, 1, 1, 1, 1, 1, 1, 1, 1, 1, 1, 1, 1, 1, 1, 1, 1, 1, 1, 1, 1, 1, 1, 1, 1, 1, 1, 1, 1, 1, 1, 1, 1, 1, 1, 1, 1, 1, 1, 1, 1, 1, 1, 1, 1, 1, 1, 1, 1, 1, 1, 1, 1, 1, 1, 1, 1, 1, 1, 1, 1, 1, 1, 1, 1, 1, 1, 1, 1, 1, 1, 1, 1, 1, 1, 1, 1, 1, 1, 1, 1, 1, 1, 1, 1, 1, 1, 1, 1, 1, 1, 1, 1, 1, 1, 1, 1, 1, 1, 1, 1, 1, 1, 1, 1, 1, 1, 1, 1, 1, 1, 1, 1, 1, 1, 1, 1, 1, 1, 1, 1, 1, 1, 1, 1, 1, 1, 1, 1, 1, 1, 1, 1, 1, 1, 1, 1, 1, 1, 1, 1, 1, 1, 1, 1, 1, 1, 1, 1, 1, 1, 1, 1, 1, 1, 1, 1, 1, 1, 1, 1, 1, 1, 1, 1, 1, 1, 1, 1, 1, 1, 1, 1, 1, 1, 1, 1, 1, 1, 1, 1, 1, 1, 1, 1, 1, 1, 1, 1, 1, 1, 1, 1, 1, 1, 1, 1, 1, 1, 1, 1, 1, 1, 1, 1, 1, 1, 1, 1, 1, 1, 1, 1, 1, 1, 1, 1, 1, 1, 1, 1, 1, 1, 1, 1, 1, 1, 1, 1, 1, 1, 1, 1, 1, 1, 1, 1, 1, 1, 1, 1, 1, 1, 1, 1, 1, 1, 1, 1, 1, 1, 1, 1, 1, 1, 1, 1, 1, 1, 1, 1, 1, 1, 1, 1, 1, 1, 1, 1, 1, 1, 1, 1, 1, 1, 1, 1, 1, 1, 1, 1, 1, 1, 1, 1, 1, 1, 1, 1, 1, 1, 1, 1, 1, 1, 1, 1, 1, 1, 1, 1, 1, 1, 1, 1, 1, 1, 1, 1, 1, 1, 1, 1, 1, 1, 1, 1, 1, 1, 1, 1, 1, 1, 1, 1, 1, 1, 1, 1, 1, 1, 1, 1, 1, 1, 1, 1, 1, 1, 1, 1, 1, 1, 1, 1, 1, 1, 1, 1, 1, 1, 1, 1, 1, 1, 1, 1, 1, 1, 1, 1, 1, 1, 1, 1, 1, 1, 1, 1, 1, 1, 1, 1, 1, 1, 1, 1, 1, 1, 1, 1, 1, 1, 1, 1, 1, 1, 1, 1, 1, 1, 1, 1, 1, 1, 1, 1, 1, 0]
441<=B_red[0].wtL<=2205
B_red[0].wtH=441, B_red[0].wtL=1236

Hamming profile: [475, 36, 4, 1, 1, 1, 1, 1, 1, 1, 1, 1, 1, 1, 1, 1, 1, 1, 1, 1, 1, 1, 1, 1, 1, 1, 1, 1, 1, 1, 1, 1, 1, 1, 1, 1, 1, 1, 1, 1, 1, 1, 1, 1, 1, 1, 1, 1, 1, 1, 1, 1, 1, 1, 1, 1, 1, 1, 1, 1, 1, 1, 1, 1, 1, 1, 1, 1, 1, 1, 1, 1, 1, 1, 1, 1, 1, 1, 1, 1, 1, 1, 1, 1, 1, 1, 1, 1, 1, 1, 1, 1, 1, 1, 1, 1, 1, 1, 1, 1, 1, 1, 1, 1, 1, 1, 1, 1, 1, 1, 1, 1, 1, 1, 1, 1, 1, 1, 1, 1, 1, 1, 1, 1, 1, 1, 1, 1, 1, 1, 1, 1, 1, 1, 1, 1, 1, 1, 1, 1, 1, 1, 1, 1, 1, 1, 1, 1, 1, 1, 1, 1, 1, 1, 1, 1, 1, 1, 1, 1, 1, 1, 1, 1, 1, 1, 1, 1, 1, 1, 1, 1, 1, 1, 1, 1, 1, 1, 1, 1, 1, 1, 1, 1, 1, 1, 1, 1, 1, 1, 1, 1, 1, 1, 1, 1, 1, 1, 1, 1, 1, 1, 1, 1, 1, 1, 1, 1, 1, 1, 1, 1, 1, 1, 1, 1, 1, 1, 1, 1, 1, 1, 1, 1, 1, 1, 1, 1, 1, 1, 1, 1, 1, 1, 1, 1, 1, 1, 1, 1, 1, 1, 1, 1, 1, 1, 1, 1, 1, 1, 1, 1, 1, 1, 1, 1, 1, 1, 1, 1, 1, 1, 1, 1, 1, 1, 1, 1, 1, 1, 1, 1, 1, 1, 1, 1, 1, 1, 1, 1, 1, 1, 1, 1, 1, 1, 1, 1, 1, 1, 1, 1, 1, 1, 1, 1, 1, 1, 1, 1, 1, 1, 1, 1, 1, 1, 1, 1, 1, 1, 1, 1, 1, 1, 1, 1, 1, 1, 1, 1, 1, 1, 1, 1, 1, 1, 1, 1, 1, 1, 1, 1, 1, 1, 1, 1, 1, 1, 1, 1, 1, 1, 1, 1, 1, 1, 1, 1, 1, 1, 1, 1, 1, 1, 1, 1, 1, 1, 1, 1, 1, 1, 1, 1, 1, 1, 1, 1, 1, 1, 1, 1, 1, 1, 1, 1, 1, 1, 1, 1, 1, 1, 1, 1, 1, 1, 1, 1, 1, 1, 1, 1, 1, 1, 1, 1, 1, 1, 1, 1, 1, 1, 1, 1, 1, 1, 1, 1, 1, 1, 1, 1, 1, 1, 1, 1, 1, 1, 1, 1, 1, 1, 1, 1, 1, 1, 1, 1, 1, 1, 1, 1, 1, 1, 1, 1, 1, 1, 1, 1, 1, 1, 1, 1, 1, 1, 1, 1, 1, 1, 1, 1, 1, 1, 1, 1, 1, 1, 1, 1, 1, 1, 1, 1, 1, 1, 1, 1, 1, 1, 1, 1, 1, 1, 1, 1, 1, 1, 1, 1, 1, 1, 1, 1, 1, 1, 1, 1, 1, 1, 1, 1, 1, 1, 1, 1, 1, 1, 1, 1, 1, 1, 1, 1, 1, 1, 1, 1, 1, 1, 1, 1]
Lee profile: [1440, 101, 10, 1, 1, 1, 1, 1, 1, 1, 1, 1, 1, 1, 1, 1, 1, 1, 1, 1, 1, 1, 1, 1, 1, 1, 1, 1, 1, 1, 1, 1, 1, 1, 1, 1, 1, 1, 1, 1, 1, 1, 1, 1, 1, 1, 1, 1, 1, 1, 1, 1, 1, 1, 1, 1, 1, 1, 1, 1, 1, 1, 1, 1, 1, 1, 1, 1, 1, 1, 1, 1, 1, 1, 1, 1, 1, 1, 1, 1, 1, 1, 1, 1, 1, 1, 1, 1, 1, 1, 1, 1, 1, 1, 1, 1, 1, 1, 1, 1, 1, 1, 1, 1, 1, 1, 1, 1, 1, 1, 1, 1, 1, 1, 1, 1, 1, 1, 1, 1, 1, 1, 1, 1, 1, 1, 1, 1, 1, 1, 1, 1, 1, 1, 1, 1, 1, 1, 1, 1, 1, 1, 1, 1, 1, 1, 1, 1, 1, 1, 1, 1, 1, 1, 1, 1, 1, 1, 1, 1, 1, 1, 1, 1, 1, 1, 1, 1, 1, 1, 1, 1, 1, 1, 1, 1, 1, 1, 1, 1, 1, 1, 1, 1, 1, 1, 1, 1, 1, 1, 1, 1, 1, 1, 1, 1, 1, 1, 1, 1, 1, 1, 1, 1, 1, 1, 1, 1, 1, 1, 1, 1, 1, 1, 1, 1, 1, 1, 1, 1, 1, 1, 1, 1, 1, 1, 1, 1, 1, 1, 1, 1, 1, 1, 1, 1, 1, 1, 1, 1, 1, 1, 1, 1, 1, 1, 1, 1, 1, 1, 1, 1, 1, 1, 1, 1, 1, 1, 1, 1, 1, 1, 1, 1, 1, 1, 1, 1, 1, 1, 1, 1, 1, 1, 1, 1, 1, 1, 1, 1, 1, 1, 1, 1, 1, 1, 1, 1, 1, 1, 1, 1, 1, 1, 1, 1, 1, 1, 1, 1, 1, 1, 1, 1, 1, 1, 1, 1, 1, 1, 1, 1, 1, 1, 1, 1, 1, 1, 1, 1, 1, 1, 1, 1, 1, 1, 1, 1, 1, 1, 1, 1, 1, 1, 1, 1, 1, 1, 1, 1, 1, 1, 1, 1, 1, 1, 1, 1, 1, 1, 1, 1, 1, 1, 1, 1, 1, 1, 1, 1, 1, 1, 1, 1, 1, 1, 1, 1, 1, 1, 1, 1, 1, 1, 1, 1, 1, 1, 1, 1, 1, 1, 1, 1, 1, 1, 1, 1, 1, 1, 1, 1, 1, 1, 1, 1, 1, 1, 1, 1, 1, 1, 1, 1, 1, 1, 1, 1, 1, 1, 1, 1, 1, 1, 1, 1, 1, 1, 1, 1, 1, 1, 1, 1, 1, 1, 1, 1, 1, 1, 1, 1, 1, 1, 1, 1, 1, 1, 1, 1, 1, 1, 1, 1, 1, 1, 1, 1, 1, 1, 1, 1, 1, 1, 1, 1, 1, 1, 1, 1, 1, 1, 1, 1, 1, 1, 1, 1, 1, 1, 1, 1, 1, 1, 1, 1, 1, 1, 1, 1, 1, 1, 1, 1, 1, 1, 1, 1, 1, 1, 1, 1, 1, 1, 1, 1, 1, 1, 1, 1, 1, 1, 1, 1, 1, 1, 1, 1, 1, 1, 1, 1]
475<=B[0].wtL<=2375
B[0].wtH=475, B[0].wtL=1440

--- LeeBKZ with beta=5, bkz with minimum_lee_wt_codeword (may be non-primitive) ---
[LEEbkz:MW_Codeword_LEE:0.0354456901550293 sec.]
[LEEbkz:MW_Codeword_LEE:0.023278236389160156 sec.]
[LEEbkz:MW_Codeword_LEE:0.034897804260253906 sec.]
[LEEbkz:MW_Codeword_LEE:0.0227968692779541 sec.]
[LEEbkz:MW_Codeword_LEE:0.021085023880004883 sec.]
[LEEbkz:MW_Codeword_LEE:0.03505134582519531 sec.]
[LEEbkz:MW_Codeword_LEE:0.022996187210083008 sec.]
[LEEbkz:MW_Codeword_LEE:0.035118818283081055 sec.]
[LEEbkz:MW_Codeword_LEE:0.022703170776367188 sec.]
[LEEbkz:MW_Codeword_LEE:0.02104473114013672 sec.]
[LEEbkz:MW_Codeword_LEE:0.035626888275146484 sec.]
[LEEbkz:MW_Codeword_LEE:0.022073030471801758 sec.]
[LEEbkz:MW_Codeword_LEE:0.035043954849243164 sec.]
[LEEbkz:MW_Codeword_LEE:0.021923303604125977 sec.]
[LEEbkz:MW_Codeword_LEE:0.02082347869873047 sec.]
[LEEbkz:MW_Codeword_LEE:0.035025835037231445 sec.]
[LEEbkz:MW_Codeword_LEE:0.02198481559753418 sec.]
[LEEbkz:MW_Codeword_LEE:0.021068572998046875 sec.]
[LEEbkz:MW_Codeword_LEE:0.020828723907470703 sec.]
[LEEbkz:MW_Codeword_LEE:0.03472018241882324 sec.]
[LEEbkz:MW_Codeword_LEE:0.022061824798583984 sec.]
[LEEbkz:MW_Codeword_LEE:0.03499865531921387 sec.]
[LEEbkz:MW_Codeword_LEE:0.022270917892456055 sec.]
[LEEbkz:MW_Codeword_LEE:0.021182775497436523 sec.]
[LEEbkz:MW_Codeword_LEE:0.03525257110595703 sec.]
[LEEbkz:MW_Codeword_LEE:0.022078990936279297 sec.]
[LEEbkz:MW_Codeword_LEE:0.03505992889404297 sec.]
[LEEbkz:MW_Codeword_LEE:0.022485733032226562 sec.]
[LEEbkz:MW_Codeword_LEE:0.0211334228515625 sec.]
[LEEbkz:MW_Codeword_LEE:0.03561139106750488 sec.]
[LEEbkz:MW_Codeword_LEE:0.02212071418762207 sec.]
[LEEbkz:MW_Codeword_LEE:0.021053552627563477 sec.]
[LEEbkz:MW_Codeword_LEE:0.020575523376464844 sec.]
[LEEbkz:MW_Codeword_LEE:0.035480499267578125 sec.]
[LEEbkz:MW_Codeword_LEE:0.022173404693603516 sec.]
[LEEbkz:MW_Codeword_LEE:0.021240949630737305 sec.]
[LEEbkz:MW_Codeword_LEE:0.020844459533691406 sec.]
[LEEbkz:MW_Codeword_LEE:0.02122974395751953 sec.]
[LEEbkz:MW_Codeword_LEE:0.03524303436279297 sec.]
[LEEbkz:MW_Codeword_LEE:0.02216362953186035 sec.]
[LEEbkz:MW_Codeword_LEE:0.02104926109313965 sec.]
[LEEbkz:MW_Codeword_LEE:0.020548582077026367 sec.]
[LEEbkz:MW_Codeword_LEE:0.020563602447509766 sec.]
[LEEbkz:MW_Codeword_LEE:0.020302295684814453 sec.]
[LEEbkz:MW_Codeword_LEE:0.022274494171142578 sec.]
[LEEbkz:MW_Codeword_LEE:0.0209503173828125 sec.]
[LEEbkz:MW_Codeword_LEE:0.020802974700927734 sec.]
[LEEbkz:MW_Codeword_LEE:0.020672082901000977 sec.]
[LEEbkz:MW_Codeword_LEE:0.020726919174194336 sec.]
[LEEbkz:MW_Codeword_LEE:0.021236181259155273 sec.]
[LEEbkz:MW_Codeword_LEE:0.020702123641967773 sec.]
[LEEbkz:MW_Codeword_LEE:0.02092146873474121 sec.]
[LEEbkz:MW_Codeword_LEE:0.020498991012573242 sec.]
[LEEbkz:MW_Codeword_LEE:0.02123856544494629 sec.]
[LEEbkz:MW_Codeword_LEE:0.020709514617919922 sec.]
[LEEbkz:MW_Codeword_LEE:0.020656824111938477 sec.]
[LEEbkz:MW_Codeword_LEE:0.020931005477905273 sec.]
Hamming profile after BKZ: [464, 40, 9, 2, 2, 1, 1, 1, 1, 1, 1, 1, 1, 1, 1, 1, 1, 1, 1, 1, 1, 1, 1, 1, 1, 1, 1, 1, 1, 1, 1, 1, 1, 1, 1, 1, 1, 1, 1, 1, 1, 1, 1, 1, 1, 1, 1, 1, 1, 1, 1, 1, 1, 1, 1, 1, 1, 1, 1, 1, 1, 1, 1, 1, 1, 1, 1, 1, 1, 1, 1, 1, 1, 1, 1, 1, 1, 1, 1, 1, 1, 1, 1, 1, 1, 1, 1, 1, 1, 1, 1, 1, 1, 1, 1, 1, 1, 1, 1, 1, 1, 1, 1, 1, 1, 1, 1, 1, 1, 1, 1, 1, 1, 1, 1, 1, 1, 1, 1, 1, 1, 1, 1, 1, 1, 1, 1, 1, 1, 1, 1, 1, 1, 1, 1, 1, 1, 1, 1, 1, 1, 1, 1, 1, 1, 1, 1, 1, 1, 1, 1, 1, 1, 1, 1, 1, 1, 1, 1, 1, 1, 1, 1, 1, 1, 1, 1, 1, 1, 1, 1, 1, 1, 1, 1, 1, 1, 1, 1, 1, 1, 1, 1, 1, 1, 1, 1, 1, 1, 1, 1, 1, 1, 1, 1, 1, 1, 1, 1, 1, 1, 1, 1, 1, 1, 1, 1, 1, 1, 1, 1, 1, 1, 1, 1, 1, 1, 1, 1, 1, 1, 1, 1, 1, 1, 1, 1, 1, 1, 1, 1, 1, 1, 1, 1, 1, 1, 1, 1, 1, 1, 1, 1, 1, 1, 1, 1, 1, 1, 1, 1, 1, 1, 1, 1, 1, 1, 1, 1, 1, 1, 1, 1, 1, 1, 1, 1, 1, 1, 1, 1, 1, 1, 1, 1, 1, 1, 1, 1, 1, 1, 1, 1, 1, 1, 1, 1, 1, 1, 1, 1, 1, 1, 1, 1, 1, 1, 1, 1, 1, 1, 1, 1, 1, 1, 1, 1, 1, 1, 1, 1, 1, 1, 1, 1, 1, 1, 1, 1, 1, 1, 1, 1, 1, 1, 1, 1, 1, 1, 1, 1, 1, 1, 1, 1, 1, 1, 1, 1, 1, 1, 1, 1, 1, 1, 1, 1, 1, 1, 1, 1, 1, 1, 1, 1, 1, 1, 1, 1, 1, 1, 1, 1, 1, 1, 1, 1, 1, 1, 1, 1, 1, 1, 1, 1, 1, 1, 1, 1, 1, 1, 1, 1, 1, 1, 1, 1, 1, 1, 1, 1, 1, 1, 1, 1, 1, 1, 1, 1, 1, 1, 1, 1, 1, 1, 1, 1, 1, 1, 1, 1, 1, 1, 1, 1, 1, 1, 1, 1, 1, 1, 1, 1, 1, 1, 1, 1, 1, 1, 1, 1, 1, 1, 1, 1, 1, 1, 1, 1, 1, 1, 1, 1, 1, 1, 1, 1, 1, 1, 1, 1, 1, 1, 1, 1, 1, 1, 1, 1, 1, 1, 1, 1, 1, 1, 1, 1, 1, 1, 1, 1, 1, 1, 1, 1, 1, 1, 1, 1, 1, 1, 1, 1, 1, 1, 1, 1, 1, 1, 1, 1, 1, 1, 1, 1, 1, 1, 1, 1, 1, 1, 1, 1, 1, 1, 1, 1, 1, 1, 1, 1, 1]
Lee profile after BKZ: [1247, 97, 14, 2, 2, 1, 1, 1, 1, 1, 1, 1, 1, 1, 1, 1, 1, 1, 1, 1, 1, 1, 1, 1, 1, 1, 1, 1, 1, 1, 1, 1, 1, 1, 1, 1, 1, 1, 1, 1, 1, 1, 1, 1, 1, 1, 1, 1, 1, 1, 1, 1, 1, 1, 1, 1, 1, 1, 1, 1, 1, 1, 1, 1, 1, 1, 1, 1, 1, 1, 1, 1, 1, 1, 1, 1, 1, 1, 1, 1, 1, 1, 1, 1, 1, 1, 1, 1, 1, 1, 1, 1, 1, 1, 1, 1, 1, 1, 1, 1, 1, 1, 1, 1, 1, 1, 1, 1, 1, 1, 1, 1, 1, 1, 1, 1, 1, 1, 1, 1, 1, 1, 1, 1, 1, 1, 1, 1, 1, 1, 1, 1, 1, 1, 1, 1, 1, 1, 1, 1, 1, 1, 1, 1, 1, 1, 1, 1, 1, 1, 1, 1, 1, 1, 1, 1, 1, 1, 1, 1, 1, 1, 1, 1, 1, 1, 1, 1, 1, 1, 1, 1, 1, 1, 1, 1, 1, 1, 1, 1, 1, 1, 1, 1, 1, 1, 1, 1, 1, 1, 1, 1, 1, 1, 1, 1, 1, 1, 1, 1, 1, 1, 1, 1, 1, 1, 1, 1, 1, 1, 1, 1, 1, 1, 1, 1, 1, 1, 1, 1, 1, 1, 1, 1, 1, 1, 1, 1, 1, 1, 1, 1, 1, 1, 1, 1, 1, 1, 1, 1, 1, 1, 1, 1, 1, 1, 1, 1, 1, 1, 1, 1, 1, 1, 1, 1, 1, 1, 1, 1, 1, 1, 1, 1, 1, 1, 1, 1, 1, 1, 1, 1, 1, 1, 1, 1, 1, 1, 1, 1, 1, 1, 1, 1, 1, 1, 1, 1, 1, 1, 1, 1, 1, 1, 1, 1, 1, 1, 1, 1, 1, 1, 1, 1, 1, 1, 1, 1, 1, 1, 1, 1, 1, 1, 1, 1, 1, 1, 1, 1, 1, 1, 1, 1, 1, 1, 1, 1, 1, 1, 1, 1, 1, 1, 1, 1, 1, 1, 1, 1, 1, 1, 1, 1, 1, 1, 1, 1, 1, 1, 1, 1, 1, 1, 1, 1, 1, 1, 1, 1, 1, 1, 1, 1, 1, 1, 1, 1, 1, 1, 1, 1, 1, 1, 1, 1, 1, 1, 1, 1, 1, 1, 1, 1, 1, 1, 1, 1, 1, 1, 1, 1, 1, 1, 1, 1, 1, 1, 1, 1, 1, 1, 1, 1, 1, 1, 1, 1, 1, 1, 1, 1, 1, 1, 1, 1, 1, 1, 1, 1, 1, 1, 1, 1, 1, 1, 1, 1, 1, 1, 1, 1, 1, 1, 1, 1, 1, 1, 1, 1, 1, 1, 1, 1, 1, 1, 1, 1, 1, 1, 1, 1, 1, 1, 1, 1, 1, 1, 1, 1, 1, 1, 1, 1, 1, 1, 1, 1, 1, 1, 1, 1, 1, 1, 1, 1, 1, 1, 1, 1, 1, 1, 1, 1, 1, 1, 1, 1, 1, 1, 1, 1, 1, 1, 1, 1, 1, 1, 1, 1, 1, 1, 1, 1, 1, 1, 1, 1, 1, 1, 1, 1]
464<=B_red[0].wtL<=2320
B_red[0].wtH=464, B_red[0].wtL=1247

Hamming profile: [459, 50, 6, 1, 1, 1, 1, 1, 1, 1, 1, 1, 1, 1, 1, 1, 1, 1, 1, 1, 1, 1, 1, 1, 1, 1, 1, 1, 1, 1, 1, 1, 1, 1, 1, 1, 1, 1, 1, 1, 1, 1, 1, 1, 1, 1, 1, 1, 1, 1, 1, 1, 1, 1, 1, 1, 1, 1, 1, 1, 1, 1, 1, 1, 1, 1, 1, 1, 1, 1, 1, 1, 1, 1, 1, 1, 1, 1, 1, 1, 1, 1, 1, 1, 1, 1, 1, 1, 1, 1, 1, 1, 1, 1, 1, 1, 1, 1, 1, 1, 1, 1, 1, 1, 1, 1, 1, 1, 1, 1, 1, 1, 1, 1, 1, 1, 1, 1, 1, 1, 1, 1, 1, 1, 1, 1, 1, 1, 1, 1, 1, 1, 1, 1, 1, 1, 1, 1, 1, 1, 1, 1, 1, 1, 1, 1, 1, 1, 1, 1, 1, 1, 1, 1, 1, 1, 1, 1, 1, 1, 1, 1, 1, 1, 1, 1, 1, 1, 1, 1, 1, 1, 1, 1, 1, 1, 1, 1, 1, 1, 1, 1, 1, 1, 1, 1, 1, 1, 1, 1, 1, 1, 1, 1, 1, 1, 1, 1, 1, 1, 1, 1, 1, 1, 1, 1, 1, 1, 1, 1, 1, 1, 1, 1, 1, 1, 1, 1, 1, 1, 1, 1, 1, 1, 1, 1, 1, 1, 1, 1, 1, 1, 1, 1, 1, 1, 1, 1, 1, 1, 1, 1, 1, 1, 1, 1, 1, 1, 1, 1, 1, 1, 1, 1, 1, 1, 1, 1, 1, 1, 1, 1, 1, 1, 1, 1, 1, 1, 1, 1, 1, 1, 1, 1, 1, 1, 1, 1, 1, 1, 1, 1, 1, 1, 1, 1, 1, 1, 1, 1, 1, 1, 1, 1, 1, 1, 1, 1, 1, 1, 1, 1, 1, 1, 1, 1, 1, 1, 1, 1, 1, 1, 1, 1, 1, 1, 1, 1, 1, 1, 1, 1, 1, 1, 1, 1, 1, 1, 1, 1, 1, 1, 1, 1, 1, 1, 1, 1, 1, 1, 1, 1, 1, 1, 1, 1, 1, 1, 1, 1, 1, 1, 1, 1, 1, 1, 1, 1, 1, 1, 1, 1, 1, 1, 1, 1, 1, 1, 1, 1, 1, 1, 1, 1, 1, 1, 1, 1, 1, 1, 1, 1, 1, 1, 1, 1, 1, 1, 1, 1, 1, 1, 1, 1, 1, 1, 1, 1, 1, 1, 1, 1, 1, 1, 1, 1, 1, 1, 1, 1, 1, 1, 1, 1, 1, 1, 1, 1, 1, 1, 1, 1, 1, 1, 1, 1, 1, 1, 1, 1, 1, 1, 1, 1, 1, 1, 1, 1, 1, 1, 1, 1, 1, 1, 1, 1, 1, 1, 1, 1, 1, 1, 1, 1, 1, 1, 1, 1, 1, 1, 1, 1, 1, 1, 1, 1, 1, 1, 1, 1, 1, 1, 1, 1, 1, 1, 1, 1, 1, 1, 1, 1, 1, 1, 1, 1, 1, 1, 1, 1, 1, 1, 1, 1, 1, 1, 1, 1, 1, 1, 1, 1, 1, 1, 1, 1, 1, 1, 1, 1, 1, 1]
Lee profile: [1341, 139, 18, 1, 1, 1, 1, 1, 1, 1, 1, 1, 1, 1, 1, 1, 1, 1, 1, 1, 1, 1, 1, 1, 1, 1, 1, 1, 1, 1, 1, 1, 1, 1, 1, 1, 1, 1, 1, 1, 1, 1, 1, 1, 1, 1, 1, 1, 1, 1, 1, 1, 1, 1, 1, 1, 1, 1, 1, 1, 1, 1, 1, 1, 1, 1, 1, 1, 1, 1, 1, 1, 1, 1, 1, 1, 1, 1, 1, 1, 1, 1, 1, 1, 1, 1, 1, 1, 1, 1, 1, 1, 1, 1, 1, 1, 1, 1, 1, 1, 1, 1, 1, 1, 1, 1, 1, 1, 1, 1, 1, 1, 1, 1, 1, 1, 1, 1, 1, 1, 1, 1, 1, 1, 1, 1, 1, 1, 1, 1, 1, 1, 1, 1, 1, 1, 1, 1, 1, 1, 1, 1, 1, 1, 1, 1, 1, 1, 1, 1, 1, 1, 1, 1, 1, 1, 1, 1, 1, 1, 1, 1, 1, 1, 1, 1, 1, 1, 1, 1, 1, 1, 1, 1, 1, 1, 1, 1, 1, 1, 1, 1, 1, 1, 1, 1, 1, 1, 1, 1, 1, 1, 1, 1, 1, 1, 1, 1, 1, 1, 1, 1, 1, 1, 1, 1, 1, 1, 1, 1, 1, 1, 1, 1, 1, 1, 1, 1, 1, 1, 1, 1, 1, 1, 1, 1, 1, 1, 1, 1, 1, 1, 1, 1, 1, 1, 1, 1, 1, 1, 1, 1, 1, 1, 1, 1, 1, 1, 1, 1, 1, 1, 1, 1, 1, 1, 1, 1, 1, 1, 1, 1, 1, 1, 1, 1, 1, 1, 1, 1, 1, 1, 1, 1, 1, 1, 1, 1, 1, 1, 1, 1, 1, 1, 1, 1, 1, 1, 1, 1, 1, 1, 1, 1, 1, 1, 1, 1, 1, 1, 1, 1, 1, 1, 1, 1, 1, 1, 1, 1, 1, 1, 1, 1, 1, 1, 1, 1, 1, 1, 1, 1, 1, 1, 1, 1, 1, 1, 1, 1, 1, 1, 1, 1, 1, 1, 1, 1, 1, 1, 1, 1, 1, 1, 1, 1, 1, 1, 1, 1, 1, 1, 1, 1, 1, 1, 1, 1, 1, 1, 1, 1, 1, 1, 1, 1, 1, 1, 1, 1, 1, 1, 1, 1, 1, 1, 1, 1, 1, 1, 1, 1, 1, 1, 1, 1, 1, 1, 1, 1, 1, 1, 1, 1, 1, 1, 1, 1, 1, 1, 1, 1, 1, 1, 1, 1, 1, 1, 1, 1, 1, 1, 1, 1, 1, 1, 1, 1, 1, 1, 1, 1, 1, 1, 1, 1, 1, 1, 1, 1, 1, 1, 1, 1, 1, 1, 1, 1, 1, 1, 1, 1, 1, 1, 1, 1, 1, 1, 1, 1, 1, 1, 1, 1, 1, 1, 1, 1, 1, 1, 1, 1, 1, 1, 1, 1, 1, 1, 1, 1, 1, 1, 1, 1, 1, 1, 1, 1, 1, 1, 1, 1, 1, 1, 1, 1, 1, 1, 1, 1, 1, 1, 1, 1, 1, 1, 1, 1, 1, 1, 1, 1, 1, 1, 1, 1, 1, 1, 1, 1, 1, 1]
459<=B[0].wtL<=2295
B[0].wtH=459, B[0].wtL=1341

--- LeeBKZ with beta=5, bkz with minimum_lee_wt_codeword (may be non-primitive) ---
[LEEbkz:MW_Codeword_LEE:0.035436153411865234 sec.]
[LEEbkz:MW_Codeword_LEE:0.022402524948120117 sec.]
[LEEbkz:MW_Codeword_LEE:0.03669571876525879 sec.]
[LEEbkz:MW_Codeword_LEE:0.022001981735229492 sec.]
[LEEbkz:MW_Codeword_LEE:0.020696640014648438 sec.]
[LEEbkz:MW_Codeword_LEE:0.03550887107849121 sec.]
[LEEbkz:MW_Codeword_LEE:0.022249698638916016 sec.]
[LEEbkz:MW_Codeword_LEE:0.03520631790161133 sec.]
[LEEbkz:MW_Codeword_LEE:0.02289414405822754 sec.]
[LEEbkz:MW_Codeword_LEE:0.035352468490600586 sec.]
[LEEbkz:MW_Codeword_LEE:0.022765398025512695 sec.]
[LEEbkz:MW_Codeword_LEE:0.0353238582611084 sec.]
[LEEbkz:MW_Codeword_LEE:0.022385358810424805 sec.]
[LEEbkz:MW_Codeword_LEE:0.020916223526000977 sec.]
[LEEbkz:MW_Codeword_LEE:0.03510260581970215 sec.]
[LEEbkz:MW_Codeword_LEE:0.022703886032104492 sec.]
[LEEbkz:MW_Codeword_LEE:0.03504633903503418 sec.]
[LEEbkz:MW_Codeword_LEE:0.022566795349121094 sec.]
[LEEbkz:MW_Codeword_LEE:0.02083563804626465 sec.]
[LEEbkz:MW_Codeword_LEE:0.035034894943237305 sec.]
[LEEbkz:MW_Codeword_LEE:0.022263765335083008 sec.]
[LEEbkz:MW_Codeword_LEE:0.03514909744262695 sec.]
[LEEbkz:MW_Codeword_LEE:0.02261805534362793 sec.]
[LEEbkz:MW_Codeword_LEE:0.020681142807006836 sec.]
[LEEbkz:MW_Codeword_LEE:0.03515625 sec.]
[LEEbkz:MW_Codeword_LEE:0.02235555648803711 sec.]
[LEEbkz:MW_Codeword_LEE:0.03489327430725098 sec.]
[LEEbkz:MW_Codeword_LEE:0.023023366928100586 sec.]
[LEEbkz:MW_Codeword_LEE:0.020726442337036133 sec.]
[LEEbkz:MW_Codeword_LEE:0.03589963912963867 sec.]
[LEEbkz:MW_Codeword_LEE:0.022386789321899414 sec.]
[LEEbkz:MW_Codeword_LEE:0.02081441879272461 sec.]
[LEEbkz:MW_Codeword_LEE:0.0207979679107666 sec.]
[LEEbkz:MW_Codeword_LEE:0.03508424758911133 sec.]
[LEEbkz:MW_Codeword_LEE:0.022480249404907227 sec.]
[LEEbkz:MW_Codeword_LEE:0.020708084106445312 sec.]
[LEEbkz:MW_Codeword_LEE:0.03548741340637207 sec.]
[LEEbkz:MW_Codeword_LEE:0.022773265838623047 sec.]
[LEEbkz:MW_Codeword_LEE:0.02077627182006836 sec.]
[LEEbkz:MW_Codeword_LEE:0.020570993423461914 sec.]
[LEEbkz:MW_Codeword_LEE:0.03523087501525879 sec.]
[LEEbkz:MW_Codeword_LEE:0.022427797317504883 sec.]
[LEEbkz:MW_Codeword_LEE:0.020686626434326172 sec.]
[LEEbkz:MW_Codeword_LEE:0.020713090896606445 sec.]
[LEEbkz:MW_Codeword_LEE:0.020465373992919922 sec.]
[LEEbkz:MW_Codeword_LEE:0.035346269607543945 sec.]
[LEEbkz:MW_Codeword_LEE:0.02245354652404785 sec.]
[LEEbkz:MW_Codeword_LEE:0.0206758975982666 sec.]
[LEEbkz:MW_Codeword_LEE:0.020424842834472656 sec.]
[LEEbkz:MW_Codeword_LEE:0.020759105682373047 sec.]
[LEEbkz:MW_Codeword_LEE:0.020325660705566406 sec.]
[LEEbkz:MW_Codeword_LEE:0.022436141967773438 sec.]
[LEEbkz:MW_Codeword_LEE:0.020789146423339844 sec.]
[LEEbkz:MW_Codeword_LEE:0.02061009407043457 sec.]
[LEEbkz:MW_Codeword_LEE:0.02047443389892578 sec.]
[LEEbkz:MW_Codeword_LEE:0.020731687545776367 sec.]
[LEEbkz:MW_Codeword_LEE:0.021162033081054688 sec.]
[LEEbkz:MW_Codeword_LEE:0.02122974395751953 sec.]
[LEEbkz:MW_Codeword_LEE:0.021353721618652344 sec.]
[LEEbkz:MW_Codeword_LEE:0.020876646041870117 sec.]
[LEEbkz:MW_Codeword_LEE:0.020796775817871094 sec.]
[LEEbkz:MW_Codeword_LEE:0.02052474021911621 sec.]
Hamming profile after BKZ: [453, 53, 6, 3, 2, 1, 1, 1, 1, 1, 1, 1, 1, 1, 1, 1, 1, 1, 1, 1, 1, 1, 1, 1, 1, 1, 1, 1, 1, 1, 1, 1, 1, 1, 1, 1, 1, 1, 1, 1, 1, 1, 1, 1, 1, 1, 1, 1, 1, 1, 1, 1, 1, 1, 1, 1, 1, 1, 1, 1, 1, 1, 1, 1, 1, 1, 1, 1, 1, 1, 1, 1, 1, 1, 1, 1, 1, 1, 1, 1, 1, 1, 1, 1, 1, 1, 1, 1, 1, 1, 1, 1, 1, 1, 1, 1, 1, 1, 1, 1, 1, 1, 1, 1, 1, 1, 1, 1, 1, 1, 1, 1, 1, 1, 1, 1, 1, 1, 1, 1, 1, 1, 1, 1, 1, 1, 1, 1, 1, 1, 1, 1, 1, 1, 1, 1, 1, 1, 1, 1, 1, 1, 1, 1, 1, 1, 1, 1, 1, 1, 1, 1, 1, 1, 1, 1, 1, 1, 1, 1, 1, 1, 1, 1, 1, 1, 1, 1, 1, 1, 1, 1, 1, 1, 1, 1, 1, 1, 1, 1, 1, 1, 1, 1, 1, 1, 1, 1, 1, 1, 1, 1, 1, 1, 1, 1, 1, 1, 1, 1, 1, 1, 1, 1, 1, 1, 1, 1, 1, 1, 1, 1, 1, 1, 1, 1, 1, 1, 1, 1, 1, 1, 1, 1, 1, 1, 1, 1, 1, 1, 1, 1, 1, 1, 1, 1, 1, 1, 1, 1, 1, 1, 1, 1, 1, 1, 1, 1, 1, 1, 1, 1, 1, 1, 1, 1, 1, 1, 1, 1, 1, 1, 1, 1, 1, 1, 1, 1, 1, 1, 1, 1, 1, 1, 1, 1, 1, 1, 1, 1, 1, 1, 1, 1, 1, 1, 1, 1, 1, 1, 1, 1, 1, 1, 1, 1, 1, 1, 1, 1, 1, 1, 1, 1, 1, 1, 1, 1, 1, 1, 1, 1, 1, 1, 1, 1, 1, 1, 1, 1, 1, 1, 1, 1, 1, 1, 1, 1, 1, 1, 1, 1, 1, 1, 1, 1, 1, 1, 1, 1, 1, 1, 1, 1, 1, 1, 1, 1, 1, 1, 1, 1, 1, 1, 1, 1, 1, 1, 1, 1, 1, 1, 1, 1, 1, 1, 1, 1, 1, 1, 1, 1, 1, 1, 1, 1, 1, 1, 1, 1, 1, 1, 1, 1, 1, 1, 1, 1, 1, 1, 1, 1, 1, 1, 1, 1, 1, 1, 1, 1, 1, 1, 1, 1, 1, 1, 1, 1, 1, 1, 1, 1, 1, 1, 1, 1, 1, 1, 1, 1, 1, 1, 1, 1, 1, 1, 1, 1, 1, 1, 1, 1, 1, 1, 1, 1, 1, 1, 1, 1, 1, 1, 1, 1, 1, 1, 1, 1, 1, 1, 1, 1, 1, 1, 1, 1, 1, 1, 1, 1, 1, 1, 1, 1, 1, 1, 1, 1, 1, 1, 1, 1, 1, 1, 1, 1, 1, 1, 1, 1, 1, 1, 1, 1, 1, 1, 1, 1, 1, 1, 1, 1, 1, 1, 1, 1, 1, 1, 1, 1, 1, 1, 1, 1, 1, 1, 1, 1, 1, 1, 1, 1]
Lee profile after BKZ: [1238, 119, 8, 3, 2, 1, 1, 1, 1, 1, 1, 1, 1, 1, 1, 1, 1, 1, 1, 1, 1, 1, 1, 1, 1, 1, 1, 1, 1, 1, 1, 1, 1, 1, 1, 1, 1, 1, 1, 1, 1, 1, 1, 1, 1, 1, 1, 1, 1, 1, 1, 1, 1, 1, 1, 1, 1, 1, 1, 1, 1, 1, 1, 1, 1, 1, 1, 1, 1, 1, 1, 1, 1, 1, 1, 1, 1, 1, 1, 1, 1, 1, 1, 1, 1, 1, 1, 1, 1, 1, 1, 1, 1, 1, 1, 1, 1, 1, 1, 1, 1, 1, 1, 1, 1, 1, 1, 1, 1, 1, 1, 1, 1, 1, 1, 1, 1, 1, 1, 1, 1, 1, 1, 1, 1, 1, 1, 1, 1, 1, 1, 1, 1, 1, 1, 1, 1, 1, 1, 1, 1, 1, 1, 1, 1, 1, 1, 1, 1, 1, 1, 1, 1, 1, 1, 1, 1, 1, 1, 1, 1, 1, 1, 1, 1, 1, 1, 1, 1, 1, 1, 1, 1, 1, 1, 1, 1, 1, 1, 1, 1, 1, 1, 1, 1, 1, 1, 1, 1, 1, 1, 1, 1, 1, 1, 1, 1, 1, 1, 1, 1, 1, 1, 1, 1, 1, 1, 1, 1, 1, 1, 1, 1, 1, 1, 1, 1, 1, 1, 1, 1, 1, 1, 1, 1, 1, 1, 1, 1, 1, 1, 1, 1, 1, 1, 1, 1, 1, 1, 1, 1, 1, 1, 1, 1, 1, 1, 1, 1, 1, 1, 1, 1, 1, 1, 1, 1, 1, 1, 1, 1, 1, 1, 1, 1, 1, 1, 1, 1, 1, 1, 1, 1, 1, 1, 1, 1, 1, 1, 1, 1, 1, 1, 1, 1, 1, 1, 1, 1, 1, 1, 1, 1, 1, 1, 1, 1, 1, 1, 1, 1, 1, 1, 1, 1, 1, 1, 1, 1, 1, 1, 1, 1, 1, 1, 1, 1, 1, 1, 1, 1, 1, 1, 1, 1, 1, 1, 1, 1, 1, 1, 1, 1, 1, 1, 1, 1, 1, 1, 1, 1, 1, 1, 1, 1, 1, 1, 1, 1, 1, 1, 1, 1, 1, 1, 1, 1, 1, 1, 1, 1, 1, 1, 1, 1, 1, 1, 1, 1, 1, 1, 1, 1, 1, 1, 1, 1, 1, 1, 1, 1, 1, 1, 1, 1, 1, 1, 1, 1, 1, 1, 1, 1, 1, 1, 1, 1, 1, 1, 1, 1, 1, 1, 1, 1, 1, 1, 1, 1, 1, 1, 1, 1, 1, 1, 1, 1, 1, 1, 1, 1, 1, 1, 1, 1, 1, 1, 1, 1, 1, 1, 1, 1, 1, 1, 1, 1, 1, 1, 1, 1, 1, 1, 1, 1, 1, 1, 1, 1, 1, 1, 1, 1, 1, 1, 1, 1, 1, 1, 1, 1, 1, 1, 1, 1, 1, 1, 1, 1, 1, 1, 1, 1, 1, 1, 1, 1, 1, 1, 1, 1, 1, 1, 1, 1, 1, 1, 1, 1, 1, 1, 1, 1, 1, 1, 1, 1, 1, 1, 1, 1, 1, 1, 1, 1, 1, 1, 1, 1, 1, 1, 1]
453<=B_red[0].wtL<=2265
B_red[0].wtH=453, B_red[0].wtL=1238

Hamming profile: [463, 46, 6, 1, 1, 1, 1, 1, 1, 1, 1, 1, 1, 1, 1, 1, 1, 1, 1, 1, 1, 1, 1, 1, 1, 1, 1, 1, 1, 1, 1, 1, 1, 1, 1, 1, 1, 1, 1, 1, 1, 1, 1, 1, 1, 1, 1, 1, 1, 1, 1, 1, 1, 1, 1, 1, 1, 1, 1, 1, 1, 1, 1, 1, 1, 1, 1, 1, 1, 1, 1, 1, 1, 1, 1, 1, 1, 1, 1, 1, 1, 1, 1, 1, 1, 1, 1, 1, 1, 1, 1, 1, 1, 1, 1, 1, 1, 1, 1, 1, 1, 1, 1, 1, 1, 1, 1, 1, 1, 1, 1, 1, 1, 1, 1, 1, 1, 1, 1, 1, 1, 1, 1, 1, 1, 1, 1, 1, 1, 1, 1, 1, 1, 1, 1, 1, 1, 1, 1, 1, 1, 1, 1, 1, 1, 1, 1, 1, 1, 1, 1, 1, 1, 1, 1, 1, 1, 1, 1, 1, 1, 1, 1, 1, 1, 1, 1, 1, 1, 1, 1, 1, 1, 1, 1, 1, 1, 1, 1, 1, 1, 1, 1, 1, 1, 1, 1, 1, 1, 1, 1, 1, 1, 1, 1, 1, 1, 1, 1, 1, 1, 1, 1, 1, 1, 1, 1, 1, 1, 1, 1, 1, 1, 1, 1, 1, 1, 1, 1, 1, 1, 1, 1, 1, 1, 1, 1, 1, 1, 1, 1, 1, 1, 1, 1, 1, 1, 1, 1, 1, 1, 1, 1, 1, 1, 1, 1, 1, 1, 1, 1, 1, 1, 1, 1, 1, 1, 1, 1, 1, 1, 1, 1, 1, 1, 1, 1, 1, 1, 1, 1, 1, 1, 1, 1, 1, 1, 1, 1, 1, 1, 1, 1, 1, 1, 1, 1, 1, 1, 1, 1, 1, 1, 1, 1, 1, 1, 1, 1, 1, 1, 1, 1, 1, 1, 1, 1, 1, 1, 1, 1, 1, 1, 1, 1, 1, 1, 1, 1, 1, 1, 1, 1, 1, 1, 1, 1, 1, 1, 1, 1, 1, 1, 1, 1, 1, 1, 1, 1, 1, 1, 1, 1, 1, 1, 1, 1, 1, 1, 1, 1, 1, 1, 1, 1, 1, 1, 1, 1, 1, 1, 1, 1, 1, 1, 1, 1, 1, 1, 1, 1, 1, 1, 1, 1, 1, 1, 1, 1, 1, 1, 1, 1, 1, 1, 1, 1, 1, 1, 1, 1, 1, 1, 1, 1, 1, 1, 1, 1, 1, 1, 1, 1, 1, 1, 1, 1, 1, 1, 1, 1, 1, 1, 1, 1, 1, 1, 1, 1, 1, 1, 1, 1, 1, 1, 1, 1, 1, 1, 1, 1, 1, 1, 1, 1, 1, 1, 1, 1, 1, 1, 1, 1, 1, 1, 1, 1, 1, 1, 1, 1, 1, 1, 1, 1, 1, 1, 1, 1, 1, 1, 1, 1, 1, 1, 1, 1, 1, 1, 1, 1, 1, 1, 1, 1, 1, 1, 1, 1, 1, 1, 1, 1, 1, 1, 1, 1, 1, 1, 1, 1, 1, 1, 1, 1, 1, 1, 1, 1, 1, 1, 1, 1, 1, 1, 1, 1, 1, 1, 1, 1, 1]
Lee profile: [1402, 144, 19, 1, 1, 1, 1, 1, 1, 1, 1, 1, 1, 1, 1, 1, 1, 1, 1, 1, 1, 1, 1, 1, 1, 1, 1, 1, 1, 1, 1, 1, 1, 1, 1, 1, 1, 1, 1, 1, 1, 1, 1, 1, 1, 1, 1, 1, 1, 1, 1, 1, 1, 1, 1, 1, 1, 1, 1, 1, 1, 1, 1, 1, 1, 1, 1, 1, 1, 1, 1, 1, 1, 1, 1, 1, 1, 1, 1, 1, 1, 1, 1, 1, 1, 1, 1, 1, 1, 1, 1, 1, 1, 1, 1, 1, 1, 1, 1, 1, 1, 1, 1, 1, 1, 1, 1, 1, 1, 1, 1, 1, 1, 1, 1, 1, 1, 1, 1, 1, 1, 1, 1, 1, 1, 1, 1, 1, 1, 1, 1, 1, 1, 1, 1, 1, 1, 1, 1, 1, 1, 1, 1, 1, 1, 1, 1, 1, 1, 1, 1, 1, 1, 1, 1, 1, 1, 1, 1, 1, 1, 1, 1, 1, 1, 1, 1, 1, 1, 1, 1, 1, 1, 1, 1, 1, 1, 1, 1, 1, 1, 1, 1, 1, 1, 1, 1, 1, 1, 1, 1, 1, 1, 1, 1, 1, 1, 1, 1, 1, 1, 1, 1, 1, 1, 1, 1, 1, 1, 1, 1, 1, 1, 1, 1, 1, 1, 1, 1, 1, 1, 1, 1, 1, 1, 1, 1, 1, 1, 1, 1, 1, 1, 1, 1, 1, 1, 1, 1, 1, 1, 1, 1, 1, 1, 1, 1, 1, 1, 1, 1, 1, 1, 1, 1, 1, 1, 1, 1, 1, 1, 1, 1, 1, 1, 1, 1, 1, 1, 1, 1, 1, 1, 1, 1, 1, 1, 1, 1, 1, 1, 1, 1, 1, 1, 1, 1, 1, 1, 1, 1, 1, 1, 1, 1, 1, 1, 1, 1, 1, 1, 1, 1, 1, 1, 1, 1, 1, 1, 1, 1, 1, 1, 1, 1, 1, 1, 1, 1, 1, 1, 1, 1, 1, 1, 1, 1, 1, 1, 1, 1, 1, 1, 1, 1, 1, 1, 1, 1, 1, 1, 1, 1, 1, 1, 1, 1, 1, 1, 1, 1, 1, 1, 1, 1, 1, 1, 1, 1, 1, 1, 1, 1, 1, 1, 1, 1, 1, 1, 1, 1, 1, 1, 1, 1, 1, 1, 1, 1, 1, 1, 1, 1, 1, 1, 1, 1, 1, 1, 1, 1, 1, 1, 1, 1, 1, 1, 1, 1, 1, 1, 1, 1, 1, 1, 1, 1, 1, 1, 1, 1, 1, 1, 1, 1, 1, 1, 1, 1, 1, 1, 1, 1, 1, 1, 1, 1, 1, 1, 1, 1, 1, 1, 1, 1, 1, 1, 1, 1, 1, 1, 1, 1, 1, 1, 1, 1, 1, 1, 1, 1, 1, 1, 1, 1, 1, 1, 1, 1, 1, 1, 1, 1, 1, 1, 1, 1, 1, 1, 1, 1, 1, 1, 1, 1, 1, 1, 1, 1, 1, 1, 1, 1, 1, 1, 1, 1, 1, 1, 1, 1, 1, 1, 1, 1, 1, 1, 1, 1, 1, 1, 1, 1, 1, 1, 1, 1, 1, 1, 1, 1, 1]
463<=B[0].wtL<=2315
B[0].wtH=463, B[0].wtL=1402

--- LeeBKZ with beta=5, bkz with minimum_lee_wt_codeword (may be non-primitive) ---
[LEEbkz:MW_Codeword_LEE:0.0356595516204834 sec.]
[LEEbkz:MW_Codeword_LEE:0.02301335334777832 sec.]
[LEEbkz:MW_Codeword_LEE:0.035722970962524414 sec.]
[LEEbkz:MW_Codeword_LEE:0.02237415313720703 sec.]
[LEEbkz:MW_Codeword_LEE:0.03522801399230957 sec.]
[LEEbkz:MW_Codeword_LEE:0.02183389663696289 sec.]
[LEEbkz:MW_Codeword_LEE:0.020559310913085938 sec.]
[LEEbkz:MW_Codeword_LEE:0.03542494773864746 sec.]
[LEEbkz:MW_Codeword_LEE:0.022452116012573242 sec.]
[LEEbkz:MW_Codeword_LEE:0.020693063735961914 sec.]
[LEEbkz:MW_Codeword_LEE:0.020441055297851562 sec.]
[LEEbkz:MW_Codeword_LEE:0.034752845764160156 sec.]
[LEEbkz:MW_Codeword_LEE:0.02212667465209961 sec.]
[LEEbkz:MW_Codeword_LEE:0.020917415618896484 sec.]
[LEEbkz:MW_Codeword_LEE:0.020537614822387695 sec.]
[LEEbkz:MW_Codeword_LEE:0.02044963836669922 sec.]
[LEEbkz:MW_Codeword_LEE:0.03491640090942383 sec.]
[LEEbkz:MW_Codeword_LEE:0.022283554077148438 sec.]
[LEEbkz:MW_Codeword_LEE:0.02087855339050293 sec.]
[LEEbkz:MW_Codeword_LEE:0.02049422264099121 sec.]
[LEEbkz:MW_Codeword_LEE:0.021079540252685547 sec.]
[LEEbkz:MW_Codeword_LEE:0.022053003311157227 sec.]
[LEEbkz:MW_Codeword_LEE:0.020966529846191406 sec.]
[LEEbkz:MW_Codeword_LEE:0.020534038543701172 sec.]
Hamming profile after BKZ: [454, 51, 9, 2, 1, 1, 1, 1, 1, 1, 1, 1, 1, 1, 1, 1, 1, 1, 1, 1, 1, 1, 1, 1, 1, 1, 1, 1, 1, 1, 1, 1, 1, 1, 1, 1, 1, 1, 1, 1, 1, 1, 1, 1, 1, 1, 1, 1, 1, 1, 1, 1, 1, 1, 1, 1, 1, 1, 1, 1, 1, 1, 1, 1, 1, 1, 1, 1, 1, 1, 1, 1, 1, 1, 1, 1, 1, 1, 1, 1, 1, 1, 1, 1, 1, 1, 1, 1, 1, 1, 1, 1, 1, 1, 1, 1, 1, 1, 1, 1, 1, 1, 1, 1, 1, 1, 1, 1, 1, 1, 1, 1, 1, 1, 1, 1, 1, 1, 1, 1, 1, 1, 1, 1, 1, 1, 1, 1, 1, 1, 1, 1, 1, 1, 1, 1, 1, 1, 1, 1, 1, 1, 1, 1, 1, 1, 1, 1, 1, 1, 1, 1, 1, 1, 1, 1, 1, 1, 1, 1, 1, 1, 1, 1, 1, 1, 1, 1, 1, 1, 1, 1, 1, 1, 1, 1, 1, 1, 1, 1, 1, 1, 1, 1, 1, 1, 1, 1, 1, 1, 1, 1, 1, 1, 1, 1, 1, 1, 1, 1, 1, 1, 1, 1, 1, 1, 1, 1, 1, 1, 1, 1, 1, 1, 1, 1, 1, 1, 1, 1, 1, 1, 1, 1, 1, 1, 1, 1, 1, 1, 1, 1, 1, 1, 1, 1, 1, 1, 1, 1, 1, 1, 1, 1, 1, 1, 1, 1, 1, 1, 1, 1, 1, 1, 1, 1, 1, 1, 1, 1, 1, 1, 1, 1, 1, 1, 1, 1, 1, 1, 1, 1, 1, 1, 1, 1, 1, 1, 1, 1, 1, 1, 1, 1, 1, 1, 1, 1, 1, 1, 1, 1, 1, 1, 1, 1, 1, 1, 1, 1, 1, 1, 1, 1, 1, 1, 1, 1, 1, 1, 1, 1, 1, 1, 1, 1, 1, 1, 1, 1, 1, 1, 1, 1, 1, 1, 1, 1, 1, 1, 1, 1, 1, 1, 1, 1, 1, 1, 1, 1, 1, 1, 1, 1, 1, 1, 1, 1, 1, 1, 1, 1, 1, 1, 1, 1, 1, 1, 1, 1, 1, 1, 1, 1, 1, 1, 1, 1, 1, 1, 1, 1, 1, 1, 1, 1, 1, 1, 1, 1, 1, 1, 1, 1, 1, 1, 1, 1, 1, 1, 1, 1, 1, 1, 1, 1, 1, 1, 1, 1, 1, 1, 1, 1, 1, 1, 1, 1, 1, 1, 1, 1, 1, 1, 1, 1, 1, 1, 1, 1, 1, 1, 1, 1, 1, 1, 1, 1, 1, 1, 1, 1, 1, 1, 1, 1, 1, 1, 1, 1, 1, 1, 1, 1, 1, 1, 1, 1, 1, 1, 1, 1, 1, 1, 1, 1, 1, 1, 1, 1, 1, 1, 1, 1, 1, 1, 1, 1, 1, 1, 1, 1, 1, 1, 1, 1, 1, 1, 1, 1, 1, 1, 1, 1, 1, 1, 1, 1, 1, 1, 1, 1, 1, 1, 1, 1, 1, 1, 1, 1, 1, 1, 1, 1, 1, 1, 1, 1, 1, 1, 1, 1]
Lee profile after BKZ: [1251, 125, 14, 2, 1, 1, 1, 1, 1, 1, 1, 1, 1, 1, 1, 1, 1, 1, 1, 1, 1, 1, 1, 1, 1, 1, 1, 1, 1, 1, 1, 1, 1, 1, 1, 1, 1, 1, 1, 1, 1, 1, 1, 1, 1, 1, 1, 1, 1, 1, 1, 1, 1, 1, 1, 1, 1, 1, 1, 1, 1, 1, 1, 1, 1, 1, 1, 1, 1, 1, 1, 1, 1, 1, 1, 1, 1, 1, 1, 1, 1, 1, 1, 1, 1, 1, 1, 1, 1, 1, 1, 1, 1, 1, 1, 1, 1, 1, 1, 1, 1, 1, 1, 1, 1, 1, 1, 1, 1, 1, 1, 1, 1, 1, 1, 1, 1, 1, 1, 1, 1, 1, 1, 1, 1, 1, 1, 1, 1, 1, 1, 1, 1, 1, 1, 1, 1, 1, 1, 1, 1, 1, 1, 1, 1, 1, 1, 1, 1, 1, 1, 1, 1, 1, 1, 1, 1, 1, 1, 1, 1, 1, 1, 1, 1, 1, 1, 1, 1, 1, 1, 1, 1, 1, 1, 1, 1, 1, 1, 1, 1, 1, 1, 1, 1, 1, 1, 1, 1, 1, 1, 1, 1, 1, 1, 1, 1, 1, 1, 1, 1, 1, 1, 1, 1, 1, 1, 1, 1, 1, 1, 1, 1, 1, 1, 1, 1, 1, 1, 1, 1, 1, 1, 1, 1, 1, 1, 1, 1, 1, 1, 1, 1, 1, 1, 1, 1, 1, 1, 1, 1, 1, 1, 1, 1, 1, 1, 1, 1, 1, 1, 1, 1, 1, 1, 1, 1, 1, 1, 1, 1, 1, 1, 1, 1, 1, 1, 1, 1, 1, 1, 1, 1, 1, 1, 1, 1, 1, 1, 1, 1, 1, 1, 1, 1, 1, 1, 1, 1, 1, 1, 1, 1, 1, 1, 1, 1, 1, 1, 1, 1, 1, 1, 1, 1, 1, 1, 1, 1, 1, 1, 1, 1, 1, 1, 1, 1, 1, 1, 1, 1, 1, 1, 1, 1, 1, 1, 1, 1, 1, 1, 1, 1, 1, 1, 1, 1, 1, 1, 1, 1, 1, 1, 1, 1, 1, 1, 1, 1, 1, 1, 1, 1, 1, 1, 1, 1, 1, 1, 1, 1, 1, 1, 1, 1, 1, 1, 1, 1, 1, 1, 1, 1, 1, 1, 1, 1, 1, 1, 1, 1, 1, 1, 1, 1, 1, 1, 1, 1, 1, 1, 1, 1, 1, 1, 1, 1, 1, 1, 1, 1, 1, 1, 1, 1, 1, 1, 1, 1, 1, 1, 1, 1, 1, 1, 1, 1, 1, 1, 1, 1, 1, 1, 1, 1, 1, 1, 1, 1, 1, 1, 1, 1, 1, 1, 1, 1, 1, 1, 1, 1, 1, 1, 1, 1, 1, 1, 1, 1, 1, 1, 1, 1, 1, 1, 1, 1, 1, 1, 1, 1, 1, 1, 1, 1, 1, 1, 1, 1, 1, 1, 1, 1, 1, 1, 1, 1, 1, 1, 1, 1, 1, 1, 1, 1, 1, 1, 1, 1, 1, 1, 1, 1, 1, 1, 1, 1, 1, 1, 1, 1, 1, 1, 1, 1, 1, 1, 1, 1, 1, 1, 1]
454<=B_red[0].wtL<=2270
B_red[0].wtH=454, B_red[0].wtL=1251


****************************************************
******** STATISTICS OVER N=10 samples ********
****************************************************
Reduced 10 matrices of size 512x1024 over F11
Proper basis wtH[0]=465.4 wtL[0]=1390.1
Reduced basis wtH[0]=450.7 wtL[0]=1237.8
Reduced basis avg. k1=4.4
Avg.time=222.93287379741668
Avg.Mw_codeword.calls=112.3
