RANDOM_SEED=6

Hamming profile: [462, 49, 4, 1, 1, 1, 1, 1, 1, 1, 1, 1, 1, 1, 1, 1, 1, 1, 1, 1, 1, 1, 1, 1, 1, 1, 1, 1, 1, 1, 1, 1, 1, 1, 1, 1, 1, 1, 1, 1, 1, 1, 1, 1, 1, 1, 1, 1, 1, 1, 1, 1, 1, 1, 1, 1, 1, 1, 1, 1, 1, 1, 1, 1, 1, 1, 1, 1, 1, 1, 1, 1, 1, 1, 1, 1, 1, 1, 1, 1, 1, 1, 1, 1, 1, 1, 1, 1, 1, 1, 1, 1, 1, 1, 1, 1, 1, 1, 1, 1, 1, 1, 1, 1, 1, 1, 1, 1, 1, 1, 1, 1, 1, 1, 1, 1, 1, 1, 1, 1, 1, 1, 1, 1, 1, 1, 1, 1, 1, 1, 1, 1, 1, 1, 1, 1, 1, 1, 1, 1, 1, 1, 1, 1, 1, 1, 1, 1, 1, 1, 1, 1, 1, 1, 1, 1, 1, 1, 1, 1, 1, 1, 1, 1, 1, 1, 1, 1, 1, 1, 1, 1, 1, 1, 1, 1, 1, 1, 1, 1, 1, 1, 1, 1, 1, 1, 1, 1, 1, 1, 1, 1, 1, 1, 1, 1, 1, 1, 1, 1, 1, 1, 1, 1, 1, 1, 1, 1, 1, 1, 1, 1, 1, 1, 1, 1, 1, 1, 1, 1, 1, 1, 1, 1, 1, 1, 1, 1, 1, 1, 1, 1, 1, 1, 1, 1, 1, 1, 1, 1, 1, 1, 1, 1, 1, 1, 1, 1, 1, 1, 1, 1, 1, 1, 1, 1, 1, 1, 1, 1, 1, 1, 1, 1, 1, 1, 1, 1, 1, 1, 1, 1, 1, 1, 1, 1, 1, 1, 1, 1, 1, 1, 1, 1, 1, 1, 1, 1, 1, 1, 1, 1, 1, 1, 1, 1, 1, 1, 1, 1, 1, 1, 1, 1, 1, 1, 1, 1, 1, 1, 1, 1, 1, 1, 1, 1, 1, 1, 1, 1, 1, 1, 1, 1, 1, 1, 1, 1, 1, 1, 1, 1, 1, 1, 1, 1, 1, 1, 1, 1, 1, 1, 1, 1, 1, 1, 1, 1, 1, 1, 1, 1, 1, 1, 1, 1, 1, 1, 1, 1, 1, 1, 1, 1, 1, 1, 1, 1, 1, 1, 1, 1, 1, 1, 1, 1, 1, 1, 1, 1, 1, 1, 1, 1, 1, 1, 1, 1, 1, 1, 1, 1, 1, 1, 1, 1, 1, 1, 1, 1, 1, 1, 1, 1, 1, 1, 1, 1, 1, 1, 1, 1, 1, 1, 1, 1, 1, 1, 1, 1, 1, 1, 1, 1, 1, 1, 1, 1, 1, 1, 1, 1, 1, 1, 1, 1, 1, 1, 1, 1, 1, 1, 1, 1, 1, 1, 1, 1, 1, 1, 1, 1, 1, 1, 1, 1, 1, 1, 1, 1, 1, 1, 1, 1, 1, 1, 1, 1, 1, 1, 1, 1, 1, 1, 1, 1, 1, 1, 1, 1, 1, 1, 1, 1, 1, 1, 1, 1, 1, 1, 1, 1, 1, 1, 1, 1, 1, 1, 1, 1, 1, 1, 1, 1, 1, 1, 1, 1, 1, 1, 1, 1]
Lee profile: [1444, 141, 9, 1, 1, 1, 1, 1, 1, 1, 1, 1, 1, 1, 1, 1, 1, 1, 1, 1, 1, 1, 1, 1, 1, 1, 1, 1, 1, 1, 1, 1, 1, 1, 1, 1, 1, 1, 1, 1, 1, 1, 1, 1, 1, 1, 1, 1, 1, 1, 1, 1, 1, 1, 1, 1, 1, 1, 1, 1, 1, 1, 1, 1, 1, 1, 1, 1, 1, 1, 1, 1, 1, 1, 1, 1, 1, 1, 1, 1, 1, 1, 1, 1, 1, 1, 1, 1, 1, 1, 1, 1, 1, 1, 1, 1, 1, 1, 1, 1, 1, 1, 1, 1, 1, 1, 1, 1, 1, 1, 1, 1, 1, 1, 1, 1, 1, 1, 1, 1, 1, 1, 1, 1, 1, 1, 1, 1, 1, 1, 1, 1, 1, 1, 1, 1, 1, 1, 1, 1, 1, 1, 1, 1, 1, 1, 1, 1, 1, 1, 1, 1, 1, 1, 1, 1, 1, 1, 1, 1, 1, 1, 1, 1, 1, 1, 1, 1, 1, 1, 1, 1, 1, 1, 1, 1, 1, 1, 1, 1, 1, 1, 1, 1, 1, 1, 1, 1, 1, 1, 1, 1, 1, 1, 1, 1, 1, 1, 1, 1, 1, 1, 1, 1, 1, 1, 1, 1, 1, 1, 1, 1, 1, 1, 1, 1, 1, 1, 1, 1, 1, 1, 1, 1, 1, 1, 1, 1, 1, 1, 1, 1, 1, 1, 1, 1, 1, 1, 1, 1, 1, 1, 1, 1, 1, 1, 1, 1, 1, 1, 1, 1, 1, 1, 1, 1, 1, 1, 1, 1, 1, 1, 1, 1, 1, 1, 1, 1, 1, 1, 1, 1, 1, 1, 1, 1, 1, 1, 1, 1, 1, 1, 1, 1, 1, 1, 1, 1, 1, 1, 1, 1, 1, 1, 1, 1, 1, 1, 1, 1, 1, 1, 1, 1, 1, 1, 1, 1, 1, 1, 1, 1, 1, 1, 1, 1, 1, 1, 1, 1, 1, 1, 1, 1, 1, 1, 1, 1, 1, 1, 1, 1, 1, 1, 1, 1, 1, 1, 1, 1, 1, 1, 1, 1, 1, 1, 1, 1, 1, 1, 1, 1, 1, 1, 1, 1, 1, 1, 1, 1, 1, 1, 1, 1, 1, 1, 1, 1, 1, 1, 1, 1, 1, 1, 1, 1, 1, 1, 1, 1, 1, 1, 1, 1, 1, 1, 1, 1, 1, 1, 1, 1, 1, 1, 1, 1, 1, 1, 1, 1, 1, 1, 1, 1, 1, 1, 1, 1, 1, 1, 1, 1, 1, 1, 1, 1, 1, 1, 1, 1, 1, 1, 1, 1, 1, 1, 1, 1, 1, 1, 1, 1, 1, 1, 1, 1, 1, 1, 1, 1, 1, 1, 1, 1, 1, 1, 1, 1, 1, 1, 1, 1, 1, 1, 1, 1, 1, 1, 1, 1, 1, 1, 1, 1, 1, 1, 1, 1, 1, 1, 1, 1, 1, 1, 1, 1, 1, 1, 1, 1, 1, 1, 1, 1, 1, 1, 1, 1, 1, 1, 1, 1, 1, 1, 1, 1, 1, 1, 1, 1, 1, 1, 1, 1, 1, 1, 1, 1, 1, 1, 1, 1]
462<=B[0].wtL<=2310
B[0].wtH=462, B[0].wtL=1444

--- LeeBKZ with beta=8, bkz with minimum_lee_wt_codeword (may be non-primitive) ---
[LEEbkz:MW_Codeword_LEE:13.965434312820435 sec.]
[LEEbkz:MW_Codeword_LEE:6.627270936965942 sec.]
[LEEbkz:MW_Codeword_LEE:14.443246841430664 sec.]
[LEEbkz:MW_Codeword_LEE:6.646451234817505 sec.]
[LEEbkz:MW_Codeword_LEE:14.404626846313477 sec.]
[LEEbkz:MW_Codeword_LEE:6.627094268798828 sec.]
[LEEbkz:MW_Codeword_LEE:5.952178955078125 sec.]
[LEEbkz:MW_Codeword_LEE:14.925702095031738 sec.]
[LEEbkz:MW_Codeword_LEE:6.63376784324646 sec.]
[LEEbkz:MW_Codeword_LEE:6.226736545562744 sec.]
[LEEbkz:MW_Codeword_LEE:5.9531121253967285 sec.]
[LEEbkz:MW_Codeword_LEE:14.421557664871216 sec.]
[LEEbkz:MW_Codeword_LEE:6.9641783237457275 sec.]
[LEEbkz:MW_Codeword_LEE:5.949061632156372 sec.]
[LEEbkz:MW_Codeword_LEE:5.948169231414795 sec.]
[LEEbkz:MW_Codeword_LEE:5.964923143386841 sec.]
[LEEbkz:MW_Codeword_LEE:14.448336839675903 sec.]
[LEEbkz:MW_Codeword_LEE:6.626651287078857 sec.]
[LEEbkz:MW_Codeword_LEE:13.962812662124634 sec.]
[LEEbkz:MW_Codeword_LEE:6.634801626205444 sec.]
[LEEbkz:MW_Codeword_LEE:5.949043273925781 sec.]
[LEEbkz:MW_Codeword_LEE:14.321740865707397 sec.]
[LEEbkz:MW_Codeword_LEE:6.62613582611084 sec.]
[LEEbkz:MW_Codeword_LEE:5.947769403457642 sec.]
[LEEbkz:MW_Codeword_LEE:5.947761297225952 sec.]
[LEEbkz:MW_Codeword_LEE:14.302152395248413 sec.]
[LEEbkz:MW_Codeword_LEE:6.627165794372559 sec.]
[LEEbkz:MW_Codeword_LEE:5.951788663864136 sec.]
[LEEbkz:MW_Codeword_LEE:5.9496400356292725 sec.]
[LEEbkz:MW_Codeword_LEE:14.413722515106201 sec.]
[LEEbkz:MW_Codeword_LEE:6.624411582946777 sec.]
[LEEbkz:MW_Codeword_LEE:5.947598695755005 sec.]
[LEEbkz:MW_Codeword_LEE:5.946917295455933 sec.]
[LEEbkz:MW_Codeword_LEE:5.945345640182495 sec.]
[LEEbkz:MW_Codeword_LEE:14.69037914276123 sec.]
[LEEbkz:MW_Codeword_LEE:6.9505579471588135 sec.]
[LEEbkz:MW_Codeword_LEE:6.012752532958984 sec.]
[LEEbkz:MW_Codeword_LEE:5.948084831237793 sec.]
[LEEbkz:MW_Codeword_LEE:5.945897579193115 sec.]
[LEEbkz:MW_Codeword_LEE:14.672175645828247 sec.]
[LEEbkz:MW_Codeword_LEE:6.952168941497803 sec.]
[LEEbkz:MW_Codeword_LEE:5.967462062835693 sec.]
[LEEbkz:MW_Codeword_LEE:5.946569442749023 sec.]
[LEEbkz:MW_Codeword_LEE:5.957783222198486 sec.]
[LEEbkz:MW_Codeword_LEE:5.948440074920654 sec.]
[LEEbkz:MW_Codeword_LEE:14.443709135055542 sec.]
[LEEbkz:MW_Codeword_LEE:6.642796516418457 sec.]
[LEEbkz:MW_Codeword_LEE:5.9564125537872314 sec.]
[LEEbkz:MW_Codeword_LEE:5.965244770050049 sec.]
[LEEbkz:MW_Codeword_LEE:5.9578917026519775 sec.]
[LEEbkz:MW_Codeword_LEE:6.072576999664307 sec.]
[LEEbkz:MW_Codeword_LEE:6.973005056381226 sec.]
[LEEbkz:MW_Codeword_LEE:14.404606580734253 sec.]
[LEEbkz:MW_Codeword_LEE:6.660099267959595 sec.]
[LEEbkz:MW_Codeword_LEE:14.291555881500244 sec.]
[LEEbkz:MW_Codeword_LEE:6.625351905822754 sec.]
[LEEbkz:MW_Codeword_LEE:5.9691245555877686 sec.]
[LEEbkz:MW_Codeword_LEE:14.313207864761353 sec.]
[LEEbkz:MW_Codeword_LEE:6.632984161376953 sec.]
[LEEbkz:MW_Codeword_LEE:5.9488372802734375 sec.]
[LEEbkz:MW_Codeword_LEE:0.5812654495239258 sec.]
[LEEbkz:MW_Codeword_LEE:14.782479286193848 sec.]
[LEEbkz:MW_Codeword_LEE:6.6410439014434814 sec.]
[LEEbkz:MW_Codeword_LEE:5.950037479400635 sec.]
[LEEbkz:MW_Codeword_LEE:0.5741410255432129 sec.]
[LEEbkz:MW_Codeword_LEE:14.097101926803589 sec.]
[LEEbkz:MW_Codeword_LEE:6.652799129486084 sec.]
[LEEbkz:MW_Codeword_LEE:5.9603095054626465 sec.]
[LEEbkz:MW_Codeword_LEE:0.5682566165924072 sec.]
[LEEbkz:MW_Codeword_LEE:13.98002028465271 sec.]
[LEEbkz:MW_Codeword_LEE:6.622561693191528 sec.]
[LEEbkz:MW_Codeword_LEE:6.0723793506622314 sec.]
[LEEbkz:MW_Codeword_LEE:0.5687055587768555 sec.]
[LEEbkz:MW_Codeword_LEE:14.000450134277344 sec.]
[LEEbkz:MW_Codeword_LEE:6.635307312011719 sec.]
[LEEbkz:MW_Codeword_LEE:5.948450326919556 sec.]
[LEEbkz:MW_Codeword_LEE:0.5697028636932373 sec.]
[LEEbkz:MW_Codeword_LEE:14.082927227020264 sec.]
[LEEbkz:MW_Codeword_LEE:7.299586772918701 sec.]
[LEEbkz:MW_Codeword_LEE:5.9740073680877686 sec.]
[LEEbkz:MW_Codeword_LEE:0.5685195922851562 sec.]
[LEEbkz:MW_Codeword_LEE:6.629807710647583 sec.]
[LEEbkz:MW_Codeword_LEE:5.971845388412476 sec.]
[LEEbkz:MW_Codeword_LEE:0.5685081481933594 sec.]
[LEEbkz:MW_Codeword_LEE:5.969691038131714 sec.]
[LEEbkz:MW_Codeword_LEE:14.303561925888062 sec.]
[LEEbkz:MW_Codeword_LEE:6.635741233825684 sec.]
[LEEbkz:MW_Codeword_LEE:5.964925289154053 sec.]
[LEEbkz:MW_Codeword_LEE:5.960337400436401 sec.]
[LEEbkz:MW_Codeword_LEE:14.487102031707764 sec.]
[LEEbkz:MW_Codeword_LEE:6.963840484619141 sec.]
[LEEbkz:MW_Codeword_LEE:5.958189010620117 sec.]
[LEEbkz:MW_Codeword_LEE:5.94756817817688 sec.]
[LEEbkz:MW_Codeword_LEE:5.953239917755127 sec.]
[LEEbkz:MW_Codeword_LEE:14.255849838256836 sec.]
[LEEbkz:MW_Codeword_LEE:6.62290620803833 sec.]
[LEEbkz:MW_Codeword_LEE:5.947616100311279 sec.]
[LEEbkz:MW_Codeword_LEE:5.947809934616089 sec.]
[LEEbkz:MW_Codeword_LEE:5.96882176399231 sec.]
[LEEbkz:MW_Codeword_LEE:14.781814575195312 sec.]
[LEEbkz:MW_Codeword_LEE:6.644717693328857 sec.]
[LEEbkz:MW_Codeword_LEE:5.954293727874756 sec.]
[LEEbkz:MW_Codeword_LEE:5.947787523269653 sec.]
[LEEbkz:MW_Codeword_LEE:5.947998762130737 sec.]
[LEEbkz:MW_Codeword_LEE:5.952493906021118 sec.]
[LEEbkz:MW_Codeword_LEE:14.679327726364136 sec.]
[LEEbkz:MW_Codeword_LEE:6.951343297958374 sec.]
[LEEbkz:MW_Codeword_LEE:6.080051422119141 sec.]
[LEEbkz:MW_Codeword_LEE:5.948173522949219 sec.]
[LEEbkz:MW_Codeword_LEE:5.953118324279785 sec.]
[LEEbkz:MW_Codeword_LEE:5.962749004364014 sec.]
[LEEbkz:MW_Codeword_LEE:14.623857259750366 sec.]
[LEEbkz:MW_Codeword_LEE:6.950317859649658 sec.]
[LEEbkz:MW_Codeword_LEE:5.947653293609619 sec.]
[LEEbkz:MW_Codeword_LEE:5.950986862182617 sec.]
[LEEbkz:MW_Codeword_LEE:5.959022760391235 sec.]
[LEEbkz:MW_Codeword_LEE:5.954402685165405 sec.]
[LEEbkz:MW_Codeword_LEE:6.968800067901611 sec.]
[LEEbkz:MW_Codeword_LEE:5.976995229721069 sec.]
[LEEbkz:MW_Codeword_LEE:5.976962089538574 sec.]
[LEEbkz:MW_Codeword_LEE:5.971233606338501 sec.]
[LEEbkz:MW_Codeword_LEE:0.5703420639038086 sec.]
[LEEbkz:MW_Codeword_LEE:5.974008083343506 sec.]
[LEEbkz:MW_Codeword_LEE:6.161811113357544 sec.]
[LEEbkz:MW_Codeword_LEE:0.5678324699401855 sec.]
[LEEbkz:MW_Codeword_LEE:5.947245836257935 sec.]
[LEEbkz:MW_Codeword_LEE:13.952977180480957 sec.]
[LEEbkz:MW_Codeword_LEE:6.629583358764648 sec.]
[LEEbkz:MW_Codeword_LEE:5.946934461593628 sec.]
[LEEbkz:MW_Codeword_LEE:5.945558786392212 sec.]
[LEEbkz:MW_Codeword_LEE:6.07761287689209 sec.]
[LEEbkz:MW_Codeword_LEE:5.9580018520355225 sec.]
[LEEbkz:MW_Codeword_LEE:14.077043056488037 sec.]
[LEEbkz:MW_Codeword_LEE:6.636335372924805 sec.]
[LEEbkz:MW_Codeword_LEE:6.26373028755188 sec.]
[LEEbkz:MW_Codeword_LEE:6.231724262237549 sec.]
[LEEbkz:MW_Codeword_LEE:5.95981240272522 sec.]
[LEEbkz:MW_Codeword_LEE:5.95906400680542 sec.]
[LEEbkz:MW_Codeword_LEE:6.969665288925171 sec.]
[LEEbkz:MW_Codeword_LEE:14.551574945449829 sec.]
[LEEbkz:MW_Codeword_LEE:7.064944744110107 sec.]
[LEEbkz:MW_Codeword_LEE:6.233598709106445 sec.]
[LEEbkz:MW_Codeword_LEE:14.346468925476074 sec.]
[LEEbkz:MW_Codeword_LEE:7.626192569732666 sec.]
[LEEbkz:MW_Codeword_LEE:6.078622579574585 sec.]
[LEEbkz:MW_Codeword_LEE:5.984349250793457 sec.]
[LEEbkz:MW_Codeword_LEE:14.355162382125854 sec.]
[LEEbkz:MW_Codeword_LEE:6.962766408920288 sec.]
[LEEbkz:MW_Codeword_LEE:5.9598400592803955 sec.]
[LEEbkz:MW_Codeword_LEE:5.960163831710815 sec.]
[LEEbkz:MW_Codeword_LEE:5.959783554077148 sec.]
[LEEbkz:MW_Codeword_LEE:14.673418521881104 sec.]
[LEEbkz:MW_Codeword_LEE:6.6391682624816895 sec.]
[LEEbkz:MW_Codeword_LEE:5.95980429649353 sec.]
[LEEbkz:MW_Codeword_LEE:5.962953329086304 sec.]
[LEEbkz:MW_Codeword_LEE:6.06026554107666 sec.]
[LEEbkz:MW_Codeword_LEE:14.287649869918823 sec.]
[LEEbkz:MW_Codeword_LEE:6.979785203933716 sec.]
[LEEbkz:MW_Codeword_LEE:5.961079835891724 sec.]
[LEEbkz:MW_Codeword_LEE:5.960426330566406 sec.]
[LEEbkz:MW_Codeword_LEE:5.9605090618133545 sec.]
[LEEbkz:MW_Codeword_LEE:14.36801028251648 sec.]
[LEEbkz:MW_Codeword_LEE:7.062130451202393 sec.]
[LEEbkz:MW_Codeword_LEE:5.960618019104004 sec.]
[LEEbkz:MW_Codeword_LEE:6.247901916503906 sec.]
[LEEbkz:MW_Codeword_LEE:6.237247705459595 sec.]
[LEEbkz:MW_Codeword_LEE:6.965354681015015 sec.]
[LEEbkz:MW_Codeword_LEE:5.960850238800049 sec.]
[LEEbkz:MW_Codeword_LEE:5.959123134613037 sec.]
[LEEbkz:MW_Codeword_LEE:5.960076332092285 sec.]
[LEEbkz:MW_Codeword_LEE:5.958508014678955 sec.]
[LEEbkz:MW_Codeword_LEE:5.960124969482422 sec.]
[LEEbkz:MW_Codeword_LEE:5.958344459533691 sec.]
[LEEbkz:MW_Codeword_LEE:5.959197521209717 sec.]
[LEEbkz:MW_Codeword_LEE:0.5692336559295654 sec.]
[LEEbkz:MW_Codeword_LEE:0.5689306259155273 sec.]
[LEEbkz:MW_Codeword_LEE:0.5693342685699463 sec.]
[LEEbkz:MW_Codeword_LEE:0.5688741207122803 sec.]
[LEEbkz:MW_Codeword_LEE:0.5689234733581543 sec.]
[LEEbkz:MW_Codeword_LEE:0.5692055225372314 sec.]
[LEEbkz:MW_Codeword_LEE:0.5689446926116943 sec.]
[LEEbkz:MW_Codeword_LEE:0.6188626289367676 sec.]
[LEEbkz:MW_Codeword_LEE:0.5693602561950684 sec.]
[LEEbkz:MW_Codeword_LEE:0.5691561698913574 sec.]
[LEEbkz:MW_Codeword_LEE:0.5695507526397705 sec.]
[LEEbkz:MW_Codeword_LEE:0.5690741539001465 sec.]
[LEEbkz:MW_Codeword_LEE:0.5689435005187988 sec.]
[LEEbkz:MW_Codeword_LEE:0.5702722072601318 sec.]
[LEEbkz:MW_Codeword_LEE:0.5778415203094482 sec.]
[LEEbkz:MW_Codeword_LEE:0.5693552494049072 sec.]
[LEEbkz:MW_Codeword_LEE:0.5692031383514404 sec.]
[LEEbkz:MW_Codeword_LEE:0.5821704864501953 sec.]
[LEEbkz:MW_Codeword_LEE:0.5690047740936279 sec.]
[LEEbkz:MW_Codeword_LEE:0.5698332786560059 sec.]
[LEEbkz:MW_Codeword_LEE:0.569286584854126 sec.]
[LEEbkz:MW_Codeword_LEE:0.569159984588623 sec.]
[LEEbkz:MW_Codeword_LEE:0.5693204402923584 sec.]
[LEEbkz:MW_Codeword_LEE:0.5689043998718262 sec.]
[LEEbkz:MW_Codeword_LEE:0.5689477920532227 sec.]
[LEEbkz:MW_Codeword_LEE:0.5690999031066895 sec.]
[LEEbkz:MW_Codeword_LEE:0.5693657398223877 sec.]
[LEEbkz:MW_Codeword_LEE:0.5701432228088379 sec.]
[LEEbkz:MW_Codeword_LEE:0.6301248073577881 sec.]
[LEEbkz:MW_Codeword_LEE:0.5692636966705322 sec.]
[LEEbkz:MW_Codeword_LEE:0.5690314769744873 sec.]
[LEEbkz:MW_Codeword_LEE:0.5685100555419922 sec.]
[LEEbkz:MW_Codeword_LEE:0.5698084831237793 sec.]
[LEEbkz:MW_Codeword_LEE:0.570253849029541 sec.]
[LEEbkz:MW_Codeword_LEE:0.5692582130432129 sec.]
[LEEbkz:MW_Codeword_LEE:0.5803847312927246 sec.]
[LEEbkz:MW_Codeword_LEE:0.5689852237701416 sec.]
[LEEbkz:MW_Codeword_LEE:0.5690550804138184 sec.]
[LEEbkz:MW_Codeword_LEE:0.5695469379425049 sec.]
[LEEbkz:MW_Codeword_LEE:0.5689117908477783 sec.]
[LEEbkz:MW_Codeword_LEE:0.5697081089019775 sec.]
[LEEbkz:MW_Codeword_LEE:0.5692834854125977 sec.]
[LEEbkz:MW_Codeword_LEE:0.5688197612762451 sec.]
[LEEbkz:MW_Codeword_LEE:0.5691916942596436 sec.]
[LEEbkz:MW_Codeword_LEE:0.569760799407959 sec.]
[LEEbkz:MW_Codeword_LEE:0.569650411605835 sec.]
[LEEbkz:MW_Codeword_LEE:0.5697593688964844 sec.]
[LEEbkz:MW_Codeword_LEE:0.5684194564819336 sec.]
[LEEbkz:MW_Codeword_LEE:0.5690915584564209 sec.]
[LEEbkz:MW_Codeword_LEE:0.5689225196838379 sec.]
[LEEbkz:MW_Codeword_LEE:0.569080114364624 sec.]
[LEEbkz:MW_Codeword_LEE:0.5692639350891113 sec.]
[LEEbkz:MW_Codeword_LEE:0.5720584392547607 sec.]
[LEEbkz:MW_Codeword_LEE:0.5724301338195801 sec.]
[LEEbkz:MW_Codeword_LEE:0.5690834522247314 sec.]
[LEEbkz:MW_Codeword_LEE:0.5693027973175049 sec.]
[LEEbkz:MW_Codeword_LEE:0.5697154998779297 sec.]
[LEEbkz:MW_Codeword_LEE:0.5698347091674805 sec.]
[LEEbkz:MW_Codeword_LEE:0.5691781044006348 sec.]
[LEEbkz:MW_Codeword_LEE:0.5688266754150391 sec.]
[LEEbkz:MW_Codeword_LEE:0.5689332485198975 sec.]
[LEEbkz:MW_Codeword_LEE:0.5691146850585938 sec.]
[LEEbkz:MW_Codeword_LEE:0.5693259239196777 sec.]
[LEEbkz:MW_Codeword_LEE:0.56961989402771 sec.]
[LEEbkz:MW_Codeword_LEE:0.5693717002868652 sec.]
[LEEbkz:MW_Codeword_LEE:0.5691556930541992 sec.]
[LEEbkz:MW_Codeword_LEE:0.5691590309143066 sec.]
[LEEbkz:MW_Codeword_LEE:0.5688602924346924 sec.]
[LEEbkz:MW_Codeword_LEE:0.5692920684814453 sec.]
[LEEbkz:MW_Codeword_LEE:0.5695230960845947 sec.]
[LEEbkz:MW_Codeword_LEE:0.5694568157196045 sec.]
[LEEbkz:MW_Codeword_LEE:0.5690722465515137 sec.]
[LEEbkz:MW_Codeword_LEE:0.5697989463806152 sec.]
[LEEbkz:MW_Codeword_LEE:0.569157600402832 sec.]
[LEEbkz:MW_Codeword_LEE:0.5692007541656494 sec.]
[LEEbkz:MW_Codeword_LEE:0.5690748691558838 sec.]
[LEEbkz:MW_Codeword_LEE:0.5798203945159912 sec.]
[LEEbkz:MW_Codeword_LEE:0.5690453052520752 sec.]
[LEEbkz:MW_Codeword_LEE:0.5693800449371338 sec.]
[LEEbkz:MW_Codeword_LEE:0.5692391395568848 sec.]
[LEEbkz:MW_Codeword_LEE:0.569298505783081 sec.]
[LEEbkz:MW_Codeword_LEE:0.5695250034332275 sec.]
[LEEbkz:MW_Codeword_LEE:0.5696039199829102 sec.]
[LEEbkz:MW_Codeword_LEE:0.5801992416381836 sec.]
[LEEbkz:MW_Codeword_LEE:0.5699722766876221 sec.]
[LEEbkz:MW_Codeword_LEE:0.5695950984954834 sec.]
[LEEbkz:MW_Codeword_LEE:0.5693917274475098 sec.]
[LEEbkz:MW_Codeword_LEE:0.5694959163665771 sec.]
[LEEbkz:MW_Codeword_LEE:0.5699434280395508 sec.]
[LEEbkz:MW_Codeword_LEE:0.5701251029968262 sec.]
[LEEbkz:MW_Codeword_LEE:0.5695829391479492 sec.]
[LEEbkz:MW_Codeword_LEE:0.5700855255126953 sec.]
[LEEbkz:MW_Codeword_LEE:0.5423562526702881 sec.]
[LEEbkz:MW_Codeword_LEE:0.5429613590240479 sec.]
[LEEbkz:MW_Codeword_LEE:0.5437009334564209 sec.]
[LEEbkz:MW_Codeword_LEE:0.5389003753662109 sec.]
[LEEbkz:MW_Codeword_LEE:0.5365509986877441 sec.]
[LEEbkz:MW_Codeword_LEE:0.5342810153961182 sec.]
[LEEbkz:MW_Codeword_LEE:0.5391159057617188 sec.]
[LEEbkz:MW_Codeword_LEE:0.5365960597991943 sec.]
[LEEbkz:MW_Codeword_LEE:0.5381314754486084 sec.]
[LEEbkz:MW_Codeword_LEE:0.5356571674346924 sec.]
[LEEbkz:MW_Codeword_LEE:0.5379288196563721 sec.]
[LEEbkz:MW_Codeword_LEE:0.5373842716217041 sec.]
[LEEbkz:MW_Codeword_LEE:0.5437321662902832 sec.]
[LEEbkz:MW_Codeword_LEE:0.5365509986877441 sec.]
[LEEbkz:MW_Codeword_LEE:0.5388596057891846 sec.]
[LEEbkz:MW_Codeword_LEE:0.5376222133636475 sec.]
[LEEbkz:MW_Codeword_LEE:0.5394837856292725 sec.]
[LEEbkz:MW_Codeword_LEE:0.5385677814483643 sec.]
[LEEbkz:MW_Codeword_LEE:0.5366795063018799 sec.]
[LEEbkz:MW_Codeword_LEE:0.5361099243164062 sec.]
[LEEbkz:MW_Codeword_LEE:0.5388729572296143 sec.]
[LEEbkz:MW_Codeword_LEE:0.5459163188934326 sec.]
[LEEbkz:MW_Codeword_LEE:0.5371589660644531 sec.]
[LEEbkz:MW_Codeword_LEE:0.5379166603088379 sec.]
[LEEbkz:MW_Codeword_LEE:0.5381755828857422 sec.]
[LEEbkz:MW_Codeword_LEE:0.537531852722168 sec.]
[LEEbkz:MW_Codeword_LEE:0.539680004119873 sec.]
[LEEbkz:MW_Codeword_LEE:0.5488317012786865 sec.]
[LEEbkz:MW_Codeword_LEE:0.5362987518310547 sec.]
[LEEbkz:MW_Codeword_LEE:0.542449951171875 sec.]
[LEEbkz:MW_Codeword_LEE:0.5406479835510254 sec.]
[LEEbkz:MW_Codeword_LEE:0.5408928394317627 sec.]
[LEEbkz:MW_Codeword_LEE:0.5428225994110107 sec.]
[LEEbkz:MW_Codeword_LEE:0.5438494682312012 sec.]
[LEEbkz:MW_Codeword_LEE:0.5538070201873779 sec.]
[LEEbkz:MW_Codeword_LEE:0.5404610633850098 sec.]
[LEEbkz:MW_Codeword_LEE:0.5433194637298584 sec.]
[LEEbkz:MW_Codeword_LEE:0.5426862239837646 sec.]
[LEEbkz:MW_Codeword_LEE:0.5416293144226074 sec.]
[LEEbkz:MW_Codeword_LEE:0.5422921180725098 sec.]
[LEEbkz:MW_Codeword_LEE:0.5428934097290039 sec.]
[LEEbkz:MW_Codeword_LEE:0.5420420169830322 sec.]
[LEEbkz:MW_Codeword_LEE:0.5410513877868652 sec.]
[LEEbkz:MW_Codeword_LEE:0.5515024662017822 sec.]
[LEEbkz:MW_Codeword_LEE:0.5426273345947266 sec.]
[LEEbkz:MW_Codeword_LEE:0.543874979019165 sec.]
[LEEbkz:MW_Codeword_LEE:0.5427956581115723 sec.]
[LEEbkz:MW_Codeword_LEE:0.5418024063110352 sec.]
[LEEbkz:MW_Codeword_LEE:0.5424535274505615 sec.]
[LEEbkz:MW_Codeword_LEE:0.5410733222961426 sec.]
[LEEbkz:MW_Codeword_LEE:0.5419673919677734 sec.]
[LEEbkz:MW_Codeword_LEE:0.5372276306152344 sec.]
[LEEbkz:MW_Codeword_LEE:0.5378518104553223 sec.]
[LEEbkz:MW_Codeword_LEE:0.539010763168335 sec.]
[LEEbkz:MW_Codeword_LEE:0.537489652633667 sec.]
[LEEbkz:MW_Codeword_LEE:0.5378072261810303 sec.]
[LEEbkz:MW_Codeword_LEE:0.5400757789611816 sec.]
[LEEbkz:MW_Codeword_LEE:0.5417518615722656 sec.]
[LEEbkz:MW_Codeword_LEE:0.5410802364349365 sec.]
[LEEbkz:MW_Codeword_LEE:0.541093111038208 sec.]
[LEEbkz:MW_Codeword_LEE:0.5422680377960205 sec.]
[LEEbkz:MW_Codeword_LEE:0.5405559539794922 sec.]
[LEEbkz:MW_Codeword_LEE:0.5454592704772949 sec.]
[LEEbkz:MW_Codeword_LEE:0.544318437576294 sec.]
[LEEbkz:MW_Codeword_LEE:0.5419278144836426 sec.]
[LEEbkz:MW_Codeword_LEE:0.5434787273406982 sec.]
[LEEbkz:MW_Codeword_LEE:0.5422983169555664 sec.]
[LEEbkz:MW_Codeword_LEE:0.5443222522735596 sec.]
[LEEbkz:MW_Codeword_LEE:0.5416600704193115 sec.]
[LEEbkz:MW_Codeword_LEE:0.5425655841827393 sec.]
[LEEbkz:MW_Codeword_LEE:0.5531730651855469 sec.]
[LEEbkz:MW_Codeword_LEE:0.5473158359527588 sec.]
[LEEbkz:MW_Codeword_LEE:0.5460715293884277 sec.]
[LEEbkz:MW_Codeword_LEE:0.5461452007293701 sec.]
[LEEbkz:MW_Codeword_LEE:0.5418856143951416 sec.]
[LEEbkz:MW_Codeword_LEE:0.5432910919189453 sec.]
[LEEbkz:MW_Codeword_LEE:0.541426420211792 sec.]
[LEEbkz:MW_Codeword_LEE:0.558664083480835 sec.]
[LEEbkz:MW_Codeword_LEE:0.542487382888794 sec.]
[LEEbkz:MW_Codeword_LEE:0.5417823791503906 sec.]
[LEEbkz:MW_Codeword_LEE:0.5458052158355713 sec.]
[LEEbkz:MW_Codeword_LEE:0.5417718887329102 sec.]
[LEEbkz:MW_Codeword_LEE:0.5413787364959717 sec.]
[LEEbkz:MW_Codeword_LEE:0.5430514812469482 sec.]
[LEEbkz:MW_Codeword_LEE:0.541978120803833 sec.]
[LEEbkz:MW_Codeword_LEE:0.5436561107635498 sec.]
[LEEbkz:MW_Codeword_LEE:0.5440549850463867 sec.]
[LEEbkz:MW_Codeword_LEE:0.5454306602478027 sec.]
[LEEbkz:MW_Codeword_LEE:0.542198896408081 sec.]
[LEEbkz:MW_Codeword_LEE:0.5426440238952637 sec.]
[LEEbkz:MW_Codeword_LEE:0.5446622371673584 sec.]
[LEEbkz:MW_Codeword_LEE:0.5494987964630127 sec.]
[LEEbkz:MW_Codeword_LEE:0.5460846424102783 sec.]
[LEEbkz:MW_Codeword_LEE:0.5418081283569336 sec.]
[LEEbkz:MW_Codeword_LEE:0.5435776710510254 sec.]
[LEEbkz:MW_Codeword_LEE:0.5435428619384766 sec.]
[LEEbkz:MW_Codeword_LEE:0.5423920154571533 sec.]
[LEEbkz:MW_Codeword_LEE:0.5443928241729736 sec.]
[LEEbkz:MW_Codeword_LEE:0.5433363914489746 sec.]
[LEEbkz:MW_Codeword_LEE:0.5347106456756592 sec.]
[LEEbkz:MW_Codeword_LEE:0.5393238067626953 sec.]
[LEEbkz:MW_Codeword_LEE:0.5378303527832031 sec.]
[LEEbkz:MW_Codeword_LEE:0.5405592918395996 sec.]
[LEEbkz:MW_Codeword_LEE:0.5369579792022705 sec.]
[LEEbkz:MW_Codeword_LEE:0.5399208068847656 sec.]
[LEEbkz:MW_Codeword_LEE:0.5389797687530518 sec.]
[LEEbkz:MW_Codeword_LEE:0.5381271839141846 sec.]
[LEEbkz:MW_Codeword_LEE:0.5386943817138672 sec.]
[LEEbkz:MW_Codeword_LEE:0.5385293960571289 sec.]
[LEEbkz:MW_Codeword_LEE:0.5353391170501709 sec.]
[LEEbkz:MW_Codeword_LEE:0.5371580123901367 sec.]
[LEEbkz:MW_Codeword_LEE:0.5376062393188477 sec.]
[LEEbkz:MW_Codeword_LEE:0.5359361171722412 sec.]
[LEEbkz:MW_Codeword_LEE:0.5349888801574707 sec.]
[LEEbkz:MW_Codeword_LEE:0.5347115993499756 sec.]
[LEEbkz:MW_Codeword_LEE:0.5321183204650879 sec.]
[LEEbkz:MW_Codeword_LEE:0.5340516567230225 sec.]
[LEEbkz:MW_Codeword_LEE:0.5343732833862305 sec.]
[LEEbkz:MW_Codeword_LEE:0.5323565006256104 sec.]
[LEEbkz:MW_Codeword_LEE:0.5343112945556641 sec.]
[LEEbkz:MW_Codeword_LEE:0.5339794158935547 sec.]
[LEEbkz:MW_Codeword_LEE:0.5332381725311279 sec.]
[LEEbkz:MW_Codeword_LEE:0.5446782112121582 sec.]
[LEEbkz:MW_Codeword_LEE:0.5336592197418213 sec.]
[LEEbkz:MW_Codeword_LEE:0.5346212387084961 sec.]
[LEEbkz:MW_Codeword_LEE:0.5353319644927979 sec.]
[LEEbkz:MW_Codeword_LEE:0.5338070392608643 sec.]
[LEEbkz:MW_Codeword_LEE:0.5437455177307129 sec.]
[LEEbkz:MW_Codeword_LEE:0.5330405235290527 sec.]
[LEEbkz:MW_Codeword_LEE:0.5322835445404053 sec.]
[LEEbkz:MW_Codeword_LEE:0.5331888198852539 sec.]
[LEEbkz:MW_Codeword_LEE:0.5339388847351074 sec.]
[LEEbkz:MW_Codeword_LEE:0.5341088771820068 sec.]
[LEEbkz:MW_Codeword_LEE:0.5338997840881348 sec.]
[LEEbkz:MW_Codeword_LEE:0.5341112613677979 sec.]
[LEEbkz:MW_Codeword_LEE:0.5335111618041992 sec.]
[LEEbkz:MW_Codeword_LEE:0.5346531867980957 sec.]
[LEEbkz:MW_Codeword_LEE:0.5345935821533203 sec.]
[LEEbkz:MW_Codeword_LEE:0.5372393131256104 sec.]
[LEEbkz:MW_Codeword_LEE:0.5357780456542969 sec.]
[LEEbkz:MW_Codeword_LEE:0.5347733497619629 sec.]
[LEEbkz:MW_Codeword_LEE:0.53371262550354 sec.]
[LEEbkz:MW_Codeword_LEE:0.5354695320129395 sec.]
[LEEbkz:MW_Codeword_LEE:0.5346240997314453 sec.]
[LEEbkz:MW_Codeword_LEE:0.5354428291320801 sec.]
[LEEbkz:MW_Codeword_LEE:0.534290075302124 sec.]
[LEEbkz:MW_Codeword_LEE:0.5340585708618164 sec.]
[LEEbkz:MW_Codeword_LEE:0.534996747970581 sec.]
[LEEbkz:MW_Codeword_LEE:0.5338733196258545 sec.]
[LEEbkz:MW_Codeword_LEE:0.5353846549987793 sec.]
[LEEbkz:MW_Codeword_LEE:0.5342798233032227 sec.]
[LEEbkz:MW_Codeword_LEE:0.5342495441436768 sec.]
[LEEbkz:MW_Codeword_LEE:0.5336287021636963 sec.]
[LEEbkz:MW_Codeword_LEE:0.534696102142334 sec.]
[LEEbkz:MW_Codeword_LEE:0.5351016521453857 sec.]
[LEEbkz:MW_Codeword_LEE:0.5350086688995361 sec.]
[LEEbkz:MW_Codeword_LEE:0.5347311496734619 sec.]
[LEEbkz:MW_Codeword_LEE:0.5337011814117432 sec.]
[LEEbkz:MW_Codeword_LEE:0.533745527267456 sec.]
[LEEbkz:MW_Codeword_LEE:0.5357089042663574 sec.]
[LEEbkz:MW_Codeword_LEE:0.5343377590179443 sec.]
[LEEbkz:MW_Codeword_LEE:0.534031867980957 sec.]
[LEEbkz:MW_Codeword_LEE:0.5343031883239746 sec.]
[LEEbkz:MW_Codeword_LEE:0.5348515510559082 sec.]
[LEEbkz:MW_Codeword_LEE:0.5337753295898438 sec.]
[LEEbkz:MW_Codeword_LEE:0.5337648391723633 sec.]
[LEEbkz:MW_Codeword_LEE:0.5349624156951904 sec.]
[LEEbkz:MW_Codeword_LEE:0.5351510047912598 sec.]
[LEEbkz:MW_Codeword_LEE:0.5347557067871094 sec.]
[LEEbkz:MW_Codeword_LEE:0.5339324474334717 sec.]
[LEEbkz:MW_Codeword_LEE:0.543755054473877 sec.]
[LEEbkz:MW_Codeword_LEE:0.5345356464385986 sec.]
[LEEbkz:MW_Codeword_LEE:0.5342085361480713 sec.]
[LEEbkz:MW_Codeword_LEE:0.5339715480804443 sec.]
[LEEbkz:MW_Codeword_LEE:0.5331690311431885 sec.]
[LEEbkz:MW_Codeword_LEE:0.533822774887085 sec.]
[LEEbkz:MW_Codeword_LEE:0.5339438915252686 sec.]
[LEEbkz:MW_Codeword_LEE:0.5343325138092041 sec.]
[LEEbkz:MW_Codeword_LEE:0.5346729755401611 sec.]
[LEEbkz:MW_Codeword_LEE:0.5342051982879639 sec.]
[LEEbkz:MW_Codeword_LEE:0.5336353778839111 sec.]
[LEEbkz:MW_Codeword_LEE:0.533865213394165 sec.]
[LEEbkz:MW_Codeword_LEE:0.5444917678833008 sec.]
[LEEbkz:MW_Codeword_LEE:0.5331904888153076 sec.]
[LEEbkz:MW_Codeword_LEE:0.5330615043640137 sec.]
[LEEbkz:MW_Codeword_LEE:0.5354526042938232 sec.]
[LEEbkz:MW_Codeword_LEE:0.5347602367401123 sec.]
[LEEbkz:MW_Codeword_LEE:0.5339341163635254 sec.]
[LEEbkz:MW_Codeword_LEE:0.534752368927002 sec.]
[LEEbkz:MW_Codeword_LEE:0.5354528427124023 sec.]
[LEEbkz:MW_Codeword_LEE:0.5345122814178467 sec.]
[LEEbkz:MW_Codeword_LEE:0.5339834690093994 sec.]
[LEEbkz:MW_Codeword_LEE:0.5347275733947754 sec.]
[LEEbkz:MW_Codeword_LEE:0.5327446460723877 sec.]
[LEEbkz:MW_Codeword_LEE:0.5339155197143555 sec.]
[LEEbkz:MW_Codeword_LEE:0.5336635112762451 sec.]
[LEEbkz:MW_Codeword_LEE:0.5342390537261963 sec.]
[LEEbkz:MW_Codeword_LEE:0.5346105098724365 sec.]
[LEEbkz:MW_Codeword_LEE:0.534693717956543 sec.]
[LEEbkz:MW_Codeword_LEE:0.5337989330291748 sec.]
[LEEbkz:MW_Codeword_LEE:0.5341682434082031 sec.]
[LEEbkz:MW_Codeword_LEE:0.5346181392669678 sec.]
[LEEbkz:MW_Codeword_LEE:0.5340371131896973 sec.]
[LEEbkz:MW_Codeword_LEE:0.5342161655426025 sec.]
[LEEbkz:MW_Codeword_LEE:0.5355687141418457 sec.]
[LEEbkz:MW_Codeword_LEE:0.5336794853210449 sec.]
[LEEbkz:MW_Codeword_LEE:0.5328288078308105 sec.]
[LEEbkz:MW_Codeword_LEE:0.5340836048126221 sec.]
[LEEbkz:MW_Codeword_LEE:0.5329046249389648 sec.]
[LEEbkz:MW_Codeword_LEE:0.5329709053039551 sec.]
[LEEbkz:MW_Codeword_LEE:0.533972978591919 sec.]
[LEEbkz:MW_Codeword_LEE:0.533710241317749 sec.]
[LEEbkz:MW_Codeword_LEE:0.5341877937316895 sec.]
[LEEbkz:MW_Codeword_LEE:0.5340785980224609 sec.]
[LEEbkz:MW_Codeword_LEE:0.5336427688598633 sec.]
[LEEbkz:MW_Codeword_LEE:0.5339555740356445 sec.]
[LEEbkz:MW_Codeword_LEE:0.5362212657928467 sec.]
[LEEbkz:MW_Codeword_LEE:0.5360910892486572 sec.]
[LEEbkz:MW_Codeword_LEE:0.5338742733001709 sec.]
[LEEbkz:MW_Codeword_LEE:0.5342459678649902 sec.]
[LEEbkz:MW_Codeword_LEE:0.54313063621521 sec.]
[LEEbkz:MW_Codeword_LEE:0.5353164672851562 sec.]
[LEEbkz:MW_Codeword_LEE:0.534684419631958 sec.]
[LEEbkz:MW_Codeword_LEE:0.5339560508728027 sec.]
[LEEbkz:MW_Codeword_LEE:0.5338177680969238 sec.]
[LEEbkz:MW_Codeword_LEE:0.533576488494873 sec.]
[LEEbkz:MW_Codeword_LEE:0.5336105823516846 sec.]
[LEEbkz:MW_Codeword_LEE:0.535132646560669 sec.]
[LEEbkz:MW_Codeword_LEE:0.5334365367889404 sec.]
[LEEbkz:MW_Codeword_LEE:0.5347332954406738 sec.]
[LEEbkz:MW_Codeword_LEE:0.5345895290374756 sec.]
[LEEbkz:MW_Codeword_LEE:0.5428979396820068 sec.]
[LEEbkz:MW_Codeword_LEE:0.5335850715637207 sec.]
[LEEbkz:MW_Codeword_LEE:0.5338344573974609 sec.]
[LEEbkz:MW_Codeword_LEE:0.5336408615112305 sec.]
[LEEbkz:MW_Codeword_LEE:0.5335590839385986 sec.]
[LEEbkz:MW_Codeword_LEE:0.5346271991729736 sec.]
[LEEbkz:MW_Codeword_LEE:0.5335793495178223 sec.]
[LEEbkz:MW_Codeword_LEE:0.5341002941131592 sec.]
[LEEbkz:MW_Codeword_LEE:0.5339725017547607 sec.]
[LEEbkz:MW_Codeword_LEE:0.5343170166015625 sec.]
[LEEbkz:MW_Codeword_LEE:0.5339188575744629 sec.]
[LEEbkz:MW_Codeword_LEE:0.5352742671966553 sec.]
[LEEbkz:MW_Codeword_LEE:0.5348255634307861 sec.]
[LEEbkz:MW_Codeword_LEE:0.5345613956451416 sec.]
[LEEbkz:MW_Codeword_LEE:0.5338311195373535 sec.]
[LEEbkz:MW_Codeword_LEE:0.5334746837615967 sec.]
[LEEbkz:MW_Codeword_LEE:0.5334093570709229 sec.]
[LEEbkz:MW_Codeword_LEE:0.5338022708892822 sec.]
[LEEbkz:MW_Codeword_LEE:0.5332846641540527 sec.]
[LEEbkz:MW_Codeword_LEE:0.5334796905517578 sec.]
[LEEbkz:MW_Codeword_LEE:0.5333929061889648 sec.]
[LEEbkz:MW_Codeword_LEE:0.5339131355285645 sec.]
[LEEbkz:MW_Codeword_LEE:0.5338749885559082 sec.]
[LEEbkz:MW_Codeword_LEE:0.5336272716522217 sec.]
[LEEbkz:MW_Codeword_LEE:0.533200740814209 sec.]
[LEEbkz:MW_Codeword_LEE:0.5338382720947266 sec.]
[LEEbkz:MW_Codeword_LEE:0.5331242084503174 sec.]
[LEEbkz:MW_Codeword_LEE:0.533165454864502 sec.]
[LEEbkz:MW_Codeword_LEE:0.5329926013946533 sec.]
[LEEbkz:MW_Codeword_LEE:0.5415999889373779 sec.]
[LEEbkz:MW_Codeword_LEE:0.5329995155334473 sec.]
[LEEbkz:MW_Codeword_LEE:0.5330071449279785 sec.]
[LEEbkz:MW_Codeword_LEE:0.5331196784973145 sec.]
[LEEbkz:MW_Codeword_LEE:0.5335345268249512 sec.]
[LEEbkz:MW_Codeword_LEE:0.5330314636230469 sec.]
[LEEbkz:MW_Codeword_LEE:0.5333068370819092 sec.]
[LEEbkz:MW_Codeword_LEE:0.533085823059082 sec.]
[LEEbkz:MW_Codeword_LEE:0.5341103076934814 sec.]
[LEEbkz:MW_Codeword_LEE:0.5439138412475586 sec.]
[LEEbkz:MW_Codeword_LEE:0.5336880683898926 sec.]
[LEEbkz:MW_Codeword_LEE:0.5347201824188232 sec.]
[LEEbkz:MW_Codeword_LEE:0.5332736968994141 sec.]
[LEEbkz:MW_Codeword_LEE:0.5325312614440918 sec.]
[LEEbkz:MW_Codeword_LEE:0.5329995155334473 sec.]
[LEEbkz:MW_Codeword_LEE:0.5336573123931885 sec.]
[LEEbkz:MW_Codeword_LEE:0.5331313610076904 sec.]
[LEEbkz:MW_Codeword_LEE:0.5321650505065918 sec.]
[LEEbkz:MW_Codeword_LEE:0.533247709274292 sec.]
[LEEbkz:MW_Codeword_LEE:0.5332958698272705 sec.]
[LEEbkz:MW_Codeword_LEE:0.5409083366394043 sec.]
[LEEbkz:MW_Codeword_LEE:0.5426628589630127 sec.]
[LEEbkz:MW_Codeword_LEE:0.532315731048584 sec.]
[LEEbkz:MW_Codeword_LEE:0.5330440998077393 sec.]
[LEEbkz:MW_Codeword_LEE:0.5327670574188232 sec.]
[LEEbkz:MW_Codeword_LEE:0.5343582630157471 sec.]
[LEEbkz:MW_Codeword_LEE:0.533623456954956 sec.]
[LEEbkz:MW_Codeword_LEE:0.5340948104858398 sec.]
[LEEbkz:MW_Codeword_LEE:0.5336744785308838 sec.]
[LEEbkz:MW_Codeword_LEE:0.5332205295562744 sec.]
[LEEbkz:MW_Codeword_LEE:0.5340366363525391 sec.]
[LEEbkz:MW_Codeword_LEE:0.533428430557251 sec.]
[LEEbkz:MW_Codeword_LEE:0.5344212055206299 sec.]
[LEEbkz:MW_Codeword_LEE:0.534881591796875 sec.]
[LEEbkz:MW_Codeword_LEE:0.5336737632751465 sec.]
[LEEbkz:MW_Codeword_LEE:0.5335044860839844 sec.]
[LEEbkz:MW_Codeword_LEE:0.542210578918457 sec.]
[LEEbkz:MW_Codeword_LEE:0.5355784893035889 sec.]
[LEEbkz:MW_Codeword_LEE:0.5335464477539062 sec.]
[LEEbkz:MW_Codeword_LEE:0.5328564643859863 sec.]
[LEEbkz:MW_Codeword_LEE:0.5326807498931885 sec.]
[LEEbkz:MW_Codeword_LEE:0.5330467224121094 sec.]
[LEEbkz:MW_Codeword_LEE:0.5331642627716064 sec.]
[LEEbkz:MW_Codeword_LEE:0.5332639217376709 sec.]
[LEEbkz:MW_Codeword_LEE:0.533524751663208 sec.]
[LEEbkz:MW_Codeword_LEE:0.5335769653320312 sec.]
[LEEbkz:MW_Codeword_LEE:0.5335586071014404 sec.]
[LEEbkz:MW_Codeword_LEE:0.5335586071014404 sec.]
[LEEbkz:MW_Codeword_LEE:0.5337646007537842 sec.]
[LEEbkz:MW_Codeword_LEE:0.5343751907348633 sec.]
[LEEbkz:MW_Codeword_LEE:0.5332252979278564 sec.]
[LEEbkz:MW_Codeword_LEE:0.5341620445251465 sec.]
[LEEbkz:MW_Codeword_LEE:0.5328729152679443 sec.]
[LEEbkz:MW_Codeword_LEE:0.5332648754119873 sec.]
[LEEbkz:MW_Codeword_LEE:0.5331943035125732 sec.]
[LEEbkz:MW_Codeword_LEE:0.5337560176849365 sec.]
[LEEbkz:MW_Codeword_LEE:0.5337443351745605 sec.]
[LEEbkz:MW_Codeword_LEE:0.5325446128845215 sec.]
[LEEbkz:MW_Codeword_LEE:0.532764196395874 sec.]
[LEEbkz:MW_Codeword_LEE:0.5332992076873779 sec.]
[LEEbkz:MW_Codeword_LEE:0.5341572761535645 sec.]
[LEEbkz:MW_Codeword_LEE:0.533109188079834 sec.]
[LEEbkz:MW_Codeword_LEE:0.5324628353118896 sec.]
[LEEbkz:MW_Codeword_LEE:0.5336120128631592 sec.]
[LEEbkz:MW_Codeword_LEE:0.5341496467590332 sec.]
[LEEbkz:MW_Codeword_LEE:0.5345344543457031 sec.]
[LEEbkz:MW_Codeword_LEE:0.5335278511047363 sec.]
[LEEbkz:MW_Codeword_LEE:0.5339369773864746 sec.]
[LEEbkz:MW_Codeword_LEE:0.5344085693359375 sec.]
[LEEbkz:MW_Codeword_LEE:0.53481125831604 sec.]
[LEEbkz:MW_Codeword_LEE:0.5465123653411865 sec.]
[LEEbkz:MW_Codeword_LEE:0.5441253185272217 sec.]
[LEEbkz:MW_Codeword_LEE:0.53348708152771 sec.]
[LEEbkz:MW_Codeword_LEE:0.5381343364715576 sec.]
[LEEbkz:MW_Codeword_LEE:0.5336699485778809 sec.]
[LEEbkz:MW_Codeword_LEE:0.5345327854156494 sec.]
[LEEbkz:MW_Codeword_LEE:0.5342259407043457 sec.]
[LEEbkz:MW_Codeword_LEE:0.5348360538482666 sec.]
[LEEbkz:MW_Codeword_LEE:0.5342767238616943 sec.]
[LEEbkz:MW_Codeword_LEE:0.5336017608642578 sec.]
[LEEbkz:MW_Codeword_LEE:0.5344476699829102 sec.]
[LEEbkz:MW_Codeword_LEE:0.5358614921569824 sec.]
[LEEbkz:MW_Codeword_LEE:0.5366590023040771 sec.]
[LEEbkz:MW_Codeword_LEE:0.533905029296875 sec.]
[LEEbkz:MW_Codeword_LEE:0.5333178043365479 sec.]
[LEEbkz:MW_Codeword_LEE:0.5343022346496582 sec.]
[LEEbkz:MW_Codeword_LEE:0.5344099998474121 sec.]
[LEEbkz:MW_Codeword_LEE:0.534088134765625 sec.]
[LEEbkz:MW_Codeword_LEE:0.5446252822875977 sec.]
[LEEbkz:MW_Codeword_LEE:0.5343561172485352 sec.]
[LEEbkz:MW_Codeword_LEE:0.534191370010376 sec.]
[LEEbkz:MW_Codeword_LEE:0.5342137813568115 sec.]
[LEEbkz:MW_Codeword_LEE:0.533679723739624 sec.]
[LEEbkz:MW_Codeword_LEE:0.5344984531402588 sec.]
[LEEbkz:MW_Codeword_LEE:0.5339381694793701 sec.]
[LEEbkz:MW_Codeword_LEE:0.5345227718353271 sec.]
[LEEbkz:MW_Codeword_LEE:0.5342617034912109 sec.]
[LEEbkz:MW_Codeword_LEE:0.534029483795166 sec.]
[LEEbkz:MW_Codeword_LEE:0.5340919494628906 sec.]
[LEEbkz:MW_Codeword_LEE:0.5343763828277588 sec.]
[LEEbkz:MW_Codeword_LEE:0.5336966514587402 sec.]
[LEEbkz:MW_Codeword_LEE:0.5333366394042969 sec.]
[LEEbkz:MW_Codeword_LEE:0.5335314273834229 sec.]
[LEEbkz:MW_Codeword_LEE:0.5432140827178955 sec.]
[LEEbkz:MW_Codeword_LEE:0.5337729454040527 sec.]
[LEEbkz:MW_Codeword_LEE:0.5345931053161621 sec.]
[LEEbkz:MW_Codeword_LEE:0.5339522361755371 sec.]
[LEEbkz:MW_Codeword_LEE:0.5343477725982666 sec.]
[LEEbkz:MW_Codeword_LEE:0.5347435474395752 sec.]
[LEEbkz:MW_Codeword_LEE:0.5340616703033447 sec.]
[LEEbkz:MW_Codeword_LEE:0.5439352989196777 sec.]
[LEEbkz:MW_Codeword_LEE:0.5346379280090332 sec.]
[LEEbkz:MW_Codeword_LEE:0.5369381904602051 sec.]
[LEEbkz:MW_Codeword_LEE:0.5379586219787598 sec.]
[LEEbkz:MW_Codeword_LEE:0.53426194190979 sec.]
[LEEbkz:MW_Codeword_LEE:0.5344922542572021 sec.]
[LEEbkz:MW_Codeword_LEE:0.5342650413513184 sec.]
[LEEbkz:MW_Codeword_LEE:0.5344901084899902 sec.]
[LEEbkz:MW_Codeword_LEE:0.5361807346343994 sec.]
[LEEbkz:MW_Codeword_LEE:0.5366654396057129 sec.]
[LEEbkz:MW_Codeword_LEE:0.5367074012756348 sec.]
[LEEbkz:MW_Codeword_LEE:0.5353195667266846 sec.]
[LEEbkz:MW_Codeword_LEE:0.5341477394104004 sec.]
[LEEbkz:MW_Codeword_LEE:0.5336227416992188 sec.]
[LEEbkz:MW_Codeword_LEE:0.5344226360321045 sec.]
[LEEbkz:MW_Codeword_LEE:0.5349700450897217 sec.]
[LEEbkz:MW_Codeword_LEE:0.5345971584320068 sec.]
[LEEbkz:MW_Codeword_LEE:0.5341916084289551 sec.]
[LEEbkz:MW_Codeword_LEE:0.5335483551025391 sec.]
[LEEbkz:MW_Codeword_LEE:0.5439956188201904 sec.]
[LEEbkz:MW_Codeword_LEE:0.5329537391662598 sec.]
[LEEbkz:MW_Codeword_LEE:0.533238410949707 sec.]
[LEEbkz:MW_Codeword_LEE:0.5326981544494629 sec.]
[LEEbkz:MW_Codeword_LEE:0.535926342010498 sec.]
[LEEbkz:MW_Codeword_LEE:0.5358107089996338 sec.]
[LEEbkz:MW_Codeword_LEE:0.536444902420044 sec.]
[LEEbkz:MW_Codeword_LEE:0.5379283428192139 sec.]
[LEEbkz:MW_Codeword_LEE:0.5364794731140137 sec.]
[LEEbkz:MW_Codeword_LEE:0.5346536636352539 sec.]
[LEEbkz:MW_Codeword_LEE:0.5334765911102295 sec.]
[LEEbkz:MW_Codeword_LEE:0.5340282917022705 sec.]
[LEEbkz:MW_Codeword_LEE:0.07283210754394531 sec.]
[LEEbkz:MW_Codeword_LEE:0.029750585556030273 sec.]
[LEEbkz:MW_Codeword_LEE:0.02430105209350586 sec.]
[LEEbkz:MW_Codeword_LEE:0.022281408309936523 sec.]
[LEEbkz:MW_Codeword_LEE:0.020639896392822266 sec.]
Hamming profile after BKZ: [452, 53, 10, 2, 1, 1, 1, 1, 1, 1, 1, 1, 1, 1, 1, 1, 1, 1, 1, 1, 1, 1, 1, 1, 1, 1, 1, 1, 1, 1, 1, 1, 1, 1, 1, 1, 1, 1, 1, 1, 1, 1, 1, 1, 1, 1, 1, 1, 1, 1, 1, 1, 1, 1, 1, 1, 1, 1, 1, 1, 1, 1, 1, 1, 1, 1, 1, 1, 1, 1, 1, 1, 1, 1, 1, 1, 1, 1, 1, 1, 1, 1, 1, 1, 1, 1, 1, 1, 1, 1, 1, 1, 1, 1, 1, 1, 1, 1, 1, 1, 1, 1, 1, 1, 1, 1, 1, 1, 1, 1, 1, 1, 1, 1, 1, 1, 1, 1, 1, 1, 1, 1, 1, 1, 1, 1, 1, 1, 1, 1, 1, 1, 1, 1, 1, 1, 1, 1, 1, 1, 1, 1, 1, 1, 1, 1, 1, 1, 1, 1, 1, 1, 1, 1, 1, 1, 1, 1, 1, 1, 1, 1, 1, 1, 1, 1, 1, 1, 1, 1, 1, 1, 1, 1, 1, 1, 1, 1, 1, 1, 1, 1, 1, 1, 1, 1, 1, 1, 1, 1, 1, 1, 1, 1, 1, 1, 1, 1, 1, 1, 1, 1, 1, 1, 1, 1, 1, 1, 1, 1, 1, 1, 1, 1, 1, 1, 1, 1, 1, 1, 1, 1, 1, 1, 1, 1, 1, 1, 1, 1, 1, 1, 1, 1, 1, 1, 1, 1, 1, 1, 1, 1, 1, 1, 1, 1, 1, 1, 1, 1, 1, 1, 1, 1, 1, 1, 1, 1, 1, 1, 1, 1, 1, 1, 1, 1, 1, 1, 1, 1, 1, 1, 1, 1, 1, 1, 1, 1, 1, 1, 1, 1, 1, 1, 1, 1, 1, 1, 1, 1, 1, 1, 1, 1, 1, 1, 1, 1, 1, 1, 1, 1, 1, 1, 1, 1, 1, 1, 1, 1, 1, 1, 1, 1, 1, 1, 1, 1, 1, 1, 1, 1, 1, 1, 1, 1, 1, 1, 1, 1, 1, 1, 1, 1, 1, 1, 1, 1, 1, 1, 1, 1, 1, 1, 1, 1, 1, 1, 1, 1, 1, 1, 1, 1, 1, 1, 1, 1, 1, 1, 1, 1, 1, 1, 1, 1, 1, 1, 1, 1, 1, 1, 1, 1, 1, 1, 1, 1, 1, 1, 1, 1, 1, 1, 1, 1, 1, 1, 1, 1, 1, 1, 1, 1, 1, 1, 1, 1, 1, 1, 1, 1, 1, 1, 1, 1, 1, 1, 1, 1, 1, 1, 1, 1, 1, 1, 1, 1, 1, 1, 1, 1, 1, 1, 1, 1, 1, 1, 1, 1, 1, 1, 1, 1, 1, 1, 1, 1, 1, 1, 1, 1, 1, 1, 1, 1, 1, 1, 1, 1, 1, 1, 1, 1, 1, 1, 1, 1, 1, 1, 1, 1, 1, 1, 1, 1, 1, 1, 1, 1, 1, 1, 1, 1, 1, 1, 1, 1, 1, 1, 1, 1, 1, 1, 1, 1, 1, 1, 1, 1, 1, 1, 1, 1, 1, 1, 1, 1, 1, 1, 1, 1, 1, 1, 1, 1, 1, 1, 1, 1, 1, 0]
Lee profile after BKZ: [1198, 110, 14, 2, 1, 1, 1, 1, 1, 1, 1, 1, 1, 1, 1, 1, 1, 1, 1, 1, 1, 1, 1, 1, 1, 1, 1, 1, 1, 1, 1, 1, 1, 1, 1, 1, 1, 1, 1, 1, 1, 1, 1, 1, 1, 1, 1, 1, 1, 1, 1, 1, 1, 1, 1, 1, 1, 1, 1, 1, 1, 1, 1, 1, 1, 1, 1, 1, 1, 1, 1, 1, 1, 1, 1, 1, 1, 1, 1, 1, 1, 1, 1, 1, 1, 1, 1, 1, 1, 1, 1, 1, 1, 1, 1, 1, 1, 1, 1, 1, 1, 1, 1, 1, 1, 1, 1, 1, 1, 1, 1, 1, 1, 1, 1, 1, 1, 1, 1, 1, 1, 1, 1, 1, 1, 1, 1, 1, 1, 1, 1, 1, 1, 1, 1, 1, 1, 1, 1, 1, 1, 1, 1, 1, 1, 1, 1, 1, 1, 1, 1, 1, 1, 1, 1, 1, 1, 1, 1, 1, 1, 1, 1, 1, 1, 1, 1, 1, 1, 1, 1, 1, 1, 1, 1, 1, 1, 1, 1, 1, 1, 1, 1, 1, 1, 1, 1, 1, 1, 1, 1, 1, 1, 1, 1, 1, 1, 1, 1, 1, 1, 1, 1, 1, 1, 1, 1, 1, 1, 1, 1, 1, 1, 1, 1, 1, 1, 1, 1, 1, 1, 1, 1, 1, 1, 1, 1, 1, 1, 1, 1, 1, 1, 1, 1, 1, 1, 1, 1, 1, 1, 1, 1, 1, 1, 1, 1, 1, 1, 1, 1, 1, 1, 1, 1, 1, 1, 1, 1, 1, 1, 1, 1, 1, 1, 1, 1, 1, 1, 1, 1, 1, 1, 1, 1, 1, 1, 1, 1, 1, 1, 1, 1, 1, 1, 1, 1, 1, 1, 1, 1, 1, 1, 1, 1, 1, 1, 1, 1, 1, 1, 1, 1, 1, 1, 1, 1, 1, 1, 1, 1, 1, 1, 1, 1, 1, 1, 1, 1, 1, 1, 1, 1, 1, 1, 1, 1, 1, 1, 1, 1, 1, 1, 1, 1, 1, 1, 1, 1, 1, 1, 1, 1, 1, 1, 1, 1, 1, 1, 1, 1, 1, 1, 1, 1, 1, 1, 1, 1, 1, 1, 1, 1, 1, 1, 1, 1, 1, 1, 1, 1, 1, 1, 1, 1, 1, 1, 1, 1, 1, 1, 1, 1, 1, 1, 1, 1, 1, 1, 1, 1, 1, 1, 1, 1, 1, 1, 1, 1, 1, 1, 1, 1, 1, 1, 1, 1, 1, 1, 1, 1, 1, 1, 1, 1, 1, 1, 1, 1, 1, 1, 1, 1, 1, 1, 1, 1, 1, 1, 1, 1, 1, 1, 1, 1, 1, 1, 1, 1, 1, 1, 1, 1, 1, 1, 1, 1, 1, 1, 1, 1, 1, 1, 1, 1, 1, 1, 1, 1, 1, 1, 1, 1, 1, 1, 1, 1, 1, 1, 1, 1, 1, 1, 1, 1, 1, 1, 1, 1, 1, 1, 1, 1, 1, 1, 1, 1, 1, 1, 1, 1, 1, 1, 1, 1, 1, 1, 1, 1, 1, 1, 1, 1, 1, 1, 1, 1, 1, 1, 1, 1, 0]
452<=B_red[0].wtL<=2260
B_red[0].wtH=452, B_red[0].wtL=1198

Hamming profile: [473, 40, 2, 1, 1, 1, 1, 1, 1, 1, 1, 1, 1, 1, 1, 1, 1, 1, 1, 1, 1, 1, 1, 1, 1, 1, 1, 1, 1, 1, 1, 1, 1, 1, 1, 1, 1, 1, 1, 1, 1, 1, 1, 1, 1, 1, 1, 1, 1, 1, 1, 1, 1, 1, 1, 1, 1, 1, 1, 1, 1, 1, 1, 1, 1, 1, 1, 1, 1, 1, 1, 1, 1, 1, 1, 1, 1, 1, 1, 1, 1, 1, 1, 1, 1, 1, 1, 1, 1, 1, 1, 1, 1, 1, 1, 1, 1, 1, 1, 1, 1, 1, 1, 1, 1, 1, 1, 1, 1, 1, 1, 1, 1, 1, 1, 1, 1, 1, 1, 1, 1, 1, 1, 1, 1, 1, 1, 1, 1, 1, 1, 1, 1, 1, 1, 1, 1, 1, 1, 1, 1, 1, 1, 1, 1, 1, 1, 1, 1, 1, 1, 1, 1, 1, 1, 1, 1, 1, 1, 1, 1, 1, 1, 1, 1, 1, 1, 1, 1, 1, 1, 1, 1, 1, 1, 1, 1, 1, 1, 1, 1, 1, 1, 1, 1, 1, 1, 1, 1, 1, 1, 1, 1, 1, 1, 1, 1, 1, 1, 1, 1, 1, 1, 1, 1, 1, 1, 1, 1, 1, 1, 1, 1, 1, 1, 1, 1, 1, 1, 1, 1, 1, 1, 1, 1, 1, 1, 1, 1, 1, 1, 1, 1, 1, 1, 1, 1, 1, 1, 1, 1, 1, 1, 1, 1, 1, 1, 1, 1, 1, 1, 1, 1, 1, 1, 1, 1, 1, 1, 1, 1, 1, 1, 1, 1, 1, 1, 1, 1, 1, 1, 1, 1, 1, 1, 1, 1, 1, 1, 1, 1, 1, 1, 1, 1, 1, 1, 1, 1, 1, 1, 1, 1, 1, 1, 1, 1, 1, 1, 1, 1, 1, 1, 1, 1, 1, 1, 1, 1, 1, 1, 1, 1, 1, 1, 1, 1, 1, 1, 1, 1, 1, 1, 1, 1, 1, 1, 1, 1, 1, 1, 1, 1, 1, 1, 1, 1, 1, 1, 1, 1, 1, 1, 1, 1, 1, 1, 1, 1, 1, 1, 1, 1, 1, 1, 1, 1, 1, 1, 1, 1, 1, 1, 1, 1, 1, 1, 1, 1, 1, 1, 1, 1, 1, 1, 1, 1, 1, 1, 1, 1, 1, 1, 1, 1, 1, 1, 1, 1, 1, 1, 1, 1, 1, 1, 1, 1, 1, 1, 1, 1, 1, 1, 1, 1, 1, 1, 1, 1, 1, 1, 1, 1, 1, 1, 1, 1, 1, 1, 1, 1, 1, 1, 1, 1, 1, 1, 1, 1, 1, 1, 1, 1, 1, 1, 1, 1, 1, 1, 1, 1, 1, 1, 1, 1, 1, 1, 1, 1, 1, 1, 1, 1, 1, 1, 1, 1, 1, 1, 1, 1, 1, 1, 1, 1, 1, 1, 1, 1, 1, 1, 1, 1, 1, 1, 1, 1, 1, 1, 1, 1, 1, 1, 1, 1, 1, 1, 1, 1, 1, 1, 1, 1, 1, 1, 1, 1, 1, 1, 1, 1, 1, 1, 1, 1, 1, 1, 1, 1, 1, 1, 1]
Lee profile: [1367, 120, 2, 1, 1, 1, 1, 1, 1, 1, 1, 1, 1, 1, 1, 1, 1, 1, 1, 1, 1, 1, 1, 1, 1, 1, 1, 1, 1, 1, 1, 1, 1, 1, 1, 1, 1, 1, 1, 1, 1, 1, 1, 1, 1, 1, 1, 1, 1, 1, 1, 1, 1, 1, 1, 1, 1, 1, 1, 1, 1, 1, 1, 1, 1, 1, 1, 1, 1, 1, 1, 1, 1, 1, 1, 1, 1, 1, 1, 1, 1, 1, 1, 1, 1, 1, 1, 1, 1, 1, 1, 1, 1, 1, 1, 1, 1, 1, 1, 1, 1, 1, 1, 1, 1, 1, 1, 1, 1, 1, 1, 1, 1, 1, 1, 1, 1, 1, 1, 1, 1, 1, 1, 1, 1, 1, 1, 1, 1, 1, 1, 1, 1, 1, 1, 1, 1, 1, 1, 1, 1, 1, 1, 1, 1, 1, 1, 1, 1, 1, 1, 1, 1, 1, 1, 1, 1, 1, 1, 1, 1, 1, 1, 1, 1, 1, 1, 1, 1, 1, 1, 1, 1, 1, 1, 1, 1, 1, 1, 1, 1, 1, 1, 1, 1, 1, 1, 1, 1, 1, 1, 1, 1, 1, 1, 1, 1, 1, 1, 1, 1, 1, 1, 1, 1, 1, 1, 1, 1, 1, 1, 1, 1, 1, 1, 1, 1, 1, 1, 1, 1, 1, 1, 1, 1, 1, 1, 1, 1, 1, 1, 1, 1, 1, 1, 1, 1, 1, 1, 1, 1, 1, 1, 1, 1, 1, 1, 1, 1, 1, 1, 1, 1, 1, 1, 1, 1, 1, 1, 1, 1, 1, 1, 1, 1, 1, 1, 1, 1, 1, 1, 1, 1, 1, 1, 1, 1, 1, 1, 1, 1, 1, 1, 1, 1, 1, 1, 1, 1, 1, 1, 1, 1, 1, 1, 1, 1, 1, 1, 1, 1, 1, 1, 1, 1, 1, 1, 1, 1, 1, 1, 1, 1, 1, 1, 1, 1, 1, 1, 1, 1, 1, 1, 1, 1, 1, 1, 1, 1, 1, 1, 1, 1, 1, 1, 1, 1, 1, 1, 1, 1, 1, 1, 1, 1, 1, 1, 1, 1, 1, 1, 1, 1, 1, 1, 1, 1, 1, 1, 1, 1, 1, 1, 1, 1, 1, 1, 1, 1, 1, 1, 1, 1, 1, 1, 1, 1, 1, 1, 1, 1, 1, 1, 1, 1, 1, 1, 1, 1, 1, 1, 1, 1, 1, 1, 1, 1, 1, 1, 1, 1, 1, 1, 1, 1, 1, 1, 1, 1, 1, 1, 1, 1, 1, 1, 1, 1, 1, 1, 1, 1, 1, 1, 1, 1, 1, 1, 1, 1, 1, 1, 1, 1, 1, 1, 1, 1, 1, 1, 1, 1, 1, 1, 1, 1, 1, 1, 1, 1, 1, 1, 1, 1, 1, 1, 1, 1, 1, 1, 1, 1, 1, 1, 1, 1, 1, 1, 1, 1, 1, 1, 1, 1, 1, 1, 1, 1, 1, 1, 1, 1, 1, 1, 1, 1, 1, 1, 1, 1, 1, 1, 1, 1, 1, 1, 1, 1, 1, 1, 1, 1, 1, 1, 1, 1, 1, 1, 1, 1, 1, 1, 1]
473<=B[0].wtL<=2365
B[0].wtH=473, B[0].wtL=1367

--- LeeBKZ with beta=8, bkz with minimum_lee_wt_codeword (may be non-primitive) ---
[LEEbkz:MW_Codeword_LEE:13.043313264846802 sec.]
[LEEbkz:MW_Codeword_LEE:6.20911979675293 sec.]
[LEEbkz:MW_Codeword_LEE:13.078979015350342 sec.]
[LEEbkz:MW_Codeword_LEE:6.231969118118286 sec.]
[LEEbkz:MW_Codeword_LEE:5.689900159835815 sec.]
[LEEbkz:MW_Codeword_LEE:13.206335306167603 sec.]
[LEEbkz:MW_Codeword_LEE:6.230050325393677 sec.]
[LEEbkz:MW_Codeword_LEE:5.599207401275635 sec.]
[LEEbkz:MW_Codeword_LEE:5.587949514389038 sec.]
[LEEbkz:MW_Codeword_LEE:13.37358808517456 sec.]
[LEEbkz:MW_Codeword_LEE:6.216441631317139 sec.]
[LEEbkz:MW_Codeword_LEE:13.305838823318481 sec.]
[LEEbkz:MW_Codeword_LEE:6.251291751861572 sec.]
[LEEbkz:MW_Codeword_LEE:5.579145669937134 sec.]
[LEEbkz:MW_Codeword_LEE:13.072479009628296 sec.]
[LEEbkz:MW_Codeword_LEE:6.219698905944824 sec.]
[LEEbkz:MW_Codeword_LEE:5.576348781585693 sec.]
[LEEbkz:MW_Codeword_LEE:5.574455499649048 sec.]
[LEEbkz:MW_Codeword_LEE:13.142403841018677 sec.]
[LEEbkz:MW_Codeword_LEE:6.210717439651489 sec.]
[LEEbkz:MW_Codeword_LEE:13.11219835281372 sec.]
[LEEbkz:MW_Codeword_LEE:6.513267278671265 sec.]
[LEEbkz:MW_Codeword_LEE:13.127485036849976 sec.]
[LEEbkz:MW_Codeword_LEE:6.514287233352661 sec.]
[LEEbkz:MW_Codeword_LEE:5.5815300941467285 sec.]
[LEEbkz:MW_Codeword_LEE:13.107547760009766 sec.]
[LEEbkz:MW_Codeword_LEE:6.514073848724365 sec.]
[LEEbkz:MW_Codeword_LEE:5.572357892990112 sec.]
[LEEbkz:MW_Codeword_LEE:5.573014974594116 sec.]
[LEEbkz:MW_Codeword_LEE:13.366576433181763 sec.]
[LEEbkz:MW_Codeword_LEE:7.191418170928955 sec.]
[LEEbkz:MW_Codeword_LEE:13.103795766830444 sec.]
[LEEbkz:MW_Codeword_LEE:6.528641700744629 sec.]
[LEEbkz:MW_Codeword_LEE:5.587785720825195 sec.]
[LEEbkz:MW_Codeword_LEE:13.19910478591919 sec.]
[LEEbkz:MW_Codeword_LEE:6.5175416469573975 sec.]
[LEEbkz:MW_Codeword_LEE:5.578492879867554 sec.]
[LEEbkz:MW_Codeword_LEE:5.58259916305542 sec.]
[LEEbkz:MW_Codeword_LEE:13.12092900276184 sec.]
[LEEbkz:MW_Codeword_LEE:6.718455076217651 sec.]
[LEEbkz:MW_Codeword_LEE:5.5835888385772705 sec.]
[LEEbkz:MW_Codeword_LEE:5.580891847610474 sec.]
[LEEbkz:MW_Codeword_LEE:13.07438850402832 sec.]
[LEEbkz:MW_Codeword_LEE:6.509445667266846 sec.]
[LEEbkz:MW_Codeword_LEE:13.721035957336426 sec.]
[LEEbkz:MW_Codeword_LEE:6.215190887451172 sec.]
[LEEbkz:MW_Codeword_LEE:5.5865867137908936 sec.]
[LEEbkz:MW_Codeword_LEE:13.084777355194092 sec.]
[LEEbkz:MW_Codeword_LEE:6.215207815170288 sec.]
[LEEbkz:MW_Codeword_LEE:5.584184646606445 sec.]
[LEEbkz:MW_Codeword_LEE:5.5806214809417725 sec.]
[LEEbkz:MW_Codeword_LEE:13.711490869522095 sec.]
[LEEbkz:MW_Codeword_LEE:6.206363677978516 sec.]
[LEEbkz:MW_Codeword_LEE:5.576360702514648 sec.]
[LEEbkz:MW_Codeword_LEE:5.582883358001709 sec.]
[LEEbkz:MW_Codeword_LEE:5.578823804855347 sec.]
[LEEbkz:MW_Codeword_LEE:13.074647903442383 sec.]
[LEEbkz:MW_Codeword_LEE:6.198999881744385 sec.]
[LEEbkz:MW_Codeword_LEE:5.581369876861572 sec.]
[LEEbkz:MW_Codeword_LEE:5.572188377380371 sec.]
[LEEbkz:MW_Codeword_LEE:5.57600212097168 sec.]
[LEEbkz:MW_Codeword_LEE:5.572160482406616 sec.]
[LEEbkz:MW_Codeword_LEE:13.101540088653564 sec.]
[LEEbkz:MW_Codeword_LEE:6.21430778503418 sec.]
[LEEbkz:MW_Codeword_LEE:5.567040205001831 sec.]
[LEEbkz:MW_Codeword_LEE:5.5668251514434814 sec.]
[LEEbkz:MW_Codeword_LEE:5.570037364959717 sec.]
[LEEbkz:MW_Codeword_LEE:6.024316310882568 sec.]
[LEEbkz:MW_Codeword_LEE:13.689062595367432 sec.]
[LEEbkz:MW_Codeword_LEE:6.201584577560425 sec.]
[LEEbkz:MW_Codeword_LEE:5.575159788131714 sec.]
[LEEbkz:MW_Codeword_LEE:5.573939323425293 sec.]
[LEEbkz:MW_Codeword_LEE:5.5700225830078125 sec.]
[LEEbkz:MW_Codeword_LEE:5.5738701820373535 sec.]
[LEEbkz:MW_Codeword_LEE:5.575001955032349 sec.]
[LEEbkz:MW_Codeword_LEE:13.09910774230957 sec.]
[LEEbkz:MW_Codeword_LEE:6.20853066444397 sec.]
[LEEbkz:MW_Codeword_LEE:5.579517126083374 sec.]
[LEEbkz:MW_Codeword_LEE:5.573803424835205 sec.]
[LEEbkz:MW_Codeword_LEE:5.572885513305664 sec.]
[LEEbkz:MW_Codeword_LEE:5.576208114624023 sec.]
[LEEbkz:MW_Codeword_LEE:5.573385715484619 sec.]
[LEEbkz:MW_Codeword_LEE:6.207840919494629 sec.]
[LEEbkz:MW_Codeword_LEE:5.568758010864258 sec.]
[LEEbkz:MW_Codeword_LEE:5.5734474658966064 sec.]
[LEEbkz:MW_Codeword_LEE:5.571886301040649 sec.]
[LEEbkz:MW_Codeword_LEE:5.575164079666138 sec.]
[LEEbkz:MW_Codeword_LEE:5.578711271286011 sec.]
[LEEbkz:MW_Codeword_LEE:5.576269149780273 sec.]
[LEEbkz:MW_Codeword_LEE:5.577478885650635 sec.]
[LEEbkz:MW_Codeword_LEE:5.569820880889893 sec.]
[LEEbkz:MW_Codeword_LEE:5.570092439651489 sec.]
Hamming profile after BKZ: [440, 59, 12, 3, 2, 1, 2, 1, 1, 1, 1, 1, 1, 1, 1, 1, 1, 1, 1, 1, 1, 1, 1, 1, 1, 1, 1, 1, 1, 1, 1, 1, 1, 1, 1, 1, 1, 1, 1, 1, 1, 1, 1, 1, 1, 1, 1, 1, 1, 1, 1, 1, 1, 1, 1, 1, 1, 1, 1, 1, 1, 1, 1, 1, 1, 1, 1, 1, 1, 1, 1, 1, 1, 1, 1, 1, 1, 1, 1, 1, 1, 1, 1, 1, 1, 1, 1, 1, 1, 1, 1, 1, 1, 1, 1, 1, 1, 1, 1, 1, 1, 1, 1, 1, 1, 1, 1, 1, 1, 1, 1, 1, 1, 1, 1, 1, 1, 1, 1, 1, 1, 1, 1, 1, 1, 1, 1, 1, 1, 1, 1, 1, 1, 1, 1, 1, 1, 1, 1, 1, 1, 1, 1, 1, 1, 1, 1, 1, 1, 1, 1, 1, 1, 1, 1, 1, 1, 1, 1, 1, 1, 1, 1, 1, 1, 1, 1, 1, 1, 1, 1, 1, 1, 1, 1, 1, 1, 1, 1, 1, 1, 1, 1, 1, 1, 1, 1, 1, 1, 1, 1, 1, 1, 1, 1, 1, 1, 1, 1, 1, 1, 1, 1, 1, 1, 1, 1, 1, 1, 1, 1, 1, 1, 1, 1, 1, 1, 1, 1, 1, 1, 1, 1, 1, 1, 1, 1, 1, 1, 1, 1, 1, 1, 1, 1, 1, 1, 1, 1, 1, 1, 1, 1, 1, 1, 1, 1, 1, 1, 1, 1, 1, 1, 1, 1, 1, 1, 1, 1, 1, 1, 1, 1, 1, 1, 1, 1, 1, 1, 1, 1, 1, 1, 1, 1, 1, 1, 1, 1, 1, 1, 1, 1, 1, 1, 1, 1, 1, 1, 1, 1, 1, 1, 1, 1, 1, 1, 1, 1, 1, 1, 1, 1, 1, 1, 1, 1, 1, 1, 1, 1, 1, 1, 1, 1, 1, 1, 1, 1, 1, 1, 1, 1, 1, 1, 1, 1, 1, 1, 1, 1, 1, 1, 1, 1, 1, 1, 1, 1, 1, 1, 1, 1, 1, 1, 1, 1, 1, 1, 1, 1, 1, 1, 1, 1, 1, 1, 1, 1, 1, 1, 1, 1, 1, 1, 1, 1, 1, 1, 1, 1, 1, 1, 1, 1, 1, 1, 1, 1, 1, 1, 1, 1, 1, 1, 1, 1, 1, 1, 1, 1, 1, 1, 1, 1, 1, 1, 1, 1, 1, 1, 1, 1, 1, 1, 1, 1, 1, 1, 1, 1, 1, 1, 1, 1, 1, 1, 1, 1, 1, 1, 1, 1, 1, 1, 1, 1, 1, 1, 1, 1, 1, 1, 1, 1, 1, 1, 1, 1, 1, 1, 1, 1, 1, 1, 1, 1, 1, 1, 1, 1, 1, 1, 1, 1, 1, 1, 1, 1, 1, 1, 1, 1, 1, 1, 1, 1, 1, 1, 1, 1, 1, 1, 1, 1, 1, 1, 1, 1, 1, 1, 1, 1, 1, 1, 1, 1, 1, 1, 1, 1, 1, 1, 1, 1, 1, 1, 1, 1, 1, 1, 1, 1, 1, 1, 1, 1, 1, 1, 1, 1, 1]
Lee profile after BKZ: [1203, 129, 23, 4, 2, 1, 2, 1, 1, 1, 1, 1, 1, 1, 1, 1, 1, 1, 1, 1, 1, 1, 1, 1, 1, 1, 1, 1, 1, 1, 1, 1, 1, 1, 1, 1, 1, 1, 1, 1, 1, 1, 1, 1, 1, 1, 1, 1, 1, 1, 1, 1, 1, 1, 1, 1, 1, 1, 1, 1, 1, 1, 1, 1, 1, 1, 1, 1, 1, 1, 1, 1, 1, 1, 1, 1, 1, 1, 1, 1, 1, 1, 1, 1, 1, 1, 1, 1, 1, 1, 1, 1, 1, 1, 1, 1, 1, 1, 1, 1, 1, 1, 1, 1, 1, 1, 1, 1, 1, 1, 1, 1, 1, 1, 1, 1, 1, 1, 1, 1, 1, 1, 1, 1, 1, 1, 1, 1, 1, 1, 1, 1, 1, 1, 1, 1, 1, 1, 1, 1, 1, 1, 1, 1, 1, 1, 1, 1, 1, 1, 1, 1, 1, 1, 1, 1, 1, 1, 1, 1, 1, 1, 1, 1, 1, 1, 1, 1, 1, 1, 1, 1, 1, 1, 1, 1, 1, 1, 1, 1, 1, 1, 1, 1, 1, 1, 1, 1, 1, 1, 1, 1, 1, 1, 1, 1, 1, 1, 1, 1, 1, 1, 1, 1, 1, 1, 1, 1, 1, 1, 1, 1, 1, 1, 1, 1, 1, 1, 1, 1, 1, 1, 1, 1, 1, 1, 1, 1, 1, 1, 1, 1, 1, 1, 1, 1, 1, 1, 1, 1, 1, 1, 1, 1, 1, 1, 1, 1, 1, 1, 1, 1, 1, 1, 1, 1, 1, 1, 1, 1, 1, 1, 1, 1, 1, 1, 1, 1, 1, 1, 1, 1, 1, 1, 1, 1, 1, 1, 1, 1, 1, 1, 1, 1, 1, 1, 1, 1, 1, 1, 1, 1, 1, 1, 1, 1, 1, 1, 1, 1, 1, 1, 1, 1, 1, 1, 1, 1, 1, 1, 1, 1, 1, 1, 1, 1, 1, 1, 1, 1, 1, 1, 1, 1, 1, 1, 1, 1, 1, 1, 1, 1, 1, 1, 1, 1, 1, 1, 1, 1, 1, 1, 1, 1, 1, 1, 1, 1, 1, 1, 1, 1, 1, 1, 1, 1, 1, 1, 1, 1, 1, 1, 1, 1, 1, 1, 1, 1, 1, 1, 1, 1, 1, 1, 1, 1, 1, 1, 1, 1, 1, 1, 1, 1, 1, 1, 1, 1, 1, 1, 1, 1, 1, 1, 1, 1, 1, 1, 1, 1, 1, 1, 1, 1, 1, 1, 1, 1, 1, 1, 1, 1, 1, 1, 1, 1, 1, 1, 1, 1, 1, 1, 1, 1, 1, 1, 1, 1, 1, 1, 1, 1, 1, 1, 1, 1, 1, 1, 1, 1, 1, 1, 1, 1, 1, 1, 1, 1, 1, 1, 1, 1, 1, 1, 1, 1, 1, 1, 1, 1, 1, 1, 1, 1, 1, 1, 1, 1, 1, 1, 1, 1, 1, 1, 1, 1, 1, 1, 1, 1, 1, 1, 1, 1, 1, 1, 1, 1, 1, 1, 1, 1, 1, 1, 1, 1, 1, 1, 1, 1, 1, 1, 1, 1, 1, 1, 1, 1, 1, 1, 1, 1]
440<=B_red[0].wtL<=2200
B_red[0].wtH=440, B_red[0].wtL=1203

Hamming profile: [462, 47, 5, 2, 1, 1, 1, 1, 1, 1, 1, 1, 1, 1, 1, 1, 1, 1, 1, 1, 1, 1, 1, 1, 1, 1, 1, 1, 1, 1, 1, 1, 1, 1, 1, 1, 1, 1, 1, 1, 1, 1, 1, 1, 1, 1, 1, 1, 1, 1, 1, 1, 1, 1, 1, 1, 1, 1, 1, 1, 1, 1, 1, 1, 1, 1, 1, 1, 1, 1, 1, 1, 1, 1, 1, 1, 1, 1, 1, 1, 1, 1, 1, 1, 1, 1, 1, 1, 1, 1, 1, 1, 1, 1, 1, 1, 1, 1, 1, 1, 1, 1, 1, 1, 1, 1, 1, 1, 1, 1, 1, 1, 1, 1, 1, 1, 1, 1, 1, 1, 1, 1, 1, 1, 1, 1, 1, 1, 1, 1, 1, 1, 1, 1, 1, 1, 1, 1, 1, 1, 1, 1, 1, 1, 1, 1, 1, 1, 1, 1, 1, 1, 1, 1, 1, 1, 1, 1, 1, 1, 1, 1, 1, 1, 1, 1, 1, 1, 1, 1, 1, 1, 1, 1, 1, 1, 1, 1, 1, 1, 1, 1, 1, 1, 1, 1, 1, 1, 1, 1, 1, 1, 1, 1, 1, 1, 1, 1, 1, 1, 1, 1, 1, 1, 1, 1, 1, 1, 1, 1, 1, 1, 1, 1, 1, 1, 1, 1, 1, 1, 1, 1, 1, 1, 1, 1, 1, 1, 1, 1, 1, 1, 1, 1, 1, 1, 1, 1, 1, 1, 1, 1, 1, 1, 1, 1, 1, 1, 1, 1, 1, 1, 1, 1, 1, 1, 1, 1, 1, 1, 1, 1, 1, 1, 1, 1, 1, 1, 1, 1, 1, 1, 1, 1, 1, 1, 1, 1, 1, 1, 1, 1, 1, 1, 1, 1, 1, 1, 1, 1, 1, 1, 1, 1, 1, 1, 1, 1, 1, 1, 1, 1, 1, 1, 1, 1, 1, 1, 1, 1, 1, 1, 1, 1, 1, 1, 1, 1, 1, 1, 1, 1, 1, 1, 1, 1, 1, 1, 1, 1, 1, 1, 1, 1, 1, 1, 1, 1, 1, 1, 1, 1, 1, 1, 1, 1, 1, 1, 1, 1, 1, 1, 1, 1, 1, 1, 1, 1, 1, 1, 1, 1, 1, 1, 1, 1, 1, 1, 1, 1, 1, 1, 1, 1, 1, 1, 1, 1, 1, 1, 1, 1, 1, 1, 1, 1, 1, 1, 1, 1, 1, 1, 1, 1, 1, 1, 1, 1, 1, 1, 1, 1, 1, 1, 1, 1, 1, 1, 1, 1, 1, 1, 1, 1, 1, 1, 1, 1, 1, 1, 1, 1, 1, 1, 1, 1, 1, 1, 1, 1, 1, 1, 1, 1, 1, 1, 1, 1, 1, 1, 1, 1, 1, 1, 1, 1, 1, 1, 1, 1, 1, 1, 1, 1, 1, 1, 1, 1, 1, 1, 1, 1, 1, 1, 1, 1, 1, 1, 1, 1, 1, 1, 1, 1, 1, 1, 1, 1, 1, 1, 1, 1, 1, 1, 1, 1, 1, 1, 1, 1, 1, 1, 1, 1, 1, 1, 1, 1, 1, 1, 1, 1, 1, 1, 1, 1, 1, 1, 1, 1, 1, 1]
Lee profile: [1370, 139, 18, 2, 1, 1, 1, 1, 1, 1, 1, 1, 1, 1, 1, 1, 1, 1, 1, 1, 1, 1, 1, 1, 1, 1, 1, 1, 1, 1, 1, 1, 1, 1, 1, 1, 1, 1, 1, 1, 1, 1, 1, 1, 1, 1, 1, 1, 1, 1, 1, 1, 1, 1, 1, 1, 1, 1, 1, 1, 1, 1, 1, 1, 1, 1, 1, 1, 1, 1, 1, 1, 1, 1, 1, 1, 1, 1, 1, 1, 1, 1, 1, 1, 1, 1, 1, 1, 1, 1, 1, 1, 1, 1, 1, 1, 1, 1, 1, 1, 1, 1, 1, 1, 1, 1, 1, 1, 1, 1, 1, 1, 1, 1, 1, 1, 1, 1, 1, 1, 1, 1, 1, 1, 1, 1, 1, 1, 1, 1, 1, 1, 1, 1, 1, 1, 1, 1, 1, 1, 1, 1, 1, 1, 1, 1, 1, 1, 1, 1, 1, 1, 1, 1, 1, 1, 1, 1, 1, 1, 1, 1, 1, 1, 1, 1, 1, 1, 1, 1, 1, 1, 1, 1, 1, 1, 1, 1, 1, 1, 1, 1, 1, 1, 1, 1, 1, 1, 1, 1, 1, 1, 1, 1, 1, 1, 1, 1, 1, 1, 1, 1, 1, 1, 1, 1, 1, 1, 1, 1, 1, 1, 1, 1, 1, 1, 1, 1, 1, 1, 1, 1, 1, 1, 1, 1, 1, 1, 1, 1, 1, 1, 1, 1, 1, 1, 1, 1, 1, 1, 1, 1, 1, 1, 1, 1, 1, 1, 1, 1, 1, 1, 1, 1, 1, 1, 1, 1, 1, 1, 1, 1, 1, 1, 1, 1, 1, 1, 1, 1, 1, 1, 1, 1, 1, 1, 1, 1, 1, 1, 1, 1, 1, 1, 1, 1, 1, 1, 1, 1, 1, 1, 1, 1, 1, 1, 1, 1, 1, 1, 1, 1, 1, 1, 1, 1, 1, 1, 1, 1, 1, 1, 1, 1, 1, 1, 1, 1, 1, 1, 1, 1, 1, 1, 1, 1, 1, 1, 1, 1, 1, 1, 1, 1, 1, 1, 1, 1, 1, 1, 1, 1, 1, 1, 1, 1, 1, 1, 1, 1, 1, 1, 1, 1, 1, 1, 1, 1, 1, 1, 1, 1, 1, 1, 1, 1, 1, 1, 1, 1, 1, 1, 1, 1, 1, 1, 1, 1, 1, 1, 1, 1, 1, 1, 1, 1, 1, 1, 1, 1, 1, 1, 1, 1, 1, 1, 1, 1, 1, 1, 1, 1, 1, 1, 1, 1, 1, 1, 1, 1, 1, 1, 1, 1, 1, 1, 1, 1, 1, 1, 1, 1, 1, 1, 1, 1, 1, 1, 1, 1, 1, 1, 1, 1, 1, 1, 1, 1, 1, 1, 1, 1, 1, 1, 1, 1, 1, 1, 1, 1, 1, 1, 1, 1, 1, 1, 1, 1, 1, 1, 1, 1, 1, 1, 1, 1, 1, 1, 1, 1, 1, 1, 1, 1, 1, 1, 1, 1, 1, 1, 1, 1, 1, 1, 1, 1, 1, 1, 1, 1, 1, 1, 1, 1, 1, 1, 1, 1, 1, 1, 1, 1, 1, 1, 1, 1, 1, 1, 1, 1, 1, 1]
462<=B[0].wtL<=2310
B[0].wtH=462, B[0].wtL=1370

--- LeeBKZ with beta=8, bkz with minimum_lee_wt_codeword (may be non-primitive) ---
[LEEbkz:MW_Codeword_LEE:13.102053880691528 sec.]
[LEEbkz:MW_Codeword_LEE:5.782986164093018 sec.]
[LEEbkz:MW_Codeword_LEE:13.12153697013855 sec.]
[LEEbkz:MW_Codeword_LEE:5.796123027801514 sec.]
[LEEbkz:MW_Codeword_LEE:5.565354347229004 sec.]
[LEEbkz:MW_Codeword_LEE:13.085479259490967 sec.]
[LEEbkz:MW_Codeword_LEE:5.781938076019287 sec.]
[LEEbkz:MW_Codeword_LEE:5.563208818435669 sec.]
[LEEbkz:MW_Codeword_LEE:5.561764717102051 sec.]
[LEEbkz:MW_Codeword_LEE:13.363163232803345 sec.]
[LEEbkz:MW_Codeword_LEE:6.299266338348389 sec.]
[LEEbkz:MW_Codeword_LEE:13.379033327102661 sec.]
[LEEbkz:MW_Codeword_LEE:6.197183847427368 sec.]
[LEEbkz:MW_Codeword_LEE:5.56533670425415 sec.]
[LEEbkz:MW_Codeword_LEE:13.399873733520508 sec.]
[LEEbkz:MW_Codeword_LEE:6.1964287757873535 sec.]
[LEEbkz:MW_Codeword_LEE:13.374433517456055 sec.]
[LEEbkz:MW_Codeword_LEE:6.1956470012664795 sec.]
[LEEbkz:MW_Codeword_LEE:5.563978910446167 sec.]
[LEEbkz:MW_Codeword_LEE:13.367446422576904 sec.]
[LEEbkz:MW_Codeword_LEE:6.197728872299194 sec.]
[LEEbkz:MW_Codeword_LEE:13.042607307434082 sec.]
[LEEbkz:MW_Codeword_LEE:6.196338176727295 sec.]
[LEEbkz:MW_Codeword_LEE:5.5631725788116455 sec.]
[LEEbkz:MW_Codeword_LEE:13.422522068023682 sec.]
[LEEbkz:MW_Codeword_LEE:6.194368600845337 sec.]
[LEEbkz:MW_Codeword_LEE:13.412063598632812 sec.]
[LEEbkz:MW_Codeword_LEE:6.298583984375 sec.]
[LEEbkz:MW_Codeword_LEE:5.566728830337524 sec.]
[LEEbkz:MW_Codeword_LEE:13.442831993103027 sec.]
[LEEbkz:MW_Codeword_LEE:6.211526393890381 sec.]
[LEEbkz:MW_Codeword_LEE:5.574350357055664 sec.]
[LEEbkz:MW_Codeword_LEE:5.573519945144653 sec.]
[LEEbkz:MW_Codeword_LEE:13.380186557769775 sec.]
[LEEbkz:MW_Codeword_LEE:6.215832471847534 sec.]
[LEEbkz:MW_Codeword_LEE:5.58346962928772 sec.]
[LEEbkz:MW_Codeword_LEE:6.038742780685425 sec.]
[LEEbkz:MW_Codeword_LEE:13.372928619384766 sec.]
[LEEbkz:MW_Codeword_LEE:6.697304725646973 sec.]
[LEEbkz:MW_Codeword_LEE:5.670458078384399 sec.]
[LEEbkz:MW_Codeword_LEE:5.560945749282837 sec.]
[LEEbkz:MW_Codeword_LEE:5.562910079956055 sec.]
[LEEbkz:MW_Codeword_LEE:13.08459186553955 sec.]
[LEEbkz:MW_Codeword_LEE:6.287297010421753 sec.]
[LEEbkz:MW_Codeword_LEE:5.561043977737427 sec.]
[LEEbkz:MW_Codeword_LEE:5.560203790664673 sec.]
[LEEbkz:MW_Codeword_LEE:5.559397459030151 sec.]
[LEEbkz:MW_Codeword_LEE:5.557901620864868 sec.]
[LEEbkz:MW_Codeword_LEE:13.357620000839233 sec.]
[LEEbkz:MW_Codeword_LEE:6.191327333450317 sec.]
[LEEbkz:MW_Codeword_LEE:5.56036639213562 sec.]
[LEEbkz:MW_Codeword_LEE:5.560094118118286 sec.]
[LEEbkz:MW_Codeword_LEE:5.5579094886779785 sec.]
[LEEbkz:MW_Codeword_LEE:5.560479402542114 sec.]
[LEEbkz:MW_Codeword_LEE:13.36649489402771 sec.]
[LEEbkz:MW_Codeword_LEE:6.19105339050293 sec.]
[LEEbkz:MW_Codeword_LEE:5.566933631896973 sec.]
[LEEbkz:MW_Codeword_LEE:5.559777498245239 sec.]
[LEEbkz:MW_Codeword_LEE:5.671855688095093 sec.]
[LEEbkz:MW_Codeword_LEE:5.559681415557861 sec.]
[LEEbkz:MW_Codeword_LEE:6.196377754211426 sec.]
[LEEbkz:MW_Codeword_LEE:5.560609817504883 sec.]
[LEEbkz:MW_Codeword_LEE:5.559457302093506 sec.]
[LEEbkz:MW_Codeword_LEE:5.560565948486328 sec.]
[LEEbkz:MW_Codeword_LEE:5.559512138366699 sec.]
[LEEbkz:MW_Codeword_LEE:5.671510934829712 sec.]
[LEEbkz:MW_Codeword_LEE:5.566878318786621 sec.]
[LEEbkz:MW_Codeword_LEE:5.55956506729126 sec.]
[LEEbkz:MW_Codeword_LEE:5.668549060821533 sec.]
[LEEbkz:MW_Codeword_LEE:5.559373140335083 sec.]
[LEEbkz:MW_Codeword_LEE:5.567626953125 sec.]
Hamming profile after BKZ: [449, 54, 10, 1, 2, 2, 1, 1, 1, 1, 1, 1, 1, 1, 1, 1, 1, 1, 1, 1, 1, 1, 1, 1, 1, 1, 1, 1, 1, 1, 1, 1, 1, 1, 1, 1, 1, 1, 1, 1, 1, 1, 1, 1, 1, 1, 1, 1, 1, 1, 1, 1, 1, 1, 1, 1, 1, 1, 1, 1, 1, 1, 1, 1, 1, 1, 1, 1, 1, 1, 1, 1, 1, 1, 1, 1, 1, 1, 1, 1, 1, 1, 1, 1, 1, 1, 1, 1, 1, 1, 1, 1, 1, 1, 1, 1, 1, 1, 1, 1, 1, 1, 1, 1, 1, 1, 1, 1, 1, 1, 1, 1, 1, 1, 1, 1, 1, 1, 1, 1, 1, 1, 1, 1, 1, 1, 1, 1, 1, 1, 1, 1, 1, 1, 1, 1, 1, 1, 1, 1, 1, 1, 1, 1, 1, 1, 1, 1, 1, 1, 1, 1, 1, 1, 1, 1, 1, 1, 1, 1, 1, 1, 1, 1, 1, 1, 1, 1, 1, 1, 1, 1, 1, 1, 1, 1, 1, 1, 1, 1, 1, 1, 1, 1, 1, 1, 1, 1, 1, 1, 1, 1, 1, 1, 1, 1, 1, 1, 1, 1, 1, 1, 1, 1, 1, 1, 1, 1, 1, 1, 1, 1, 1, 1, 1, 1, 1, 1, 1, 1, 1, 1, 1, 1, 1, 1, 1, 1, 1, 1, 1, 1, 1, 1, 1, 1, 1, 1, 1, 1, 1, 1, 1, 1, 1, 1, 1, 1, 1, 1, 1, 1, 1, 1, 1, 1, 1, 1, 1, 1, 1, 1, 1, 1, 1, 1, 1, 1, 1, 1, 1, 1, 1, 1, 1, 1, 1, 1, 1, 1, 1, 1, 1, 1, 1, 1, 1, 1, 1, 1, 1, 1, 1, 1, 1, 1, 1, 1, 1, 1, 1, 1, 1, 1, 1, 1, 1, 1, 1, 1, 1, 1, 1, 1, 1, 1, 1, 1, 1, 1, 1, 1, 1, 1, 1, 1, 1, 1, 1, 1, 1, 1, 1, 1, 1, 1, 1, 1, 1, 1, 1, 1, 1, 1, 1, 1, 1, 1, 1, 1, 1, 1, 1, 1, 1, 1, 1, 1, 1, 1, 1, 1, 1, 1, 1, 1, 1, 1, 1, 1, 1, 1, 1, 1, 1, 1, 1, 1, 1, 1, 1, 1, 1, 1, 1, 1, 1, 1, 1, 1, 1, 1, 1, 1, 1, 1, 1, 1, 1, 1, 1, 1, 1, 1, 1, 1, 1, 1, 1, 1, 1, 1, 1, 1, 1, 1, 1, 1, 1, 1, 1, 1, 1, 1, 1, 1, 1, 1, 1, 1, 1, 1, 1, 1, 1, 1, 1, 1, 1, 1, 1, 1, 1, 1, 1, 1, 1, 1, 1, 1, 1, 1, 1, 1, 1, 1, 1, 1, 1, 1, 1, 1, 1, 1, 1, 1, 1, 1, 1, 1, 1, 1, 1, 1, 1, 1, 1, 1, 1, 1, 1, 1, 1, 1, 1, 1, 1, 1, 1, 1, 1, 1, 1, 1, 1, 1, 1, 1, 1, 1, 1, 1, 1, 1, 1, 1, 1, 1, 1, 1, 1, 1]
Lee profile after BKZ: [1204, 122, 13, 1, 2, 2, 1, 1, 1, 1, 1, 1, 1, 1, 1, 1, 1, 1, 1, 1, 1, 1, 1, 1, 1, 1, 1, 1, 1, 1, 1, 1, 1, 1, 1, 1, 1, 1, 1, 1, 1, 1, 1, 1, 1, 1, 1, 1, 1, 1, 1, 1, 1, 1, 1, 1, 1, 1, 1, 1, 1, 1, 1, 1, 1, 1, 1, 1, 1, 1, 1, 1, 1, 1, 1, 1, 1, 1, 1, 1, 1, 1, 1, 1, 1, 1, 1, 1, 1, 1, 1, 1, 1, 1, 1, 1, 1, 1, 1, 1, 1, 1, 1, 1, 1, 1, 1, 1, 1, 1, 1, 1, 1, 1, 1, 1, 1, 1, 1, 1, 1, 1, 1, 1, 1, 1, 1, 1, 1, 1, 1, 1, 1, 1, 1, 1, 1, 1, 1, 1, 1, 1, 1, 1, 1, 1, 1, 1, 1, 1, 1, 1, 1, 1, 1, 1, 1, 1, 1, 1, 1, 1, 1, 1, 1, 1, 1, 1, 1, 1, 1, 1, 1, 1, 1, 1, 1, 1, 1, 1, 1, 1, 1, 1, 1, 1, 1, 1, 1, 1, 1, 1, 1, 1, 1, 1, 1, 1, 1, 1, 1, 1, 1, 1, 1, 1, 1, 1, 1, 1, 1, 1, 1, 1, 1, 1, 1, 1, 1, 1, 1, 1, 1, 1, 1, 1, 1, 1, 1, 1, 1, 1, 1, 1, 1, 1, 1, 1, 1, 1, 1, 1, 1, 1, 1, 1, 1, 1, 1, 1, 1, 1, 1, 1, 1, 1, 1, 1, 1, 1, 1, 1, 1, 1, 1, 1, 1, 1, 1, 1, 1, 1, 1, 1, 1, 1, 1, 1, 1, 1, 1, 1, 1, 1, 1, 1, 1, 1, 1, 1, 1, 1, 1, 1, 1, 1, 1, 1, 1, 1, 1, 1, 1, 1, 1, 1, 1, 1, 1, 1, 1, 1, 1, 1, 1, 1, 1, 1, 1, 1, 1, 1, 1, 1, 1, 1, 1, 1, 1, 1, 1, 1, 1, 1, 1, 1, 1, 1, 1, 1, 1, 1, 1, 1, 1, 1, 1, 1, 1, 1, 1, 1, 1, 1, 1, 1, 1, 1, 1, 1, 1, 1, 1, 1, 1, 1, 1, 1, 1, 1, 1, 1, 1, 1, 1, 1, 1, 1, 1, 1, 1, 1, 1, 1, 1, 1, 1, 1, 1, 1, 1, 1, 1, 1, 1, 1, 1, 1, 1, 1, 1, 1, 1, 1, 1, 1, 1, 1, 1, 1, 1, 1, 1, 1, 1, 1, 1, 1, 1, 1, 1, 1, 1, 1, 1, 1, 1, 1, 1, 1, 1, 1, 1, 1, 1, 1, 1, 1, 1, 1, 1, 1, 1, 1, 1, 1, 1, 1, 1, 1, 1, 1, 1, 1, 1, 1, 1, 1, 1, 1, 1, 1, 1, 1, 1, 1, 1, 1, 1, 1, 1, 1, 1, 1, 1, 1, 1, 1, 1, 1, 1, 1, 1, 1, 1, 1, 1, 1, 1, 1, 1, 1, 1, 1, 1, 1, 1, 1, 1, 1, 1, 1, 1, 1, 1, 1, 1, 1, 1, 1, 1, 1]
449<=B_red[0].wtL<=2245
B_red[0].wtH=449, B_red[0].wtL=1204

Hamming profile: [460, 49, 6, 1, 1, 1, 1, 1, 1, 1, 1, 1, 1, 1, 1, 1, 1, 1, 1, 1, 1, 1, 1, 1, 1, 1, 1, 1, 1, 1, 1, 1, 1, 1, 1, 1, 1, 1, 1, 1, 1, 1, 1, 1, 1, 1, 1, 1, 1, 1, 1, 1, 1, 1, 1, 1, 1, 1, 1, 1, 1, 1, 1, 1, 1, 1, 1, 1, 1, 1, 1, 1, 1, 1, 1, 1, 1, 1, 1, 1, 1, 1, 1, 1, 1, 1, 1, 1, 1, 1, 1, 1, 1, 1, 1, 1, 1, 1, 1, 1, 1, 1, 1, 1, 1, 1, 1, 1, 1, 1, 1, 1, 1, 1, 1, 1, 1, 1, 1, 1, 1, 1, 1, 1, 1, 1, 1, 1, 1, 1, 1, 1, 1, 1, 1, 1, 1, 1, 1, 1, 1, 1, 1, 1, 1, 1, 1, 1, 1, 1, 1, 1, 1, 1, 1, 1, 1, 1, 1, 1, 1, 1, 1, 1, 1, 1, 1, 1, 1, 1, 1, 1, 1, 1, 1, 1, 1, 1, 1, 1, 1, 1, 1, 1, 1, 1, 1, 1, 1, 1, 1, 1, 1, 1, 1, 1, 1, 1, 1, 1, 1, 1, 1, 1, 1, 1, 1, 1, 1, 1, 1, 1, 1, 1, 1, 1, 1, 1, 1, 1, 1, 1, 1, 1, 1, 1, 1, 1, 1, 1, 1, 1, 1, 1, 1, 1, 1, 1, 1, 1, 1, 1, 1, 1, 1, 1, 1, 1, 1, 1, 1, 1, 1, 1, 1, 1, 1, 1, 1, 1, 1, 1, 1, 1, 1, 1, 1, 1, 1, 1, 1, 1, 1, 1, 1, 1, 1, 1, 1, 1, 1, 1, 1, 1, 1, 1, 1, 1, 1, 1, 1, 1, 1, 1, 1, 1, 1, 1, 1, 1, 1, 1, 1, 1, 1, 1, 1, 1, 1, 1, 1, 1, 1, 1, 1, 1, 1, 1, 1, 1, 1, 1, 1, 1, 1, 1, 1, 1, 1, 1, 1, 1, 1, 1, 1, 1, 1, 1, 1, 1, 1, 1, 1, 1, 1, 1, 1, 1, 1, 1, 1, 1, 1, 1, 1, 1, 1, 1, 1, 1, 1, 1, 1, 1, 1, 1, 1, 1, 1, 1, 1, 1, 1, 1, 1, 1, 1, 1, 1, 1, 1, 1, 1, 1, 1, 1, 1, 1, 1, 1, 1, 1, 1, 1, 1, 1, 1, 1, 1, 1, 1, 1, 1, 1, 1, 1, 1, 1, 1, 1, 1, 1, 1, 1, 1, 1, 1, 1, 1, 1, 1, 1, 1, 1, 1, 1, 1, 1, 1, 1, 1, 1, 1, 1, 1, 1, 1, 1, 1, 1, 1, 1, 1, 1, 1, 1, 1, 1, 1, 1, 1, 1, 1, 1, 1, 1, 1, 1, 1, 1, 1, 1, 1, 1, 1, 1, 1, 1, 1, 1, 1, 1, 1, 1, 1, 1, 1, 1, 1, 1, 1, 1, 1, 1, 1, 1, 1, 1, 1, 1, 1, 1, 1, 1, 1, 1, 1, 1, 1, 1, 1, 1, 1, 1, 1, 1, 1, 1, 1, 1, 1, 1]
Lee profile: [1429, 149, 20, 1, 1, 1, 1, 1, 1, 1, 1, 1, 1, 1, 1, 1, 1, 1, 1, 1, 1, 1, 1, 1, 1, 1, 1, 1, 1, 1, 1, 1, 1, 1, 1, 1, 1, 1, 1, 1, 1, 1, 1, 1, 1, 1, 1, 1, 1, 1, 1, 1, 1, 1, 1, 1, 1, 1, 1, 1, 1, 1, 1, 1, 1, 1, 1, 1, 1, 1, 1, 1, 1, 1, 1, 1, 1, 1, 1, 1, 1, 1, 1, 1, 1, 1, 1, 1, 1, 1, 1, 1, 1, 1, 1, 1, 1, 1, 1, 1, 1, 1, 1, 1, 1, 1, 1, 1, 1, 1, 1, 1, 1, 1, 1, 1, 1, 1, 1, 1, 1, 1, 1, 1, 1, 1, 1, 1, 1, 1, 1, 1, 1, 1, 1, 1, 1, 1, 1, 1, 1, 1, 1, 1, 1, 1, 1, 1, 1, 1, 1, 1, 1, 1, 1, 1, 1, 1, 1, 1, 1, 1, 1, 1, 1, 1, 1, 1, 1, 1, 1, 1, 1, 1, 1, 1, 1, 1, 1, 1, 1, 1, 1, 1, 1, 1, 1, 1, 1, 1, 1, 1, 1, 1, 1, 1, 1, 1, 1, 1, 1, 1, 1, 1, 1, 1, 1, 1, 1, 1, 1, 1, 1, 1, 1, 1, 1, 1, 1, 1, 1, 1, 1, 1, 1, 1, 1, 1, 1, 1, 1, 1, 1, 1, 1, 1, 1, 1, 1, 1, 1, 1, 1, 1, 1, 1, 1, 1, 1, 1, 1, 1, 1, 1, 1, 1, 1, 1, 1, 1, 1, 1, 1, 1, 1, 1, 1, 1, 1, 1, 1, 1, 1, 1, 1, 1, 1, 1, 1, 1, 1, 1, 1, 1, 1, 1, 1, 1, 1, 1, 1, 1, 1, 1, 1, 1, 1, 1, 1, 1, 1, 1, 1, 1, 1, 1, 1, 1, 1, 1, 1, 1, 1, 1, 1, 1, 1, 1, 1, 1, 1, 1, 1, 1, 1, 1, 1, 1, 1, 1, 1, 1, 1, 1, 1, 1, 1, 1, 1, 1, 1, 1, 1, 1, 1, 1, 1, 1, 1, 1, 1, 1, 1, 1, 1, 1, 1, 1, 1, 1, 1, 1, 1, 1, 1, 1, 1, 1, 1, 1, 1, 1, 1, 1, 1, 1, 1, 1, 1, 1, 1, 1, 1, 1, 1, 1, 1, 1, 1, 1, 1, 1, 1, 1, 1, 1, 1, 1, 1, 1, 1, 1, 1, 1, 1, 1, 1, 1, 1, 1, 1, 1, 1, 1, 1, 1, 1, 1, 1, 1, 1, 1, 1, 1, 1, 1, 1, 1, 1, 1, 1, 1, 1, 1, 1, 1, 1, 1, 1, 1, 1, 1, 1, 1, 1, 1, 1, 1, 1, 1, 1, 1, 1, 1, 1, 1, 1, 1, 1, 1, 1, 1, 1, 1, 1, 1, 1, 1, 1, 1, 1, 1, 1, 1, 1, 1, 1, 1, 1, 1, 1, 1, 1, 1, 1, 1, 1, 1, 1, 1, 1, 1, 1, 1, 1, 1, 1, 1, 1, 1, 1, 1, 1, 1, 1, 1, 1, 1, 1, 1, 1, 1]
460<=B[0].wtL<=2300
B[0].wtH=460, B[0].wtL=1429

--- LeeBKZ with beta=8, bkz with minimum_lee_wt_codeword (may be non-primitive) ---
[LEEbkz:MW_Codeword_LEE:13.576577425003052 sec.]
[LEEbkz:MW_Codeword_LEE:6.20278263092041 sec.]
[LEEbkz:MW_Codeword_LEE:13.050055027008057 sec.]
[LEEbkz:MW_Codeword_LEE:6.2028868198394775 sec.]
[LEEbkz:MW_Codeword_LEE:13.326831579208374 sec.]
[LEEbkz:MW_Codeword_LEE:6.199517250061035 sec.]
[LEEbkz:MW_Codeword_LEE:13.322447299957275 sec.]
[LEEbkz:MW_Codeword_LEE:6.200305700302124 sec.]
[LEEbkz:MW_Codeword_LEE:13.322816848754883 sec.]
[LEEbkz:MW_Codeword_LEE:6.1984405517578125 sec.]
[LEEbkz:MW_Codeword_LEE:5.793626070022583 sec.]
[LEEbkz:MW_Codeword_LEE:13.44712519645691 sec.]
[LEEbkz:MW_Codeword_LEE:6.202479600906372 sec.]
[LEEbkz:MW_Codeword_LEE:5.79272198677063 sec.]
[LEEbkz:MW_Codeword_LEE:5.5654401779174805 sec.]
[LEEbkz:MW_Codeword_LEE:13.035358190536499 sec.]
[LEEbkz:MW_Codeword_LEE:6.28370213508606 sec.]
[LEEbkz:MW_Codeword_LEE:5.559944152832031 sec.]
[LEEbkz:MW_Codeword_LEE:5.560592412948608 sec.]
[LEEbkz:MW_Codeword_LEE:5.559135675430298 sec.]
[LEEbkz:MW_Codeword_LEE:13.035261154174805 sec.]
[LEEbkz:MW_Codeword_LEE:6.191714525222778 sec.]
[LEEbkz:MW_Codeword_LEE:5.559423208236694 sec.]
[LEEbkz:MW_Codeword_LEE:5.793200731277466 sec.]
[LEEbkz:MW_Codeword_LEE:5.5619590282440186 sec.]
[LEEbkz:MW_Codeword_LEE:13.111063003540039 sec.]
[LEEbkz:MW_Codeword_LEE:6.192430019378662 sec.]
[LEEbkz:MW_Codeword_LEE:6.018298387527466 sec.]
[LEEbkz:MW_Codeword_LEE:5.560837507247925 sec.]
[LEEbkz:MW_Codeword_LEE:5.562169551849365 sec.]
[LEEbkz:MW_Codeword_LEE:5.560104608535767 sec.]
[LEEbkz:MW_Codeword_LEE:13.109927415847778 sec.]
[LEEbkz:MW_Codeword_LEE:6.251129627227783 sec.]
[LEEbkz:MW_Codeword_LEE:5.564922332763672 sec.]
[LEEbkz:MW_Codeword_LEE:5.562823295593262 sec.]
[LEEbkz:MW_Codeword_LEE:5.559680938720703 sec.]
[LEEbkz:MW_Codeword_LEE:5.559385299682617 sec.]
[LEEbkz:MW_Codeword_LEE:13.117624044418335 sec.]
[LEEbkz:MW_Codeword_LEE:6.192868947982788 sec.]
[LEEbkz:MW_Codeword_LEE:5.560144662857056 sec.]
[LEEbkz:MW_Codeword_LEE:5.560061931610107 sec.]
[LEEbkz:MW_Codeword_LEE:5.5592546463012695 sec.]
[LEEbkz:MW_Codeword_LEE:5.559136152267456 sec.]
[LEEbkz:MW_Codeword_LEE:6.194016218185425 sec.]
[LEEbkz:MW_Codeword_LEE:5.654200792312622 sec.]
[LEEbkz:MW_Codeword_LEE:5.565699577331543 sec.]
[LEEbkz:MW_Codeword_LEE:5.559157133102417 sec.]
[LEEbkz:MW_Codeword_LEE:5.5608391761779785 sec.]
[LEEbkz:MW_Codeword_LEE:5.559426546096802 sec.]
[LEEbkz:MW_Codeword_LEE:5.558927297592163 sec.]
[LEEbkz:MW_Codeword_LEE:5.561170816421509 sec.]
Hamming profile after BKZ: [454, 51, 6, 4, 1, 2, 1, 1, 1, 1, 1, 1, 1, 1, 1, 1, 1, 1, 1, 1, 1, 1, 1, 1, 1, 1, 1, 1, 1, 1, 1, 1, 1, 1, 1, 1, 1, 1, 1, 1, 1, 1, 1, 1, 1, 1, 1, 1, 1, 1, 1, 1, 1, 1, 1, 1, 1, 1, 1, 1, 1, 1, 1, 1, 1, 1, 1, 1, 1, 1, 1, 1, 1, 1, 1, 1, 1, 1, 1, 1, 1, 1, 1, 1, 1, 1, 1, 1, 1, 1, 1, 1, 1, 1, 1, 1, 1, 1, 1, 1, 1, 1, 1, 1, 1, 1, 1, 1, 1, 1, 1, 1, 1, 1, 1, 1, 1, 1, 1, 1, 1, 1, 1, 1, 1, 1, 1, 1, 1, 1, 1, 1, 1, 1, 1, 1, 1, 1, 1, 1, 1, 1, 1, 1, 1, 1, 1, 1, 1, 1, 1, 1, 1, 1, 1, 1, 1, 1, 1, 1, 1, 1, 1, 1, 1, 1, 1, 1, 1, 1, 1, 1, 1, 1, 1, 1, 1, 1, 1, 1, 1, 1, 1, 1, 1, 1, 1, 1, 1, 1, 1, 1, 1, 1, 1, 1, 1, 1, 1, 1, 1, 1, 1, 1, 1, 1, 1, 1, 1, 1, 1, 1, 1, 1, 1, 1, 1, 1, 1, 1, 1, 1, 1, 1, 1, 1, 1, 1, 1, 1, 1, 1, 1, 1, 1, 1, 1, 1, 1, 1, 1, 1, 1, 1, 1, 1, 1, 1, 1, 1, 1, 1, 1, 1, 1, 1, 1, 1, 1, 1, 1, 1, 1, 1, 1, 1, 1, 1, 1, 1, 1, 1, 1, 1, 1, 1, 1, 1, 1, 1, 1, 1, 1, 1, 1, 1, 1, 1, 1, 1, 1, 1, 1, 1, 1, 1, 1, 1, 1, 1, 1, 1, 1, 1, 1, 1, 1, 1, 1, 1, 1, 1, 1, 1, 1, 1, 1, 1, 1, 1, 1, 1, 1, 1, 1, 1, 1, 1, 1, 1, 1, 1, 1, 1, 1, 1, 1, 1, 1, 1, 1, 1, 1, 1, 1, 1, 1, 1, 1, 1, 1, 1, 1, 1, 1, 1, 1, 1, 1, 1, 1, 1, 1, 1, 1, 1, 1, 1, 1, 1, 1, 1, 1, 1, 1, 1, 1, 1, 1, 1, 1, 1, 1, 1, 1, 1, 1, 1, 1, 1, 1, 1, 1, 1, 1, 1, 1, 1, 1, 1, 1, 1, 1, 1, 1, 1, 1, 1, 1, 1, 1, 1, 1, 1, 1, 1, 1, 1, 1, 1, 1, 1, 1, 1, 1, 1, 1, 1, 1, 1, 1, 1, 1, 1, 1, 1, 1, 1, 1, 1, 1, 1, 1, 1, 1, 1, 1, 1, 1, 1, 1, 1, 1, 1, 1, 1, 1, 1, 1, 1, 1, 1, 1, 1, 1, 1, 1, 1, 1, 1, 1, 1, 1, 1, 1, 1, 1, 1, 1, 1, 1, 1, 1, 1, 1, 1, 1, 1, 1, 1, 1, 1, 1, 1, 1, 1, 1, 1, 1, 1, 1, 1, 1, 1, 1, 1, 1, 1, 1, 1, 1, 1]
Lee profile after BKZ: [1201, 105, 12, 4, 1, 2, 1, 1, 1, 1, 1, 1, 1, 1, 1, 1, 1, 1, 1, 1, 1, 1, 1, 1, 1, 1, 1, 1, 1, 1, 1, 1, 1, 1, 1, 1, 1, 1, 1, 1, 1, 1, 1, 1, 1, 1, 1, 1, 1, 1, 1, 1, 1, 1, 1, 1, 1, 1, 1, 1, 1, 1, 1, 1, 1, 1, 1, 1, 1, 1, 1, 1, 1, 1, 1, 1, 1, 1, 1, 1, 1, 1, 1, 1, 1, 1, 1, 1, 1, 1, 1, 1, 1, 1, 1, 1, 1, 1, 1, 1, 1, 1, 1, 1, 1, 1, 1, 1, 1, 1, 1, 1, 1, 1, 1, 1, 1, 1, 1, 1, 1, 1, 1, 1, 1, 1, 1, 1, 1, 1, 1, 1, 1, 1, 1, 1, 1, 1, 1, 1, 1, 1, 1, 1, 1, 1, 1, 1, 1, 1, 1, 1, 1, 1, 1, 1, 1, 1, 1, 1, 1, 1, 1, 1, 1, 1, 1, 1, 1, 1, 1, 1, 1, 1, 1, 1, 1, 1, 1, 1, 1, 1, 1, 1, 1, 1, 1, 1, 1, 1, 1, 1, 1, 1, 1, 1, 1, 1, 1, 1, 1, 1, 1, 1, 1, 1, 1, 1, 1, 1, 1, 1, 1, 1, 1, 1, 1, 1, 1, 1, 1, 1, 1, 1, 1, 1, 1, 1, 1, 1, 1, 1, 1, 1, 1, 1, 1, 1, 1, 1, 1, 1, 1, 1, 1, 1, 1, 1, 1, 1, 1, 1, 1, 1, 1, 1, 1, 1, 1, 1, 1, 1, 1, 1, 1, 1, 1, 1, 1, 1, 1, 1, 1, 1, 1, 1, 1, 1, 1, 1, 1, 1, 1, 1, 1, 1, 1, 1, 1, 1, 1, 1, 1, 1, 1, 1, 1, 1, 1, 1, 1, 1, 1, 1, 1, 1, 1, 1, 1, 1, 1, 1, 1, 1, 1, 1, 1, 1, 1, 1, 1, 1, 1, 1, 1, 1, 1, 1, 1, 1, 1, 1, 1, 1, 1, 1, 1, 1, 1, 1, 1, 1, 1, 1, 1, 1, 1, 1, 1, 1, 1, 1, 1, 1, 1, 1, 1, 1, 1, 1, 1, 1, 1, 1, 1, 1, 1, 1, 1, 1, 1, 1, 1, 1, 1, 1, 1, 1, 1, 1, 1, 1, 1, 1, 1, 1, 1, 1, 1, 1, 1, 1, 1, 1, 1, 1, 1, 1, 1, 1, 1, 1, 1, 1, 1, 1, 1, 1, 1, 1, 1, 1, 1, 1, 1, 1, 1, 1, 1, 1, 1, 1, 1, 1, 1, 1, 1, 1, 1, 1, 1, 1, 1, 1, 1, 1, 1, 1, 1, 1, 1, 1, 1, 1, 1, 1, 1, 1, 1, 1, 1, 1, 1, 1, 1, 1, 1, 1, 1, 1, 1, 1, 1, 1, 1, 1, 1, 1, 1, 1, 1, 1, 1, 1, 1, 1, 1, 1, 1, 1, 1, 1, 1, 1, 1, 1, 1, 1, 1, 1, 1, 1, 1, 1, 1, 1, 1, 1, 1, 1, 1, 1, 1, 1, 1, 1, 1, 1, 1, 1, 1, 1]
454<=B_red[0].wtL<=2270
B_red[0].wtH=454, B_red[0].wtL=1201

Hamming profile: [473, 40, 2, 1, 1, 1, 1, 1, 1, 1, 1, 1, 1, 1, 1, 1, 1, 1, 1, 1, 1, 1, 1, 1, 1, 1, 1, 1, 1, 1, 1, 1, 1, 1, 1, 1, 1, 1, 1, 1, 1, 1, 1, 1, 1, 1, 1, 1, 1, 1, 1, 1, 1, 1, 1, 1, 1, 1, 1, 1, 1, 1, 1, 1, 1, 1, 1, 1, 1, 1, 1, 1, 1, 1, 1, 1, 1, 1, 1, 1, 1, 1, 1, 1, 1, 1, 1, 1, 1, 1, 1, 1, 1, 1, 1, 1, 1, 1, 1, 1, 1, 1, 1, 1, 1, 1, 1, 1, 1, 1, 1, 1, 1, 1, 1, 1, 1, 1, 1, 1, 1, 1, 1, 1, 1, 1, 1, 1, 1, 1, 1, 1, 1, 1, 1, 1, 1, 1, 1, 1, 1, 1, 1, 1, 1, 1, 1, 1, 1, 1, 1, 1, 1, 1, 1, 1, 1, 1, 1, 1, 1, 1, 1, 1, 1, 1, 1, 1, 1, 1, 1, 1, 1, 1, 1, 1, 1, 1, 1, 1, 1, 1, 1, 1, 1, 1, 1, 1, 1, 1, 1, 1, 1, 1, 1, 1, 1, 1, 1, 1, 1, 1, 1, 1, 1, 1, 1, 1, 1, 1, 1, 1, 1, 1, 1, 1, 1, 1, 1, 1, 1, 1, 1, 1, 1, 1, 1, 1, 1, 1, 1, 1, 1, 1, 1, 1, 1, 1, 1, 1, 1, 1, 1, 1, 1, 1, 1, 1, 1, 1, 1, 1, 1, 1, 1, 1, 1, 1, 1, 1, 1, 1, 1, 1, 1, 1, 1, 1, 1, 1, 1, 1, 1, 1, 1, 1, 1, 1, 1, 1, 1, 1, 1, 1, 1, 1, 1, 1, 1, 1, 1, 1, 1, 1, 1, 1, 1, 1, 1, 1, 1, 1, 1, 1, 1, 1, 1, 1, 1, 1, 1, 1, 1, 1, 1, 1, 1, 1, 1, 1, 1, 1, 1, 1, 1, 1, 1, 1, 1, 1, 1, 1, 1, 1, 1, 1, 1, 1, 1, 1, 1, 1, 1, 1, 1, 1, 1, 1, 1, 1, 1, 1, 1, 1, 1, 1, 1, 1, 1, 1, 1, 1, 1, 1, 1, 1, 1, 1, 1, 1, 1, 1, 1, 1, 1, 1, 1, 1, 1, 1, 1, 1, 1, 1, 1, 1, 1, 1, 1, 1, 1, 1, 1, 1, 1, 1, 1, 1, 1, 1, 1, 1, 1, 1, 1, 1, 1, 1, 1, 1, 1, 1, 1, 1, 1, 1, 1, 1, 1, 1, 1, 1, 1, 1, 1, 1, 1, 1, 1, 1, 1, 1, 1, 1, 1, 1, 1, 1, 1, 1, 1, 1, 1, 1, 1, 1, 1, 1, 1, 1, 1, 1, 1, 1, 1, 1, 1, 1, 1, 1, 1, 1, 1, 1, 1, 1, 1, 1, 1, 1, 1, 1, 1, 1, 1, 1, 1, 1, 1, 1, 1, 1, 1, 1, 1, 1, 1, 1, 1, 1, 1, 1, 1, 1, 1, 1, 1, 1, 1, 1, 1, 1, 1, 1, 1, 1, 1, 1, 1, 1, 1, 1]
Lee profile: [1393, 113, 2, 1, 1, 1, 1, 1, 1, 1, 1, 1, 1, 1, 1, 1, 1, 1, 1, 1, 1, 1, 1, 1, 1, 1, 1, 1, 1, 1, 1, 1, 1, 1, 1, 1, 1, 1, 1, 1, 1, 1, 1, 1, 1, 1, 1, 1, 1, 1, 1, 1, 1, 1, 1, 1, 1, 1, 1, 1, 1, 1, 1, 1, 1, 1, 1, 1, 1, 1, 1, 1, 1, 1, 1, 1, 1, 1, 1, 1, 1, 1, 1, 1, 1, 1, 1, 1, 1, 1, 1, 1, 1, 1, 1, 1, 1, 1, 1, 1, 1, 1, 1, 1, 1, 1, 1, 1, 1, 1, 1, 1, 1, 1, 1, 1, 1, 1, 1, 1, 1, 1, 1, 1, 1, 1, 1, 1, 1, 1, 1, 1, 1, 1, 1, 1, 1, 1, 1, 1, 1, 1, 1, 1, 1, 1, 1, 1, 1, 1, 1, 1, 1, 1, 1, 1, 1, 1, 1, 1, 1, 1, 1, 1, 1, 1, 1, 1, 1, 1, 1, 1, 1, 1, 1, 1, 1, 1, 1, 1, 1, 1, 1, 1, 1, 1, 1, 1, 1, 1, 1, 1, 1, 1, 1, 1, 1, 1, 1, 1, 1, 1, 1, 1, 1, 1, 1, 1, 1, 1, 1, 1, 1, 1, 1, 1, 1, 1, 1, 1, 1, 1, 1, 1, 1, 1, 1, 1, 1, 1, 1, 1, 1, 1, 1, 1, 1, 1, 1, 1, 1, 1, 1, 1, 1, 1, 1, 1, 1, 1, 1, 1, 1, 1, 1, 1, 1, 1, 1, 1, 1, 1, 1, 1, 1, 1, 1, 1, 1, 1, 1, 1, 1, 1, 1, 1, 1, 1, 1, 1, 1, 1, 1, 1, 1, 1, 1, 1, 1, 1, 1, 1, 1, 1, 1, 1, 1, 1, 1, 1, 1, 1, 1, 1, 1, 1, 1, 1, 1, 1, 1, 1, 1, 1, 1, 1, 1, 1, 1, 1, 1, 1, 1, 1, 1, 1, 1, 1, 1, 1, 1, 1, 1, 1, 1, 1, 1, 1, 1, 1, 1, 1, 1, 1, 1, 1, 1, 1, 1, 1, 1, 1, 1, 1, 1, 1, 1, 1, 1, 1, 1, 1, 1, 1, 1, 1, 1, 1, 1, 1, 1, 1, 1, 1, 1, 1, 1, 1, 1, 1, 1, 1, 1, 1, 1, 1, 1, 1, 1, 1, 1, 1, 1, 1, 1, 1, 1, 1, 1, 1, 1, 1, 1, 1, 1, 1, 1, 1, 1, 1, 1, 1, 1, 1, 1, 1, 1, 1, 1, 1, 1, 1, 1, 1, 1, 1, 1, 1, 1, 1, 1, 1, 1, 1, 1, 1, 1, 1, 1, 1, 1, 1, 1, 1, 1, 1, 1, 1, 1, 1, 1, 1, 1, 1, 1, 1, 1, 1, 1, 1, 1, 1, 1, 1, 1, 1, 1, 1, 1, 1, 1, 1, 1, 1, 1, 1, 1, 1, 1, 1, 1, 1, 1, 1, 1, 1, 1, 1, 1, 1, 1, 1, 1, 1, 1, 1, 1, 1, 1, 1, 1, 1, 1, 1, 1, 1, 1, 1, 1, 1, 1, 1]
473<=B[0].wtL<=2365
B[0].wtH=473, B[0].wtL=1393

--- LeeBKZ with beta=8, bkz with minimum_lee_wt_codeword (may be non-primitive) ---
[LEEbkz:MW_Codeword_LEE:13.07904052734375 sec.]
[LEEbkz:MW_Codeword_LEE:6.2208571434021 sec.]
[LEEbkz:MW_Codeword_LEE:13.082120895385742 sec.]
[LEEbkz:MW_Codeword_LEE:6.194596767425537 sec.]
[LEEbkz:MW_Codeword_LEE:13.063026428222656 sec.]
[LEEbkz:MW_Codeword_LEE:6.1940319538116455 sec.]
[LEEbkz:MW_Codeword_LEE:5.671144247055054 sec.]
[LEEbkz:MW_Codeword_LEE:13.140651941299438 sec.]
[LEEbkz:MW_Codeword_LEE:6.688474416732788 sec.]
[LEEbkz:MW_Codeword_LEE:5.561445713043213 sec.]
[LEEbkz:MW_Codeword_LEE:5.792045593261719 sec.]
[LEEbkz:MW_Codeword_LEE:13.087660789489746 sec.]
[LEEbkz:MW_Codeword_LEE:6.194953680038452 sec.]
[LEEbkz:MW_Codeword_LEE:5.672683954238892 sec.]
[LEEbkz:MW_Codeword_LEE:5.560096979141235 sec.]
[LEEbkz:MW_Codeword_LEE:5.5596795082092285 sec.]
[LEEbkz:MW_Codeword_LEE:13.088322162628174 sec.]
[LEEbkz:MW_Codeword_LEE:6.202482461929321 sec.]
[LEEbkz:MW_Codeword_LEE:5.5618896484375 sec.]
[LEEbkz:MW_Codeword_LEE:5.561094760894775 sec.]
[LEEbkz:MW_Codeword_LEE:5.560344457626343 sec.]
[LEEbkz:MW_Codeword_LEE:13.212061882019043 sec.]
[LEEbkz:MW_Codeword_LEE:6.202327489852905 sec.]
[LEEbkz:MW_Codeword_LEE:13.547518968582153 sec.]
[LEEbkz:MW_Codeword_LEE:6.29378604888916 sec.]
[LEEbkz:MW_Codeword_LEE:5.56835150718689 sec.]
[LEEbkz:MW_Codeword_LEE:13.120898723602295 sec.]
[LEEbkz:MW_Codeword_LEE:5.780414581298828 sec.]
[LEEbkz:MW_Codeword_LEE:13.122264385223389 sec.]
[LEEbkz:MW_Codeword_LEE:5.778995037078857 sec.]
[LEEbkz:MW_Codeword_LEE:5.560406446456909 sec.]
[LEEbkz:MW_Codeword_LEE:13.303715229034424 sec.]
[LEEbkz:MW_Codeword_LEE:5.780694484710693 sec.]
[LEEbkz:MW_Codeword_LEE:5.792755126953125 sec.]
[LEEbkz:MW_Codeword_LEE:5.5607569217681885 sec.]
[LEEbkz:MW_Codeword_LEE:13.063419818878174 sec.]
[LEEbkz:MW_Codeword_LEE:5.89301323890686 sec.]
[LEEbkz:MW_Codeword_LEE:5.561089754104614 sec.]
[LEEbkz:MW_Codeword_LEE:5.792970180511475 sec.]
[LEEbkz:MW_Codeword_LEE:5.792464733123779 sec.]
[LEEbkz:MW_Codeword_LEE:13.120956420898438 sec.]
[LEEbkz:MW_Codeword_LEE:5.781425952911377 sec.]
[LEEbkz:MW_Codeword_LEE:5.561072111129761 sec.]
[LEEbkz:MW_Codeword_LEE:6.032029867172241 sec.]
[LEEbkz:MW_Codeword_LEE:5.560877084732056 sec.]
[LEEbkz:MW_Codeword_LEE:13.077250957489014 sec.]
[LEEbkz:MW_Codeword_LEE:5.789592266082764 sec.]
[LEEbkz:MW_Codeword_LEE:5.80010199546814 sec.]
[LEEbkz:MW_Codeword_LEE:5.558096170425415 sec.]
[LEEbkz:MW_Codeword_LEE:5.792138576507568 sec.]
[LEEbkz:MW_Codeword_LEE:13.084648609161377 sec.]
[LEEbkz:MW_Codeword_LEE:5.779223442077637 sec.]
[LEEbkz:MW_Codeword_LEE:5.791987419128418 sec.]
[LEEbkz:MW_Codeword_LEE:5.792348146438599 sec.]
[LEEbkz:MW_Codeword_LEE:5.5595862865448 sec.]
[LEEbkz:MW_Codeword_LEE:13.12246322631836 sec.]
[LEEbkz:MW_Codeword_LEE:5.77938175201416 sec.]
[LEEbkz:MW_Codeword_LEE:13.040468692779541 sec.]
[LEEbkz:MW_Codeword_LEE:5.780502796173096 sec.]
[LEEbkz:MW_Codeword_LEE:5.561402320861816 sec.]
[LEEbkz:MW_Codeword_LEE:13.144279479980469 sec.]
[LEEbkz:MW_Codeword_LEE:5.785505533218384 sec.]
[LEEbkz:MW_Codeword_LEE:5.56111741065979 sec.]
[LEEbkz:MW_Codeword_LEE:5.794042348861694 sec.]
[LEEbkz:MW_Codeword_LEE:13.068762302398682 sec.]
[LEEbkz:MW_Codeword_LEE:5.787398338317871 sec.]
[LEEbkz:MW_Codeword_LEE:5.560697555541992 sec.]
[LEEbkz:MW_Codeword_LEE:5.793106555938721 sec.]
[LEEbkz:MW_Codeword_LEE:5.561507940292358 sec.]
[LEEbkz:MW_Codeword_LEE:13.065893173217773 sec.]
[LEEbkz:MW_Codeword_LEE:5.778710126876831 sec.]
[LEEbkz:MW_Codeword_LEE:5.559715747833252 sec.]
[LEEbkz:MW_Codeword_LEE:5.795149803161621 sec.]
[LEEbkz:MW_Codeword_LEE:5.561781167984009 sec.]
[LEEbkz:MW_Codeword_LEE:13.075992584228516 sec.]
[LEEbkz:MW_Codeword_LEE:5.785122871398926 sec.]
[LEEbkz:MW_Codeword_LEE:5.794877290725708 sec.]
[LEEbkz:MW_Codeword_LEE:5.562641143798828 sec.]
[LEEbkz:MW_Codeword_LEE:5.892770528793335 sec.]
[LEEbkz:MW_Codeword_LEE:13.040666103363037 sec.]
[LEEbkz:MW_Codeword_LEE:5.781323194503784 sec.]
[LEEbkz:MW_Codeword_LEE:5.561909198760986 sec.]
[LEEbkz:MW_Codeword_LEE:5.796021223068237 sec.]
[LEEbkz:MW_Codeword_LEE:5.562587261199951 sec.]
[LEEbkz:MW_Codeword_LEE:13.079788208007812 sec.]
[LEEbkz:MW_Codeword_LEE:5.782358646392822 sec.]
[LEEbkz:MW_Codeword_LEE:5.795098543167114 sec.]
[LEEbkz:MW_Codeword_LEE:5.672700643539429 sec.]
[LEEbkz:MW_Codeword_LEE:5.796287536621094 sec.]
[LEEbkz:MW_Codeword_LEE:5.784091234207153 sec.]
[LEEbkz:MW_Codeword_LEE:5.795820713043213 sec.]
[LEEbkz:MW_Codeword_LEE:5.562779664993286 sec.]
[LEEbkz:MW_Codeword_LEE:5.562233209609985 sec.]
[LEEbkz:MW_Codeword_LEE:5.656508922576904 sec.]
[LEEbkz:MW_Codeword_LEE:5.797235727310181 sec.]
Hamming profile after BKZ: [466, 42, 4, 4, 1, 1, 1, 1, 1, 1, 1, 1, 1, 1, 1, 1, 1, 1, 1, 1, 1, 1, 1, 1, 1, 1, 1, 1, 1, 1, 1, 1, 1, 1, 1, 1, 1, 1, 1, 1, 1, 1, 1, 1, 1, 1, 1, 1, 1, 1, 1, 1, 1, 1, 1, 1, 1, 1, 1, 1, 1, 1, 1, 1, 1, 1, 1, 1, 1, 1, 1, 1, 1, 1, 1, 1, 1, 1, 1, 1, 1, 1, 1, 1, 1, 1, 1, 1, 1, 1, 1, 1, 1, 1, 1, 1, 1, 1, 1, 1, 1, 1, 1, 1, 1, 1, 1, 1, 1, 1, 1, 1, 1, 1, 1, 1, 1, 1, 1, 1, 1, 1, 1, 1, 1, 1, 1, 1, 1, 1, 1, 1, 1, 1, 1, 1, 1, 1, 1, 1, 1, 1, 1, 1, 1, 1, 1, 1, 1, 1, 1, 1, 1, 1, 1, 1, 1, 1, 1, 1, 1, 1, 1, 1, 1, 1, 1, 1, 1, 1, 1, 1, 1, 1, 1, 1, 1, 1, 1, 1, 1, 1, 1, 1, 1, 1, 1, 1, 1, 1, 1, 1, 1, 1, 1, 1, 1, 1, 1, 1, 1, 1, 1, 1, 1, 1, 1, 1, 1, 1, 1, 1, 1, 1, 1, 1, 1, 1, 1, 1, 1, 1, 1, 1, 1, 1, 1, 1, 1, 1, 1, 1, 1, 1, 1, 1, 1, 1, 1, 1, 1, 1, 1, 1, 1, 1, 1, 1, 1, 1, 1, 1, 1, 1, 1, 1, 1, 1, 1, 1, 1, 1, 1, 1, 1, 1, 1, 1, 1, 1, 1, 1, 1, 1, 1, 1, 1, 1, 1, 1, 1, 1, 1, 1, 1, 1, 1, 1, 1, 1, 1, 1, 1, 1, 1, 1, 1, 1, 1, 1, 1, 1, 1, 1, 1, 1, 1, 1, 1, 1, 1, 1, 1, 1, 1, 1, 1, 1, 1, 1, 1, 1, 1, 1, 1, 1, 1, 1, 1, 1, 1, 1, 1, 1, 1, 1, 1, 1, 1, 1, 1, 1, 1, 1, 1, 1, 1, 1, 1, 1, 1, 1, 1, 1, 1, 1, 1, 1, 1, 1, 1, 1, 1, 1, 1, 1, 1, 1, 1, 1, 1, 1, 1, 1, 1, 1, 1, 1, 1, 1, 1, 1, 1, 1, 1, 1, 1, 1, 1, 1, 1, 1, 1, 1, 1, 1, 1, 1, 1, 1, 1, 1, 1, 1, 1, 1, 1, 1, 1, 1, 1, 1, 1, 1, 1, 1, 1, 1, 1, 1, 1, 1, 1, 1, 1, 1, 1, 1, 1, 1, 1, 1, 1, 1, 1, 1, 1, 1, 1, 1, 1, 1, 1, 1, 1, 1, 1, 1, 1, 1, 1, 1, 1, 1, 1, 1, 1, 1, 1, 1, 1, 1, 1, 1, 1, 1, 1, 1, 1, 1, 1, 1, 1, 1, 1, 1, 1, 1, 1, 1, 1, 1, 1, 1, 1, 1, 1, 1, 1, 1, 1, 1, 1, 1, 1, 1, 1, 1, 1, 1, 1, 1, 1, 1, 1, 1, 1, 1, 1, 1, 1, 1]
Lee profile after BKZ: [1194, 83, 7, 4, 1, 1, 1, 1, 1, 1, 1, 1, 1, 1, 1, 1, 1, 1, 1, 1, 1, 1, 1, 1, 1, 1, 1, 1, 1, 1, 1, 1, 1, 1, 1, 1, 1, 1, 1, 1, 1, 1, 1, 1, 1, 1, 1, 1, 1, 1, 1, 1, 1, 1, 1, 1, 1, 1, 1, 1, 1, 1, 1, 1, 1, 1, 1, 1, 1, 1, 1, 1, 1, 1, 1, 1, 1, 1, 1, 1, 1, 1, 1, 1, 1, 1, 1, 1, 1, 1, 1, 1, 1, 1, 1, 1, 1, 1, 1, 1, 1, 1, 1, 1, 1, 1, 1, 1, 1, 1, 1, 1, 1, 1, 1, 1, 1, 1, 1, 1, 1, 1, 1, 1, 1, 1, 1, 1, 1, 1, 1, 1, 1, 1, 1, 1, 1, 1, 1, 1, 1, 1, 1, 1, 1, 1, 1, 1, 1, 1, 1, 1, 1, 1, 1, 1, 1, 1, 1, 1, 1, 1, 1, 1, 1, 1, 1, 1, 1, 1, 1, 1, 1, 1, 1, 1, 1, 1, 1, 1, 1, 1, 1, 1, 1, 1, 1, 1, 1, 1, 1, 1, 1, 1, 1, 1, 1, 1, 1, 1, 1, 1, 1, 1, 1, 1, 1, 1, 1, 1, 1, 1, 1, 1, 1, 1, 1, 1, 1, 1, 1, 1, 1, 1, 1, 1, 1, 1, 1, 1, 1, 1, 1, 1, 1, 1, 1, 1, 1, 1, 1, 1, 1, 1, 1, 1, 1, 1, 1, 1, 1, 1, 1, 1, 1, 1, 1, 1, 1, 1, 1, 1, 1, 1, 1, 1, 1, 1, 1, 1, 1, 1, 1, 1, 1, 1, 1, 1, 1, 1, 1, 1, 1, 1, 1, 1, 1, 1, 1, 1, 1, 1, 1, 1, 1, 1, 1, 1, 1, 1, 1, 1, 1, 1, 1, 1, 1, 1, 1, 1, 1, 1, 1, 1, 1, 1, 1, 1, 1, 1, 1, 1, 1, 1, 1, 1, 1, 1, 1, 1, 1, 1, 1, 1, 1, 1, 1, 1, 1, 1, 1, 1, 1, 1, 1, 1, 1, 1, 1, 1, 1, 1, 1, 1, 1, 1, 1, 1, 1, 1, 1, 1, 1, 1, 1, 1, 1, 1, 1, 1, 1, 1, 1, 1, 1, 1, 1, 1, 1, 1, 1, 1, 1, 1, 1, 1, 1, 1, 1, 1, 1, 1, 1, 1, 1, 1, 1, 1, 1, 1, 1, 1, 1, 1, 1, 1, 1, 1, 1, 1, 1, 1, 1, 1, 1, 1, 1, 1, 1, 1, 1, 1, 1, 1, 1, 1, 1, 1, 1, 1, 1, 1, 1, 1, 1, 1, 1, 1, 1, 1, 1, 1, 1, 1, 1, 1, 1, 1, 1, 1, 1, 1, 1, 1, 1, 1, 1, 1, 1, 1, 1, 1, 1, 1, 1, 1, 1, 1, 1, 1, 1, 1, 1, 1, 1, 1, 1, 1, 1, 1, 1, 1, 1, 1, 1, 1, 1, 1, 1, 1, 1, 1, 1, 1, 1, 1, 1, 1, 1, 1, 1, 1, 1, 1, 1, 1, 1, 1, 1, 1, 1, 1]
466<=B_red[0].wtL<=2330
B_red[0].wtH=466, B_red[0].wtL=1194

Hamming profile: [451, 55, 9, 1, 1, 1, 1, 1, 1, 1, 1, 1, 1, 1, 1, 1, 1, 1, 1, 1, 1, 1, 1, 1, 1, 1, 1, 1, 1, 1, 1, 1, 1, 1, 1, 1, 1, 1, 1, 1, 1, 1, 1, 1, 1, 1, 1, 1, 1, 1, 1, 1, 1, 1, 1, 1, 1, 1, 1, 1, 1, 1, 1, 1, 1, 1, 1, 1, 1, 1, 1, 1, 1, 1, 1, 1, 1, 1, 1, 1, 1, 1, 1, 1, 1, 1, 1, 1, 1, 1, 1, 1, 1, 1, 1, 1, 1, 1, 1, 1, 1, 1, 1, 1, 1, 1, 1, 1, 1, 1, 1, 1, 1, 1, 1, 1, 1, 1, 1, 1, 1, 1, 1, 1, 1, 1, 1, 1, 1, 1, 1, 1, 1, 1, 1, 1, 1, 1, 1, 1, 1, 1, 1, 1, 1, 1, 1, 1, 1, 1, 1, 1, 1, 1, 1, 1, 1, 1, 1, 1, 1, 1, 1, 1, 1, 1, 1, 1, 1, 1, 1, 1, 1, 1, 1, 1, 1, 1, 1, 1, 1, 1, 1, 1, 1, 1, 1, 1, 1, 1, 1, 1, 1, 1, 1, 1, 1, 1, 1, 1, 1, 1, 1, 1, 1, 1, 1, 1, 1, 1, 1, 1, 1, 1, 1, 1, 1, 1, 1, 1, 1, 1, 1, 1, 1, 1, 1, 1, 1, 1, 1, 1, 1, 1, 1, 1, 1, 1, 1, 1, 1, 1, 1, 1, 1, 1, 1, 1, 1, 1, 1, 1, 1, 1, 1, 1, 1, 1, 1, 1, 1, 1, 1, 1, 1, 1, 1, 1, 1, 1, 1, 1, 1, 1, 1, 1, 1, 1, 1, 1, 1, 1, 1, 1, 1, 1, 1, 1, 1, 1, 1, 1, 1, 1, 1, 1, 1, 1, 1, 1, 1, 1, 1, 1, 1, 1, 1, 1, 1, 1, 1, 1, 1, 1, 1, 1, 1, 1, 1, 1, 1, 1, 1, 1, 1, 1, 1, 1, 1, 1, 1, 1, 1, 1, 1, 1, 1, 1, 1, 1, 1, 1, 1, 1, 1, 1, 1, 1, 1, 1, 1, 1, 1, 1, 1, 1, 1, 1, 1, 1, 1, 1, 1, 1, 1, 1, 1, 1, 1, 1, 1, 1, 1, 1, 1, 1, 1, 1, 1, 1, 1, 1, 1, 1, 1, 1, 1, 1, 1, 1, 1, 1, 1, 1, 1, 1, 1, 1, 1, 1, 1, 1, 1, 1, 1, 1, 1, 1, 1, 1, 1, 1, 1, 1, 1, 1, 1, 1, 1, 1, 1, 1, 1, 1, 1, 1, 1, 1, 1, 1, 1, 1, 1, 1, 1, 1, 1, 1, 1, 1, 1, 1, 1, 1, 1, 1, 1, 1, 1, 1, 1, 1, 1, 1, 1, 1, 1, 1, 1, 1, 1, 1, 1, 1, 1, 1, 1, 1, 1, 1, 1, 1, 1, 1, 1, 1, 1, 1, 1, 1, 1, 1, 1, 1, 1, 1, 1, 1, 1, 1, 1, 1, 1, 1, 1, 1, 1, 1, 1, 1, 1, 1, 1, 1, 1, 1, 1, 1, 1, 1, 1, 1]
Lee profile: [1359, 159, 27, 1, 1, 1, 1, 1, 1, 1, 1, 1, 1, 1, 1, 1, 1, 1, 1, 1, 1, 1, 1, 1, 1, 1, 1, 1, 1, 1, 1, 1, 1, 1, 1, 1, 1, 1, 1, 1, 1, 1, 1, 1, 1, 1, 1, 1, 1, 1, 1, 1, 1, 1, 1, 1, 1, 1, 1, 1, 1, 1, 1, 1, 1, 1, 1, 1, 1, 1, 1, 1, 1, 1, 1, 1, 1, 1, 1, 1, 1, 1, 1, 1, 1, 1, 1, 1, 1, 1, 1, 1, 1, 1, 1, 1, 1, 1, 1, 1, 1, 1, 1, 1, 1, 1, 1, 1, 1, 1, 1, 1, 1, 1, 1, 1, 1, 1, 1, 1, 1, 1, 1, 1, 1, 1, 1, 1, 1, 1, 1, 1, 1, 1, 1, 1, 1, 1, 1, 1, 1, 1, 1, 1, 1, 1, 1, 1, 1, 1, 1, 1, 1, 1, 1, 1, 1, 1, 1, 1, 1, 1, 1, 1, 1, 1, 1, 1, 1, 1, 1, 1, 1, 1, 1, 1, 1, 1, 1, 1, 1, 1, 1, 1, 1, 1, 1, 1, 1, 1, 1, 1, 1, 1, 1, 1, 1, 1, 1, 1, 1, 1, 1, 1, 1, 1, 1, 1, 1, 1, 1, 1, 1, 1, 1, 1, 1, 1, 1, 1, 1, 1, 1, 1, 1, 1, 1, 1, 1, 1, 1, 1, 1, 1, 1, 1, 1, 1, 1, 1, 1, 1, 1, 1, 1, 1, 1, 1, 1, 1, 1, 1, 1, 1, 1, 1, 1, 1, 1, 1, 1, 1, 1, 1, 1, 1, 1, 1, 1, 1, 1, 1, 1, 1, 1, 1, 1, 1, 1, 1, 1, 1, 1, 1, 1, 1, 1, 1, 1, 1, 1, 1, 1, 1, 1, 1, 1, 1, 1, 1, 1, 1, 1, 1, 1, 1, 1, 1, 1, 1, 1, 1, 1, 1, 1, 1, 1, 1, 1, 1, 1, 1, 1, 1, 1, 1, 1, 1, 1, 1, 1, 1, 1, 1, 1, 1, 1, 1, 1, 1, 1, 1, 1, 1, 1, 1, 1, 1, 1, 1, 1, 1, 1, 1, 1, 1, 1, 1, 1, 1, 1, 1, 1, 1, 1, 1, 1, 1, 1, 1, 1, 1, 1, 1, 1, 1, 1, 1, 1, 1, 1, 1, 1, 1, 1, 1, 1, 1, 1, 1, 1, 1, 1, 1, 1, 1, 1, 1, 1, 1, 1, 1, 1, 1, 1, 1, 1, 1, 1, 1, 1, 1, 1, 1, 1, 1, 1, 1, 1, 1, 1, 1, 1, 1, 1, 1, 1, 1, 1, 1, 1, 1, 1, 1, 1, 1, 1, 1, 1, 1, 1, 1, 1, 1, 1, 1, 1, 1, 1, 1, 1, 1, 1, 1, 1, 1, 1, 1, 1, 1, 1, 1, 1, 1, 1, 1, 1, 1, 1, 1, 1, 1, 1, 1, 1, 1, 1, 1, 1, 1, 1, 1, 1, 1, 1, 1, 1, 1, 1, 1, 1, 1, 1, 1, 1, 1, 1, 1, 1, 1, 1, 1, 1, 1, 1, 1, 1, 1, 1, 1, 1, 1]
451<=B[0].wtL<=2255
B[0].wtH=451, B[0].wtL=1359

--- LeeBKZ with beta=8, bkz with minimum_lee_wt_codeword (may be non-primitive) ---
[LEEbkz:MW_Codeword_LEE:13.111803531646729 sec.]
[LEEbkz:MW_Codeword_LEE:6.197120428085327 sec.]
[LEEbkz:MW_Codeword_LEE:13.11726188659668 sec.]
[LEEbkz:MW_Codeword_LEE:6.203729629516602 sec.]
[LEEbkz:MW_Codeword_LEE:5.561419248580933 sec.]
[LEEbkz:MW_Codeword_LEE:13.040227174758911 sec.]
[LEEbkz:MW_Codeword_LEE:6.28613543510437 sec.]
[LEEbkz:MW_Codeword_LEE:5.5643885135650635 sec.]
[LEEbkz:MW_Codeword_LEE:5.561966419219971 sec.]
[LEEbkz:MW_Codeword_LEE:13.085551738739014 sec.]
[LEEbkz:MW_Codeword_LEE:6.203593015670776 sec.]
[LEEbkz:MW_Codeword_LEE:5.563713312149048 sec.]
[LEEbkz:MW_Codeword_LEE:5.7993786334991455 sec.]
[LEEbkz:MW_Codeword_LEE:5.795444011688232 sec.]
[LEEbkz:MW_Codeword_LEE:13.048111915588379 sec.]
[LEEbkz:MW_Codeword_LEE:6.193581819534302 sec.]
[LEEbkz:MW_Codeword_LEE:6.017369747161865 sec.]
[LEEbkz:MW_Codeword_LEE:5.565807342529297 sec.]
[LEEbkz:MW_Codeword_LEE:5.557715892791748 sec.]
[LEEbkz:MW_Codeword_LEE:13.044604301452637 sec.]
[LEEbkz:MW_Codeword_LEE:6.200684309005737 sec.]
[LEEbkz:MW_Codeword_LEE:5.560629367828369 sec.]
[LEEbkz:MW_Codeword_LEE:5.912081480026245 sec.]
[LEEbkz:MW_Codeword_LEE:5.560491323471069 sec.]
[LEEbkz:MW_Codeword_LEE:13.080814123153687 sec.]
[LEEbkz:MW_Codeword_LEE:6.20104193687439 sec.]
[LEEbkz:MW_Codeword_LEE:5.560359954833984 sec.]
[LEEbkz:MW_Codeword_LEE:5.561077833175659 sec.]
[LEEbkz:MW_Codeword_LEE:5.560131549835205 sec.]
[LEEbkz:MW_Codeword_LEE:13.043063640594482 sec.]
[LEEbkz:MW_Codeword_LEE:6.200214147567749 sec.]
[LEEbkz:MW_Codeword_LEE:5.560163497924805 sec.]
[LEEbkz:MW_Codeword_LEE:5.79223108291626 sec.]
Hamming profile after BKZ: [449, 55, 9, 3, 1, 1, 1, 1, 1, 1, 1, 1, 1, 1, 1, 1, 1, 1, 1, 1, 1, 1, 1, 1, 1, 1, 1, 1, 1, 1, 1, 1, 1, 1, 1, 1, 1, 1, 1, 1, 1, 1, 1, 1, 1, 1, 1, 1, 1, 1, 1, 1, 1, 1, 1, 1, 1, 1, 1, 1, 1, 1, 1, 1, 1, 1, 1, 1, 1, 1, 1, 1, 1, 1, 1, 1, 1, 1, 1, 1, 1, 1, 1, 1, 1, 1, 1, 1, 1, 1, 1, 1, 1, 1, 1, 1, 1, 1, 1, 1, 1, 1, 1, 1, 1, 1, 1, 1, 1, 1, 1, 1, 1, 1, 1, 1, 1, 1, 1, 1, 1, 1, 1, 1, 1, 1, 1, 1, 1, 1, 1, 1, 1, 1, 1, 1, 1, 1, 1, 1, 1, 1, 1, 1, 1, 1, 1, 1, 1, 1, 1, 1, 1, 1, 1, 1, 1, 1, 1, 1, 1, 1, 1, 1, 1, 1, 1, 1, 1, 1, 1, 1, 1, 1, 1, 1, 1, 1, 1, 1, 1, 1, 1, 1, 1, 1, 1, 1, 1, 1, 1, 1, 1, 1, 1, 1, 1, 1, 1, 1, 1, 1, 1, 1, 1, 1, 1, 1, 1, 1, 1, 1, 1, 1, 1, 1, 1, 1, 1, 1, 1, 1, 1, 1, 1, 1, 1, 1, 1, 1, 1, 1, 1, 1, 1, 1, 1, 1, 1, 1, 1, 1, 1, 1, 1, 1, 1, 1, 1, 1, 1, 1, 1, 1, 1, 1, 1, 1, 1, 1, 1, 1, 1, 1, 1, 1, 1, 1, 1, 1, 1, 1, 1, 1, 1, 1, 1, 1, 1, 1, 1, 1, 1, 1, 1, 1, 1, 1, 1, 1, 1, 1, 1, 1, 1, 1, 1, 1, 1, 1, 1, 1, 1, 1, 1, 1, 1, 1, 1, 1, 1, 1, 1, 1, 1, 1, 1, 1, 1, 1, 1, 1, 1, 1, 1, 1, 1, 1, 1, 1, 1, 1, 1, 1, 1, 1, 1, 1, 1, 1, 1, 1, 1, 1, 1, 1, 1, 1, 1, 1, 1, 1, 1, 1, 1, 1, 1, 1, 1, 1, 1, 1, 1, 1, 1, 1, 1, 1, 1, 1, 1, 1, 1, 1, 1, 1, 1, 1, 1, 1, 1, 1, 1, 1, 1, 1, 1, 1, 1, 1, 1, 1, 1, 1, 1, 1, 1, 1, 1, 1, 1, 1, 1, 1, 1, 1, 1, 1, 1, 1, 1, 1, 1, 1, 1, 1, 1, 1, 1, 1, 1, 1, 1, 1, 1, 1, 1, 1, 1, 1, 1, 1, 1, 1, 1, 1, 1, 1, 1, 1, 1, 1, 1, 1, 1, 1, 1, 1, 1, 1, 1, 1, 1, 1, 1, 1, 1, 1, 1, 1, 1, 1, 1, 1, 1, 1, 1, 1, 1, 1, 1, 1, 1, 1, 1, 1, 1, 1, 1, 1, 1, 1, 1, 1, 1, 1, 1, 1, 1, 1, 1, 1, 1, 1, 1, 1, 1, 1, 1, 1, 1, 1, 1, 1, 1, 1, 1, 1, 1, 1, 1, 1]
Lee profile after BKZ: [1203, 123, 13, 3, 1, 1, 1, 1, 1, 1, 1, 1, 1, 1, 1, 1, 1, 1, 1, 1, 1, 1, 1, 1, 1, 1, 1, 1, 1, 1, 1, 1, 1, 1, 1, 1, 1, 1, 1, 1, 1, 1, 1, 1, 1, 1, 1, 1, 1, 1, 1, 1, 1, 1, 1, 1, 1, 1, 1, 1, 1, 1, 1, 1, 1, 1, 1, 1, 1, 1, 1, 1, 1, 1, 1, 1, 1, 1, 1, 1, 1, 1, 1, 1, 1, 1, 1, 1, 1, 1, 1, 1, 1, 1, 1, 1, 1, 1, 1, 1, 1, 1, 1, 1, 1, 1, 1, 1, 1, 1, 1, 1, 1, 1, 1, 1, 1, 1, 1, 1, 1, 1, 1, 1, 1, 1, 1, 1, 1, 1, 1, 1, 1, 1, 1, 1, 1, 1, 1, 1, 1, 1, 1, 1, 1, 1, 1, 1, 1, 1, 1, 1, 1, 1, 1, 1, 1, 1, 1, 1, 1, 1, 1, 1, 1, 1, 1, 1, 1, 1, 1, 1, 1, 1, 1, 1, 1, 1, 1, 1, 1, 1, 1, 1, 1, 1, 1, 1, 1, 1, 1, 1, 1, 1, 1, 1, 1, 1, 1, 1, 1, 1, 1, 1, 1, 1, 1, 1, 1, 1, 1, 1, 1, 1, 1, 1, 1, 1, 1, 1, 1, 1, 1, 1, 1, 1, 1, 1, 1, 1, 1, 1, 1, 1, 1, 1, 1, 1, 1, 1, 1, 1, 1, 1, 1, 1, 1, 1, 1, 1, 1, 1, 1, 1, 1, 1, 1, 1, 1, 1, 1, 1, 1, 1, 1, 1, 1, 1, 1, 1, 1, 1, 1, 1, 1, 1, 1, 1, 1, 1, 1, 1, 1, 1, 1, 1, 1, 1, 1, 1, 1, 1, 1, 1, 1, 1, 1, 1, 1, 1, 1, 1, 1, 1, 1, 1, 1, 1, 1, 1, 1, 1, 1, 1, 1, 1, 1, 1, 1, 1, 1, 1, 1, 1, 1, 1, 1, 1, 1, 1, 1, 1, 1, 1, 1, 1, 1, 1, 1, 1, 1, 1, 1, 1, 1, 1, 1, 1, 1, 1, 1, 1, 1, 1, 1, 1, 1, 1, 1, 1, 1, 1, 1, 1, 1, 1, 1, 1, 1, 1, 1, 1, 1, 1, 1, 1, 1, 1, 1, 1, 1, 1, 1, 1, 1, 1, 1, 1, 1, 1, 1, 1, 1, 1, 1, 1, 1, 1, 1, 1, 1, 1, 1, 1, 1, 1, 1, 1, 1, 1, 1, 1, 1, 1, 1, 1, 1, 1, 1, 1, 1, 1, 1, 1, 1, 1, 1, 1, 1, 1, 1, 1, 1, 1, 1, 1, 1, 1, 1, 1, 1, 1, 1, 1, 1, 1, 1, 1, 1, 1, 1, 1, 1, 1, 1, 1, 1, 1, 1, 1, 1, 1, 1, 1, 1, 1, 1, 1, 1, 1, 1, 1, 1, 1, 1, 1, 1, 1, 1, 1, 1, 1, 1, 1, 1, 1, 1, 1, 1, 1, 1, 1, 1, 1, 1, 1, 1, 1, 1, 1, 1, 1, 1, 1, 1, 1, 1, 1, 1, 1, 1, 1]
449<=B_red[0].wtL<=2245
B_red[0].wtH=449, B_red[0].wtL=1203

Hamming profile: [476, 32, 7, 1, 1, 1, 1, 1, 1, 1, 1, 1, 1, 1, 1, 1, 1, 1, 1, 1, 1, 1, 1, 1, 1, 1, 1, 1, 1, 1, 1, 1, 1, 1, 1, 1, 1, 1, 1, 1, 1, 1, 1, 1, 1, 1, 1, 1, 1, 1, 1, 1, 1, 1, 1, 1, 1, 1, 1, 1, 1, 1, 1, 1, 1, 1, 1, 1, 1, 1, 1, 1, 1, 1, 1, 1, 1, 1, 1, 1, 1, 1, 1, 1, 1, 1, 1, 1, 1, 1, 1, 1, 1, 1, 1, 1, 1, 1, 1, 1, 1, 1, 1, 1, 1, 1, 1, 1, 1, 1, 1, 1, 1, 1, 1, 1, 1, 1, 1, 1, 1, 1, 1, 1, 1, 1, 1, 1, 1, 1, 1, 1, 1, 1, 1, 1, 1, 1, 1, 1, 1, 1, 1, 1, 1, 1, 1, 1, 1, 1, 1, 1, 1, 1, 1, 1, 1, 1, 1, 1, 1, 1, 1, 1, 1, 1, 1, 1, 1, 1, 1, 1, 1, 1, 1, 1, 1, 1, 1, 1, 1, 1, 1, 1, 1, 1, 1, 1, 1, 1, 1, 1, 1, 1, 1, 1, 1, 1, 1, 1, 1, 1, 1, 1, 1, 1, 1, 1, 1, 1, 1, 1, 1, 1, 1, 1, 1, 1, 1, 1, 1, 1, 1, 1, 1, 1, 1, 1, 1, 1, 1, 1, 1, 1, 1, 1, 1, 1, 1, 1, 1, 1, 1, 1, 1, 1, 1, 1, 1, 1, 1, 1, 1, 1, 1, 1, 1, 1, 1, 1, 1, 1, 1, 1, 1, 1, 1, 1, 1, 1, 1, 1, 1, 1, 1, 1, 1, 1, 1, 1, 1, 1, 1, 1, 1, 1, 1, 1, 1, 1, 1, 1, 1, 1, 1, 1, 1, 1, 1, 1, 1, 1, 1, 1, 1, 1, 1, 1, 1, 1, 1, 1, 1, 1, 1, 1, 1, 1, 1, 1, 1, 1, 1, 1, 1, 1, 1, 1, 1, 1, 1, 1, 1, 1, 1, 1, 1, 1, 1, 1, 1, 1, 1, 1, 1, 1, 1, 1, 1, 1, 1, 1, 1, 1, 1, 1, 1, 1, 1, 1, 1, 1, 1, 1, 1, 1, 1, 1, 1, 1, 1, 1, 1, 1, 1, 1, 1, 1, 1, 1, 1, 1, 1, 1, 1, 1, 1, 1, 1, 1, 1, 1, 1, 1, 1, 1, 1, 1, 1, 1, 1, 1, 1, 1, 1, 1, 1, 1, 1, 1, 1, 1, 1, 1, 1, 1, 1, 1, 1, 1, 1, 1, 1, 1, 1, 1, 1, 1, 1, 1, 1, 1, 1, 1, 1, 1, 1, 1, 1, 1, 1, 1, 1, 1, 1, 1, 1, 1, 1, 1, 1, 1, 1, 1, 1, 1, 1, 1, 1, 1, 1, 1, 1, 1, 1, 1, 1, 1, 1, 1, 1, 1, 1, 1, 1, 1, 1, 1, 1, 1, 1, 1, 1, 1, 1, 1, 1, 1, 1, 1, 1, 1, 1, 1, 1, 1, 1, 1, 1, 1, 1, 1, 1, 1, 1, 1, 1, 1, 1, 1, 1, 1]
Lee profile: [1356, 88, 19, 1, 1, 1, 1, 1, 1, 1, 1, 1, 1, 1, 1, 1, 1, 1, 1, 1, 1, 1, 1, 1, 1, 1, 1, 1, 1, 1, 1, 1, 1, 1, 1, 1, 1, 1, 1, 1, 1, 1, 1, 1, 1, 1, 1, 1, 1, 1, 1, 1, 1, 1, 1, 1, 1, 1, 1, 1, 1, 1, 1, 1, 1, 1, 1, 1, 1, 1, 1, 1, 1, 1, 1, 1, 1, 1, 1, 1, 1, 1, 1, 1, 1, 1, 1, 1, 1, 1, 1, 1, 1, 1, 1, 1, 1, 1, 1, 1, 1, 1, 1, 1, 1, 1, 1, 1, 1, 1, 1, 1, 1, 1, 1, 1, 1, 1, 1, 1, 1, 1, 1, 1, 1, 1, 1, 1, 1, 1, 1, 1, 1, 1, 1, 1, 1, 1, 1, 1, 1, 1, 1, 1, 1, 1, 1, 1, 1, 1, 1, 1, 1, 1, 1, 1, 1, 1, 1, 1, 1, 1, 1, 1, 1, 1, 1, 1, 1, 1, 1, 1, 1, 1, 1, 1, 1, 1, 1, 1, 1, 1, 1, 1, 1, 1, 1, 1, 1, 1, 1, 1, 1, 1, 1, 1, 1, 1, 1, 1, 1, 1, 1, 1, 1, 1, 1, 1, 1, 1, 1, 1, 1, 1, 1, 1, 1, 1, 1, 1, 1, 1, 1, 1, 1, 1, 1, 1, 1, 1, 1, 1, 1, 1, 1, 1, 1, 1, 1, 1, 1, 1, 1, 1, 1, 1, 1, 1, 1, 1, 1, 1, 1, 1, 1, 1, 1, 1, 1, 1, 1, 1, 1, 1, 1, 1, 1, 1, 1, 1, 1, 1, 1, 1, 1, 1, 1, 1, 1, 1, 1, 1, 1, 1, 1, 1, 1, 1, 1, 1, 1, 1, 1, 1, 1, 1, 1, 1, 1, 1, 1, 1, 1, 1, 1, 1, 1, 1, 1, 1, 1, 1, 1, 1, 1, 1, 1, 1, 1, 1, 1, 1, 1, 1, 1, 1, 1, 1, 1, 1, 1, 1, 1, 1, 1, 1, 1, 1, 1, 1, 1, 1, 1, 1, 1, 1, 1, 1, 1, 1, 1, 1, 1, 1, 1, 1, 1, 1, 1, 1, 1, 1, 1, 1, 1, 1, 1, 1, 1, 1, 1, 1, 1, 1, 1, 1, 1, 1, 1, 1, 1, 1, 1, 1, 1, 1, 1, 1, 1, 1, 1, 1, 1, 1, 1, 1, 1, 1, 1, 1, 1, 1, 1, 1, 1, 1, 1, 1, 1, 1, 1, 1, 1, 1, 1, 1, 1, 1, 1, 1, 1, 1, 1, 1, 1, 1, 1, 1, 1, 1, 1, 1, 1, 1, 1, 1, 1, 1, 1, 1, 1, 1, 1, 1, 1, 1, 1, 1, 1, 1, 1, 1, 1, 1, 1, 1, 1, 1, 1, 1, 1, 1, 1, 1, 1, 1, 1, 1, 1, 1, 1, 1, 1, 1, 1, 1, 1, 1, 1, 1, 1, 1, 1, 1, 1, 1, 1, 1, 1, 1, 1, 1, 1, 1, 1, 1, 1, 1, 1, 1, 1, 1, 1, 1, 1, 1, 1, 1, 1, 1, 1, 1]
476<=B[0].wtL<=2380
B[0].wtH=476, B[0].wtL=1356

--- LeeBKZ with beta=8, bkz with minimum_lee_wt_codeword (may be non-primitive) ---
[LEEbkz:MW_Codeword_LEE:13.601057291030884 sec.]
[LEEbkz:MW_Codeword_LEE:6.192346811294556 sec.]
[LEEbkz:MW_Codeword_LEE:13.124743938446045 sec.]
[LEEbkz:MW_Codeword_LEE:6.258672714233398 sec.]
[LEEbkz:MW_Codeword_LEE:5.803672552108765 sec.]
[LEEbkz:MW_Codeword_LEE:13.611702919006348 sec.]
[LEEbkz:MW_Codeword_LEE:6.6726555824279785 sec.]
[LEEbkz:MW_Codeword_LEE:5.796069622039795 sec.]
[LEEbkz:MW_Codeword_LEE:5.794330596923828 sec.]
[LEEbkz:MW_Codeword_LEE:13.060681104660034 sec.]
[LEEbkz:MW_Codeword_LEE:6.196670055389404 sec.]
[LEEbkz:MW_Codeword_LEE:5.564636707305908 sec.]
[LEEbkz:MW_Codeword_LEE:5.5654542446136475 sec.]
[LEEbkz:MW_Codeword_LEE:5.673491954803467 sec.]
[LEEbkz:MW_Codeword_LEE:13.071114301681519 sec.]
[LEEbkz:MW_Codeword_LEE:6.195098161697388 sec.]
[LEEbkz:MW_Codeword_LEE:13.057749032974243 sec.]
[LEEbkz:MW_Codeword_LEE:6.1921281814575195 sec.]
[LEEbkz:MW_Codeword_LEE:5.794600486755371 sec.]
[LEEbkz:MW_Codeword_LEE:13.091350317001343 sec.]
[LEEbkz:MW_Codeword_LEE:6.194849967956543 sec.]
[LEEbkz:MW_Codeword_LEE:5.7942962646484375 sec.]
[LEEbkz:MW_Codeword_LEE:5.559309244155884 sec.]
[LEEbkz:MW_Codeword_LEE:13.093300342559814 sec.]
[LEEbkz:MW_Codeword_LEE:6.191572427749634 sec.]
[LEEbkz:MW_Codeword_LEE:5.792696475982666 sec.]
[LEEbkz:MW_Codeword_LEE:5.563202381134033 sec.]
[LEEbkz:MW_Codeword_LEE:13.063764333724976 sec.]
[LEEbkz:MW_Codeword_LEE:6.1950061321258545 sec.]
[LEEbkz:MW_Codeword_LEE:5.560726165771484 sec.]
[LEEbkz:MW_Codeword_LEE:5.561793565750122 sec.]
[LEEbkz:MW_Codeword_LEE:5.560690879821777 sec.]
[LEEbkz:MW_Codeword_LEE:13.058534383773804 sec.]
[LEEbkz:MW_Codeword_LEE:6.249361991882324 sec.]
[LEEbkz:MW_Codeword_LEE:5.558900594711304 sec.]
[LEEbkz:MW_Codeword_LEE:5.671901702880859 sec.]
[LEEbkz:MW_Codeword_LEE:5.561711549758911 sec.]
[LEEbkz:MW_Codeword_LEE:13.043134450912476 sec.]
[LEEbkz:MW_Codeword_LEE:6.19391393661499 sec.]
[LEEbkz:MW_Codeword_LEE:5.56072473526001 sec.]
[LEEbkz:MW_Codeword_LEE:5.561739206314087 sec.]
[LEEbkz:MW_Codeword_LEE:5.56050181388855 sec.]
[LEEbkz:MW_Codeword_LEE:13.043688535690308 sec.]
[LEEbkz:MW_Codeword_LEE:6.1977574825286865 sec.]
[LEEbkz:MW_Codeword_LEE:5.560906887054443 sec.]
[LEEbkz:MW_Codeword_LEE:5.792956113815308 sec.]
[LEEbkz:MW_Codeword_LEE:5.560318231582642 sec.]
[LEEbkz:MW_Codeword_LEE:6.193142890930176 sec.]
[LEEbkz:MW_Codeword_LEE:6.019787311553955 sec.]
[LEEbkz:MW_Codeword_LEE:5.5616233348846436 sec.]
[LEEbkz:MW_Codeword_LEE:5.5622546672821045 sec.]
[LEEbkz:MW_Codeword_LEE:5.561882495880127 sec.]
[LEEbkz:MW_Codeword_LEE:5.561626672744751 sec.]
Hamming profile after BKZ: [447, 56, 11, 1, 2, 1, 1, 1, 1, 1, 1, 1, 1, 1, 1, 1, 1, 1, 1, 1, 1, 1, 1, 1, 1, 1, 1, 1, 1, 1, 1, 1, 1, 1, 1, 1, 1, 1, 1, 1, 1, 1, 1, 1, 1, 1, 1, 1, 1, 1, 1, 1, 1, 1, 1, 1, 1, 1, 1, 1, 1, 1, 1, 1, 1, 1, 1, 1, 1, 1, 1, 1, 1, 1, 1, 1, 1, 1, 1, 1, 1, 1, 1, 1, 1, 1, 1, 1, 1, 1, 1, 1, 1, 1, 1, 1, 1, 1, 1, 1, 1, 1, 1, 1, 1, 1, 1, 1, 1, 1, 1, 1, 1, 1, 1, 1, 1, 1, 1, 1, 1, 1, 1, 1, 1, 1, 1, 1, 1, 1, 1, 1, 1, 1, 1, 1, 1, 1, 1, 1, 1, 1, 1, 1, 1, 1, 1, 1, 1, 1, 1, 1, 1, 1, 1, 1, 1, 1, 1, 1, 1, 1, 1, 1, 1, 1, 1, 1, 1, 1, 1, 1, 1, 1, 1, 1, 1, 1, 1, 1, 1, 1, 1, 1, 1, 1, 1, 1, 1, 1, 1, 1, 1, 1, 1, 1, 1, 1, 1, 1, 1, 1, 1, 1, 1, 1, 1, 1, 1, 1, 1, 1, 1, 1, 1, 1, 1, 1, 1, 1, 1, 1, 1, 1, 1, 1, 1, 1, 1, 1, 1, 1, 1, 1, 1, 1, 1, 1, 1, 1, 1, 1, 1, 1, 1, 1, 1, 1, 1, 1, 1, 1, 1, 1, 1, 1, 1, 1, 1, 1, 1, 1, 1, 1, 1, 1, 1, 1, 1, 1, 1, 1, 1, 1, 1, 1, 1, 1, 1, 1, 1, 1, 1, 1, 1, 1, 1, 1, 1, 1, 1, 1, 1, 1, 1, 1, 1, 1, 1, 1, 1, 1, 1, 1, 1, 1, 1, 1, 1, 1, 1, 1, 1, 1, 1, 1, 1, 1, 1, 1, 1, 1, 1, 1, 1, 1, 1, 1, 1, 1, 1, 1, 1, 1, 1, 1, 1, 1, 1, 1, 1, 1, 1, 1, 1, 1, 1, 1, 1, 1, 1, 1, 1, 1, 1, 1, 1, 1, 1, 1, 1, 1, 1, 1, 1, 1, 1, 1, 1, 1, 1, 1, 1, 1, 1, 1, 1, 1, 1, 1, 1, 1, 1, 1, 1, 1, 1, 1, 1, 1, 1, 1, 1, 1, 1, 1, 1, 1, 1, 1, 1, 1, 1, 1, 1, 1, 1, 1, 1, 1, 1, 1, 1, 1, 1, 1, 1, 1, 1, 1, 1, 1, 1, 1, 1, 1, 1, 1, 1, 1, 1, 1, 1, 1, 1, 1, 1, 1, 1, 1, 1, 1, 1, 1, 1, 1, 1, 1, 1, 1, 1, 1, 1, 1, 1, 1, 1, 1, 1, 1, 1, 1, 1, 1, 1, 1, 1, 1, 1, 1, 1, 1, 1, 1, 1, 1, 1, 1, 1, 1, 1, 1, 1, 1, 1, 1, 1, 1, 1, 1, 1, 1, 1, 1, 1, 1, 1, 1, 1, 1, 1, 1, 1, 1, 1, 1, 1, 1, 1, 1, 1, 1]
Lee profile after BKZ: [1206, 118, 16, 1, 2, 1, 1, 1, 1, 1, 1, 1, 1, 1, 1, 1, 1, 1, 1, 1, 1, 1, 1, 1, 1, 1, 1, 1, 1, 1, 1, 1, 1, 1, 1, 1, 1, 1, 1, 1, 1, 1, 1, 1, 1, 1, 1, 1, 1, 1, 1, 1, 1, 1, 1, 1, 1, 1, 1, 1, 1, 1, 1, 1, 1, 1, 1, 1, 1, 1, 1, 1, 1, 1, 1, 1, 1, 1, 1, 1, 1, 1, 1, 1, 1, 1, 1, 1, 1, 1, 1, 1, 1, 1, 1, 1, 1, 1, 1, 1, 1, 1, 1, 1, 1, 1, 1, 1, 1, 1, 1, 1, 1, 1, 1, 1, 1, 1, 1, 1, 1, 1, 1, 1, 1, 1, 1, 1, 1, 1, 1, 1, 1, 1, 1, 1, 1, 1, 1, 1, 1, 1, 1, 1, 1, 1, 1, 1, 1, 1, 1, 1, 1, 1, 1, 1, 1, 1, 1, 1, 1, 1, 1, 1, 1, 1, 1, 1, 1, 1, 1, 1, 1, 1, 1, 1, 1, 1, 1, 1, 1, 1, 1, 1, 1, 1, 1, 1, 1, 1, 1, 1, 1, 1, 1, 1, 1, 1, 1, 1, 1, 1, 1, 1, 1, 1, 1, 1, 1, 1, 1, 1, 1, 1, 1, 1, 1, 1, 1, 1, 1, 1, 1, 1, 1, 1, 1, 1, 1, 1, 1, 1, 1, 1, 1, 1, 1, 1, 1, 1, 1, 1, 1, 1, 1, 1, 1, 1, 1, 1, 1, 1, 1, 1, 1, 1, 1, 1, 1, 1, 1, 1, 1, 1, 1, 1, 1, 1, 1, 1, 1, 1, 1, 1, 1, 1, 1, 1, 1, 1, 1, 1, 1, 1, 1, 1, 1, 1, 1, 1, 1, 1, 1, 1, 1, 1, 1, 1, 1, 1, 1, 1, 1, 1, 1, 1, 1, 1, 1, 1, 1, 1, 1, 1, 1, 1, 1, 1, 1, 1, 1, 1, 1, 1, 1, 1, 1, 1, 1, 1, 1, 1, 1, 1, 1, 1, 1, 1, 1, 1, 1, 1, 1, 1, 1, 1, 1, 1, 1, 1, 1, 1, 1, 1, 1, 1, 1, 1, 1, 1, 1, 1, 1, 1, 1, 1, 1, 1, 1, 1, 1, 1, 1, 1, 1, 1, 1, 1, 1, 1, 1, 1, 1, 1, 1, 1, 1, 1, 1, 1, 1, 1, 1, 1, 1, 1, 1, 1, 1, 1, 1, 1, 1, 1, 1, 1, 1, 1, 1, 1, 1, 1, 1, 1, 1, 1, 1, 1, 1, 1, 1, 1, 1, 1, 1, 1, 1, 1, 1, 1, 1, 1, 1, 1, 1, 1, 1, 1, 1, 1, 1, 1, 1, 1, 1, 1, 1, 1, 1, 1, 1, 1, 1, 1, 1, 1, 1, 1, 1, 1, 1, 1, 1, 1, 1, 1, 1, 1, 1, 1, 1, 1, 1, 1, 1, 1, 1, 1, 1, 1, 1, 1, 1, 1, 1, 1, 1, 1, 1, 1, 1, 1, 1, 1, 1, 1, 1, 1, 1, 1, 1, 1, 1, 1, 1, 1, 1, 1, 1, 1, 1, 1]
447<=B_red[0].wtL<=2235
B_red[0].wtH=447, B_red[0].wtL=1206

Hamming profile: [475, 36, 4, 1, 1, 1, 1, 1, 1, 1, 1, 1, 1, 1, 1, 1, 1, 1, 1, 1, 1, 1, 1, 1, 1, 1, 1, 1, 1, 1, 1, 1, 1, 1, 1, 1, 1, 1, 1, 1, 1, 1, 1, 1, 1, 1, 1, 1, 1, 1, 1, 1, 1, 1, 1, 1, 1, 1, 1, 1, 1, 1, 1, 1, 1, 1, 1, 1, 1, 1, 1, 1, 1, 1, 1, 1, 1, 1, 1, 1, 1, 1, 1, 1, 1, 1, 1, 1, 1, 1, 1, 1, 1, 1, 1, 1, 1, 1, 1, 1, 1, 1, 1, 1, 1, 1, 1, 1, 1, 1, 1, 1, 1, 1, 1, 1, 1, 1, 1, 1, 1, 1, 1, 1, 1, 1, 1, 1, 1, 1, 1, 1, 1, 1, 1, 1, 1, 1, 1, 1, 1, 1, 1, 1, 1, 1, 1, 1, 1, 1, 1, 1, 1, 1, 1, 1, 1, 1, 1, 1, 1, 1, 1, 1, 1, 1, 1, 1, 1, 1, 1, 1, 1, 1, 1, 1, 1, 1, 1, 1, 1, 1, 1, 1, 1, 1, 1, 1, 1, 1, 1, 1, 1, 1, 1, 1, 1, 1, 1, 1, 1, 1, 1, 1, 1, 1, 1, 1, 1, 1, 1, 1, 1, 1, 1, 1, 1, 1, 1, 1, 1, 1, 1, 1, 1, 1, 1, 1, 1, 1, 1, 1, 1, 1, 1, 1, 1, 1, 1, 1, 1, 1, 1, 1, 1, 1, 1, 1, 1, 1, 1, 1, 1, 1, 1, 1, 1, 1, 1, 1, 1, 1, 1, 1, 1, 1, 1, 1, 1, 1, 1, 1, 1, 1, 1, 1, 1, 1, 1, 1, 1, 1, 1, 1, 1, 1, 1, 1, 1, 1, 1, 1, 1, 1, 1, 1, 1, 1, 1, 1, 1, 1, 1, 1, 1, 1, 1, 1, 1, 1, 1, 1, 1, 1, 1, 1, 1, 1, 1, 1, 1, 1, 1, 1, 1, 1, 1, 1, 1, 1, 1, 1, 1, 1, 1, 1, 1, 1, 1, 1, 1, 1, 1, 1, 1, 1, 1, 1, 1, 1, 1, 1, 1, 1, 1, 1, 1, 1, 1, 1, 1, 1, 1, 1, 1, 1, 1, 1, 1, 1, 1, 1, 1, 1, 1, 1, 1, 1, 1, 1, 1, 1, 1, 1, 1, 1, 1, 1, 1, 1, 1, 1, 1, 1, 1, 1, 1, 1, 1, 1, 1, 1, 1, 1, 1, 1, 1, 1, 1, 1, 1, 1, 1, 1, 1, 1, 1, 1, 1, 1, 1, 1, 1, 1, 1, 1, 1, 1, 1, 1, 1, 1, 1, 1, 1, 1, 1, 1, 1, 1, 1, 1, 1, 1, 1, 1, 1, 1, 1, 1, 1, 1, 1, 1, 1, 1, 1, 1, 1, 1, 1, 1, 1, 1, 1, 1, 1, 1, 1, 1, 1, 1, 1, 1, 1, 1, 1, 1, 1, 1, 1, 1, 1, 1, 1, 1, 1, 1, 1, 1, 1, 1, 1, 1, 1, 1, 1, 1, 1, 1, 1, 1, 1, 1, 1, 1, 1, 1, 1, 1, 1, 1]
Lee profile: [1440, 101, 10, 1, 1, 1, 1, 1, 1, 1, 1, 1, 1, 1, 1, 1, 1, 1, 1, 1, 1, 1, 1, 1, 1, 1, 1, 1, 1, 1, 1, 1, 1, 1, 1, 1, 1, 1, 1, 1, 1, 1, 1, 1, 1, 1, 1, 1, 1, 1, 1, 1, 1, 1, 1, 1, 1, 1, 1, 1, 1, 1, 1, 1, 1, 1, 1, 1, 1, 1, 1, 1, 1, 1, 1, 1, 1, 1, 1, 1, 1, 1, 1, 1, 1, 1, 1, 1, 1, 1, 1, 1, 1, 1, 1, 1, 1, 1, 1, 1, 1, 1, 1, 1, 1, 1, 1, 1, 1, 1, 1, 1, 1, 1, 1, 1, 1, 1, 1, 1, 1, 1, 1, 1, 1, 1, 1, 1, 1, 1, 1, 1, 1, 1, 1, 1, 1, 1, 1, 1, 1, 1, 1, 1, 1, 1, 1, 1, 1, 1, 1, 1, 1, 1, 1, 1, 1, 1, 1, 1, 1, 1, 1, 1, 1, 1, 1, 1, 1, 1, 1, 1, 1, 1, 1, 1, 1, 1, 1, 1, 1, 1, 1, 1, 1, 1, 1, 1, 1, 1, 1, 1, 1, 1, 1, 1, 1, 1, 1, 1, 1, 1, 1, 1, 1, 1, 1, 1, 1, 1, 1, 1, 1, 1, 1, 1, 1, 1, 1, 1, 1, 1, 1, 1, 1, 1, 1, 1, 1, 1, 1, 1, 1, 1, 1, 1, 1, 1, 1, 1, 1, 1, 1, 1, 1, 1, 1, 1, 1, 1, 1, 1, 1, 1, 1, 1, 1, 1, 1, 1, 1, 1, 1, 1, 1, 1, 1, 1, 1, 1, 1, 1, 1, 1, 1, 1, 1, 1, 1, 1, 1, 1, 1, 1, 1, 1, 1, 1, 1, 1, 1, 1, 1, 1, 1, 1, 1, 1, 1, 1, 1, 1, 1, 1, 1, 1, 1, 1, 1, 1, 1, 1, 1, 1, 1, 1, 1, 1, 1, 1, 1, 1, 1, 1, 1, 1, 1, 1, 1, 1, 1, 1, 1, 1, 1, 1, 1, 1, 1, 1, 1, 1, 1, 1, 1, 1, 1, 1, 1, 1, 1, 1, 1, 1, 1, 1, 1, 1, 1, 1, 1, 1, 1, 1, 1, 1, 1, 1, 1, 1, 1, 1, 1, 1, 1, 1, 1, 1, 1, 1, 1, 1, 1, 1, 1, 1, 1, 1, 1, 1, 1, 1, 1, 1, 1, 1, 1, 1, 1, 1, 1, 1, 1, 1, 1, 1, 1, 1, 1, 1, 1, 1, 1, 1, 1, 1, 1, 1, 1, 1, 1, 1, 1, 1, 1, 1, 1, 1, 1, 1, 1, 1, 1, 1, 1, 1, 1, 1, 1, 1, 1, 1, 1, 1, 1, 1, 1, 1, 1, 1, 1, 1, 1, 1, 1, 1, 1, 1, 1, 1, 1, 1, 1, 1, 1, 1, 1, 1, 1, 1, 1, 1, 1, 1, 1, 1, 1, 1, 1, 1, 1, 1, 1, 1, 1, 1, 1, 1, 1, 1, 1, 1, 1, 1, 1, 1, 1, 1, 1, 1, 1, 1, 1, 1, 1, 1, 1, 1, 1, 1, 1, 1]
475<=B[0].wtL<=2375
B[0].wtH=475, B[0].wtL=1440

--- LeeBKZ with beta=8, bkz with minimum_lee_wt_codeword (may be non-primitive) ---
[LEEbkz:MW_Codeword_LEE:13.042296886444092 sec.]
[LEEbkz:MW_Codeword_LEE:6.190105199813843 sec.]
[LEEbkz:MW_Codeword_LEE:13.051145792007446 sec.]
[LEEbkz:MW_Codeword_LEE:6.273269414901733 sec.]
[LEEbkz:MW_Codeword_LEE:5.560221195220947 sec.]
[LEEbkz:MW_Codeword_LEE:13.079883098602295 sec.]
[LEEbkz:MW_Codeword_LEE:6.1907007694244385 sec.]
[LEEbkz:MW_Codeword_LEE:5.559815883636475 sec.]
[LEEbkz:MW_Codeword_LEE:5.559550523757935 sec.]
[LEEbkz:MW_Codeword_LEE:13.048484325408936 sec.]
[LEEbkz:MW_Codeword_LEE:6.810315132141113 sec.]
[LEEbkz:MW_Codeword_LEE:5.5605504512786865 sec.]
[LEEbkz:MW_Codeword_LEE:5.560664653778076 sec.]
[LEEbkz:MW_Codeword_LEE:5.56003475189209 sec.]
[LEEbkz:MW_Codeword_LEE:13.036664247512817 sec.]
[LEEbkz:MW_Codeword_LEE:6.197819471359253 sec.]
[LEEbkz:MW_Codeword_LEE:5.562380075454712 sec.]
[LEEbkz:MW_Codeword_LEE:5.560316562652588 sec.]
[LEEbkz:MW_Codeword_LEE:5.5611348152160645 sec.]
[LEEbkz:MW_Codeword_LEE:13.426504373550415 sec.]
[LEEbkz:MW_Codeword_LEE:6.692410469055176 sec.]
[LEEbkz:MW_Codeword_LEE:5.559807062149048 sec.]
[LEEbkz:MW_Codeword_LEE:5.558907985687256 sec.]
[LEEbkz:MW_Codeword_LEE:5.561816215515137 sec.]
[LEEbkz:MW_Codeword_LEE:5.560272693634033 sec.]
[LEEbkz:MW_Codeword_LEE:13.092875480651855 sec.]
[LEEbkz:MW_Codeword_LEE:6.20596981048584 sec.]
[LEEbkz:MW_Codeword_LEE:5.673033237457275 sec.]
[LEEbkz:MW_Codeword_LEE:5.560593128204346 sec.]
[LEEbkz:MW_Codeword_LEE:5.561990976333618 sec.]
[LEEbkz:MW_Codeword_LEE:5.562497138977051 sec.]
[LEEbkz:MW_Codeword_LEE:13.094995021820068 sec.]
[LEEbkz:MW_Codeword_LEE:6.19298243522644 sec.]
[LEEbkz:MW_Codeword_LEE:13.052978754043579 sec.]
[LEEbkz:MW_Codeword_LEE:6.192154884338379 sec.]
[LEEbkz:MW_Codeword_LEE:5.560746669769287 sec.]
[LEEbkz:MW_Codeword_LEE:13.427750587463379 sec.]
[LEEbkz:MW_Codeword_LEE:6.193885803222656 sec.]
[LEEbkz:MW_Codeword_LEE:5.562406063079834 sec.]
[LEEbkz:MW_Codeword_LEE:5.560878038406372 sec.]
[LEEbkz:MW_Codeword_LEE:13.100459098815918 sec.]
[LEEbkz:MW_Codeword_LEE:6.195087432861328 sec.]
[LEEbkz:MW_Codeword_LEE:5.670482873916626 sec.]
[LEEbkz:MW_Codeword_LEE:5.5602569580078125 sec.]
[LEEbkz:MW_Codeword_LEE:13.055928707122803 sec.]
[LEEbkz:MW_Codeword_LEE:6.196002244949341 sec.]
[LEEbkz:MW_Codeword_LEE:5.671107530593872 sec.]
[LEEbkz:MW_Codeword_LEE:5.560603141784668 sec.]
[LEEbkz:MW_Codeword_LEE:13.426533460617065 sec.]
[LEEbkz:MW_Codeword_LEE:6.193025827407837 sec.]
[LEEbkz:MW_Codeword_LEE:5.558657646179199 sec.]
[LEEbkz:MW_Codeword_LEE:5.560436725616455 sec.]
[LEEbkz:MW_Codeword_LEE:13.430279016494751 sec.]
[LEEbkz:MW_Codeword_LEE:5.790079832077026 sec.]
[LEEbkz:MW_Codeword_LEE:13.428141355514526 sec.]
[LEEbkz:MW_Codeword_LEE:5.780385255813599 sec.]
[LEEbkz:MW_Codeword_LEE:5.559117555618286 sec.]
[LEEbkz:MW_Codeword_LEE:13.058019876480103 sec.]
[LEEbkz:MW_Codeword_LEE:5.779269456863403 sec.]
[LEEbkz:MW_Codeword_LEE:5.561398983001709 sec.]
[LEEbkz:MW_Codeword_LEE:6.018599987030029 sec.]
[LEEbkz:MW_Codeword_LEE:13.300663948059082 sec.]
[LEEbkz:MW_Codeword_LEE:5.781652450561523 sec.]
[LEEbkz:MW_Codeword_LEE:13.08152461051941 sec.]
[LEEbkz:MW_Codeword_LEE:5.7807934284210205 sec.]
[LEEbkz:MW_Codeword_LEE:5.562207937240601 sec.]
[LEEbkz:MW_Codeword_LEE:13.348984241485596 sec.]
[LEEbkz:MW_Codeword_LEE:5.781824111938477 sec.]
[LEEbkz:MW_Codeword_LEE:5.5624840259552 sec.]
[LEEbkz:MW_Codeword_LEE:0.5336213111877441 sec.]
[LEEbkz:MW_Codeword_LEE:13.146602392196655 sec.]
[LEEbkz:MW_Codeword_LEE:5.782601833343506 sec.]
[LEEbkz:MW_Codeword_LEE:5.562967777252197 sec.]
[LEEbkz:MW_Codeword_LEE:0.5326621532440186 sec.]
[LEEbkz:MW_Codeword_LEE:0.5320010185241699 sec.]
[LEEbkz:MW_Codeword_LEE:13.11531138420105 sec.]
[LEEbkz:MW_Codeword_LEE:5.783370494842529 sec.]
[LEEbkz:MW_Codeword_LEE:5.566463947296143 sec.]
[LEEbkz:MW_Codeword_LEE:5.563706159591675 sec.]
[LEEbkz:MW_Codeword_LEE:0.5331029891967773 sec.]
[LEEbkz:MW_Codeword_LEE:13.433953046798706 sec.]
[LEEbkz:MW_Codeword_LEE:6.202447891235352 sec.]
[LEEbkz:MW_Codeword_LEE:13.124695777893066 sec.]
[LEEbkz:MW_Codeword_LEE:6.200963258743286 sec.]
[LEEbkz:MW_Codeword_LEE:5.562653064727783 sec.]
[LEEbkz:MW_Codeword_LEE:13.058370590209961 sec.]
[LEEbkz:MW_Codeword_LEE:6.510201454162598 sec.]
[LEEbkz:MW_Codeword_LEE:13.426501035690308 sec.]
[LEEbkz:MW_Codeword_LEE:6.49662184715271 sec.]
[LEEbkz:MW_Codeword_LEE:5.561289072036743 sec.]
[LEEbkz:MW_Codeword_LEE:13.099368572235107 sec.]
[LEEbkz:MW_Codeword_LEE:6.588485240936279 sec.]
[LEEbkz:MW_Codeword_LEE:5.5604894161224365 sec.]
[LEEbkz:MW_Codeword_LEE:0.07306647300720215 sec.]
[LEEbkz:MW_Codeword_LEE:13.037581443786621 sec.]
[LEEbkz:MW_Codeword_LEE:6.498070001602173 sec.]
[LEEbkz:MW_Codeword_LEE:5.561117887496948 sec.]
[LEEbkz:MW_Codeword_LEE:0.03077554702758789 sec.]
[LEEbkz:MW_Codeword_LEE:13.4237642288208 sec.]
[LEEbkz:MW_Codeword_LEE:6.501873254776001 sec.]
[LEEbkz:MW_Codeword_LEE:5.670268297195435 sec.]
[LEEbkz:MW_Codeword_LEE:0.026006221771240234 sec.]
[LEEbkz:MW_Codeword_LEE:13.040017366409302 sec.]
[LEEbkz:MW_Codeword_LEE:6.192553281784058 sec.]
[LEEbkz:MW_Codeword_LEE:5.560045480728149 sec.]
[LEEbkz:MW_Codeword_LEE:0.025423765182495117 sec.]
[LEEbkz:MW_Codeword_LEE:13.125442743301392 sec.]
[LEEbkz:MW_Codeword_LEE:6.193397045135498 sec.]
[LEEbkz:MW_Codeword_LEE:5.560426712036133 sec.]
[LEEbkz:MW_Codeword_LEE:0.02585291862487793 sec.]
[LEEbkz:MW_Codeword_LEE:13.473968744277954 sec.]
[LEEbkz:MW_Codeword_LEE:6.193548679351807 sec.]
[LEEbkz:MW_Codeword_LEE:5.558952808380127 sec.]
[LEEbkz:MW_Codeword_LEE:0.026031970977783203 sec.]
[LEEbkz:MW_Codeword_LEE:6.190536975860596 sec.]
[LEEbkz:MW_Codeword_LEE:5.5586097240448 sec.]
[LEEbkz:MW_Codeword_LEE:0.025754451751708984 sec.]
[LEEbkz:MW_Codeword_LEE:5.559895753860474 sec.]
[LEEbkz:MW_Codeword_LEE:0.025559425354003906 sec.]
[LEEbkz:MW_Codeword_LEE:0.025621891021728516 sec.]
[LEEbkz:MW_Codeword_LEE:0.02552175521850586 sec.]
[LEEbkz:MW_Codeword_LEE:0.025611162185668945 sec.]
[LEEbkz:MW_Codeword_LEE:0.025527000427246094 sec.]
[LEEbkz:MW_Codeword_LEE:0.02602529525756836 sec.]
[LEEbkz:MW_Codeword_LEE:0.025905370712280273 sec.]
[LEEbkz:MW_Codeword_LEE:0.025643348693847656 sec.]
[LEEbkz:MW_Codeword_LEE:0.02565312385559082 sec.]
[LEEbkz:MW_Codeword_LEE:0.025675058364868164 sec.]
[LEEbkz:MW_Codeword_LEE:0.02565765380859375 sec.]
[LEEbkz:MW_Codeword_LEE:0.025493383407592773 sec.]
[LEEbkz:MW_Codeword_LEE:0.025460481643676758 sec.]
[LEEbkz:MW_Codeword_LEE:0.025757551193237305 sec.]
[LEEbkz:MW_Codeword_LEE:0.026196718215942383 sec.]
[LEEbkz:MW_Codeword_LEE:0.025821685791015625 sec.]
[LEEbkz:MW_Codeword_LEE:0.0255887508392334 sec.]
[LEEbkz:MW_Codeword_LEE:0.025555133819580078 sec.]
[LEEbkz:MW_Codeword_LEE:0.02534770965576172 sec.]
[LEEbkz:MW_Codeword_LEE:0.025348663330078125 sec.]
[LEEbkz:MW_Codeword_LEE:0.025467395782470703 sec.]
[LEEbkz:MW_Codeword_LEE:0.026095151901245117 sec.]
[LEEbkz:MW_Codeword_LEE:0.02627396583557129 sec.]
[LEEbkz:MW_Codeword_LEE:0.02561783790588379 sec.]
[LEEbkz:MW_Codeword_LEE:0.02579474449157715 sec.]
[LEEbkz:MW_Codeword_LEE:0.02550959587097168 sec.]
[LEEbkz:MW_Codeword_LEE:0.025298595428466797 sec.]
[LEEbkz:MW_Codeword_LEE:0.025746822357177734 sec.]
[LEEbkz:MW_Codeword_LEE:0.025587797164916992 sec.]
[LEEbkz:MW_Codeword_LEE:0.025662899017333984 sec.]
[LEEbkz:MW_Codeword_LEE:0.025669574737548828 sec.]
[LEEbkz:MW_Codeword_LEE:0.02590465545654297 sec.]
[LEEbkz:MW_Codeword_LEE:0.025380373001098633 sec.]
[LEEbkz:MW_Codeword_LEE:0.02524733543395996 sec.]
[LEEbkz:MW_Codeword_LEE:0.025532245635986328 sec.]
Hamming profile after BKZ: [451, 58, 10, 1, 1, 1, 1, 1, 1, 1, 1, 1, 1, 1, 1, 1, 1, 1, 1, 1, 1, 1, 1, 1, 1, 1, 1, 1, 1, 1, 1, 1, 1, 1, 1, 1, 1, 1, 1, 1, 1, 1, 1, 1, 1, 1, 1, 1, 0, 0, 0, 0, 1, 1, 1, 1, 1, 1, 1, 1, 1, 1, 1, 1, 1, 1, 1, 1, 1, 1, 1, 1, 1, 1, 1, 1, 1, 1, 1, 1, 1, 1, 1, 1, 1, 1, 1, 1, 1, 1, 1, 1, 1, 1, 1, 1, 1, 1, 1, 1, 1, 1, 1, 1, 1, 1, 1, 1, 1, 1, 1, 1, 1, 1, 1, 1, 1, 1, 1, 1, 1, 1, 1, 1, 1, 1, 1, 1, 1, 1, 1, 1, 1, 1, 1, 1, 1, 1, 1, 1, 1, 1, 1, 1, 1, 1, 1, 1, 1, 1, 1, 1, 1, 1, 1, 1, 1, 1, 1, 1, 1, 1, 1, 1, 1, 1, 1, 1, 1, 1, 1, 1, 1, 1, 1, 1, 1, 1, 1, 1, 1, 1, 1, 1, 1, 1, 1, 1, 1, 1, 1, 1, 1, 1, 1, 1, 1, 1, 1, 1, 1, 1, 1, 1, 1, 1, 1, 1, 1, 1, 1, 1, 1, 1, 1, 1, 1, 1, 1, 1, 1, 1, 1, 1, 1, 1, 1, 1, 1, 1, 1, 1, 1, 1, 1, 1, 1, 1, 1, 1, 1, 1, 1, 1, 1, 1, 1, 1, 1, 1, 1, 1, 1, 1, 1, 1, 1, 1, 1, 1, 1, 1, 1, 1, 1, 1, 1, 1, 1, 1, 1, 1, 1, 1, 1, 1, 1, 1, 1, 1, 1, 1, 1, 1, 1, 1, 1, 1, 1, 1, 1, 1, 1, 1, 1, 1, 1, 1, 1, 1, 1, 1, 1, 1, 1, 1, 1, 1, 1, 1, 1, 1, 1, 1, 1, 1, 1, 1, 1, 1, 1, 1, 1, 1, 1, 1, 1, 1, 1, 1, 1, 1, 1, 1, 1, 1, 1, 1, 1, 1, 1, 1, 1, 1, 1, 1, 1, 1, 1, 1, 1, 1, 1, 1, 1, 1, 1, 1, 1, 1, 1, 1, 1, 1, 1, 1, 1, 1, 1, 1, 1, 1, 1, 1, 1, 1, 1, 1, 1, 1, 1, 1, 1, 1, 1, 1, 1, 1, 1, 1, 1, 1, 1, 1, 1, 1, 1, 1, 1, 1, 1, 1, 1, 1, 1, 1, 1, 1, 1, 1, 1, 1, 1, 1, 1, 1, 1, 1, 1, 1, 1, 1, 1, 1, 1, 1, 1, 1, 1, 1, 1, 1, 1, 1, 1, 1, 1, 1, 1, 1, 1, 1, 1, 1, 1, 1, 1, 1, 1, 1, 1, 1, 1, 1, 1, 1, 1, 1, 1, 1, 1, 1, 1, 1, 1, 1, 1, 1, 1, 1, 1, 1, 1, 1, 1, 1, 1, 1, 1, 1, 1, 1, 1, 1, 1, 1, 1, 1, 1, 1, 1, 1, 1, 1, 1, 1, 1, 1, 1, 1, 1, 1, 1, 1, 1, 1, 1, 1, 1, 1, 1, 1]
Lee profile after BKZ: [1201, 123, 11, 1, 1, 1, 1, 1, 1, 1, 1, 1, 1, 1, 1, 1, 1, 1, 1, 1, 1, 1, 1, 1, 1, 1, 1, 1, 1, 1, 1, 1, 1, 1, 1, 1, 1, 1, 1, 1, 1, 1, 1, 1, 1, 1, 1, 1, 0, 0, 0, 0, 1, 1, 1, 1, 1, 1, 1, 1, 1, 1, 1, 1, 1, 1, 1, 1, 1, 1, 1, 1, 1, 1, 1, 1, 1, 1, 1, 1, 1, 1, 1, 1, 1, 1, 1, 1, 1, 1, 1, 1, 1, 1, 1, 1, 1, 1, 1, 1, 1, 1, 1, 1, 1, 1, 1, 1, 1, 1, 1, 1, 1, 1, 1, 1, 1, 1, 1, 1, 1, 1, 1, 1, 1, 1, 1, 1, 1, 1, 1, 1, 1, 1, 1, 1, 1, 1, 1, 1, 1, 1, 1, 1, 1, 1, 1, 1, 1, 1, 1, 1, 1, 1, 1, 1, 1, 1, 1, 1, 1, 1, 1, 1, 1, 1, 1, 1, 1, 1, 1, 1, 1, 1, 1, 1, 1, 1, 1, 1, 1, 1, 1, 1, 1, 1, 1, 1, 1, 1, 1, 1, 1, 1, 1, 1, 1, 1, 1, 1, 1, 1, 1, 1, 1, 1, 1, 1, 1, 1, 1, 1, 1, 1, 1, 1, 1, 1, 1, 1, 1, 1, 1, 1, 1, 1, 1, 1, 1, 1, 1, 1, 1, 1, 1, 1, 1, 1, 1, 1, 1, 1, 1, 1, 1, 1, 1, 1, 1, 1, 1, 1, 1, 1, 1, 1, 1, 1, 1, 1, 1, 1, 1, 1, 1, 1, 1, 1, 1, 1, 1, 1, 1, 1, 1, 1, 1, 1, 1, 1, 1, 1, 1, 1, 1, 1, 1, 1, 1, 1, 1, 1, 1, 1, 1, 1, 1, 1, 1, 1, 1, 1, 1, 1, 1, 1, 1, 1, 1, 1, 1, 1, 1, 1, 1, 1, 1, 1, 1, 1, 1, 1, 1, 1, 1, 1, 1, 1, 1, 1, 1, 1, 1, 1, 1, 1, 1, 1, 1, 1, 1, 1, 1, 1, 1, 1, 1, 1, 1, 1, 1, 1, 1, 1, 1, 1, 1, 1, 1, 1, 1, 1, 1, 1, 1, 1, 1, 1, 1, 1, 1, 1, 1, 1, 1, 1, 1, 1, 1, 1, 1, 1, 1, 1, 1, 1, 1, 1, 1, 1, 1, 1, 1, 1, 1, 1, 1, 1, 1, 1, 1, 1, 1, 1, 1, 1, 1, 1, 1, 1, 1, 1, 1, 1, 1, 1, 1, 1, 1, 1, 1, 1, 1, 1, 1, 1, 1, 1, 1, 1, 1, 1, 1, 1, 1, 1, 1, 1, 1, 1, 1, 1, 1, 1, 1, 1, 1, 1, 1, 1, 1, 1, 1, 1, 1, 1, 1, 1, 1, 1, 1, 1, 1, 1, 1, 1, 1, 1, 1, 1, 1, 1, 1, 1, 1, 1, 1, 1, 1, 1, 1, 1, 1, 1, 1, 1, 1, 1, 1, 1, 1, 1, 1, 1, 1, 1, 1, 1, 1, 1, 1, 1, 1, 1, 1, 1, 1, 1, 1, 1, 1, 1]
451<=B_red[0].wtL<=2255
B_red[0].wtH=451, B_red[0].wtL=1201

Hamming profile: [459, 50, 6, 1, 1, 1, 1, 1, 1, 1, 1, 1, 1, 1, 1, 1, 1, 1, 1, 1, 1, 1, 1, 1, 1, 1, 1, 1, 1, 1, 1, 1, 1, 1, 1, 1, 1, 1, 1, 1, 1, 1, 1, 1, 1, 1, 1, 1, 1, 1, 1, 1, 1, 1, 1, 1, 1, 1, 1, 1, 1, 1, 1, 1, 1, 1, 1, 1, 1, 1, 1, 1, 1, 1, 1, 1, 1, 1, 1, 1, 1, 1, 1, 1, 1, 1, 1, 1, 1, 1, 1, 1, 1, 1, 1, 1, 1, 1, 1, 1, 1, 1, 1, 1, 1, 1, 1, 1, 1, 1, 1, 1, 1, 1, 1, 1, 1, 1, 1, 1, 1, 1, 1, 1, 1, 1, 1, 1, 1, 1, 1, 1, 1, 1, 1, 1, 1, 1, 1, 1, 1, 1, 1, 1, 1, 1, 1, 1, 1, 1, 1, 1, 1, 1, 1, 1, 1, 1, 1, 1, 1, 1, 1, 1, 1, 1, 1, 1, 1, 1, 1, 1, 1, 1, 1, 1, 1, 1, 1, 1, 1, 1, 1, 1, 1, 1, 1, 1, 1, 1, 1, 1, 1, 1, 1, 1, 1, 1, 1, 1, 1, 1, 1, 1, 1, 1, 1, 1, 1, 1, 1, 1, 1, 1, 1, 1, 1, 1, 1, 1, 1, 1, 1, 1, 1, 1, 1, 1, 1, 1, 1, 1, 1, 1, 1, 1, 1, 1, 1, 1, 1, 1, 1, 1, 1, 1, 1, 1, 1, 1, 1, 1, 1, 1, 1, 1, 1, 1, 1, 1, 1, 1, 1, 1, 1, 1, 1, 1, 1, 1, 1, 1, 1, 1, 1, 1, 1, 1, 1, 1, 1, 1, 1, 1, 1, 1, 1, 1, 1, 1, 1, 1, 1, 1, 1, 1, 1, 1, 1, 1, 1, 1, 1, 1, 1, 1, 1, 1, 1, 1, 1, 1, 1, 1, 1, 1, 1, 1, 1, 1, 1, 1, 1, 1, 1, 1, 1, 1, 1, 1, 1, 1, 1, 1, 1, 1, 1, 1, 1, 1, 1, 1, 1, 1, 1, 1, 1, 1, 1, 1, 1, 1, 1, 1, 1, 1, 1, 1, 1, 1, 1, 1, 1, 1, 1, 1, 1, 1, 1, 1, 1, 1, 1, 1, 1, 1, 1, 1, 1, 1, 1, 1, 1, 1, 1, 1, 1, 1, 1, 1, 1, 1, 1, 1, 1, 1, 1, 1, 1, 1, 1, 1, 1, 1, 1, 1, 1, 1, 1, 1, 1, 1, 1, 1, 1, 1, 1, 1, 1, 1, 1, 1, 1, 1, 1, 1, 1, 1, 1, 1, 1, 1, 1, 1, 1, 1, 1, 1, 1, 1, 1, 1, 1, 1, 1, 1, 1, 1, 1, 1, 1, 1, 1, 1, 1, 1, 1, 1, 1, 1, 1, 1, 1, 1, 1, 1, 1, 1, 1, 1, 1, 1, 1, 1, 1, 1, 1, 1, 1, 1, 1, 1, 1, 1, 1, 1, 1, 1, 1, 1, 1, 1, 1, 1, 1, 1, 1, 1, 1, 1, 1, 1, 1, 1, 1, 1, 1, 1, 1, 1, 1, 1]
Lee profile: [1341, 139, 18, 1, 1, 1, 1, 1, 1, 1, 1, 1, 1, 1, 1, 1, 1, 1, 1, 1, 1, 1, 1, 1, 1, 1, 1, 1, 1, 1, 1, 1, 1, 1, 1, 1, 1, 1, 1, 1, 1, 1, 1, 1, 1, 1, 1, 1, 1, 1, 1, 1, 1, 1, 1, 1, 1, 1, 1, 1, 1, 1, 1, 1, 1, 1, 1, 1, 1, 1, 1, 1, 1, 1, 1, 1, 1, 1, 1, 1, 1, 1, 1, 1, 1, 1, 1, 1, 1, 1, 1, 1, 1, 1, 1, 1, 1, 1, 1, 1, 1, 1, 1, 1, 1, 1, 1, 1, 1, 1, 1, 1, 1, 1, 1, 1, 1, 1, 1, 1, 1, 1, 1, 1, 1, 1, 1, 1, 1, 1, 1, 1, 1, 1, 1, 1, 1, 1, 1, 1, 1, 1, 1, 1, 1, 1, 1, 1, 1, 1, 1, 1, 1, 1, 1, 1, 1, 1, 1, 1, 1, 1, 1, 1, 1, 1, 1, 1, 1, 1, 1, 1, 1, 1, 1, 1, 1, 1, 1, 1, 1, 1, 1, 1, 1, 1, 1, 1, 1, 1, 1, 1, 1, 1, 1, 1, 1, 1, 1, 1, 1, 1, 1, 1, 1, 1, 1, 1, 1, 1, 1, 1, 1, 1, 1, 1, 1, 1, 1, 1, 1, 1, 1, 1, 1, 1, 1, 1, 1, 1, 1, 1, 1, 1, 1, 1, 1, 1, 1, 1, 1, 1, 1, 1, 1, 1, 1, 1, 1, 1, 1, 1, 1, 1, 1, 1, 1, 1, 1, 1, 1, 1, 1, 1, 1, 1, 1, 1, 1, 1, 1, 1, 1, 1, 1, 1, 1, 1, 1, 1, 1, 1, 1, 1, 1, 1, 1, 1, 1, 1, 1, 1, 1, 1, 1, 1, 1, 1, 1, 1, 1, 1, 1, 1, 1, 1, 1, 1, 1, 1, 1, 1, 1, 1, 1, 1, 1, 1, 1, 1, 1, 1, 1, 1, 1, 1, 1, 1, 1, 1, 1, 1, 1, 1, 1, 1, 1, 1, 1, 1, 1, 1, 1, 1, 1, 1, 1, 1, 1, 1, 1, 1, 1, 1, 1, 1, 1, 1, 1, 1, 1, 1, 1, 1, 1, 1, 1, 1, 1, 1, 1, 1, 1, 1, 1, 1, 1, 1, 1, 1, 1, 1, 1, 1, 1, 1, 1, 1, 1, 1, 1, 1, 1, 1, 1, 1, 1, 1, 1, 1, 1, 1, 1, 1, 1, 1, 1, 1, 1, 1, 1, 1, 1, 1, 1, 1, 1, 1, 1, 1, 1, 1, 1, 1, 1, 1, 1, 1, 1, 1, 1, 1, 1, 1, 1, 1, 1, 1, 1, 1, 1, 1, 1, 1, 1, 1, 1, 1, 1, 1, 1, 1, 1, 1, 1, 1, 1, 1, 1, 1, 1, 1, 1, 1, 1, 1, 1, 1, 1, 1, 1, 1, 1, 1, 1, 1, 1, 1, 1, 1, 1, 1, 1, 1, 1, 1, 1, 1, 1, 1, 1, 1, 1, 1, 1, 1, 1, 1, 1, 1, 1, 1, 1, 1, 1, 1, 1, 1, 1, 1, 1, 1]
459<=B[0].wtL<=2295
B[0].wtH=459, B[0].wtL=1341

--- LeeBKZ with beta=8, bkz with minimum_lee_wt_codeword (may be non-primitive) ---
[LEEbkz:MW_Codeword_LEE:13.102440595626831 sec.]
[LEEbkz:MW_Codeword_LEE:6.193938732147217 sec.]
[LEEbkz:MW_Codeword_LEE:13.06002426147461 sec.]
[LEEbkz:MW_Codeword_LEE:6.191118001937866 sec.]
[LEEbkz:MW_Codeword_LEE:5.561662673950195 sec.]
[LEEbkz:MW_Codeword_LEE:13.089977979660034 sec.]
[LEEbkz:MW_Codeword_LEE:6.195717811584473 sec.]
[LEEbkz:MW_Codeword_LEE:5.796126842498779 sec.]
[LEEbkz:MW_Codeword_LEE:5.562270164489746 sec.]
[LEEbkz:MW_Codeword_LEE:13.060673713684082 sec.]
[LEEbkz:MW_Codeword_LEE:6.194408655166626 sec.]
[LEEbkz:MW_Codeword_LEE:5.562358856201172 sec.]
[LEEbkz:MW_Codeword_LEE:5.67483377456665 sec.]
[LEEbkz:MW_Codeword_LEE:13.058218955993652 sec.]
[LEEbkz:MW_Codeword_LEE:6.191593408584595 sec.]
[LEEbkz:MW_Codeword_LEE:5.560748338699341 sec.]
[LEEbkz:MW_Codeword_LEE:5.559997081756592 sec.]
[LEEbkz:MW_Codeword_LEE:13.058272123336792 sec.]
[LEEbkz:MW_Codeword_LEE:6.806609153747559 sec.]
[LEEbkz:MW_Codeword_LEE:5.561514377593994 sec.]
[LEEbkz:MW_Codeword_LEE:5.560888767242432 sec.]
[LEEbkz:MW_Codeword_LEE:13.088460922241211 sec.]
[LEEbkz:MW_Codeword_LEE:6.193336725234985 sec.]
[LEEbkz:MW_Codeword_LEE:5.561378002166748 sec.]
[LEEbkz:MW_Codeword_LEE:5.686261892318726 sec.]
[LEEbkz:MW_Codeword_LEE:13.423324823379517 sec.]
[LEEbkz:MW_Codeword_LEE:6.193758249282837 sec.]
[LEEbkz:MW_Codeword_LEE:5.5610411167144775 sec.]
Hamming profile after BKZ: [455, 51, 9, 1, 1, 1, 1, 1, 1, 1, 1, 1, 1, 1, 1, 1, 1, 1, 1, 1, 1, 1, 1, 1, 1, 1, 1, 1, 1, 1, 1, 1, 1, 1, 1, 1, 1, 1, 1, 1, 1, 1, 1, 1, 1, 1, 1, 1, 1, 1, 1, 1, 1, 1, 1, 1, 1, 1, 1, 1, 1, 1, 1, 1, 1, 1, 1, 1, 1, 1, 1, 1, 1, 1, 1, 1, 1, 1, 1, 1, 1, 1, 1, 1, 1, 1, 1, 1, 1, 1, 1, 1, 1, 1, 1, 1, 1, 1, 1, 1, 1, 1, 1, 1, 1, 1, 1, 1, 1, 1, 1, 1, 1, 1, 1, 1, 1, 1, 1, 1, 1, 1, 1, 1, 1, 1, 1, 1, 1, 1, 1, 1, 1, 1, 1, 1, 1, 1, 1, 1, 1, 1, 1, 1, 1, 1, 1, 1, 1, 1, 1, 1, 1, 1, 1, 1, 1, 1, 1, 1, 1, 1, 1, 1, 1, 1, 1, 1, 1, 1, 1, 1, 1, 1, 1, 1, 1, 1, 1, 1, 1, 1, 1, 1, 1, 1, 1, 1, 1, 1, 1, 1, 1, 1, 1, 1, 1, 1, 1, 1, 1, 1, 1, 1, 1, 1, 1, 1, 1, 1, 1, 1, 1, 1, 1, 1, 1, 1, 1, 1, 1, 1, 1, 1, 1, 1, 1, 1, 1, 1, 1, 1, 1, 1, 1, 1, 1, 1, 1, 1, 1, 1, 1, 1, 1, 1, 1, 1, 1, 1, 1, 1, 1, 1, 1, 1, 1, 1, 1, 1, 1, 1, 1, 1, 1, 1, 1, 1, 1, 1, 1, 1, 1, 1, 1, 1, 1, 1, 1, 1, 1, 1, 1, 1, 1, 1, 1, 1, 1, 1, 1, 1, 1, 1, 1, 1, 1, 1, 1, 1, 1, 1, 1, 1, 1, 1, 1, 1, 1, 1, 1, 1, 1, 1, 1, 1, 1, 1, 1, 1, 1, 1, 1, 1, 1, 1, 1, 1, 1, 1, 1, 1, 1, 1, 1, 1, 1, 1, 1, 1, 1, 1, 1, 1, 1, 1, 1, 1, 1, 1, 1, 1, 1, 1, 1, 1, 1, 1, 1, 1, 1, 1, 1, 1, 1, 1, 1, 1, 1, 1, 1, 1, 1, 1, 1, 1, 1, 1, 1, 1, 1, 1, 1, 1, 1, 1, 1, 1, 1, 1, 1, 1, 1, 1, 1, 1, 1, 1, 1, 1, 1, 1, 1, 1, 1, 1, 1, 1, 1, 1, 1, 1, 1, 1, 1, 1, 1, 1, 1, 1, 1, 1, 1, 1, 1, 1, 1, 1, 1, 1, 1, 1, 1, 1, 1, 1, 1, 1, 1, 1, 1, 1, 1, 1, 1, 1, 1, 1, 1, 1, 1, 1, 1, 1, 1, 1, 1, 1, 1, 1, 1, 1, 1, 1, 1, 1, 1, 1, 1, 1, 1, 1, 1, 1, 1, 1, 1, 1, 1, 1, 1, 1, 1, 1, 1, 1, 1, 1, 1, 1, 1, 1, 1, 1, 1, 1, 1, 1, 1, 1, 1, 1, 1, 1, 1, 1, 1, 1, 1, 1, 1, 1]
Lee profile after BKZ: [1198, 108, 11, 1, 1, 1, 1, 1, 1, 1, 1, 1, 1, 1, 1, 1, 1, 1, 1, 1, 1, 1, 1, 1, 1, 1, 1, 1, 1, 1, 1, 1, 1, 1, 1, 1, 1, 1, 1, 1, 1, 1, 1, 1, 1, 1, 1, 1, 1, 1, 1, 1, 1, 1, 1, 1, 1, 1, 1, 1, 1, 1, 1, 1, 1, 1, 1, 1, 1, 1, 1, 1, 1, 1, 1, 1, 1, 1, 1, 1, 1, 1, 1, 1, 1, 1, 1, 1, 1, 1, 1, 1, 1, 1, 1, 1, 1, 1, 1, 1, 1, 1, 1, 1, 1, 1, 1, 1, 1, 1, 1, 1, 1, 1, 1, 1, 1, 1, 1, 1, 1, 1, 1, 1, 1, 1, 1, 1, 1, 1, 1, 1, 1, 1, 1, 1, 1, 1, 1, 1, 1, 1, 1, 1, 1, 1, 1, 1, 1, 1, 1, 1, 1, 1, 1, 1, 1, 1, 1, 1, 1, 1, 1, 1, 1, 1, 1, 1, 1, 1, 1, 1, 1, 1, 1, 1, 1, 1, 1, 1, 1, 1, 1, 1, 1, 1, 1, 1, 1, 1, 1, 1, 1, 1, 1, 1, 1, 1, 1, 1, 1, 1, 1, 1, 1, 1, 1, 1, 1, 1, 1, 1, 1, 1, 1, 1, 1, 1, 1, 1, 1, 1, 1, 1, 1, 1, 1, 1, 1, 1, 1, 1, 1, 1, 1, 1, 1, 1, 1, 1, 1, 1, 1, 1, 1, 1, 1, 1, 1, 1, 1, 1, 1, 1, 1, 1, 1, 1, 1, 1, 1, 1, 1, 1, 1, 1, 1, 1, 1, 1, 1, 1, 1, 1, 1, 1, 1, 1, 1, 1, 1, 1, 1, 1, 1, 1, 1, 1, 1, 1, 1, 1, 1, 1, 1, 1, 1, 1, 1, 1, 1, 1, 1, 1, 1, 1, 1, 1, 1, 1, 1, 1, 1, 1, 1, 1, 1, 1, 1, 1, 1, 1, 1, 1, 1, 1, 1, 1, 1, 1, 1, 1, 1, 1, 1, 1, 1, 1, 1, 1, 1, 1, 1, 1, 1, 1, 1, 1, 1, 1, 1, 1, 1, 1, 1, 1, 1, 1, 1, 1, 1, 1, 1, 1, 1, 1, 1, 1, 1, 1, 1, 1, 1, 1, 1, 1, 1, 1, 1, 1, 1, 1, 1, 1, 1, 1, 1, 1, 1, 1, 1, 1, 1, 1, 1, 1, 1, 1, 1, 1, 1, 1, 1, 1, 1, 1, 1, 1, 1, 1, 1, 1, 1, 1, 1, 1, 1, 1, 1, 1, 1, 1, 1, 1, 1, 1, 1, 1, 1, 1, 1, 1, 1, 1, 1, 1, 1, 1, 1, 1, 1, 1, 1, 1, 1, 1, 1, 1, 1, 1, 1, 1, 1, 1, 1, 1, 1, 1, 1, 1, 1, 1, 1, 1, 1, 1, 1, 1, 1, 1, 1, 1, 1, 1, 1, 1, 1, 1, 1, 1, 1, 1, 1, 1, 1, 1, 1, 1, 1, 1, 1, 1, 1, 1, 1, 1, 1, 1, 1, 1, 1, 1, 1, 1, 1, 1, 1, 1, 1, 1, 1, 1]
455<=B_red[0].wtL<=2275
B_red[0].wtH=455, B_red[0].wtL=1198

Hamming profile: [463, 46, 6, 1, 1, 1, 1, 1, 1, 1, 1, 1, 1, 1, 1, 1, 1, 1, 1, 1, 1, 1, 1, 1, 1, 1, 1, 1, 1, 1, 1, 1, 1, 1, 1, 1, 1, 1, 1, 1, 1, 1, 1, 1, 1, 1, 1, 1, 1, 1, 1, 1, 1, 1, 1, 1, 1, 1, 1, 1, 1, 1, 1, 1, 1, 1, 1, 1, 1, 1, 1, 1, 1, 1, 1, 1, 1, 1, 1, 1, 1, 1, 1, 1, 1, 1, 1, 1, 1, 1, 1, 1, 1, 1, 1, 1, 1, 1, 1, 1, 1, 1, 1, 1, 1, 1, 1, 1, 1, 1, 1, 1, 1, 1, 1, 1, 1, 1, 1, 1, 1, 1, 1, 1, 1, 1, 1, 1, 1, 1, 1, 1, 1, 1, 1, 1, 1, 1, 1, 1, 1, 1, 1, 1, 1, 1, 1, 1, 1, 1, 1, 1, 1, 1, 1, 1, 1, 1, 1, 1, 1, 1, 1, 1, 1, 1, 1, 1, 1, 1, 1, 1, 1, 1, 1, 1, 1, 1, 1, 1, 1, 1, 1, 1, 1, 1, 1, 1, 1, 1, 1, 1, 1, 1, 1, 1, 1, 1, 1, 1, 1, 1, 1, 1, 1, 1, 1, 1, 1, 1, 1, 1, 1, 1, 1, 1, 1, 1, 1, 1, 1, 1, 1, 1, 1, 1, 1, 1, 1, 1, 1, 1, 1, 1, 1, 1, 1, 1, 1, 1, 1, 1, 1, 1, 1, 1, 1, 1, 1, 1, 1, 1, 1, 1, 1, 1, 1, 1, 1, 1, 1, 1, 1, 1, 1, 1, 1, 1, 1, 1, 1, 1, 1, 1, 1, 1, 1, 1, 1, 1, 1, 1, 1, 1, 1, 1, 1, 1, 1, 1, 1, 1, 1, 1, 1, 1, 1, 1, 1, 1, 1, 1, 1, 1, 1, 1, 1, 1, 1, 1, 1, 1, 1, 1, 1, 1, 1, 1, 1, 1, 1, 1, 1, 1, 1, 1, 1, 1, 1, 1, 1, 1, 1, 1, 1, 1, 1, 1, 1, 1, 1, 1, 1, 1, 1, 1, 1, 1, 1, 1, 1, 1, 1, 1, 1, 1, 1, 1, 1, 1, 1, 1, 1, 1, 1, 1, 1, 1, 1, 1, 1, 1, 1, 1, 1, 1, 1, 1, 1, 1, 1, 1, 1, 1, 1, 1, 1, 1, 1, 1, 1, 1, 1, 1, 1, 1, 1, 1, 1, 1, 1, 1, 1, 1, 1, 1, 1, 1, 1, 1, 1, 1, 1, 1, 1, 1, 1, 1, 1, 1, 1, 1, 1, 1, 1, 1, 1, 1, 1, 1, 1, 1, 1, 1, 1, 1, 1, 1, 1, 1, 1, 1, 1, 1, 1, 1, 1, 1, 1, 1, 1, 1, 1, 1, 1, 1, 1, 1, 1, 1, 1, 1, 1, 1, 1, 1, 1, 1, 1, 1, 1, 1, 1, 1, 1, 1, 1, 1, 1, 1, 1, 1, 1, 1, 1, 1, 1, 1, 1, 1, 1, 1, 1, 1, 1, 1, 1, 1, 1, 1, 1, 1, 1, 1, 1, 1, 1, 1, 1, 1, 1, 1]
Lee profile: [1402, 144, 19, 1, 1, 1, 1, 1, 1, 1, 1, 1, 1, 1, 1, 1, 1, 1, 1, 1, 1, 1, 1, 1, 1, 1, 1, 1, 1, 1, 1, 1, 1, 1, 1, 1, 1, 1, 1, 1, 1, 1, 1, 1, 1, 1, 1, 1, 1, 1, 1, 1, 1, 1, 1, 1, 1, 1, 1, 1, 1, 1, 1, 1, 1, 1, 1, 1, 1, 1, 1, 1, 1, 1, 1, 1, 1, 1, 1, 1, 1, 1, 1, 1, 1, 1, 1, 1, 1, 1, 1, 1, 1, 1, 1, 1, 1, 1, 1, 1, 1, 1, 1, 1, 1, 1, 1, 1, 1, 1, 1, 1, 1, 1, 1, 1, 1, 1, 1, 1, 1, 1, 1, 1, 1, 1, 1, 1, 1, 1, 1, 1, 1, 1, 1, 1, 1, 1, 1, 1, 1, 1, 1, 1, 1, 1, 1, 1, 1, 1, 1, 1, 1, 1, 1, 1, 1, 1, 1, 1, 1, 1, 1, 1, 1, 1, 1, 1, 1, 1, 1, 1, 1, 1, 1, 1, 1, 1, 1, 1, 1, 1, 1, 1, 1, 1, 1, 1, 1, 1, 1, 1, 1, 1, 1, 1, 1, 1, 1, 1, 1, 1, 1, 1, 1, 1, 1, 1, 1, 1, 1, 1, 1, 1, 1, 1, 1, 1, 1, 1, 1, 1, 1, 1, 1, 1, 1, 1, 1, 1, 1, 1, 1, 1, 1, 1, 1, 1, 1, 1, 1, 1, 1, 1, 1, 1, 1, 1, 1, 1, 1, 1, 1, 1, 1, 1, 1, 1, 1, 1, 1, 1, 1, 1, 1, 1, 1, 1, 1, 1, 1, 1, 1, 1, 1, 1, 1, 1, 1, 1, 1, 1, 1, 1, 1, 1, 1, 1, 1, 1, 1, 1, 1, 1, 1, 1, 1, 1, 1, 1, 1, 1, 1, 1, 1, 1, 1, 1, 1, 1, 1, 1, 1, 1, 1, 1, 1, 1, 1, 1, 1, 1, 1, 1, 1, 1, 1, 1, 1, 1, 1, 1, 1, 1, 1, 1, 1, 1, 1, 1, 1, 1, 1, 1, 1, 1, 1, 1, 1, 1, 1, 1, 1, 1, 1, 1, 1, 1, 1, 1, 1, 1, 1, 1, 1, 1, 1, 1, 1, 1, 1, 1, 1, 1, 1, 1, 1, 1, 1, 1, 1, 1, 1, 1, 1, 1, 1, 1, 1, 1, 1, 1, 1, 1, 1, 1, 1, 1, 1, 1, 1, 1, 1, 1, 1, 1, 1, 1, 1, 1, 1, 1, 1, 1, 1, 1, 1, 1, 1, 1, 1, 1, 1, 1, 1, 1, 1, 1, 1, 1, 1, 1, 1, 1, 1, 1, 1, 1, 1, 1, 1, 1, 1, 1, 1, 1, 1, 1, 1, 1, 1, 1, 1, 1, 1, 1, 1, 1, 1, 1, 1, 1, 1, 1, 1, 1, 1, 1, 1, 1, 1, 1, 1, 1, 1, 1, 1, 1, 1, 1, 1, 1, 1, 1, 1, 1, 1, 1, 1, 1, 1, 1, 1, 1, 1, 1, 1, 1, 1, 1, 1, 1, 1, 1, 1, 1, 1, 1, 1, 1, 1, 1]
463<=B[0].wtL<=2315
B[0].wtH=463, B[0].wtL=1402

--- LeeBKZ with beta=8, bkz with minimum_lee_wt_codeword (may be non-primitive) ---
[LEEbkz:MW_Codeword_LEE:13.090954542160034 sec.]
[LEEbkz:MW_Codeword_LEE:6.494820594787598 sec.]
[LEEbkz:MW_Codeword_LEE:13.056957483291626 sec.]
[LEEbkz:MW_Codeword_LEE:6.574846982955933 sec.]
[LEEbkz:MW_Codeword_LEE:5.5614173412323 sec.]
[LEEbkz:MW_Codeword_LEE:13.054423332214355 sec.]
[LEEbkz:MW_Codeword_LEE:6.193979740142822 sec.]
[LEEbkz:MW_Codeword_LEE:5.56836462020874 sec.]
[LEEbkz:MW_Codeword_LEE:5.8941521644592285 sec.]
[LEEbkz:MW_Codeword_LEE:13.195237636566162 sec.]
[LEEbkz:MW_Codeword_LEE:6.193068981170654 sec.]
[LEEbkz:MW_Codeword_LEE:5.5622239112854 sec.]
[LEEbkz:MW_Codeword_LEE:5.817043781280518 sec.]
[LEEbkz:MW_Codeword_LEE:5.559393405914307 sec.]
[LEEbkz:MW_Codeword_LEE:13.122125148773193 sec.]
[LEEbkz:MW_Codeword_LEE:6.198755979537964 sec.]
[LEEbkz:MW_Codeword_LEE:5.561676263809204 sec.]
[LEEbkz:MW_Codeword_LEE:5.815180778503418 sec.]
[LEEbkz:MW_Codeword_LEE:5.562150478363037 sec.]
[LEEbkz:MW_Codeword_LEE:13.056612491607666 sec.]
[LEEbkz:MW_Codeword_LEE:6.273731231689453 sec.]
[LEEbkz:MW_Codeword_LEE:5.560057878494263 sec.]
[LEEbkz:MW_Codeword_LEE:5.817157030105591 sec.]
[LEEbkz:MW_Codeword_LEE:5.56148886680603 sec.]
[LEEbkz:MW_Codeword_LEE:5.814129829406738 sec.]
[LEEbkz:MW_Codeword_LEE:13.05650544166565 sec.]
[LEEbkz:MW_Codeword_LEE:6.197258234024048 sec.]
[LEEbkz:MW_Codeword_LEE:5.56154465675354 sec.]
[LEEbkz:MW_Codeword_LEE:5.824438571929932 sec.]
[LEEbkz:MW_Codeword_LEE:5.559314012527466 sec.]
[LEEbkz:MW_Codeword_LEE:5.8178184032440186 sec.]
[LEEbkz:MW_Codeword_LEE:13.084888696670532 sec.]
[LEEbkz:MW_Codeword_LEE:6.19337797164917 sec.]
[LEEbkz:MW_Codeword_LEE:5.562021255493164 sec.]
[LEEbkz:MW_Codeword_LEE:6.051143646240234 sec.]
[LEEbkz:MW_Codeword_LEE:5.5598461627960205 sec.]
[LEEbkz:MW_Codeword_LEE:5.814601898193359 sec.]
[LEEbkz:MW_Codeword_LEE:6.24288535118103 sec.]
[LEEbkz:MW_Codeword_LEE:5.559876918792725 sec.]
[LEEbkz:MW_Codeword_LEE:5.815350294113159 sec.]
[LEEbkz:MW_Codeword_LEE:5.560257196426392 sec.]
Hamming profile after BKZ: [444, 61, 7, 3, 1, 2, 1, 1, 1, 1, 1, 1, 1, 1, 1, 1, 1, 1, 1, 1, 1, 1, 1, 1, 1, 1, 1, 1, 1, 1, 1, 1, 1, 1, 1, 1, 1, 1, 1, 1, 1, 1, 1, 1, 1, 1, 1, 1, 1, 1, 1, 1, 1, 1, 1, 1, 1, 1, 1, 1, 1, 1, 1, 1, 1, 1, 1, 1, 1, 1, 1, 1, 1, 1, 1, 1, 1, 1, 1, 1, 1, 1, 1, 1, 1, 1, 1, 1, 1, 1, 1, 1, 1, 1, 1, 1, 1, 1, 1, 1, 1, 1, 1, 1, 1, 1, 1, 1, 1, 1, 1, 1, 1, 1, 1, 1, 1, 1, 1, 1, 1, 1, 1, 1, 1, 1, 1, 1, 1, 1, 1, 1, 1, 1, 1, 1, 1, 1, 1, 1, 1, 1, 1, 1, 1, 1, 1, 1, 1, 1, 1, 1, 1, 1, 1, 1, 1, 1, 1, 1, 1, 1, 1, 1, 1, 1, 1, 1, 1, 1, 1, 1, 1, 1, 1, 1, 1, 1, 1, 1, 1, 1, 1, 1, 1, 1, 1, 1, 1, 1, 1, 1, 1, 1, 1, 1, 1, 1, 1, 1, 1, 1, 1, 1, 1, 1, 1, 1, 1, 1, 1, 1, 1, 1, 1, 1, 1, 1, 1, 1, 1, 1, 1, 1, 1, 1, 1, 1, 1, 1, 1, 1, 1, 1, 1, 1, 1, 1, 1, 1, 1, 1, 1, 1, 1, 1, 1, 1, 1, 1, 1, 1, 1, 1, 1, 1, 1, 1, 1, 1, 1, 1, 1, 1, 1, 1, 1, 1, 1, 1, 1, 1, 1, 1, 1, 1, 1, 1, 1, 1, 1, 1, 1, 1, 1, 1, 1, 1, 1, 1, 1, 1, 1, 1, 1, 1, 1, 1, 1, 1, 1, 1, 1, 1, 1, 1, 1, 1, 1, 1, 1, 1, 1, 1, 1, 1, 1, 1, 1, 1, 1, 1, 1, 1, 1, 1, 1, 1, 1, 1, 1, 1, 1, 1, 1, 1, 1, 1, 1, 1, 1, 1, 1, 1, 1, 1, 1, 1, 1, 1, 1, 1, 1, 1, 1, 1, 1, 1, 1, 1, 1, 1, 1, 1, 1, 1, 1, 1, 1, 1, 1, 1, 1, 1, 1, 1, 1, 1, 1, 1, 1, 1, 1, 1, 1, 1, 1, 1, 1, 1, 1, 1, 1, 1, 1, 1, 1, 1, 1, 1, 1, 1, 1, 1, 1, 1, 1, 1, 1, 1, 1, 1, 1, 1, 1, 1, 1, 1, 1, 1, 1, 1, 1, 1, 1, 1, 1, 1, 1, 1, 1, 1, 1, 1, 1, 1, 1, 1, 1, 1, 1, 1, 1, 1, 1, 1, 1, 1, 1, 1, 1, 1, 1, 1, 1, 1, 1, 1, 1, 1, 1, 1, 1, 1, 1, 1, 1, 1, 1, 1, 1, 1, 1, 1, 1, 1, 1, 1, 1, 1, 1, 1, 1, 1, 1, 1, 1, 1, 1, 1, 1, 1, 1, 1, 1, 1, 1, 1, 1, 1, 1, 1, 1, 1, 1, 1, 1, 1, 1, 1, 1, 1]
Lee profile after BKZ: [1187, 131, 13, 3, 1, 2, 1, 1, 1, 1, 1, 1, 1, 1, 1, 1, 1, 1, 1, 1, 1, 1, 1, 1, 1, 1, 1, 1, 1, 1, 1, 1, 1, 1, 1, 1, 1, 1, 1, 1, 1, 1, 1, 1, 1, 1, 1, 1, 1, 1, 1, 1, 1, 1, 1, 1, 1, 1, 1, 1, 1, 1, 1, 1, 1, 1, 1, 1, 1, 1, 1, 1, 1, 1, 1, 1, 1, 1, 1, 1, 1, 1, 1, 1, 1, 1, 1, 1, 1, 1, 1, 1, 1, 1, 1, 1, 1, 1, 1, 1, 1, 1, 1, 1, 1, 1, 1, 1, 1, 1, 1, 1, 1, 1, 1, 1, 1, 1, 1, 1, 1, 1, 1, 1, 1, 1, 1, 1, 1, 1, 1, 1, 1, 1, 1, 1, 1, 1, 1, 1, 1, 1, 1, 1, 1, 1, 1, 1, 1, 1, 1, 1, 1, 1, 1, 1, 1, 1, 1, 1, 1, 1, 1, 1, 1, 1, 1, 1, 1, 1, 1, 1, 1, 1, 1, 1, 1, 1, 1, 1, 1, 1, 1, 1, 1, 1, 1, 1, 1, 1, 1, 1, 1, 1, 1, 1, 1, 1, 1, 1, 1, 1, 1, 1, 1, 1, 1, 1, 1, 1, 1, 1, 1, 1, 1, 1, 1, 1, 1, 1, 1, 1, 1, 1, 1, 1, 1, 1, 1, 1, 1, 1, 1, 1, 1, 1, 1, 1, 1, 1, 1, 1, 1, 1, 1, 1, 1, 1, 1, 1, 1, 1, 1, 1, 1, 1, 1, 1, 1, 1, 1, 1, 1, 1, 1, 1, 1, 1, 1, 1, 1, 1, 1, 1, 1, 1, 1, 1, 1, 1, 1, 1, 1, 1, 1, 1, 1, 1, 1, 1, 1, 1, 1, 1, 1, 1, 1, 1, 1, 1, 1, 1, 1, 1, 1, 1, 1, 1, 1, 1, 1, 1, 1, 1, 1, 1, 1, 1, 1, 1, 1, 1, 1, 1, 1, 1, 1, 1, 1, 1, 1, 1, 1, 1, 1, 1, 1, 1, 1, 1, 1, 1, 1, 1, 1, 1, 1, 1, 1, 1, 1, 1, 1, 1, 1, 1, 1, 1, 1, 1, 1, 1, 1, 1, 1, 1, 1, 1, 1, 1, 1, 1, 1, 1, 1, 1, 1, 1, 1, 1, 1, 1, 1, 1, 1, 1, 1, 1, 1, 1, 1, 1, 1, 1, 1, 1, 1, 1, 1, 1, 1, 1, 1, 1, 1, 1, 1, 1, 1, 1, 1, 1, 1, 1, 1, 1, 1, 1, 1, 1, 1, 1, 1, 1, 1, 1, 1, 1, 1, 1, 1, 1, 1, 1, 1, 1, 1, 1, 1, 1, 1, 1, 1, 1, 1, 1, 1, 1, 1, 1, 1, 1, 1, 1, 1, 1, 1, 1, 1, 1, 1, 1, 1, 1, 1, 1, 1, 1, 1, 1, 1, 1, 1, 1, 1, 1, 1, 1, 1, 1, 1, 1, 1, 1, 1, 1, 1, 1, 1, 1, 1, 1, 1, 1, 1, 1, 1, 1, 1, 1, 1, 1, 1, 1, 1, 1, 1, 1, 1, 1, 1, 1]
444<=B_red[0].wtL<=2220
B_red[0].wtH=444, B_red[0].wtL=1187


****************************************************
******** STATISTICS OVER N=10 samples ********
****************************************************
Reduced 10 matrices of size 512x1024 over F11
Proper basis wtH[0]=465.4 wtL[0]=1390.1
Reduced basis wtH[0]=450.7 wtL[0]=1199.5
Reduced basis avg. k1=4.8
Avg.time=791.7809557437897
Avg.Mw_codeword.calls=128.9
