RANDOM_SEED=6

Hamming profile: [462, 49, 4, 1, 1, 1, 1, 1, 1, 1, 1, 1, 1, 1, 1, 1, 1, 1, 1, 1, 1, 1, 1, 1, 1, 1, 1, 1, 1, 1, 1, 1, 1, 1, 1, 1, 1, 1, 1, 1, 1, 1, 1, 1, 1, 1, 1, 1, 1, 1, 1, 1, 1, 1, 1, 1, 1, 1, 1, 1, 1, 1, 1, 1, 1, 1, 1, 1, 1, 1, 1, 1, 1, 1, 1, 1, 1, 1, 1, 1, 1, 1, 1, 1, 1, 1, 1, 1, 1, 1, 1, 1, 1, 1, 1, 1, 1, 1, 1, 1, 1, 1, 1, 1, 1, 1, 1, 1, 1, 1, 1, 1, 1, 1, 1, 1, 1, 1, 1, 1, 1, 1, 1, 1, 1, 1, 1, 1, 1, 1, 1, 1, 1, 1, 1, 1, 1, 1, 1, 1, 1, 1, 1, 1, 1, 1, 1, 1, 1, 1, 1, 1, 1, 1, 1, 1, 1, 1, 1, 1, 1, 1, 1, 1, 1, 1, 1, 1, 1, 1, 1, 1, 1, 1, 1, 1, 1, 1, 1, 1, 1, 1, 1, 1, 1, 1, 1, 1, 1, 1, 1, 1, 1, 1, 1, 1, 1, 1, 1, 1, 1, 1, 1, 1, 1, 1, 1, 1, 1, 1, 1, 1, 1, 1, 1, 1, 1, 1, 1, 1, 1, 1, 1, 1, 1, 1, 1, 1, 1, 1, 1, 1, 1, 1, 1, 1, 1, 1, 1, 1, 1, 1, 1, 1, 1, 1, 1, 1, 1, 1, 1, 1, 1, 1, 1, 1, 1, 1, 1, 1, 1, 1, 1, 1, 1, 1, 1, 1, 1, 1, 1, 1, 1, 1, 1, 1, 1, 1, 1, 1, 1, 1, 1, 1, 1, 1, 1, 1, 1, 1, 1, 1, 1, 1, 1, 1, 1, 1, 1, 1, 1, 1, 1, 1, 1, 1, 1, 1, 1, 1, 1, 1, 1, 1, 1, 1, 1, 1, 1, 1, 1, 1, 1, 1, 1, 1, 1, 1, 1, 1, 1, 1, 1, 1, 1, 1, 1, 1, 1, 1, 1, 1, 1, 1, 1, 1, 1, 1, 1, 1, 1, 1, 1, 1, 1, 1, 1, 1, 1, 1, 1, 1, 1, 1, 1, 1, 1, 1, 1, 1, 1, 1, 1, 1, 1, 1, 1, 1, 1, 1, 1, 1, 1, 1, 1, 1, 1, 1, 1, 1, 1, 1, 1, 1, 1, 1, 1, 1, 1, 1, 1, 1, 1, 1, 1, 1, 1, 1, 1, 1, 1, 1, 1, 1, 1, 1, 1, 1, 1, 1, 1, 1, 1, 1, 1, 1, 1, 1, 1, 1, 1, 1, 1, 1, 1, 1, 1, 1, 1, 1, 1, 1, 1, 1, 1, 1, 1, 1, 1, 1, 1, 1, 1, 1, 1, 1, 1, 1, 1, 1, 1, 1, 1, 1, 1, 1, 1, 1, 1, 1, 1, 1, 1, 1, 1, 1, 1, 1, 1, 1, 1, 1, 1, 1, 1, 1, 1, 1, 1, 1, 1, 1, 1, 1, 1, 1, 1, 1, 1, 1, 1, 1, 1, 1, 1, 1, 1, 1, 1, 1, 1, 1]
Lee profile: [1444, 141, 9, 1, 1, 1, 1, 1, 1, 1, 1, 1, 1, 1, 1, 1, 1, 1, 1, 1, 1, 1, 1, 1, 1, 1, 1, 1, 1, 1, 1, 1, 1, 1, 1, 1, 1, 1, 1, 1, 1, 1, 1, 1, 1, 1, 1, 1, 1, 1, 1, 1, 1, 1, 1, 1, 1, 1, 1, 1, 1, 1, 1, 1, 1, 1, 1, 1, 1, 1, 1, 1, 1, 1, 1, 1, 1, 1, 1, 1, 1, 1, 1, 1, 1, 1, 1, 1, 1, 1, 1, 1, 1, 1, 1, 1, 1, 1, 1, 1, 1, 1, 1, 1, 1, 1, 1, 1, 1, 1, 1, 1, 1, 1, 1, 1, 1, 1, 1, 1, 1, 1, 1, 1, 1, 1, 1, 1, 1, 1, 1, 1, 1, 1, 1, 1, 1, 1, 1, 1, 1, 1, 1, 1, 1, 1, 1, 1, 1, 1, 1, 1, 1, 1, 1, 1, 1, 1, 1, 1, 1, 1, 1, 1, 1, 1, 1, 1, 1, 1, 1, 1, 1, 1, 1, 1, 1, 1, 1, 1, 1, 1, 1, 1, 1, 1, 1, 1, 1, 1, 1, 1, 1, 1, 1, 1, 1, 1, 1, 1, 1, 1, 1, 1, 1, 1, 1, 1, 1, 1, 1, 1, 1, 1, 1, 1, 1, 1, 1, 1, 1, 1, 1, 1, 1, 1, 1, 1, 1, 1, 1, 1, 1, 1, 1, 1, 1, 1, 1, 1, 1, 1, 1, 1, 1, 1, 1, 1, 1, 1, 1, 1, 1, 1, 1, 1, 1, 1, 1, 1, 1, 1, 1, 1, 1, 1, 1, 1, 1, 1, 1, 1, 1, 1, 1, 1, 1, 1, 1, 1, 1, 1, 1, 1, 1, 1, 1, 1, 1, 1, 1, 1, 1, 1, 1, 1, 1, 1, 1, 1, 1, 1, 1, 1, 1, 1, 1, 1, 1, 1, 1, 1, 1, 1, 1, 1, 1, 1, 1, 1, 1, 1, 1, 1, 1, 1, 1, 1, 1, 1, 1, 1, 1, 1, 1, 1, 1, 1, 1, 1, 1, 1, 1, 1, 1, 1, 1, 1, 1, 1, 1, 1, 1, 1, 1, 1, 1, 1, 1, 1, 1, 1, 1, 1, 1, 1, 1, 1, 1, 1, 1, 1, 1, 1, 1, 1, 1, 1, 1, 1, 1, 1, 1, 1, 1, 1, 1, 1, 1, 1, 1, 1, 1, 1, 1, 1, 1, 1, 1, 1, 1, 1, 1, 1, 1, 1, 1, 1, 1, 1, 1, 1, 1, 1, 1, 1, 1, 1, 1, 1, 1, 1, 1, 1, 1, 1, 1, 1, 1, 1, 1, 1, 1, 1, 1, 1, 1, 1, 1, 1, 1, 1, 1, 1, 1, 1, 1, 1, 1, 1, 1, 1, 1, 1, 1, 1, 1, 1, 1, 1, 1, 1, 1, 1, 1, 1, 1, 1, 1, 1, 1, 1, 1, 1, 1, 1, 1, 1, 1, 1, 1, 1, 1, 1, 1, 1, 1, 1, 1, 1, 1, 1, 1, 1, 1, 1, 1, 1, 1, 1, 1, 1, 1, 1, 1, 1, 1, 1, 1, 1, 1, 1]
462<=B[0].wtL<=2310
B[0].wtH=462, B[0].wtL=1444

--- LeeBKZ with beta=7, bkz with minimum_lee_wt_codeword (may be non-primitive) ---
[LEEbkz:MW_Codeword_LEE:1.3012211322784424 sec.]
[LEEbkz:MW_Codeword_LEE:0.580646276473999 sec.]
[LEEbkz:MW_Codeword_LEE:1.3066644668579102 sec.]
[LEEbkz:MW_Codeword_LEE:0.6376998424530029 sec.]
[LEEbkz:MW_Codeword_LEE:0.5561995506286621 sec.]
[LEEbkz:MW_Codeword_LEE:1.3045845031738281 sec.]
[LEEbkz:MW_Codeword_LEE:0.5803332328796387 sec.]
[LEEbkz:MW_Codeword_LEE:0.5566465854644775 sec.]
[LEEbkz:MW_Codeword_LEE:0.5568530559539795 sec.]
[LEEbkz:MW_Codeword_LEE:1.2985424995422363 sec.]
[LEEbkz:MW_Codeword_LEE:0.5793910026550293 sec.]
[LEEbkz:MW_Codeword_LEE:0.5570888519287109 sec.]
[LEEbkz:MW_Codeword_LEE:0.5560348033905029 sec.]
[LEEbkz:MW_Codeword_LEE:0.5560555458068848 sec.]
[LEEbkz:MW_Codeword_LEE:1.3269500732421875 sec.]
[LEEbkz:MW_Codeword_LEE:0.619816780090332 sec.]
[LEEbkz:MW_Codeword_LEE:1.3332011699676514 sec.]
[LEEbkz:MW_Codeword_LEE:0.6201908588409424 sec.]
[LEEbkz:MW_Codeword_LEE:0.556190013885498 sec.]
[LEEbkz:MW_Codeword_LEE:1.2973852157592773 sec.]
[LEEbkz:MW_Codeword_LEE:0.6192266941070557 sec.]
[LEEbkz:MW_Codeword_LEE:0.567631721496582 sec.]
[LEEbkz:MW_Codeword_LEE:0.6007447242736816 sec.]
[LEEbkz:MW_Codeword_LEE:1.2959628105163574 sec.]
[LEEbkz:MW_Codeword_LEE:0.6197597980499268 sec.]
[LEEbkz:MW_Codeword_LEE:0.5562887191772461 sec.]
[LEEbkz:MW_Codeword_LEE:0.557042121887207 sec.]
[LEEbkz:MW_Codeword_LEE:0.5561676025390625 sec.]
[LEEbkz:MW_Codeword_LEE:1.298766851425171 sec.]
[LEEbkz:MW_Codeword_LEE:0.6284971237182617 sec.]
[LEEbkz:MW_Codeword_LEE:1.2989633083343506 sec.]
[LEEbkz:MW_Codeword_LEE:0.6192209720611572 sec.]
[LEEbkz:MW_Codeword_LEE:0.5568962097167969 sec.]
[LEEbkz:MW_Codeword_LEE:1.2983405590057373 sec.]
[LEEbkz:MW_Codeword_LEE:0.619877815246582 sec.]
[LEEbkz:MW_Codeword_LEE:1.2983500957489014 sec.]
[LEEbkz:MW_Codeword_LEE:0.6199319362640381 sec.]
[LEEbkz:MW_Codeword_LEE:0.5566861629486084 sec.]
[LEEbkz:MW_Codeword_LEE:1.3069169521331787 sec.]
[LEEbkz:MW_Codeword_LEE:0.6190488338470459 sec.]
[LEEbkz:MW_Codeword_LEE:0.5566842555999756 sec.]
[LEEbkz:MW_Codeword_LEE:0.5564303398132324 sec.]
[LEEbkz:MW_Codeword_LEE:1.321162462234497 sec.]
[LEEbkz:MW_Codeword_LEE:0.6204249858856201 sec.]
[LEEbkz:MW_Codeword_LEE:0.5567221641540527 sec.]
[LEEbkz:MW_Codeword_LEE:0.5564050674438477 sec.]
[LEEbkz:MW_Codeword_LEE:0.5558087825775146 sec.]
[LEEbkz:MW_Codeword_LEE:1.296548843383789 sec.]
[LEEbkz:MW_Codeword_LEE:0.6256139278411865 sec.]
[LEEbkz:MW_Codeword_LEE:0.5570921897888184 sec.]
[LEEbkz:MW_Codeword_LEE:0.5572924613952637 sec.]
[LEEbkz:MW_Codeword_LEE:0.5561649799346924 sec.]
[LEEbkz:MW_Codeword_LEE:1.2978899478912354 sec.]
[LEEbkz:MW_Codeword_LEE:0.6292431354522705 sec.]
[LEEbkz:MW_Codeword_LEE:0.5577342510223389 sec.]
[LEEbkz:MW_Codeword_LEE:0.557807207107544 sec.]
[LEEbkz:MW_Codeword_LEE:0.5673198699951172 sec.]
[LEEbkz:MW_Codeword_LEE:0.5568544864654541 sec.]
[LEEbkz:MW_Codeword_LEE:1.344548225402832 sec.]
[LEEbkz:MW_Codeword_LEE:0.6189568042755127 sec.]
[LEEbkz:MW_Codeword_LEE:0.5566322803497314 sec.]
[LEEbkz:MW_Codeword_LEE:0.5567162036895752 sec.]
[LEEbkz:MW_Codeword_LEE:0.5565700531005859 sec.]
[LEEbkz:MW_Codeword_LEE:0.5788216590881348 sec.]
[LEEbkz:MW_Codeword_LEE:0.6196520328521729 sec.]
[LEEbkz:MW_Codeword_LEE:0.5573382377624512 sec.]
[LEEbkz:MW_Codeword_LEE:0.5563030242919922 sec.]
[LEEbkz:MW_Codeword_LEE:0.5559816360473633 sec.]
[LEEbkz:MW_Codeword_LEE:0.5557584762573242 sec.]
[LEEbkz:MW_Codeword_LEE:0.6008391380310059 sec.]
[LEEbkz:MW_Codeword_LEE:0.5671236515045166 sec.]
[LEEbkz:MW_Codeword_LEE:0.5560791492462158 sec.]
Hamming profile after BKZ: [454, 45, 14, 2, 1, 2, 1, 1, 1, 1, 1, 1, 1, 1, 1, 1, 1, 1, 1, 1, 1, 1, 1, 1, 1, 1, 1, 1, 1, 1, 1, 1, 1, 1, 1, 1, 1, 1, 1, 1, 1, 1, 1, 1, 1, 1, 1, 1, 1, 1, 1, 1, 1, 1, 1, 1, 1, 1, 1, 1, 1, 1, 1, 1, 1, 1, 1, 1, 1, 1, 1, 1, 1, 1, 1, 1, 1, 1, 1, 1, 1, 1, 1, 1, 1, 1, 1, 1, 1, 1, 1, 1, 1, 1, 1, 1, 1, 1, 1, 1, 1, 1, 1, 1, 1, 1, 1, 1, 1, 1, 1, 1, 1, 1, 1, 1, 1, 1, 1, 1, 1, 1, 1, 1, 1, 1, 1, 1, 1, 1, 1, 1, 1, 1, 1, 1, 1, 1, 1, 1, 1, 1, 1, 1, 1, 1, 1, 1, 1, 1, 1, 1, 1, 1, 1, 1, 1, 1, 1, 1, 1, 1, 1, 1, 1, 1, 1, 1, 1, 1, 1, 1, 1, 1, 1, 1, 1, 1, 1, 1, 1, 1, 1, 1, 1, 1, 1, 1, 1, 1, 1, 1, 1, 1, 1, 1, 1, 1, 1, 1, 1, 1, 1, 1, 1, 1, 1, 1, 1, 1, 1, 1, 1, 1, 1, 1, 1, 1, 1, 1, 1, 1, 1, 1, 1, 1, 1, 1, 1, 1, 1, 1, 1, 1, 1, 1, 1, 1, 1, 1, 1, 1, 1, 1, 1, 1, 1, 1, 1, 1, 1, 1, 1, 1, 1, 1, 1, 1, 1, 1, 1, 1, 1, 1, 1, 1, 1, 1, 1, 1, 1, 1, 1, 1, 1, 1, 1, 1, 1, 1, 1, 1, 1, 1, 1, 1, 1, 1, 1, 1, 1, 1, 1, 1, 1, 1, 1, 1, 1, 1, 1, 1, 1, 1, 1, 1, 1, 1, 1, 1, 1, 1, 1, 1, 1, 1, 1, 1, 1, 1, 1, 1, 1, 1, 1, 1, 1, 1, 1, 1, 1, 1, 1, 1, 1, 1, 1, 1, 1, 1, 1, 1, 1, 1, 1, 1, 1, 1, 1, 1, 1, 1, 1, 1, 1, 1, 1, 1, 1, 1, 1, 1, 1, 1, 1, 1, 1, 1, 1, 1, 1, 1, 1, 1, 1, 1, 1, 1, 1, 1, 1, 1, 1, 1, 1, 1, 1, 1, 1, 1, 1, 1, 1, 1, 1, 1, 1, 1, 1, 1, 1, 1, 1, 1, 1, 1, 1, 1, 1, 1, 1, 1, 1, 1, 1, 1, 1, 1, 1, 1, 1, 1, 1, 1, 1, 1, 1, 1, 1, 1, 1, 1, 1, 1, 1, 1, 1, 1, 1, 1, 1, 1, 1, 1, 1, 1, 1, 1, 1, 1, 1, 1, 1, 1, 1, 1, 1, 1, 1, 1, 1, 1, 1, 1, 1, 1, 1, 1, 1, 1, 1, 1, 1, 1, 1, 1, 1, 1, 1, 1, 1, 1, 1, 1, 1, 1, 1, 1, 1, 1, 1, 1, 1, 1, 1, 1, 1, 1, 1, 1, 1, 1, 1, 1, 1, 1, 1, 1, 1, 1, 1, 1]
Lee profile after BKZ: [1222, 104, 23, 2, 1, 2, 1, 1, 1, 1, 1, 1, 1, 1, 1, 1, 1, 1, 1, 1, 1, 1, 1, 1, 1, 1, 1, 1, 1, 1, 1, 1, 1, 1, 1, 1, 1, 1, 1, 1, 1, 1, 1, 1, 1, 1, 1, 1, 1, 1, 1, 1, 1, 1, 1, 1, 1, 1, 1, 1, 1, 1, 1, 1, 1, 1, 1, 1, 1, 1, 1, 1, 1, 1, 1, 1, 1, 1, 1, 1, 1, 1, 1, 1, 1, 1, 1, 1, 1, 1, 1, 1, 1, 1, 1, 1, 1, 1, 1, 1, 1, 1, 1, 1, 1, 1, 1, 1, 1, 1, 1, 1, 1, 1, 1, 1, 1, 1, 1, 1, 1, 1, 1, 1, 1, 1, 1, 1, 1, 1, 1, 1, 1, 1, 1, 1, 1, 1, 1, 1, 1, 1, 1, 1, 1, 1, 1, 1, 1, 1, 1, 1, 1, 1, 1, 1, 1, 1, 1, 1, 1, 1, 1, 1, 1, 1, 1, 1, 1, 1, 1, 1, 1, 1, 1, 1, 1, 1, 1, 1, 1, 1, 1, 1, 1, 1, 1, 1, 1, 1, 1, 1, 1, 1, 1, 1, 1, 1, 1, 1, 1, 1, 1, 1, 1, 1, 1, 1, 1, 1, 1, 1, 1, 1, 1, 1, 1, 1, 1, 1, 1, 1, 1, 1, 1, 1, 1, 1, 1, 1, 1, 1, 1, 1, 1, 1, 1, 1, 1, 1, 1, 1, 1, 1, 1, 1, 1, 1, 1, 1, 1, 1, 1, 1, 1, 1, 1, 1, 1, 1, 1, 1, 1, 1, 1, 1, 1, 1, 1, 1, 1, 1, 1, 1, 1, 1, 1, 1, 1, 1, 1, 1, 1, 1, 1, 1, 1, 1, 1, 1, 1, 1, 1, 1, 1, 1, 1, 1, 1, 1, 1, 1, 1, 1, 1, 1, 1, 1, 1, 1, 1, 1, 1, 1, 1, 1, 1, 1, 1, 1, 1, 1, 1, 1, 1, 1, 1, 1, 1, 1, 1, 1, 1, 1, 1, 1, 1, 1, 1, 1, 1, 1, 1, 1, 1, 1, 1, 1, 1, 1, 1, 1, 1, 1, 1, 1, 1, 1, 1, 1, 1, 1, 1, 1, 1, 1, 1, 1, 1, 1, 1, 1, 1, 1, 1, 1, 1, 1, 1, 1, 1, 1, 1, 1, 1, 1, 1, 1, 1, 1, 1, 1, 1, 1, 1, 1, 1, 1, 1, 1, 1, 1, 1, 1, 1, 1, 1, 1, 1, 1, 1, 1, 1, 1, 1, 1, 1, 1, 1, 1, 1, 1, 1, 1, 1, 1, 1, 1, 1, 1, 1, 1, 1, 1, 1, 1, 1, 1, 1, 1, 1, 1, 1, 1, 1, 1, 1, 1, 1, 1, 1, 1, 1, 1, 1, 1, 1, 1, 1, 1, 1, 1, 1, 1, 1, 1, 1, 1, 1, 1, 1, 1, 1, 1, 1, 1, 1, 1, 1, 1, 1, 1, 1, 1, 1, 1, 1, 1, 1, 1, 1, 1, 1, 1, 1, 1, 1, 1, 1, 1, 1, 1, 1, 1, 1, 1, 1, 1, 1, 1, 1, 1]
454<=B_red[0].wtL<=2270
B_red[0].wtH=454, B_red[0].wtL=1222

Hamming profile: [473, 40, 2, 1, 1, 1, 1, 1, 1, 1, 1, 1, 1, 1, 1, 1, 1, 1, 1, 1, 1, 1, 1, 1, 1, 1, 1, 1, 1, 1, 1, 1, 1, 1, 1, 1, 1, 1, 1, 1, 1, 1, 1, 1, 1, 1, 1, 1, 1, 1, 1, 1, 1, 1, 1, 1, 1, 1, 1, 1, 1, 1, 1, 1, 1, 1, 1, 1, 1, 1, 1, 1, 1, 1, 1, 1, 1, 1, 1, 1, 1, 1, 1, 1, 1, 1, 1, 1, 1, 1, 1, 1, 1, 1, 1, 1, 1, 1, 1, 1, 1, 1, 1, 1, 1, 1, 1, 1, 1, 1, 1, 1, 1, 1, 1, 1, 1, 1, 1, 1, 1, 1, 1, 1, 1, 1, 1, 1, 1, 1, 1, 1, 1, 1, 1, 1, 1, 1, 1, 1, 1, 1, 1, 1, 1, 1, 1, 1, 1, 1, 1, 1, 1, 1, 1, 1, 1, 1, 1, 1, 1, 1, 1, 1, 1, 1, 1, 1, 1, 1, 1, 1, 1, 1, 1, 1, 1, 1, 1, 1, 1, 1, 1, 1, 1, 1, 1, 1, 1, 1, 1, 1, 1, 1, 1, 1, 1, 1, 1, 1, 1, 1, 1, 1, 1, 1, 1, 1, 1, 1, 1, 1, 1, 1, 1, 1, 1, 1, 1, 1, 1, 1, 1, 1, 1, 1, 1, 1, 1, 1, 1, 1, 1, 1, 1, 1, 1, 1, 1, 1, 1, 1, 1, 1, 1, 1, 1, 1, 1, 1, 1, 1, 1, 1, 1, 1, 1, 1, 1, 1, 1, 1, 1, 1, 1, 1, 1, 1, 1, 1, 1, 1, 1, 1, 1, 1, 1, 1, 1, 1, 1, 1, 1, 1, 1, 1, 1, 1, 1, 1, 1, 1, 1, 1, 1, 1, 1, 1, 1, 1, 1, 1, 1, 1, 1, 1, 1, 1, 1, 1, 1, 1, 1, 1, 1, 1, 1, 1, 1, 1, 1, 1, 1, 1, 1, 1, 1, 1, 1, 1, 1, 1, 1, 1, 1, 1, 1, 1, 1, 1, 1, 1, 1, 1, 1, 1, 1, 1, 1, 1, 1, 1, 1, 1, 1, 1, 1, 1, 1, 1, 1, 1, 1, 1, 1, 1, 1, 1, 1, 1, 1, 1, 1, 1, 1, 1, 1, 1, 1, 1, 1, 1, 1, 1, 1, 1, 1, 1, 1, 1, 1, 1, 1, 1, 1, 1, 1, 1, 1, 1, 1, 1, 1, 1, 1, 1, 1, 1, 1, 1, 1, 1, 1, 1, 1, 1, 1, 1, 1, 1, 1, 1, 1, 1, 1, 1, 1, 1, 1, 1, 1, 1, 1, 1, 1, 1, 1, 1, 1, 1, 1, 1, 1, 1, 1, 1, 1, 1, 1, 1, 1, 1, 1, 1, 1, 1, 1, 1, 1, 1, 1, 1, 1, 1, 1, 1, 1, 1, 1, 1, 1, 1, 1, 1, 1, 1, 1, 1, 1, 1, 1, 1, 1, 1, 1, 1, 1, 1, 1, 1, 1, 1, 1, 1, 1, 1, 1, 1, 1, 1, 1, 1, 1, 1, 1, 1, 1, 1, 1, 1, 1, 1]
Lee profile: [1367, 120, 2, 1, 1, 1, 1, 1, 1, 1, 1, 1, 1, 1, 1, 1, 1, 1, 1, 1, 1, 1, 1, 1, 1, 1, 1, 1, 1, 1, 1, 1, 1, 1, 1, 1, 1, 1, 1, 1, 1, 1, 1, 1, 1, 1, 1, 1, 1, 1, 1, 1, 1, 1, 1, 1, 1, 1, 1, 1, 1, 1, 1, 1, 1, 1, 1, 1, 1, 1, 1, 1, 1, 1, 1, 1, 1, 1, 1, 1, 1, 1, 1, 1, 1, 1, 1, 1, 1, 1, 1, 1, 1, 1, 1, 1, 1, 1, 1, 1, 1, 1, 1, 1, 1, 1, 1, 1, 1, 1, 1, 1, 1, 1, 1, 1, 1, 1, 1, 1, 1, 1, 1, 1, 1, 1, 1, 1, 1, 1, 1, 1, 1, 1, 1, 1, 1, 1, 1, 1, 1, 1, 1, 1, 1, 1, 1, 1, 1, 1, 1, 1, 1, 1, 1, 1, 1, 1, 1, 1, 1, 1, 1, 1, 1, 1, 1, 1, 1, 1, 1, 1, 1, 1, 1, 1, 1, 1, 1, 1, 1, 1, 1, 1, 1, 1, 1, 1, 1, 1, 1, 1, 1, 1, 1, 1, 1, 1, 1, 1, 1, 1, 1, 1, 1, 1, 1, 1, 1, 1, 1, 1, 1, 1, 1, 1, 1, 1, 1, 1, 1, 1, 1, 1, 1, 1, 1, 1, 1, 1, 1, 1, 1, 1, 1, 1, 1, 1, 1, 1, 1, 1, 1, 1, 1, 1, 1, 1, 1, 1, 1, 1, 1, 1, 1, 1, 1, 1, 1, 1, 1, 1, 1, 1, 1, 1, 1, 1, 1, 1, 1, 1, 1, 1, 1, 1, 1, 1, 1, 1, 1, 1, 1, 1, 1, 1, 1, 1, 1, 1, 1, 1, 1, 1, 1, 1, 1, 1, 1, 1, 1, 1, 1, 1, 1, 1, 1, 1, 1, 1, 1, 1, 1, 1, 1, 1, 1, 1, 1, 1, 1, 1, 1, 1, 1, 1, 1, 1, 1, 1, 1, 1, 1, 1, 1, 1, 1, 1, 1, 1, 1, 1, 1, 1, 1, 1, 1, 1, 1, 1, 1, 1, 1, 1, 1, 1, 1, 1, 1, 1, 1, 1, 1, 1, 1, 1, 1, 1, 1, 1, 1, 1, 1, 1, 1, 1, 1, 1, 1, 1, 1, 1, 1, 1, 1, 1, 1, 1, 1, 1, 1, 1, 1, 1, 1, 1, 1, 1, 1, 1, 1, 1, 1, 1, 1, 1, 1, 1, 1, 1, 1, 1, 1, 1, 1, 1, 1, 1, 1, 1, 1, 1, 1, 1, 1, 1, 1, 1, 1, 1, 1, 1, 1, 1, 1, 1, 1, 1, 1, 1, 1, 1, 1, 1, 1, 1, 1, 1, 1, 1, 1, 1, 1, 1, 1, 1, 1, 1, 1, 1, 1, 1, 1, 1, 1, 1, 1, 1, 1, 1, 1, 1, 1, 1, 1, 1, 1, 1, 1, 1, 1, 1, 1, 1, 1, 1, 1, 1, 1, 1, 1, 1, 1, 1, 1, 1, 1, 1, 1, 1, 1, 1, 1, 1, 1, 1, 1, 1, 1, 1, 1, 1]
473<=B[0].wtL<=2365
B[0].wtH=473, B[0].wtL=1367

--- LeeBKZ with beta=7, bkz with minimum_lee_wt_codeword (may be non-primitive) ---
[LEEbkz:MW_Codeword_LEE:1.3356497287750244 sec.]
[LEEbkz:MW_Codeword_LEE:0.6208434104919434 sec.]
[LEEbkz:MW_Codeword_LEE:1.2964928150177002 sec.]
[LEEbkz:MW_Codeword_LEE:0.6205141544342041 sec.]
[LEEbkz:MW_Codeword_LEE:0.5569295883178711 sec.]
[LEEbkz:MW_Codeword_LEE:1.3453059196472168 sec.]
[LEEbkz:MW_Codeword_LEE:0.6208693981170654 sec.]
[LEEbkz:MW_Codeword_LEE:0.5568089485168457 sec.]
[LEEbkz:MW_Codeword_LEE:0.5560648441314697 sec.]
[LEEbkz:MW_Codeword_LEE:1.3383963108062744 sec.]
[LEEbkz:MW_Codeword_LEE:0.6196868419647217 sec.]
[LEEbkz:MW_Codeword_LEE:0.5564303398132324 sec.]
[LEEbkz:MW_Codeword_LEE:0.5567941665649414 sec.]
[LEEbkz:MW_Codeword_LEE:1.344853162765503 sec.]
[LEEbkz:MW_Codeword_LEE:0.619633674621582 sec.]
[LEEbkz:MW_Codeword_LEE:1.3426589965820312 sec.]
[LEEbkz:MW_Codeword_LEE:0.6195473670959473 sec.]
[LEEbkz:MW_Codeword_LEE:0.5561785697937012 sec.]
[LEEbkz:MW_Codeword_LEE:1.3419418334960938 sec.]
[LEEbkz:MW_Codeword_LEE:0.6812717914581299 sec.]
[LEEbkz:MW_Codeword_LEE:0.5564634799957275 sec.]
[LEEbkz:MW_Codeword_LEE:0.5559659004211426 sec.]
[LEEbkz:MW_Codeword_LEE:1.3440322875976562 sec.]
[LEEbkz:MW_Codeword_LEE:0.6251022815704346 sec.]
[LEEbkz:MW_Codeword_LEE:0.5563337802886963 sec.]
[LEEbkz:MW_Codeword_LEE:0.55647873878479 sec.]
[LEEbkz:MW_Codeword_LEE:0.5566012859344482 sec.]
[LEEbkz:MW_Codeword_LEE:1.3443949222564697 sec.]
[LEEbkz:MW_Codeword_LEE:0.6195240020751953 sec.]
[LEEbkz:MW_Codeword_LEE:0.5675756931304932 sec.]
[LEEbkz:MW_Codeword_LEE:0.5559577941894531 sec.]
[LEEbkz:MW_Codeword_LEE:0.6007001399993896 sec.]
[LEEbkz:MW_Codeword_LEE:0.5558300018310547 sec.]
[LEEbkz:MW_Codeword_LEE:1.3418927192687988 sec.]
[LEEbkz:MW_Codeword_LEE:0.6297619342803955 sec.]
[LEEbkz:MW_Codeword_LEE:1.304311752319336 sec.]
[LEEbkz:MW_Codeword_LEE:0.6195571422576904 sec.]
[LEEbkz:MW_Codeword_LEE:0.557013750076294 sec.]
[LEEbkz:MW_Codeword_LEE:1.3614623546600342 sec.]
[LEEbkz:MW_Codeword_LEE:0.6195566654205322 sec.]
[LEEbkz:MW_Codeword_LEE:0.5570650100708008 sec.]
[LEEbkz:MW_Codeword_LEE:0.5564315319061279 sec.]
[LEEbkz:MW_Codeword_LEE:1.3227958679199219 sec.]
[LEEbkz:MW_Codeword_LEE:0.6196975708007812 sec.]
[LEEbkz:MW_Codeword_LEE:0.5568578243255615 sec.]
[LEEbkz:MW_Codeword_LEE:0.5565826892852783 sec.]
[LEEbkz:MW_Codeword_LEE:1.424159288406372 sec.]
[LEEbkz:MW_Codeword_LEE:0.6292459964752197 sec.]
[LEEbkz:MW_Codeword_LEE:0.5570411682128906 sec.]
[LEEbkz:MW_Codeword_LEE:0.5566999912261963 sec.]
[LEEbkz:MW_Codeword_LEE:1.3846659660339355 sec.]
[LEEbkz:MW_Codeword_LEE:0.6290130615234375 sec.]
[LEEbkz:MW_Codeword_LEE:0.5557818412780762 sec.]
[LEEbkz:MW_Codeword_LEE:0.5581440925598145 sec.]
[LEEbkz:MW_Codeword_LEE:1.3475637435913086 sec.]
[LEEbkz:MW_Codeword_LEE:0.6193714141845703 sec.]
[LEEbkz:MW_Codeword_LEE:1.2984066009521484 sec.]
[LEEbkz:MW_Codeword_LEE:0.6195523738861084 sec.]
[LEEbkz:MW_Codeword_LEE:0.556053876876831 sec.]
[LEEbkz:MW_Codeword_LEE:1.2962193489074707 sec.]
[LEEbkz:MW_Codeword_LEE:0.6203854084014893 sec.]
[LEEbkz:MW_Codeword_LEE:0.5566411018371582 sec.]
[LEEbkz:MW_Codeword_LEE:0.556427001953125 sec.]
[LEEbkz:MW_Codeword_LEE:1.3372783660888672 sec.]
[LEEbkz:MW_Codeword_LEE:0.6201457977294922 sec.]
[LEEbkz:MW_Codeword_LEE:0.5559167861938477 sec.]
[LEEbkz:MW_Codeword_LEE:0.5571115016937256 sec.]
[LEEbkz:MW_Codeword_LEE:1.3654837608337402 sec.]
[LEEbkz:MW_Codeword_LEE:0.6192841529846191 sec.]
[LEEbkz:MW_Codeword_LEE:0.5671141147613525 sec.]
[LEEbkz:MW_Codeword_LEE:0.5556473731994629 sec.]
[LEEbkz:MW_Codeword_LEE:1.3935449123382568 sec.]
[LEEbkz:MW_Codeword_LEE:0.6195986270904541 sec.]
[LEEbkz:MW_Codeword_LEE:0.556023359298706 sec.]
[LEEbkz:MW_Codeword_LEE:0.556450366973877 sec.]
[LEEbkz:MW_Codeword_LEE:1.3654630184173584 sec.]
[LEEbkz:MW_Codeword_LEE:0.6197395324707031 sec.]
[LEEbkz:MW_Codeword_LEE:1.3381247520446777 sec.]
[LEEbkz:MW_Codeword_LEE:0.6193432807922363 sec.]
[LEEbkz:MW_Codeword_LEE:0.556358814239502 sec.]
[LEEbkz:MW_Codeword_LEE:1.3604578971862793 sec.]
[LEEbkz:MW_Codeword_LEE:0.6194517612457275 sec.]
[LEEbkz:MW_Codeword_LEE:0.5559825897216797 sec.]
[LEEbkz:MW_Codeword_LEE:0.5564754009246826 sec.]
[LEEbkz:MW_Codeword_LEE:1.3645009994506836 sec.]
[LEEbkz:MW_Codeword_LEE:0.6196801662445068 sec.]
[LEEbkz:MW_Codeword_LEE:0.5566561222076416 sec.]
[LEEbkz:MW_Codeword_LEE:0.5556011199951172 sec.]
[LEEbkz:MW_Codeword_LEE:0.5564956665039062 sec.]
[LEEbkz:MW_Codeword_LEE:1.3438355922698975 sec.]
[LEEbkz:MW_Codeword_LEE:0.6205391883850098 sec.]
[LEEbkz:MW_Codeword_LEE:0.5557825565338135 sec.]
[LEEbkz:MW_Codeword_LEE:0.5567958354949951 sec.]
[LEEbkz:MW_Codeword_LEE:0.5568463802337646 sec.]
[LEEbkz:MW_Codeword_LEE:0.5556318759918213 sec.]
[LEEbkz:MW_Codeword_LEE:1.3786845207214355 sec.]
[LEEbkz:MW_Codeword_LEE:0.6195178031921387 sec.]
[LEEbkz:MW_Codeword_LEE:0.5559132099151611 sec.]
[LEEbkz:MW_Codeword_LEE:0.5567195415496826 sec.]
[LEEbkz:MW_Codeword_LEE:0.5556106567382812 sec.]
[LEEbkz:MW_Codeword_LEE:0.5561666488647461 sec.]
[LEEbkz:MW_Codeword_LEE:1.3647410869598389 sec.]
[LEEbkz:MW_Codeword_LEE:0.6672999858856201 sec.]
[LEEbkz:MW_Codeword_LEE:0.5567443370819092 sec.]
[LEEbkz:MW_Codeword_LEE:0.55599045753479 sec.]
[LEEbkz:MW_Codeword_LEE:0.5561881065368652 sec.]
Hamming profile after BKZ: [453, 54, 5, 2, 3, 1, 1, 1, 1, 1, 1, 1, 1, 1, 1, 1, 1, 1, 1, 1, 1, 1, 1, 1, 1, 1, 1, 1, 1, 1, 1, 1, 1, 1, 1, 1, 1, 1, 1, 1, 1, 1, 1, 1, 1, 1, 1, 1, 1, 1, 1, 1, 1, 1, 1, 1, 1, 1, 1, 1, 1, 1, 1, 1, 1, 1, 1, 1, 1, 1, 1, 1, 1, 1, 1, 1, 1, 1, 1, 1, 1, 1, 1, 1, 1, 1, 1, 1, 1, 1, 1, 1, 1, 1, 1, 1, 1, 1, 1, 1, 1, 1, 1, 1, 1, 1, 1, 1, 1, 1, 1, 1, 1, 1, 1, 1, 1, 1, 1, 1, 1, 1, 1, 1, 1, 1, 1, 1, 1, 1, 1, 1, 1, 1, 1, 1, 1, 1, 1, 1, 1, 1, 1, 1, 1, 1, 1, 1, 1, 1, 1, 1, 1, 1, 1, 1, 1, 1, 1, 1, 1, 1, 1, 1, 1, 1, 1, 1, 1, 1, 1, 1, 1, 1, 1, 1, 1, 1, 1, 1, 1, 1, 1, 1, 1, 1, 1, 1, 1, 1, 1, 1, 1, 1, 1, 1, 1, 1, 1, 1, 1, 1, 1, 1, 1, 1, 1, 1, 1, 1, 1, 1, 1, 1, 1, 1, 1, 1, 1, 1, 1, 1, 1, 1, 1, 1, 1, 1, 1, 1, 1, 1, 1, 1, 1, 1, 1, 1, 1, 1, 1, 1, 1, 1, 1, 1, 1, 1, 1, 1, 1, 1, 1, 1, 1, 1, 1, 1, 1, 1, 1, 1, 1, 1, 1, 1, 1, 1, 1, 1, 1, 1, 1, 1, 1, 1, 1, 1, 1, 1, 1, 1, 1, 1, 1, 1, 1, 1, 1, 1, 1, 1, 1, 1, 1, 1, 1, 1, 1, 1, 1, 1, 1, 1, 1, 1, 1, 1, 1, 1, 1, 1, 1, 1, 1, 1, 1, 1, 1, 1, 1, 1, 1, 1, 1, 1, 1, 1, 1, 1, 1, 1, 1, 1, 1, 1, 1, 1, 1, 1, 1, 1, 1, 1, 1, 1, 1, 1, 1, 1, 1, 1, 1, 1, 1, 1, 1, 1, 1, 1, 1, 1, 1, 1, 1, 1, 1, 1, 1, 1, 1, 1, 1, 1, 1, 1, 1, 1, 1, 1, 1, 1, 1, 1, 1, 1, 1, 1, 1, 1, 1, 1, 1, 1, 1, 1, 1, 1, 1, 1, 1, 1, 1, 1, 1, 1, 1, 1, 1, 1, 1, 1, 1, 1, 1, 1, 1, 1, 1, 1, 1, 1, 1, 1, 1, 1, 1, 1, 1, 1, 1, 1, 1, 1, 1, 1, 1, 1, 1, 1, 1, 1, 1, 1, 1, 1, 1, 1, 1, 1, 1, 1, 1, 1, 1, 1, 1, 1, 1, 1, 1, 1, 1, 1, 1, 1, 1, 1, 1, 1, 1, 1, 1, 1, 1, 1, 1, 1, 1, 1, 1, 1, 1, 1, 1, 1, 1, 1, 1, 1, 1, 1, 1, 1, 1, 1, 1, 1, 1, 1, 1, 1, 1, 1, 1, 1, 1, 1, 1, 1, 1, 1]
Lee profile after BKZ: [1213, 114, 7, 3, 3, 1, 1, 1, 1, 1, 1, 1, 1, 1, 1, 1, 1, 1, 1, 1, 1, 1, 1, 1, 1, 1, 1, 1, 1, 1, 1, 1, 1, 1, 1, 1, 1, 1, 1, 1, 1, 1, 1, 1, 1, 1, 1, 1, 1, 1, 1, 1, 1, 1, 1, 1, 1, 1, 1, 1, 1, 1, 1, 1, 1, 1, 1, 1, 1, 1, 1, 1, 1, 1, 1, 1, 1, 1, 1, 1, 1, 1, 1, 1, 1, 1, 1, 1, 1, 1, 1, 1, 1, 1, 1, 1, 1, 1, 1, 1, 1, 1, 1, 1, 1, 1, 1, 1, 1, 1, 1, 1, 1, 1, 1, 1, 1, 1, 1, 1, 1, 1, 1, 1, 1, 1, 1, 1, 1, 1, 1, 1, 1, 1, 1, 1, 1, 1, 1, 1, 1, 1, 1, 1, 1, 1, 1, 1, 1, 1, 1, 1, 1, 1, 1, 1, 1, 1, 1, 1, 1, 1, 1, 1, 1, 1, 1, 1, 1, 1, 1, 1, 1, 1, 1, 1, 1, 1, 1, 1, 1, 1, 1, 1, 1, 1, 1, 1, 1, 1, 1, 1, 1, 1, 1, 1, 1, 1, 1, 1, 1, 1, 1, 1, 1, 1, 1, 1, 1, 1, 1, 1, 1, 1, 1, 1, 1, 1, 1, 1, 1, 1, 1, 1, 1, 1, 1, 1, 1, 1, 1, 1, 1, 1, 1, 1, 1, 1, 1, 1, 1, 1, 1, 1, 1, 1, 1, 1, 1, 1, 1, 1, 1, 1, 1, 1, 1, 1, 1, 1, 1, 1, 1, 1, 1, 1, 1, 1, 1, 1, 1, 1, 1, 1, 1, 1, 1, 1, 1, 1, 1, 1, 1, 1, 1, 1, 1, 1, 1, 1, 1, 1, 1, 1, 1, 1, 1, 1, 1, 1, 1, 1, 1, 1, 1, 1, 1, 1, 1, 1, 1, 1, 1, 1, 1, 1, 1, 1, 1, 1, 1, 1, 1, 1, 1, 1, 1, 1, 1, 1, 1, 1, 1, 1, 1, 1, 1, 1, 1, 1, 1, 1, 1, 1, 1, 1, 1, 1, 1, 1, 1, 1, 1, 1, 1, 1, 1, 1, 1, 1, 1, 1, 1, 1, 1, 1, 1, 1, 1, 1, 1, 1, 1, 1, 1, 1, 1, 1, 1, 1, 1, 1, 1, 1, 1, 1, 1, 1, 1, 1, 1, 1, 1, 1, 1, 1, 1, 1, 1, 1, 1, 1, 1, 1, 1, 1, 1, 1, 1, 1, 1, 1, 1, 1, 1, 1, 1, 1, 1, 1, 1, 1, 1, 1, 1, 1, 1, 1, 1, 1, 1, 1, 1, 1, 1, 1, 1, 1, 1, 1, 1, 1, 1, 1, 1, 1, 1, 1, 1, 1, 1, 1, 1, 1, 1, 1, 1, 1, 1, 1, 1, 1, 1, 1, 1, 1, 1, 1, 1, 1, 1, 1, 1, 1, 1, 1, 1, 1, 1, 1, 1, 1, 1, 1, 1, 1, 1, 1, 1, 1, 1, 1, 1, 1, 1, 1, 1, 1, 1, 1, 1, 1, 1, 1, 1, 1, 1, 1, 1, 1, 1, 1]
453<=B_red[0].wtL<=2265
B_red[0].wtH=453, B_red[0].wtL=1213

Hamming profile: [462, 47, 5, 2, 1, 1, 1, 1, 1, 1, 1, 1, 1, 1, 1, 1, 1, 1, 1, 1, 1, 1, 1, 1, 1, 1, 1, 1, 1, 1, 1, 1, 1, 1, 1, 1, 1, 1, 1, 1, 1, 1, 1, 1, 1, 1, 1, 1, 1, 1, 1, 1, 1, 1, 1, 1, 1, 1, 1, 1, 1, 1, 1, 1, 1, 1, 1, 1, 1, 1, 1, 1, 1, 1, 1, 1, 1, 1, 1, 1, 1, 1, 1, 1, 1, 1, 1, 1, 1, 1, 1, 1, 1, 1, 1, 1, 1, 1, 1, 1, 1, 1, 1, 1, 1, 1, 1, 1, 1, 1, 1, 1, 1, 1, 1, 1, 1, 1, 1, 1, 1, 1, 1, 1, 1, 1, 1, 1, 1, 1, 1, 1, 1, 1, 1, 1, 1, 1, 1, 1, 1, 1, 1, 1, 1, 1, 1, 1, 1, 1, 1, 1, 1, 1, 1, 1, 1, 1, 1, 1, 1, 1, 1, 1, 1, 1, 1, 1, 1, 1, 1, 1, 1, 1, 1, 1, 1, 1, 1, 1, 1, 1, 1, 1, 1, 1, 1, 1, 1, 1, 1, 1, 1, 1, 1, 1, 1, 1, 1, 1, 1, 1, 1, 1, 1, 1, 1, 1, 1, 1, 1, 1, 1, 1, 1, 1, 1, 1, 1, 1, 1, 1, 1, 1, 1, 1, 1, 1, 1, 1, 1, 1, 1, 1, 1, 1, 1, 1, 1, 1, 1, 1, 1, 1, 1, 1, 1, 1, 1, 1, 1, 1, 1, 1, 1, 1, 1, 1, 1, 1, 1, 1, 1, 1, 1, 1, 1, 1, 1, 1, 1, 1, 1, 1, 1, 1, 1, 1, 1, 1, 1, 1, 1, 1, 1, 1, 1, 1, 1, 1, 1, 1, 1, 1, 1, 1, 1, 1, 1, 1, 1, 1, 1, 1, 1, 1, 1, 1, 1, 1, 1, 1, 1, 1, 1, 1, 1, 1, 1, 1, 1, 1, 1, 1, 1, 1, 1, 1, 1, 1, 1, 1, 1, 1, 1, 1, 1, 1, 1, 1, 1, 1, 1, 1, 1, 1, 1, 1, 1, 1, 1, 1, 1, 1, 1, 1, 1, 1, 1, 1, 1, 1, 1, 1, 1, 1, 1, 1, 1, 1, 1, 1, 1, 1, 1, 1, 1, 1, 1, 1, 1, 1, 1, 1, 1, 1, 1, 1, 1, 1, 1, 1, 1, 1, 1, 1, 1, 1, 1, 1, 1, 1, 1, 1, 1, 1, 1, 1, 1, 1, 1, 1, 1, 1, 1, 1, 1, 1, 1, 1, 1, 1, 1, 1, 1, 1, 1, 1, 1, 1, 1, 1, 1, 1, 1, 1, 1, 1, 1, 1, 1, 1, 1, 1, 1, 1, 1, 1, 1, 1, 1, 1, 1, 1, 1, 1, 1, 1, 1, 1, 1, 1, 1, 1, 1, 1, 1, 1, 1, 1, 1, 1, 1, 1, 1, 1, 1, 1, 1, 1, 1, 1, 1, 1, 1, 1, 1, 1, 1, 1, 1, 1, 1, 1, 1, 1, 1, 1, 1, 1, 1, 1, 1, 1, 1, 1, 1, 1, 1, 1, 1, 1]
Lee profile: [1370, 139, 18, 2, 1, 1, 1, 1, 1, 1, 1, 1, 1, 1, 1, 1, 1, 1, 1, 1, 1, 1, 1, 1, 1, 1, 1, 1, 1, 1, 1, 1, 1, 1, 1, 1, 1, 1, 1, 1, 1, 1, 1, 1, 1, 1, 1, 1, 1, 1, 1, 1, 1, 1, 1, 1, 1, 1, 1, 1, 1, 1, 1, 1, 1, 1, 1, 1, 1, 1, 1, 1, 1, 1, 1, 1, 1, 1, 1, 1, 1, 1, 1, 1, 1, 1, 1, 1, 1, 1, 1, 1, 1, 1, 1, 1, 1, 1, 1, 1, 1, 1, 1, 1, 1, 1, 1, 1, 1, 1, 1, 1, 1, 1, 1, 1, 1, 1, 1, 1, 1, 1, 1, 1, 1, 1, 1, 1, 1, 1, 1, 1, 1, 1, 1, 1, 1, 1, 1, 1, 1, 1, 1, 1, 1, 1, 1, 1, 1, 1, 1, 1, 1, 1, 1, 1, 1, 1, 1, 1, 1, 1, 1, 1, 1, 1, 1, 1, 1, 1, 1, 1, 1, 1, 1, 1, 1, 1, 1, 1, 1, 1, 1, 1, 1, 1, 1, 1, 1, 1, 1, 1, 1, 1, 1, 1, 1, 1, 1, 1, 1, 1, 1, 1, 1, 1, 1, 1, 1, 1, 1, 1, 1, 1, 1, 1, 1, 1, 1, 1, 1, 1, 1, 1, 1, 1, 1, 1, 1, 1, 1, 1, 1, 1, 1, 1, 1, 1, 1, 1, 1, 1, 1, 1, 1, 1, 1, 1, 1, 1, 1, 1, 1, 1, 1, 1, 1, 1, 1, 1, 1, 1, 1, 1, 1, 1, 1, 1, 1, 1, 1, 1, 1, 1, 1, 1, 1, 1, 1, 1, 1, 1, 1, 1, 1, 1, 1, 1, 1, 1, 1, 1, 1, 1, 1, 1, 1, 1, 1, 1, 1, 1, 1, 1, 1, 1, 1, 1, 1, 1, 1, 1, 1, 1, 1, 1, 1, 1, 1, 1, 1, 1, 1, 1, 1, 1, 1, 1, 1, 1, 1, 1, 1, 1, 1, 1, 1, 1, 1, 1, 1, 1, 1, 1, 1, 1, 1, 1, 1, 1, 1, 1, 1, 1, 1, 1, 1, 1, 1, 1, 1, 1, 1, 1, 1, 1, 1, 1, 1, 1, 1, 1, 1, 1, 1, 1, 1, 1, 1, 1, 1, 1, 1, 1, 1, 1, 1, 1, 1, 1, 1, 1, 1, 1, 1, 1, 1, 1, 1, 1, 1, 1, 1, 1, 1, 1, 1, 1, 1, 1, 1, 1, 1, 1, 1, 1, 1, 1, 1, 1, 1, 1, 1, 1, 1, 1, 1, 1, 1, 1, 1, 1, 1, 1, 1, 1, 1, 1, 1, 1, 1, 1, 1, 1, 1, 1, 1, 1, 1, 1, 1, 1, 1, 1, 1, 1, 1, 1, 1, 1, 1, 1, 1, 1, 1, 1, 1, 1, 1, 1, 1, 1, 1, 1, 1, 1, 1, 1, 1, 1, 1, 1, 1, 1, 1, 1, 1, 1, 1, 1, 1, 1, 1, 1, 1, 1, 1, 1, 1, 1, 1, 1, 1, 1, 1, 1, 1, 1, 1, 1, 1, 1]
462<=B[0].wtL<=2310
B[0].wtH=462, B[0].wtL=1370

--- LeeBKZ with beta=7, bkz with minimum_lee_wt_codeword (may be non-primitive) ---
[LEEbkz:MW_Codeword_LEE:1.3354032039642334 sec.]
[LEEbkz:MW_Codeword_LEE:0.6194653511047363 sec.]
[LEEbkz:MW_Codeword_LEE:1.3001770973205566 sec.]
[LEEbkz:MW_Codeword_LEE:0.6198766231536865 sec.]
[LEEbkz:MW_Codeword_LEE:1.332392692565918 sec.]
[LEEbkz:MW_Codeword_LEE:0.5795986652374268 sec.]
[LEEbkz:MW_Codeword_LEE:1.2946186065673828 sec.]
[LEEbkz:MW_Codeword_LEE:0.5798244476318359 sec.]
[LEEbkz:MW_Codeword_LEE:0.5558397769927979 sec.]
[LEEbkz:MW_Codeword_LEE:1.294996738433838 sec.]
[LEEbkz:MW_Codeword_LEE:0.579308271408081 sec.]
[LEEbkz:MW_Codeword_LEE:0.5657284259796143 sec.]
[LEEbkz:MW_Codeword_LEE:0.5564475059509277 sec.]
[LEEbkz:MW_Codeword_LEE:1.3465144634246826 sec.]
[LEEbkz:MW_Codeword_LEE:0.5807256698608398 sec.]
[LEEbkz:MW_Codeword_LEE:0.55599045753479 sec.]
[LEEbkz:MW_Codeword_LEE:0.5563457012176514 sec.]
[LEEbkz:MW_Codeword_LEE:1.3446083068847656 sec.]
[LEEbkz:MW_Codeword_LEE:0.6373953819274902 sec.]
[LEEbkz:MW_Codeword_LEE:0.5565361976623535 sec.]
[LEEbkz:MW_Codeword_LEE:0.555943489074707 sec.]
[LEEbkz:MW_Codeword_LEE:1.3467655181884766 sec.]
[LEEbkz:MW_Codeword_LEE:0.5877685546875 sec.]
[LEEbkz:MW_Codeword_LEE:0.5561378002166748 sec.]
[LEEbkz:MW_Codeword_LEE:0.5566105842590332 sec.]
[LEEbkz:MW_Codeword_LEE:1.3428409099578857 sec.]
[LEEbkz:MW_Codeword_LEE:0.5797040462493896 sec.]
[LEEbkz:MW_Codeword_LEE:0.5562658309936523 sec.]
[LEEbkz:MW_Codeword_LEE:0.5561554431915283 sec.]
[LEEbkz:MW_Codeword_LEE:0.579542875289917 sec.]
[LEEbkz:MW_Codeword_LEE:0.556671142578125 sec.]
Hamming profile after BKZ: [458, 50, 7, 1, 1, 1, 1, 1, 1, 1, 1, 1, 1, 1, 1, 1, 1, 1, 1, 1, 1, 1, 1, 1, 1, 1, 1, 1, 1, 1, 1, 1, 1, 1, 1, 1, 1, 1, 1, 1, 1, 1, 1, 1, 1, 1, 1, 1, 1, 1, 1, 1, 1, 1, 1, 1, 1, 1, 1, 1, 1, 1, 1, 1, 1, 1, 1, 1, 1, 1, 1, 1, 1, 1, 1, 1, 1, 1, 1, 1, 1, 1, 1, 1, 1, 1, 1, 1, 1, 1, 1, 1, 1, 1, 1, 1, 1, 1, 1, 1, 1, 1, 1, 1, 1, 1, 1, 1, 1, 1, 1, 1, 1, 1, 1, 1, 1, 1, 1, 1, 1, 1, 1, 1, 1, 1, 1, 1, 1, 1, 1, 1, 1, 1, 1, 1, 1, 1, 1, 1, 1, 1, 1, 1, 1, 1, 1, 1, 1, 1, 1, 1, 1, 1, 1, 1, 1, 1, 1, 1, 1, 1, 1, 1, 1, 1, 1, 1, 1, 1, 1, 1, 1, 1, 1, 1, 1, 1, 1, 1, 1, 1, 1, 1, 1, 1, 1, 1, 1, 1, 1, 1, 1, 1, 1, 1, 1, 1, 1, 1, 1, 1, 1, 1, 1, 1, 1, 1, 1, 1, 1, 1, 1, 1, 1, 1, 1, 1, 1, 1, 1, 1, 1, 1, 1, 1, 1, 1, 1, 1, 1, 1, 1, 1, 1, 1, 1, 1, 1, 1, 1, 1, 1, 1, 1, 1, 1, 1, 1, 1, 1, 1, 1, 1, 1, 1, 1, 1, 1, 1, 1, 1, 1, 1, 1, 1, 1, 1, 1, 1, 1, 1, 1, 1, 1, 1, 1, 1, 1, 1, 1, 1, 1, 1, 1, 1, 1, 1, 1, 1, 1, 1, 1, 1, 1, 1, 1, 1, 1, 1, 1, 1, 1, 1, 1, 1, 1, 1, 1, 1, 1, 1, 1, 1, 1, 1, 1, 1, 1, 1, 1, 1, 1, 1, 1, 1, 1, 1, 1, 1, 1, 1, 1, 1, 1, 1, 1, 1, 1, 1, 1, 1, 1, 1, 1, 1, 1, 1, 1, 1, 1, 1, 1, 1, 1, 1, 1, 1, 1, 1, 1, 1, 1, 1, 1, 1, 1, 1, 1, 1, 1, 1, 1, 1, 1, 1, 1, 1, 1, 1, 1, 1, 1, 1, 1, 1, 1, 1, 1, 1, 1, 1, 1, 1, 1, 1, 1, 1, 1, 1, 1, 1, 1, 1, 1, 1, 1, 1, 1, 1, 1, 1, 1, 1, 1, 1, 1, 1, 1, 1, 1, 1, 1, 1, 1, 1, 1, 1, 1, 1, 1, 1, 1, 1, 1, 1, 1, 1, 1, 1, 1, 1, 1, 1, 1, 1, 1, 1, 1, 1, 1, 1, 1, 1, 1, 1, 1, 1, 1, 1, 1, 1, 1, 1, 1, 1, 1, 1, 1, 1, 1, 1, 1, 1, 1, 1, 1, 1, 1, 1, 1, 1, 1, 1, 1, 1, 1, 1, 1, 1, 1, 1, 1, 1, 1, 1, 1, 1, 1, 1, 1, 1, 1, 1, 1, 1, 1, 1, 1, 1, 1, 1]
Lee profile after BKZ: [1216, 98, 8, 1, 1, 1, 1, 1, 1, 1, 1, 1, 1, 1, 1, 1, 1, 1, 1, 1, 1, 1, 1, 1, 1, 1, 1, 1, 1, 1, 1, 1, 1, 1, 1, 1, 1, 1, 1, 1, 1, 1, 1, 1, 1, 1, 1, 1, 1, 1, 1, 1, 1, 1, 1, 1, 1, 1, 1, 1, 1, 1, 1, 1, 1, 1, 1, 1, 1, 1, 1, 1, 1, 1, 1, 1, 1, 1, 1, 1, 1, 1, 1, 1, 1, 1, 1, 1, 1, 1, 1, 1, 1, 1, 1, 1, 1, 1, 1, 1, 1, 1, 1, 1, 1, 1, 1, 1, 1, 1, 1, 1, 1, 1, 1, 1, 1, 1, 1, 1, 1, 1, 1, 1, 1, 1, 1, 1, 1, 1, 1, 1, 1, 1, 1, 1, 1, 1, 1, 1, 1, 1, 1, 1, 1, 1, 1, 1, 1, 1, 1, 1, 1, 1, 1, 1, 1, 1, 1, 1, 1, 1, 1, 1, 1, 1, 1, 1, 1, 1, 1, 1, 1, 1, 1, 1, 1, 1, 1, 1, 1, 1, 1, 1, 1, 1, 1, 1, 1, 1, 1, 1, 1, 1, 1, 1, 1, 1, 1, 1, 1, 1, 1, 1, 1, 1, 1, 1, 1, 1, 1, 1, 1, 1, 1, 1, 1, 1, 1, 1, 1, 1, 1, 1, 1, 1, 1, 1, 1, 1, 1, 1, 1, 1, 1, 1, 1, 1, 1, 1, 1, 1, 1, 1, 1, 1, 1, 1, 1, 1, 1, 1, 1, 1, 1, 1, 1, 1, 1, 1, 1, 1, 1, 1, 1, 1, 1, 1, 1, 1, 1, 1, 1, 1, 1, 1, 1, 1, 1, 1, 1, 1, 1, 1, 1, 1, 1, 1, 1, 1, 1, 1, 1, 1, 1, 1, 1, 1, 1, 1, 1, 1, 1, 1, 1, 1, 1, 1, 1, 1, 1, 1, 1, 1, 1, 1, 1, 1, 1, 1, 1, 1, 1, 1, 1, 1, 1, 1, 1, 1, 1, 1, 1, 1, 1, 1, 1, 1, 1, 1, 1, 1, 1, 1, 1, 1, 1, 1, 1, 1, 1, 1, 1, 1, 1, 1, 1, 1, 1, 1, 1, 1, 1, 1, 1, 1, 1, 1, 1, 1, 1, 1, 1, 1, 1, 1, 1, 1, 1, 1, 1, 1, 1, 1, 1, 1, 1, 1, 1, 1, 1, 1, 1, 1, 1, 1, 1, 1, 1, 1, 1, 1, 1, 1, 1, 1, 1, 1, 1, 1, 1, 1, 1, 1, 1, 1, 1, 1, 1, 1, 1, 1, 1, 1, 1, 1, 1, 1, 1, 1, 1, 1, 1, 1, 1, 1, 1, 1, 1, 1, 1, 1, 1, 1, 1, 1, 1, 1, 1, 1, 1, 1, 1, 1, 1, 1, 1, 1, 1, 1, 1, 1, 1, 1, 1, 1, 1, 1, 1, 1, 1, 1, 1, 1, 1, 1, 1, 1, 1, 1, 1, 1, 1, 1, 1, 1, 1, 1, 1, 1, 1, 1, 1, 1, 1, 1, 1, 1, 1, 1, 1, 1, 1, 1, 1, 1, 1, 1, 1, 1, 1, 1]
458<=B_red[0].wtL<=2290
B_red[0].wtH=458, B_red[0].wtL=1216

Hamming profile: [460, 49, 6, 1, 1, 1, 1, 1, 1, 1, 1, 1, 1, 1, 1, 1, 1, 1, 1, 1, 1, 1, 1, 1, 1, 1, 1, 1, 1, 1, 1, 1, 1, 1, 1, 1, 1, 1, 1, 1, 1, 1, 1, 1, 1, 1, 1, 1, 1, 1, 1, 1, 1, 1, 1, 1, 1, 1, 1, 1, 1, 1, 1, 1, 1, 1, 1, 1, 1, 1, 1, 1, 1, 1, 1, 1, 1, 1, 1, 1, 1, 1, 1, 1, 1, 1, 1, 1, 1, 1, 1, 1, 1, 1, 1, 1, 1, 1, 1, 1, 1, 1, 1, 1, 1, 1, 1, 1, 1, 1, 1, 1, 1, 1, 1, 1, 1, 1, 1, 1, 1, 1, 1, 1, 1, 1, 1, 1, 1, 1, 1, 1, 1, 1, 1, 1, 1, 1, 1, 1, 1, 1, 1, 1, 1, 1, 1, 1, 1, 1, 1, 1, 1, 1, 1, 1, 1, 1, 1, 1, 1, 1, 1, 1, 1, 1, 1, 1, 1, 1, 1, 1, 1, 1, 1, 1, 1, 1, 1, 1, 1, 1, 1, 1, 1, 1, 1, 1, 1, 1, 1, 1, 1, 1, 1, 1, 1, 1, 1, 1, 1, 1, 1, 1, 1, 1, 1, 1, 1, 1, 1, 1, 1, 1, 1, 1, 1, 1, 1, 1, 1, 1, 1, 1, 1, 1, 1, 1, 1, 1, 1, 1, 1, 1, 1, 1, 1, 1, 1, 1, 1, 1, 1, 1, 1, 1, 1, 1, 1, 1, 1, 1, 1, 1, 1, 1, 1, 1, 1, 1, 1, 1, 1, 1, 1, 1, 1, 1, 1, 1, 1, 1, 1, 1, 1, 1, 1, 1, 1, 1, 1, 1, 1, 1, 1, 1, 1, 1, 1, 1, 1, 1, 1, 1, 1, 1, 1, 1, 1, 1, 1, 1, 1, 1, 1, 1, 1, 1, 1, 1, 1, 1, 1, 1, 1, 1, 1, 1, 1, 1, 1, 1, 1, 1, 1, 1, 1, 1, 1, 1, 1, 1, 1, 1, 1, 1, 1, 1, 1, 1, 1, 1, 1, 1, 1, 1, 1, 1, 1, 1, 1, 1, 1, 1, 1, 1, 1, 1, 1, 1, 1, 1, 1, 1, 1, 1, 1, 1, 1, 1, 1, 1, 1, 1, 1, 1, 1, 1, 1, 1, 1, 1, 1, 1, 1, 1, 1, 1, 1, 1, 1, 1, 1, 1, 1, 1, 1, 1, 1, 1, 1, 1, 1, 1, 1, 1, 1, 1, 1, 1, 1, 1, 1, 1, 1, 1, 1, 1, 1, 1, 1, 1, 1, 1, 1, 1, 1, 1, 1, 1, 1, 1, 1, 1, 1, 1, 1, 1, 1, 1, 1, 1, 1, 1, 1, 1, 1, 1, 1, 1, 1, 1, 1, 1, 1, 1, 1, 1, 1, 1, 1, 1, 1, 1, 1, 1, 1, 1, 1, 1, 1, 1, 1, 1, 1, 1, 1, 1, 1, 1, 1, 1, 1, 1, 1, 1, 1, 1, 1, 1, 1, 1, 1, 1, 1, 1, 1, 1, 1, 1, 1, 1, 1, 1, 1, 1, 1, 1, 1, 1, 1, 1]
Lee profile: [1429, 149, 20, 1, 1, 1, 1, 1, 1, 1, 1, 1, 1, 1, 1, 1, 1, 1, 1, 1, 1, 1, 1, 1, 1, 1, 1, 1, 1, 1, 1, 1, 1, 1, 1, 1, 1, 1, 1, 1, 1, 1, 1, 1, 1, 1, 1, 1, 1, 1, 1, 1, 1, 1, 1, 1, 1, 1, 1, 1, 1, 1, 1, 1, 1, 1, 1, 1, 1, 1, 1, 1, 1, 1, 1, 1, 1, 1, 1, 1, 1, 1, 1, 1, 1, 1, 1, 1, 1, 1, 1, 1, 1, 1, 1, 1, 1, 1, 1, 1, 1, 1, 1, 1, 1, 1, 1, 1, 1, 1, 1, 1, 1, 1, 1, 1, 1, 1, 1, 1, 1, 1, 1, 1, 1, 1, 1, 1, 1, 1, 1, 1, 1, 1, 1, 1, 1, 1, 1, 1, 1, 1, 1, 1, 1, 1, 1, 1, 1, 1, 1, 1, 1, 1, 1, 1, 1, 1, 1, 1, 1, 1, 1, 1, 1, 1, 1, 1, 1, 1, 1, 1, 1, 1, 1, 1, 1, 1, 1, 1, 1, 1, 1, 1, 1, 1, 1, 1, 1, 1, 1, 1, 1, 1, 1, 1, 1, 1, 1, 1, 1, 1, 1, 1, 1, 1, 1, 1, 1, 1, 1, 1, 1, 1, 1, 1, 1, 1, 1, 1, 1, 1, 1, 1, 1, 1, 1, 1, 1, 1, 1, 1, 1, 1, 1, 1, 1, 1, 1, 1, 1, 1, 1, 1, 1, 1, 1, 1, 1, 1, 1, 1, 1, 1, 1, 1, 1, 1, 1, 1, 1, 1, 1, 1, 1, 1, 1, 1, 1, 1, 1, 1, 1, 1, 1, 1, 1, 1, 1, 1, 1, 1, 1, 1, 1, 1, 1, 1, 1, 1, 1, 1, 1, 1, 1, 1, 1, 1, 1, 1, 1, 1, 1, 1, 1, 1, 1, 1, 1, 1, 1, 1, 1, 1, 1, 1, 1, 1, 1, 1, 1, 1, 1, 1, 1, 1, 1, 1, 1, 1, 1, 1, 1, 1, 1, 1, 1, 1, 1, 1, 1, 1, 1, 1, 1, 1, 1, 1, 1, 1, 1, 1, 1, 1, 1, 1, 1, 1, 1, 1, 1, 1, 1, 1, 1, 1, 1, 1, 1, 1, 1, 1, 1, 1, 1, 1, 1, 1, 1, 1, 1, 1, 1, 1, 1, 1, 1, 1, 1, 1, 1, 1, 1, 1, 1, 1, 1, 1, 1, 1, 1, 1, 1, 1, 1, 1, 1, 1, 1, 1, 1, 1, 1, 1, 1, 1, 1, 1, 1, 1, 1, 1, 1, 1, 1, 1, 1, 1, 1, 1, 1, 1, 1, 1, 1, 1, 1, 1, 1, 1, 1, 1, 1, 1, 1, 1, 1, 1, 1, 1, 1, 1, 1, 1, 1, 1, 1, 1, 1, 1, 1, 1, 1, 1, 1, 1, 1, 1, 1, 1, 1, 1, 1, 1, 1, 1, 1, 1, 1, 1, 1, 1, 1, 1, 1, 1, 1, 1, 1, 1, 1, 1, 1, 1, 1, 1, 1, 1, 1, 1, 1, 1, 1, 1, 1, 1, 1, 1, 1, 1, 1, 1]
460<=B[0].wtL<=2300
B[0].wtH=460, B[0].wtL=1429

--- LeeBKZ with beta=7, bkz with minimum_lee_wt_codeword (may be non-primitive) ---
[LEEbkz:MW_Codeword_LEE:1.326491117477417 sec.]
[LEEbkz:MW_Codeword_LEE:0.619917631149292 sec.]
[LEEbkz:MW_Codeword_LEE:1.2958662509918213 sec.]
[LEEbkz:MW_Codeword_LEE:0.6190779209136963 sec.]
[LEEbkz:MW_Codeword_LEE:0.5565199851989746 sec.]
[LEEbkz:MW_Codeword_LEE:1.3154771327972412 sec.]
[LEEbkz:MW_Codeword_LEE:0.6681010723114014 sec.]
[LEEbkz:MW_Codeword_LEE:0.5564889907836914 sec.]
[LEEbkz:MW_Codeword_LEE:0.5558536052703857 sec.]
[LEEbkz:MW_Codeword_LEE:1.3466203212738037 sec.]
[LEEbkz:MW_Codeword_LEE:0.6204545497894287 sec.]
[LEEbkz:MW_Codeword_LEE:1.3661167621612549 sec.]
[LEEbkz:MW_Codeword_LEE:0.6196081638336182 sec.]
[LEEbkz:MW_Codeword_LEE:0.5567193031311035 sec.]
[LEEbkz:MW_Codeword_LEE:1.3253042697906494 sec.]
[LEEbkz:MW_Codeword_LEE:0.6251621246337891 sec.]
[LEEbkz:MW_Codeword_LEE:0.5561845302581787 sec.]
[LEEbkz:MW_Codeword_LEE:0.5566902160644531 sec.]
[LEEbkz:MW_Codeword_LEE:1.3195765018463135 sec.]
[LEEbkz:MW_Codeword_LEE:0.6192405223846436 sec.]
[LEEbkz:MW_Codeword_LEE:0.556380033493042 sec.]
[LEEbkz:MW_Codeword_LEE:0.5562477111816406 sec.]
[LEEbkz:MW_Codeword_LEE:1.3536663055419922 sec.]
[LEEbkz:MW_Codeword_LEE:0.6203176975250244 sec.]
[LEEbkz:MW_Codeword_LEE:0.5562648773193359 sec.]
[LEEbkz:MW_Codeword_LEE:0.5562572479248047 sec.]
[LEEbkz:MW_Codeword_LEE:0.5558481216430664 sec.]
[LEEbkz:MW_Codeword_LEE:1.2988777160644531 sec.]
[LEEbkz:MW_Codeword_LEE:0.6199142932891846 sec.]
[LEEbkz:MW_Codeword_LEE:1.2952911853790283 sec.]
[LEEbkz:MW_Codeword_LEE:0.6193885803222656 sec.]
[LEEbkz:MW_Codeword_LEE:0.5565445423126221 sec.]
[LEEbkz:MW_Codeword_LEE:1.29520583152771 sec.]
[LEEbkz:MW_Codeword_LEE:0.6192545890808105 sec.]
[LEEbkz:MW_Codeword_LEE:1.2963306903839111 sec.]
[LEEbkz:MW_Codeword_LEE:0.6193654537200928 sec.]
[LEEbkz:MW_Codeword_LEE:0.5562880039215088 sec.]
[LEEbkz:MW_Codeword_LEE:1.3436453342437744 sec.]
[LEEbkz:MW_Codeword_LEE:0.61952805519104 sec.]
[LEEbkz:MW_Codeword_LEE:0.5567917823791504 sec.]
[LEEbkz:MW_Codeword_LEE:0.6003706455230713 sec.]
[LEEbkz:MW_Codeword_LEE:1.2981653213500977 sec.]
[LEEbkz:MW_Codeword_LEE:0.6197707653045654 sec.]
[LEEbkz:MW_Codeword_LEE:0.5562863349914551 sec.]
[LEEbkz:MW_Codeword_LEE:0.5559766292572021 sec.]
[LEEbkz:MW_Codeword_LEE:0.5564062595367432 sec.]
[LEEbkz:MW_Codeword_LEE:1.2994086742401123 sec.]
[LEEbkz:MW_Codeword_LEE:0.6277093887329102 sec.]
[LEEbkz:MW_Codeword_LEE:0.6010334491729736 sec.]
[LEEbkz:MW_Codeword_LEE:0.5555050373077393 sec.]
[LEEbkz:MW_Codeword_LEE:0.5580630302429199 sec.]
[LEEbkz:MW_Codeword_LEE:1.299220085144043 sec.]
[LEEbkz:MW_Codeword_LEE:0.6189935207366943 sec.]
[LEEbkz:MW_Codeword_LEE:0.5677297115325928 sec.]
[LEEbkz:MW_Codeword_LEE:0.5561227798461914 sec.]
[LEEbkz:MW_Codeword_LEE:0.5558021068572998 sec.]
[LEEbkz:MW_Codeword_LEE:1.3226003646850586 sec.]
[LEEbkz:MW_Codeword_LEE:0.6194915771484375 sec.]
[LEEbkz:MW_Codeword_LEE:0.5569760799407959 sec.]
[LEEbkz:MW_Codeword_LEE:0.55625319480896 sec.]
[LEEbkz:MW_Codeword_LEE:0.5565617084503174 sec.]
[LEEbkz:MW_Codeword_LEE:0.6205079555511475 sec.]
[LEEbkz:MW_Codeword_LEE:0.5564594268798828 sec.]
[LEEbkz:MW_Codeword_LEE:0.5566062927246094 sec.]
[LEEbkz:MW_Codeword_LEE:0.5560822486877441 sec.]
[LEEbkz:MW_Codeword_LEE:0.5568783283233643 sec.]
[LEEbkz:MW_Codeword_LEE:0.5561792850494385 sec.]
Hamming profile after BKZ: [450, 51, 13, 2, 1, 1, 1, 1, 1, 1, 1, 1, 1, 1, 1, 1, 1, 1, 1, 1, 1, 1, 1, 1, 1, 1, 1, 1, 1, 1, 1, 1, 1, 1, 1, 1, 1, 1, 1, 1, 1, 1, 1, 1, 1, 1, 1, 1, 1, 1, 1, 1, 1, 1, 1, 1, 1, 1, 1, 1, 1, 1, 1, 1, 1, 1, 1, 1, 1, 1, 1, 1, 1, 1, 1, 1, 1, 1, 1, 1, 1, 1, 1, 1, 1, 1, 1, 1, 1, 1, 1, 1, 1, 1, 1, 1, 1, 1, 1, 1, 1, 1, 1, 1, 1, 1, 1, 1, 1, 1, 1, 1, 1, 1, 1, 1, 1, 1, 1, 1, 1, 1, 1, 1, 1, 1, 1, 1, 1, 1, 1, 1, 1, 1, 1, 1, 1, 1, 1, 1, 1, 1, 1, 1, 1, 1, 1, 1, 1, 1, 1, 1, 1, 1, 1, 1, 1, 1, 1, 1, 1, 1, 1, 1, 1, 1, 1, 1, 1, 1, 1, 1, 1, 1, 1, 1, 1, 1, 1, 1, 1, 1, 1, 1, 1, 1, 1, 1, 1, 1, 1, 1, 1, 1, 1, 1, 1, 1, 1, 1, 1, 1, 1, 1, 1, 1, 1, 1, 1, 1, 1, 1, 1, 1, 1, 1, 1, 1, 1, 1, 1, 1, 1, 1, 1, 1, 1, 1, 1, 1, 1, 1, 1, 1, 1, 1, 1, 1, 1, 1, 1, 1, 1, 1, 1, 1, 1, 1, 1, 1, 1, 1, 1, 1, 1, 1, 1, 1, 1, 1, 1, 1, 1, 1, 1, 1, 1, 1, 1, 1, 1, 1, 1, 1, 1, 1, 1, 1, 1, 1, 1, 1, 1, 1, 1, 1, 1, 1, 1, 1, 1, 1, 1, 1, 1, 1, 1, 1, 1, 1, 1, 1, 1, 1, 1, 1, 1, 1, 1, 1, 1, 1, 1, 1, 1, 1, 1, 1, 1, 1, 1, 1, 1, 1, 1, 1, 1, 1, 1, 1, 1, 1, 1, 1, 1, 1, 1, 1, 1, 1, 1, 1, 1, 1, 1, 1, 1, 1, 1, 1, 1, 1, 1, 1, 1, 1, 1, 1, 1, 1, 1, 1, 1, 1, 1, 1, 1, 1, 1, 1, 1, 1, 1, 1, 1, 1, 1, 1, 1, 1, 1, 1, 1, 1, 1, 1, 1, 1, 1, 1, 1, 1, 1, 1, 1, 1, 1, 1, 1, 1, 1, 1, 1, 1, 1, 1, 1, 1, 1, 1, 1, 1, 1, 1, 1, 1, 1, 1, 1, 1, 1, 1, 1, 1, 1, 1, 1, 1, 1, 1, 1, 1, 1, 1, 1, 1, 1, 1, 1, 1, 1, 1, 1, 1, 1, 1, 1, 1, 1, 1, 1, 1, 1, 1, 1, 1, 1, 1, 1, 1, 1, 1, 1, 1, 1, 1, 1, 1, 1, 1, 1, 1, 1, 1, 1, 1, 1, 1, 1, 1, 1, 1, 1, 1, 1, 1, 1, 1, 1, 1, 1, 1, 1, 1, 1, 1, 1, 1, 1, 1, 1, 1, 1, 1, 1, 1, 1, 1, 1, 1, 1, 1]
Lee profile after BKZ: [1218, 121, 19, 2, 1, 1, 1, 1, 1, 1, 1, 1, 1, 1, 1, 1, 1, 1, 1, 1, 1, 1, 1, 1, 1, 1, 1, 1, 1, 1, 1, 1, 1, 1, 1, 1, 1, 1, 1, 1, 1, 1, 1, 1, 1, 1, 1, 1, 1, 1, 1, 1, 1, 1, 1, 1, 1, 1, 1, 1, 1, 1, 1, 1, 1, 1, 1, 1, 1, 1, 1, 1, 1, 1, 1, 1, 1, 1, 1, 1, 1, 1, 1, 1, 1, 1, 1, 1, 1, 1, 1, 1, 1, 1, 1, 1, 1, 1, 1, 1, 1, 1, 1, 1, 1, 1, 1, 1, 1, 1, 1, 1, 1, 1, 1, 1, 1, 1, 1, 1, 1, 1, 1, 1, 1, 1, 1, 1, 1, 1, 1, 1, 1, 1, 1, 1, 1, 1, 1, 1, 1, 1, 1, 1, 1, 1, 1, 1, 1, 1, 1, 1, 1, 1, 1, 1, 1, 1, 1, 1, 1, 1, 1, 1, 1, 1, 1, 1, 1, 1, 1, 1, 1, 1, 1, 1, 1, 1, 1, 1, 1, 1, 1, 1, 1, 1, 1, 1, 1, 1, 1, 1, 1, 1, 1, 1, 1, 1, 1, 1, 1, 1, 1, 1, 1, 1, 1, 1, 1, 1, 1, 1, 1, 1, 1, 1, 1, 1, 1, 1, 1, 1, 1, 1, 1, 1, 1, 1, 1, 1, 1, 1, 1, 1, 1, 1, 1, 1, 1, 1, 1, 1, 1, 1, 1, 1, 1, 1, 1, 1, 1, 1, 1, 1, 1, 1, 1, 1, 1, 1, 1, 1, 1, 1, 1, 1, 1, 1, 1, 1, 1, 1, 1, 1, 1, 1, 1, 1, 1, 1, 1, 1, 1, 1, 1, 1, 1, 1, 1, 1, 1, 1, 1, 1, 1, 1, 1, 1, 1, 1, 1, 1, 1, 1, 1, 1, 1, 1, 1, 1, 1, 1, 1, 1, 1, 1, 1, 1, 1, 1, 1, 1, 1, 1, 1, 1, 1, 1, 1, 1, 1, 1, 1, 1, 1, 1, 1, 1, 1, 1, 1, 1, 1, 1, 1, 1, 1, 1, 1, 1, 1, 1, 1, 1, 1, 1, 1, 1, 1, 1, 1, 1, 1, 1, 1, 1, 1, 1, 1, 1, 1, 1, 1, 1, 1, 1, 1, 1, 1, 1, 1, 1, 1, 1, 1, 1, 1, 1, 1, 1, 1, 1, 1, 1, 1, 1, 1, 1, 1, 1, 1, 1, 1, 1, 1, 1, 1, 1, 1, 1, 1, 1, 1, 1, 1, 1, 1, 1, 1, 1, 1, 1, 1, 1, 1, 1, 1, 1, 1, 1, 1, 1, 1, 1, 1, 1, 1, 1, 1, 1, 1, 1, 1, 1, 1, 1, 1, 1, 1, 1, 1, 1, 1, 1, 1, 1, 1, 1, 1, 1, 1, 1, 1, 1, 1, 1, 1, 1, 1, 1, 1, 1, 1, 1, 1, 1, 1, 1, 1, 1, 1, 1, 1, 1, 1, 1, 1, 1, 1, 1, 1, 1, 1, 1, 1, 1, 1, 1, 1, 1, 1, 1, 1, 1, 1, 1, 1, 1, 1, 1, 1, 1]
450<=B_red[0].wtL<=2250
B_red[0].wtH=450, B_red[0].wtL=1218

Hamming profile: [473, 40, 2, 1, 1, 1, 1, 1, 1, 1, 1, 1, 1, 1, 1, 1, 1, 1, 1, 1, 1, 1, 1, 1, 1, 1, 1, 1, 1, 1, 1, 1, 1, 1, 1, 1, 1, 1, 1, 1, 1, 1, 1, 1, 1, 1, 1, 1, 1, 1, 1, 1, 1, 1, 1, 1, 1, 1, 1, 1, 1, 1, 1, 1, 1, 1, 1, 1, 1, 1, 1, 1, 1, 1, 1, 1, 1, 1, 1, 1, 1, 1, 1, 1, 1, 1, 1, 1, 1, 1, 1, 1, 1, 1, 1, 1, 1, 1, 1, 1, 1, 1, 1, 1, 1, 1, 1, 1, 1, 1, 1, 1, 1, 1, 1, 1, 1, 1, 1, 1, 1, 1, 1, 1, 1, 1, 1, 1, 1, 1, 1, 1, 1, 1, 1, 1, 1, 1, 1, 1, 1, 1, 1, 1, 1, 1, 1, 1, 1, 1, 1, 1, 1, 1, 1, 1, 1, 1, 1, 1, 1, 1, 1, 1, 1, 1, 1, 1, 1, 1, 1, 1, 1, 1, 1, 1, 1, 1, 1, 1, 1, 1, 1, 1, 1, 1, 1, 1, 1, 1, 1, 1, 1, 1, 1, 1, 1, 1, 1, 1, 1, 1, 1, 1, 1, 1, 1, 1, 1, 1, 1, 1, 1, 1, 1, 1, 1, 1, 1, 1, 1, 1, 1, 1, 1, 1, 1, 1, 1, 1, 1, 1, 1, 1, 1, 1, 1, 1, 1, 1, 1, 1, 1, 1, 1, 1, 1, 1, 1, 1, 1, 1, 1, 1, 1, 1, 1, 1, 1, 1, 1, 1, 1, 1, 1, 1, 1, 1, 1, 1, 1, 1, 1, 1, 1, 1, 1, 1, 1, 1, 1, 1, 1, 1, 1, 1, 1, 1, 1, 1, 1, 1, 1, 1, 1, 1, 1, 1, 1, 1, 1, 1, 1, 1, 1, 1, 1, 1, 1, 1, 1, 1, 1, 1, 1, 1, 1, 1, 1, 1, 1, 1, 1, 1, 1, 1, 1, 1, 1, 1, 1, 1, 1, 1, 1, 1, 1, 1, 1, 1, 1, 1, 1, 1, 1, 1, 1, 1, 1, 1, 1, 1, 1, 1, 1, 1, 1, 1, 1, 1, 1, 1, 1, 1, 1, 1, 1, 1, 1, 1, 1, 1, 1, 1, 1, 1, 1, 1, 1, 1, 1, 1, 1, 1, 1, 1, 1, 1, 1, 1, 1, 1, 1, 1, 1, 1, 1, 1, 1, 1, 1, 1, 1, 1, 1, 1, 1, 1, 1, 1, 1, 1, 1, 1, 1, 1, 1, 1, 1, 1, 1, 1, 1, 1, 1, 1, 1, 1, 1, 1, 1, 1, 1, 1, 1, 1, 1, 1, 1, 1, 1, 1, 1, 1, 1, 1, 1, 1, 1, 1, 1, 1, 1, 1, 1, 1, 1, 1, 1, 1, 1, 1, 1, 1, 1, 1, 1, 1, 1, 1, 1, 1, 1, 1, 1, 1, 1, 1, 1, 1, 1, 1, 1, 1, 1, 1, 1, 1, 1, 1, 1, 1, 1, 1, 1, 1, 1, 1, 1, 1, 1, 1, 1, 1, 1, 1, 1, 1, 1, 1, 1, 1]
Lee profile: [1393, 113, 2, 1, 1, 1, 1, 1, 1, 1, 1, 1, 1, 1, 1, 1, 1, 1, 1, 1, 1, 1, 1, 1, 1, 1, 1, 1, 1, 1, 1, 1, 1, 1, 1, 1, 1, 1, 1, 1, 1, 1, 1, 1, 1, 1, 1, 1, 1, 1, 1, 1, 1, 1, 1, 1, 1, 1, 1, 1, 1, 1, 1, 1, 1, 1, 1, 1, 1, 1, 1, 1, 1, 1, 1, 1, 1, 1, 1, 1, 1, 1, 1, 1, 1, 1, 1, 1, 1, 1, 1, 1, 1, 1, 1, 1, 1, 1, 1, 1, 1, 1, 1, 1, 1, 1, 1, 1, 1, 1, 1, 1, 1, 1, 1, 1, 1, 1, 1, 1, 1, 1, 1, 1, 1, 1, 1, 1, 1, 1, 1, 1, 1, 1, 1, 1, 1, 1, 1, 1, 1, 1, 1, 1, 1, 1, 1, 1, 1, 1, 1, 1, 1, 1, 1, 1, 1, 1, 1, 1, 1, 1, 1, 1, 1, 1, 1, 1, 1, 1, 1, 1, 1, 1, 1, 1, 1, 1, 1, 1, 1, 1, 1, 1, 1, 1, 1, 1, 1, 1, 1, 1, 1, 1, 1, 1, 1, 1, 1, 1, 1, 1, 1, 1, 1, 1, 1, 1, 1, 1, 1, 1, 1, 1, 1, 1, 1, 1, 1, 1, 1, 1, 1, 1, 1, 1, 1, 1, 1, 1, 1, 1, 1, 1, 1, 1, 1, 1, 1, 1, 1, 1, 1, 1, 1, 1, 1, 1, 1, 1, 1, 1, 1, 1, 1, 1, 1, 1, 1, 1, 1, 1, 1, 1, 1, 1, 1, 1, 1, 1, 1, 1, 1, 1, 1, 1, 1, 1, 1, 1, 1, 1, 1, 1, 1, 1, 1, 1, 1, 1, 1, 1, 1, 1, 1, 1, 1, 1, 1, 1, 1, 1, 1, 1, 1, 1, 1, 1, 1, 1, 1, 1, 1, 1, 1, 1, 1, 1, 1, 1, 1, 1, 1, 1, 1, 1, 1, 1, 1, 1, 1, 1, 1, 1, 1, 1, 1, 1, 1, 1, 1, 1, 1, 1, 1, 1, 1, 1, 1, 1, 1, 1, 1, 1, 1, 1, 1, 1, 1, 1, 1, 1, 1, 1, 1, 1, 1, 1, 1, 1, 1, 1, 1, 1, 1, 1, 1, 1, 1, 1, 1, 1, 1, 1, 1, 1, 1, 1, 1, 1, 1, 1, 1, 1, 1, 1, 1, 1, 1, 1, 1, 1, 1, 1, 1, 1, 1, 1, 1, 1, 1, 1, 1, 1, 1, 1, 1, 1, 1, 1, 1, 1, 1, 1, 1, 1, 1, 1, 1, 1, 1, 1, 1, 1, 1, 1, 1, 1, 1, 1, 1, 1, 1, 1, 1, 1, 1, 1, 1, 1, 1, 1, 1, 1, 1, 1, 1, 1, 1, 1, 1, 1, 1, 1, 1, 1, 1, 1, 1, 1, 1, 1, 1, 1, 1, 1, 1, 1, 1, 1, 1, 1, 1, 1, 1, 1, 1, 1, 1, 1, 1, 1, 1, 1, 1, 1, 1, 1, 1, 1, 1, 1, 1, 1, 1, 1, 1, 1, 1, 1, 1, 1]
473<=B[0].wtL<=2365
B[0].wtH=473, B[0].wtL=1393

--- LeeBKZ with beta=7, bkz with minimum_lee_wt_codeword (may be non-primitive) ---
[LEEbkz:MW_Codeword_LEE:1.3578789234161377 sec.]
[LEEbkz:MW_Codeword_LEE:0.6195275783538818 sec.]
[LEEbkz:MW_Codeword_LEE:1.3484139442443848 sec.]
[LEEbkz:MW_Codeword_LEE:0.6193287372589111 sec.]
[LEEbkz:MW_Codeword_LEE:0.5564000606536865 sec.]
[LEEbkz:MW_Codeword_LEE:1.324267864227295 sec.]
[LEEbkz:MW_Codeword_LEE:0.6195893287658691 sec.]
[LEEbkz:MW_Codeword_LEE:0.5566606521606445 sec.]
[LEEbkz:MW_Codeword_LEE:0.5561428070068359 sec.]
[LEEbkz:MW_Codeword_LEE:1.2959210872650146 sec.]
[LEEbkz:MW_Codeword_LEE:0.6192803382873535 sec.]
[LEEbkz:MW_Codeword_LEE:0.5565187931060791 sec.]
[LEEbkz:MW_Codeword_LEE:0.5559186935424805 sec.]
[LEEbkz:MW_Codeword_LEE:0.5559849739074707 sec.]
[LEEbkz:MW_Codeword_LEE:1.306262493133545 sec.]
[LEEbkz:MW_Codeword_LEE:0.6189069747924805 sec.]
[LEEbkz:MW_Codeword_LEE:0.5561552047729492 sec.]
[LEEbkz:MW_Codeword_LEE:0.556157112121582 sec.]
[LEEbkz:MW_Codeword_LEE:0.5615146160125732 sec.]
[LEEbkz:MW_Codeword_LEE:1.3309504985809326 sec.]
[LEEbkz:MW_Codeword_LEE:0.6194286346435547 sec.]
[LEEbkz:MW_Codeword_LEE:0.5617141723632812 sec.]
[LEEbkz:MW_Codeword_LEE:0.555901288986206 sec.]
[LEEbkz:MW_Codeword_LEE:0.5658574104309082 sec.]
[LEEbkz:MW_Codeword_LEE:0.5612616539001465 sec.]
[LEEbkz:MW_Codeword_LEE:1.328136682510376 sec.]
[LEEbkz:MW_Codeword_LEE:0.6282196044921875 sec.]
[LEEbkz:MW_Codeword_LEE:0.5565271377563477 sec.]
[LEEbkz:MW_Codeword_LEE:0.5616803169250488 sec.]
[LEEbkz:MW_Codeword_LEE:0.5594348907470703 sec.]
[LEEbkz:MW_Codeword_LEE:0.600529670715332 sec.]
[LEEbkz:MW_Codeword_LEE:0.6191678047180176 sec.]
[LEEbkz:MW_Codeword_LEE:0.5617580413818359 sec.]
[LEEbkz:MW_Codeword_LEE:0.5558598041534424 sec.]
[LEEbkz:MW_Codeword_LEE:0.5571045875549316 sec.]
[LEEbkz:MW_Codeword_LEE:0.6460418701171875 sec.]
[LEEbkz:MW_Codeword_LEE:0.5567672252655029 sec.]
[LEEbkz:MW_Codeword_LEE:0.5559225082397461 sec.]
[LEEbkz:MW_Codeword_LEE:0.600914478302002 sec.]
[LEEbkz:MW_Codeword_LEE:0.5559115409851074 sec.]
[LEEbkz:MW_Codeword_LEE:0.5556282997131348 sec.]
[LEEbkz:MW_Codeword_LEE:0.6505815982818604 sec.]
Hamming profile after BKZ: [454, 54, 5, 2, 1, 2, 1, 1, 1, 1, 1, 1, 1, 1, 1, 1, 1, 1, 1, 1, 1, 1, 1, 1, 1, 1, 1, 1, 1, 1, 1, 1, 1, 1, 1, 1, 1, 1, 1, 1, 1, 1, 1, 1, 1, 1, 1, 1, 1, 1, 1, 1, 1, 1, 1, 1, 1, 1, 1, 1, 1, 1, 1, 1, 1, 1, 1, 1, 1, 1, 1, 1, 1, 1, 1, 1, 1, 1, 1, 1, 1, 1, 1, 1, 1, 1, 1, 1, 1, 1, 1, 1, 1, 1, 1, 1, 1, 1, 1, 1, 1, 1, 1, 1, 1, 1, 1, 1, 1, 1, 1, 1, 1, 1, 1, 1, 1, 1, 1, 1, 1, 1, 1, 1, 1, 1, 1, 1, 1, 1, 1, 1, 1, 1, 1, 1, 1, 1, 1, 1, 1, 1, 1, 1, 1, 1, 1, 1, 1, 1, 1, 1, 1, 1, 1, 1, 1, 1, 1, 1, 1, 1, 1, 1, 1, 1, 1, 1, 1, 1, 1, 1, 1, 1, 1, 1, 1, 1, 1, 1, 1, 1, 1, 1, 1, 1, 1, 1, 1, 1, 1, 1, 1, 1, 1, 1, 1, 1, 1, 1, 1, 1, 1, 1, 1, 1, 1, 1, 1, 1, 1, 1, 1, 1, 1, 1, 1, 1, 1, 1, 1, 1, 1, 1, 1, 1, 1, 1, 1, 1, 1, 1, 1, 1, 1, 1, 1, 1, 1, 1, 1, 1, 1, 1, 1, 1, 1, 1, 1, 1, 1, 1, 1, 1, 1, 1, 1, 1, 1, 1, 1, 1, 1, 1, 1, 1, 1, 1, 1, 1, 1, 1, 1, 1, 1, 1, 1, 1, 1, 1, 1, 1, 1, 1, 1, 1, 1, 1, 1, 1, 1, 1, 1, 1, 1, 1, 1, 1, 1, 1, 1, 1, 1, 1, 1, 1, 1, 1, 1, 1, 1, 1, 1, 1, 1, 1, 1, 1, 1, 1, 1, 1, 1, 1, 1, 1, 1, 1, 1, 1, 1, 1, 1, 1, 1, 1, 1, 1, 1, 1, 1, 1, 1, 1, 1, 1, 1, 1, 1, 1, 1, 1, 1, 1, 1, 1, 1, 1, 1, 1, 1, 1, 1, 1, 1, 1, 1, 1, 1, 1, 1, 1, 1, 1, 1, 1, 1, 1, 1, 1, 1, 1, 1, 1, 1, 1, 1, 1, 1, 1, 1, 1, 1, 1, 1, 1, 1, 1, 1, 1, 1, 1, 1, 1, 1, 1, 1, 1, 1, 1, 1, 1, 1, 1, 1, 1, 1, 1, 1, 1, 1, 1, 1, 1, 1, 1, 1, 1, 1, 1, 1, 1, 1, 1, 1, 1, 1, 1, 1, 1, 1, 1, 1, 1, 1, 1, 1, 1, 1, 1, 1, 1, 1, 1, 1, 1, 1, 1, 1, 1, 1, 1, 1, 1, 1, 1, 1, 1, 1, 1, 1, 1, 1, 1, 1, 1, 1, 1, 1, 1, 1, 1, 1, 1, 1, 1, 1, 1, 1, 1, 1, 1, 1, 1, 1, 1, 1, 1, 1, 1, 1, 1, 1, 1, 1, 1, 1, 1, 1, 1, 1, 1]
Lee profile after BKZ: [1224, 112, 7, 2, 1, 2, 1, 1, 1, 1, 1, 1, 1, 1, 1, 1, 1, 1, 1, 1, 1, 1, 1, 1, 1, 1, 1, 1, 1, 1, 1, 1, 1, 1, 1, 1, 1, 1, 1, 1, 1, 1, 1, 1, 1, 1, 1, 1, 1, 1, 1, 1, 1, 1, 1, 1, 1, 1, 1, 1, 1, 1, 1, 1, 1, 1, 1, 1, 1, 1, 1, 1, 1, 1, 1, 1, 1, 1, 1, 1, 1, 1, 1, 1, 1, 1, 1, 1, 1, 1, 1, 1, 1, 1, 1, 1, 1, 1, 1, 1, 1, 1, 1, 1, 1, 1, 1, 1, 1, 1, 1, 1, 1, 1, 1, 1, 1, 1, 1, 1, 1, 1, 1, 1, 1, 1, 1, 1, 1, 1, 1, 1, 1, 1, 1, 1, 1, 1, 1, 1, 1, 1, 1, 1, 1, 1, 1, 1, 1, 1, 1, 1, 1, 1, 1, 1, 1, 1, 1, 1, 1, 1, 1, 1, 1, 1, 1, 1, 1, 1, 1, 1, 1, 1, 1, 1, 1, 1, 1, 1, 1, 1, 1, 1, 1, 1, 1, 1, 1, 1, 1, 1, 1, 1, 1, 1, 1, 1, 1, 1, 1, 1, 1, 1, 1, 1, 1, 1, 1, 1, 1, 1, 1, 1, 1, 1, 1, 1, 1, 1, 1, 1, 1, 1, 1, 1, 1, 1, 1, 1, 1, 1, 1, 1, 1, 1, 1, 1, 1, 1, 1, 1, 1, 1, 1, 1, 1, 1, 1, 1, 1, 1, 1, 1, 1, 1, 1, 1, 1, 1, 1, 1, 1, 1, 1, 1, 1, 1, 1, 1, 1, 1, 1, 1, 1, 1, 1, 1, 1, 1, 1, 1, 1, 1, 1, 1, 1, 1, 1, 1, 1, 1, 1, 1, 1, 1, 1, 1, 1, 1, 1, 1, 1, 1, 1, 1, 1, 1, 1, 1, 1, 1, 1, 1, 1, 1, 1, 1, 1, 1, 1, 1, 1, 1, 1, 1, 1, 1, 1, 1, 1, 1, 1, 1, 1, 1, 1, 1, 1, 1, 1, 1, 1, 1, 1, 1, 1, 1, 1, 1, 1, 1, 1, 1, 1, 1, 1, 1, 1, 1, 1, 1, 1, 1, 1, 1, 1, 1, 1, 1, 1, 1, 1, 1, 1, 1, 1, 1, 1, 1, 1, 1, 1, 1, 1, 1, 1, 1, 1, 1, 1, 1, 1, 1, 1, 1, 1, 1, 1, 1, 1, 1, 1, 1, 1, 1, 1, 1, 1, 1, 1, 1, 1, 1, 1, 1, 1, 1, 1, 1, 1, 1, 1, 1, 1, 1, 1, 1, 1, 1, 1, 1, 1, 1, 1, 1, 1, 1, 1, 1, 1, 1, 1, 1, 1, 1, 1, 1, 1, 1, 1, 1, 1, 1, 1, 1, 1, 1, 1, 1, 1, 1, 1, 1, 1, 1, 1, 1, 1, 1, 1, 1, 1, 1, 1, 1, 1, 1, 1, 1, 1, 1, 1, 1, 1, 1, 1, 1, 1, 1, 1, 1, 1, 1, 1, 1, 1, 1, 1, 1, 1, 1, 1, 1, 1, 1, 1, 1, 1, 1, 1, 1]
454<=B_red[0].wtL<=2270
B_red[0].wtH=454, B_red[0].wtL=1224

Hamming profile: [451, 55, 9, 1, 1, 1, 1, 1, 1, 1, 1, 1, 1, 1, 1, 1, 1, 1, 1, 1, 1, 1, 1, 1, 1, 1, 1, 1, 1, 1, 1, 1, 1, 1, 1, 1, 1, 1, 1, 1, 1, 1, 1, 1, 1, 1, 1, 1, 1, 1, 1, 1, 1, 1, 1, 1, 1, 1, 1, 1, 1, 1, 1, 1, 1, 1, 1, 1, 1, 1, 1, 1, 1, 1, 1, 1, 1, 1, 1, 1, 1, 1, 1, 1, 1, 1, 1, 1, 1, 1, 1, 1, 1, 1, 1, 1, 1, 1, 1, 1, 1, 1, 1, 1, 1, 1, 1, 1, 1, 1, 1, 1, 1, 1, 1, 1, 1, 1, 1, 1, 1, 1, 1, 1, 1, 1, 1, 1, 1, 1, 1, 1, 1, 1, 1, 1, 1, 1, 1, 1, 1, 1, 1, 1, 1, 1, 1, 1, 1, 1, 1, 1, 1, 1, 1, 1, 1, 1, 1, 1, 1, 1, 1, 1, 1, 1, 1, 1, 1, 1, 1, 1, 1, 1, 1, 1, 1, 1, 1, 1, 1, 1, 1, 1, 1, 1, 1, 1, 1, 1, 1, 1, 1, 1, 1, 1, 1, 1, 1, 1, 1, 1, 1, 1, 1, 1, 1, 1, 1, 1, 1, 1, 1, 1, 1, 1, 1, 1, 1, 1, 1, 1, 1, 1, 1, 1, 1, 1, 1, 1, 1, 1, 1, 1, 1, 1, 1, 1, 1, 1, 1, 1, 1, 1, 1, 1, 1, 1, 1, 1, 1, 1, 1, 1, 1, 1, 1, 1, 1, 1, 1, 1, 1, 1, 1, 1, 1, 1, 1, 1, 1, 1, 1, 1, 1, 1, 1, 1, 1, 1, 1, 1, 1, 1, 1, 1, 1, 1, 1, 1, 1, 1, 1, 1, 1, 1, 1, 1, 1, 1, 1, 1, 1, 1, 1, 1, 1, 1, 1, 1, 1, 1, 1, 1, 1, 1, 1, 1, 1, 1, 1, 1, 1, 1, 1, 1, 1, 1, 1, 1, 1, 1, 1, 1, 1, 1, 1, 1, 1, 1, 1, 1, 1, 1, 1, 1, 1, 1, 1, 1, 1, 1, 1, 1, 1, 1, 1, 1, 1, 1, 1, 1, 1, 1, 1, 1, 1, 1, 1, 1, 1, 1, 1, 1, 1, 1, 1, 1, 1, 1, 1, 1, 1, 1, 1, 1, 1, 1, 1, 1, 1, 1, 1, 1, 1, 1, 1, 1, 1, 1, 1, 1, 1, 1, 1, 1, 1, 1, 1, 1, 1, 1, 1, 1, 1, 1, 1, 1, 1, 1, 1, 1, 1, 1, 1, 1, 1, 1, 1, 1, 1, 1, 1, 1, 1, 1, 1, 1, 1, 1, 1, 1, 1, 1, 1, 1, 1, 1, 1, 1, 1, 1, 1, 1, 1, 1, 1, 1, 1, 1, 1, 1, 1, 1, 1, 1, 1, 1, 1, 1, 1, 1, 1, 1, 1, 1, 1, 1, 1, 1, 1, 1, 1, 1, 1, 1, 1, 1, 1, 1, 1, 1, 1, 1, 1, 1, 1, 1, 1, 1, 1, 1, 1, 1, 1, 1, 1, 1, 1, 1, 1, 1]
Lee profile: [1359, 159, 27, 1, 1, 1, 1, 1, 1, 1, 1, 1, 1, 1, 1, 1, 1, 1, 1, 1, 1, 1, 1, 1, 1, 1, 1, 1, 1, 1, 1, 1, 1, 1, 1, 1, 1, 1, 1, 1, 1, 1, 1, 1, 1, 1, 1, 1, 1, 1, 1, 1, 1, 1, 1, 1, 1, 1, 1, 1, 1, 1, 1, 1, 1, 1, 1, 1, 1, 1, 1, 1, 1, 1, 1, 1, 1, 1, 1, 1, 1, 1, 1, 1, 1, 1, 1, 1, 1, 1, 1, 1, 1, 1, 1, 1, 1, 1, 1, 1, 1, 1, 1, 1, 1, 1, 1, 1, 1, 1, 1, 1, 1, 1, 1, 1, 1, 1, 1, 1, 1, 1, 1, 1, 1, 1, 1, 1, 1, 1, 1, 1, 1, 1, 1, 1, 1, 1, 1, 1, 1, 1, 1, 1, 1, 1, 1, 1, 1, 1, 1, 1, 1, 1, 1, 1, 1, 1, 1, 1, 1, 1, 1, 1, 1, 1, 1, 1, 1, 1, 1, 1, 1, 1, 1, 1, 1, 1, 1, 1, 1, 1, 1, 1, 1, 1, 1, 1, 1, 1, 1, 1, 1, 1, 1, 1, 1, 1, 1, 1, 1, 1, 1, 1, 1, 1, 1, 1, 1, 1, 1, 1, 1, 1, 1, 1, 1, 1, 1, 1, 1, 1, 1, 1, 1, 1, 1, 1, 1, 1, 1, 1, 1, 1, 1, 1, 1, 1, 1, 1, 1, 1, 1, 1, 1, 1, 1, 1, 1, 1, 1, 1, 1, 1, 1, 1, 1, 1, 1, 1, 1, 1, 1, 1, 1, 1, 1, 1, 1, 1, 1, 1, 1, 1, 1, 1, 1, 1, 1, 1, 1, 1, 1, 1, 1, 1, 1, 1, 1, 1, 1, 1, 1, 1, 1, 1, 1, 1, 1, 1, 1, 1, 1, 1, 1, 1, 1, 1, 1, 1, 1, 1, 1, 1, 1, 1, 1, 1, 1, 1, 1, 1, 1, 1, 1, 1, 1, 1, 1, 1, 1, 1, 1, 1, 1, 1, 1, 1, 1, 1, 1, 1, 1, 1, 1, 1, 1, 1, 1, 1, 1, 1, 1, 1, 1, 1, 1, 1, 1, 1, 1, 1, 1, 1, 1, 1, 1, 1, 1, 1, 1, 1, 1, 1, 1, 1, 1, 1, 1, 1, 1, 1, 1, 1, 1, 1, 1, 1, 1, 1, 1, 1, 1, 1, 1, 1, 1, 1, 1, 1, 1, 1, 1, 1, 1, 1, 1, 1, 1, 1, 1, 1, 1, 1, 1, 1, 1, 1, 1, 1, 1, 1, 1, 1, 1, 1, 1, 1, 1, 1, 1, 1, 1, 1, 1, 1, 1, 1, 1, 1, 1, 1, 1, 1, 1, 1, 1, 1, 1, 1, 1, 1, 1, 1, 1, 1, 1, 1, 1, 1, 1, 1, 1, 1, 1, 1, 1, 1, 1, 1, 1, 1, 1, 1, 1, 1, 1, 1, 1, 1, 1, 1, 1, 1, 1, 1, 1, 1, 1, 1, 1, 1, 1, 1, 1, 1, 1, 1, 1, 1, 1, 1, 1, 1, 1, 1, 1, 1, 1, 1, 1, 1]
451<=B[0].wtL<=2255
B[0].wtH=451, B[0].wtL=1359

--- LeeBKZ with beta=7, bkz with minimum_lee_wt_codeword (may be non-primitive) ---
[LEEbkz:MW_Codeword_LEE:1.3556592464447021 sec.]
[LEEbkz:MW_Codeword_LEE:0.6201403141021729 sec.]
[LEEbkz:MW_Codeword_LEE:1.3329803943634033 sec.]
[LEEbkz:MW_Codeword_LEE:0.6289770603179932 sec.]
[LEEbkz:MW_Codeword_LEE:0.5565536022186279 sec.]
[LEEbkz:MW_Codeword_LEE:1.3549995422363281 sec.]
[LEEbkz:MW_Codeword_LEE:0.6202888488769531 sec.]
[LEEbkz:MW_Codeword_LEE:0.5566387176513672 sec.]
[LEEbkz:MW_Codeword_LEE:0.556532621383667 sec.]
[LEEbkz:MW_Codeword_LEE:1.3559677600860596 sec.]
[LEEbkz:MW_Codeword_LEE:0.6196990013122559 sec.]
[LEEbkz:MW_Codeword_LEE:0.5574440956115723 sec.]
[LEEbkz:MW_Codeword_LEE:0.5555198192596436 sec.]
[LEEbkz:MW_Codeword_LEE:0.5666866302490234 sec.]
[LEEbkz:MW_Codeword_LEE:1.3556256294250488 sec.]
[LEEbkz:MW_Codeword_LEE:0.6215524673461914 sec.]
[LEEbkz:MW_Codeword_LEE:0.5564088821411133 sec.]
[LEEbkz:MW_Codeword_LEE:0.5561909675598145 sec.]
[LEEbkz:MW_Codeword_LEE:0.5555481910705566 sec.]
[LEEbkz:MW_Codeword_LEE:1.3550999164581299 sec.]
[LEEbkz:MW_Codeword_LEE:0.6200122833251953 sec.]
[LEEbkz:MW_Codeword_LEE:0.5565452575683594 sec.]
[LEEbkz:MW_Codeword_LEE:0.5564582347869873 sec.]
[LEEbkz:MW_Codeword_LEE:0.564978837966919 sec.]
[LEEbkz:MW_Codeword_LEE:1.3557980060577393 sec.]
[LEEbkz:MW_Codeword_LEE:0.6200904846191406 sec.]
[LEEbkz:MW_Codeword_LEE:1.360785961151123 sec.]
[LEEbkz:MW_Codeword_LEE:0.6202969551086426 sec.]
[LEEbkz:MW_Codeword_LEE:0.5573256015777588 sec.]
[LEEbkz:MW_Codeword_LEE:1.3574235439300537 sec.]
[LEEbkz:MW_Codeword_LEE:0.6200447082519531 sec.]
[LEEbkz:MW_Codeword_LEE:1.3608133792877197 sec.]
[LEEbkz:MW_Codeword_LEE:0.6197319030761719 sec.]
[LEEbkz:MW_Codeword_LEE:0.5567188262939453 sec.]
[LEEbkz:MW_Codeword_LEE:1.3540849685668945 sec.]
[LEEbkz:MW_Codeword_LEE:0.6193757057189941 sec.]
[LEEbkz:MW_Codeword_LEE:0.55660080909729 sec.]
[LEEbkz:MW_Codeword_LEE:0.557218074798584 sec.]
[LEEbkz:MW_Codeword_LEE:1.3430280685424805 sec.]
[LEEbkz:MW_Codeword_LEE:0.6190881729125977 sec.]
[LEEbkz:MW_Codeword_LEE:0.5560681819915771 sec.]
[LEEbkz:MW_Codeword_LEE:0.5559635162353516 sec.]
[LEEbkz:MW_Codeword_LEE:0.5563604831695557 sec.]
[LEEbkz:MW_Codeword_LEE:1.358297348022461 sec.]
[LEEbkz:MW_Codeword_LEE:0.6278681755065918 sec.]
[LEEbkz:MW_Codeword_LEE:0.5569944381713867 sec.]
[LEEbkz:MW_Codeword_LEE:0.5561435222625732 sec.]
[LEEbkz:MW_Codeword_LEE:0.6001284122467041 sec.]
[LEEbkz:MW_Codeword_LEE:0.5557518005371094 sec.]
[LEEbkz:MW_Codeword_LEE:1.3621459007263184 sec.]
[LEEbkz:MW_Codeword_LEE:0.6275122165679932 sec.]
[LEEbkz:MW_Codeword_LEE:0.5563075542449951 sec.]
[LEEbkz:MW_Codeword_LEE:0.5558667182922363 sec.]
[LEEbkz:MW_Codeword_LEE:0.5561361312866211 sec.]
[LEEbkz:MW_Codeword_LEE:0.5555903911590576 sec.]
[LEEbkz:MW_Codeword_LEE:1.3546779155731201 sec.]
[LEEbkz:MW_Codeword_LEE:0.61934494972229 sec.]
[LEEbkz:MW_Codeword_LEE:0.5567922592163086 sec.]
[LEEbkz:MW_Codeword_LEE:0.556586742401123 sec.]
[LEEbkz:MW_Codeword_LEE:0.5558798313140869 sec.]
[LEEbkz:MW_Codeword_LEE:0.5559325218200684 sec.]
[LEEbkz:MW_Codeword_LEE:0.619725227355957 sec.]
[LEEbkz:MW_Codeword_LEE:1.3233592510223389 sec.]
[LEEbkz:MW_Codeword_LEE:0.6189568042755127 sec.]
[LEEbkz:MW_Codeword_LEE:0.5563459396362305 sec.]
[LEEbkz:MW_Codeword_LEE:1.3663911819458008 sec.]
[LEEbkz:MW_Codeword_LEE:0.6195485591888428 sec.]
[LEEbkz:MW_Codeword_LEE:0.5670268535614014 sec.]
[LEEbkz:MW_Codeword_LEE:0.5556089878082275 sec.]
[LEEbkz:MW_Codeword_LEE:1.365535020828247 sec.]
[LEEbkz:MW_Codeword_LEE:0.6193203926086426 sec.]
[LEEbkz:MW_Codeword_LEE:0.5563869476318359 sec.]
[LEEbkz:MW_Codeword_LEE:0.5567784309387207 sec.]
[LEEbkz:MW_Codeword_LEE:1.356715202331543 sec.]
[LEEbkz:MW_Codeword_LEE:0.6190605163574219 sec.]
[LEEbkz:MW_Codeword_LEE:0.5560908317565918 sec.]
[LEEbkz:MW_Codeword_LEE:0.5558836460113525 sec.]
[LEEbkz:MW_Codeword_LEE:1.2958707809448242 sec.]
[LEEbkz:MW_Codeword_LEE:0.6267209053039551 sec.]
[LEEbkz:MW_Codeword_LEE:0.5559346675872803 sec.]
[LEEbkz:MW_Codeword_LEE:0.5556900501251221 sec.]
[LEEbkz:MW_Codeword_LEE:1.3079180717468262 sec.]
[LEEbkz:MW_Codeword_LEE:0.6189064979553223 sec.]
[LEEbkz:MW_Codeword_LEE:0.5567059516906738 sec.]
[LEEbkz:MW_Codeword_LEE:0.5561590194702148 sec.]
[LEEbkz:MW_Codeword_LEE:0.6194422245025635 sec.]
[LEEbkz:MW_Codeword_LEE:0.5561404228210449 sec.]
[LEEbkz:MW_Codeword_LEE:0.5559144020080566 sec.]
[LEEbkz:MW_Codeword_LEE:0.5569195747375488 sec.]
Hamming profile after BKZ: [452, 53, 10, 1, 1, 1, 1, 1, 1, 1, 1, 1, 1, 1, 1, 1, 1, 1, 1, 1, 1, 1, 1, 1, 1, 1, 1, 1, 1, 1, 1, 1, 1, 1, 1, 1, 1, 1, 1, 1, 1, 1, 1, 1, 1, 1, 1, 1, 1, 1, 1, 1, 1, 1, 1, 1, 1, 1, 1, 1, 1, 1, 1, 1, 1, 1, 1, 1, 1, 1, 1, 1, 1, 1, 1, 1, 1, 1, 1, 1, 1, 1, 1, 1, 1, 1, 1, 1, 1, 1, 1, 1, 1, 1, 1, 1, 1, 1, 1, 1, 1, 1, 1, 1, 1, 1, 1, 1, 1, 1, 1, 1, 1, 1, 1, 1, 1, 1, 1, 1, 1, 1, 1, 1, 1, 1, 1, 1, 1, 1, 1, 1, 1, 1, 1, 1, 1, 1, 1, 1, 1, 1, 1, 1, 1, 1, 1, 1, 1, 1, 1, 1, 1, 1, 1, 1, 1, 1, 1, 1, 1, 1, 1, 1, 1, 1, 1, 1, 1, 1, 1, 1, 1, 1, 1, 1, 1, 1, 1, 1, 1, 1, 1, 1, 1, 1, 1, 1, 1, 1, 1, 1, 1, 1, 1, 1, 1, 1, 1, 1, 1, 1, 1, 1, 1, 1, 1, 1, 1, 1, 1, 1, 1, 1, 1, 1, 1, 1, 1, 1, 1, 1, 1, 1, 1, 1, 1, 1, 1, 1, 1, 1, 1, 1, 1, 1, 1, 1, 1, 1, 1, 1, 1, 1, 1, 1, 1, 1, 1, 1, 1, 1, 1, 1, 1, 1, 1, 1, 1, 1, 1, 1, 1, 1, 1, 1, 1, 1, 1, 1, 1, 1, 1, 1, 1, 1, 1, 1, 1, 1, 1, 1, 1, 1, 1, 1, 1, 1, 1, 1, 1, 1, 1, 1, 1, 1, 1, 1, 1, 1, 1, 1, 1, 1, 1, 1, 1, 1, 1, 1, 1, 1, 1, 1, 1, 1, 1, 1, 1, 1, 1, 1, 1, 1, 1, 1, 1, 1, 1, 1, 1, 1, 1, 1, 1, 1, 1, 1, 1, 1, 1, 1, 1, 1, 1, 1, 1, 1, 1, 1, 1, 1, 1, 1, 1, 1, 1, 1, 1, 1, 1, 1, 1, 1, 1, 1, 1, 1, 1, 1, 1, 1, 1, 1, 1, 1, 1, 1, 1, 1, 1, 1, 1, 1, 1, 1, 1, 1, 1, 1, 1, 1, 1, 1, 1, 1, 1, 1, 1, 1, 1, 1, 1, 1, 1, 1, 1, 1, 1, 1, 1, 1, 1, 1, 1, 1, 1, 1, 1, 1, 1, 1, 1, 1, 1, 1, 1, 1, 1, 1, 1, 1, 1, 1, 1, 1, 1, 1, 1, 1, 1, 1, 1, 1, 1, 1, 1, 1, 1, 1, 1, 1, 1, 1, 1, 1, 1, 1, 1, 1, 1, 1, 1, 1, 1, 1, 1, 1, 1, 1, 1, 1, 1, 1, 1, 1, 1, 1, 1, 1, 1, 1, 1, 1, 1, 1, 1, 1, 1, 1, 1, 1, 1, 1, 1, 1, 1, 1, 1, 1, 1, 1, 1, 1, 1, 1, 1, 1, 1, 1, 1, 1]
Lee profile after BKZ: [1203, 116, 13, 1, 1, 1, 1, 1, 1, 1, 1, 1, 1, 1, 1, 1, 1, 1, 1, 1, 1, 1, 1, 1, 1, 1, 1, 1, 1, 1, 1, 1, 1, 1, 1, 1, 1, 1, 1, 1, 1, 1, 1, 1, 1, 1, 1, 1, 1, 1, 1, 1, 1, 1, 1, 1, 1, 1, 1, 1, 1, 1, 1, 1, 1, 1, 1, 1, 1, 1, 1, 1, 1, 1, 1, 1, 1, 1, 1, 1, 1, 1, 1, 1, 1, 1, 1, 1, 1, 1, 1, 1, 1, 1, 1, 1, 1, 1, 1, 1, 1, 1, 1, 1, 1, 1, 1, 1, 1, 1, 1, 1, 1, 1, 1, 1, 1, 1, 1, 1, 1, 1, 1, 1, 1, 1, 1, 1, 1, 1, 1, 1, 1, 1, 1, 1, 1, 1, 1, 1, 1, 1, 1, 1, 1, 1, 1, 1, 1, 1, 1, 1, 1, 1, 1, 1, 1, 1, 1, 1, 1, 1, 1, 1, 1, 1, 1, 1, 1, 1, 1, 1, 1, 1, 1, 1, 1, 1, 1, 1, 1, 1, 1, 1, 1, 1, 1, 1, 1, 1, 1, 1, 1, 1, 1, 1, 1, 1, 1, 1, 1, 1, 1, 1, 1, 1, 1, 1, 1, 1, 1, 1, 1, 1, 1, 1, 1, 1, 1, 1, 1, 1, 1, 1, 1, 1, 1, 1, 1, 1, 1, 1, 1, 1, 1, 1, 1, 1, 1, 1, 1, 1, 1, 1, 1, 1, 1, 1, 1, 1, 1, 1, 1, 1, 1, 1, 1, 1, 1, 1, 1, 1, 1, 1, 1, 1, 1, 1, 1, 1, 1, 1, 1, 1, 1, 1, 1, 1, 1, 1, 1, 1, 1, 1, 1, 1, 1, 1, 1, 1, 1, 1, 1, 1, 1, 1, 1, 1, 1, 1, 1, 1, 1, 1, 1, 1, 1, 1, 1, 1, 1, 1, 1, 1, 1, 1, 1, 1, 1, 1, 1, 1, 1, 1, 1, 1, 1, 1, 1, 1, 1, 1, 1, 1, 1, 1, 1, 1, 1, 1, 1, 1, 1, 1, 1, 1, 1, 1, 1, 1, 1, 1, 1, 1, 1, 1, 1, 1, 1, 1, 1, 1, 1, 1, 1, 1, 1, 1, 1, 1, 1, 1, 1, 1, 1, 1, 1, 1, 1, 1, 1, 1, 1, 1, 1, 1, 1, 1, 1, 1, 1, 1, 1, 1, 1, 1, 1, 1, 1, 1, 1, 1, 1, 1, 1, 1, 1, 1, 1, 1, 1, 1, 1, 1, 1, 1, 1, 1, 1, 1, 1, 1, 1, 1, 1, 1, 1, 1, 1, 1, 1, 1, 1, 1, 1, 1, 1, 1, 1, 1, 1, 1, 1, 1, 1, 1, 1, 1, 1, 1, 1, 1, 1, 1, 1, 1, 1, 1, 1, 1, 1, 1, 1, 1, 1, 1, 1, 1, 1, 1, 1, 1, 1, 1, 1, 1, 1, 1, 1, 1, 1, 1, 1, 1, 1, 1, 1, 1, 1, 1, 1, 1, 1, 1, 1, 1, 1, 1, 1, 1, 1, 1, 1, 1, 1, 1, 1, 1, 1, 1, 1, 1]
452<=B_red[0].wtL<=2260
B_red[0].wtH=452, B_red[0].wtL=1203

Hamming profile: [476, 32, 7, 1, 1, 1, 1, 1, 1, 1, 1, 1, 1, 1, 1, 1, 1, 1, 1, 1, 1, 1, 1, 1, 1, 1, 1, 1, 1, 1, 1, 1, 1, 1, 1, 1, 1, 1, 1, 1, 1, 1, 1, 1, 1, 1, 1, 1, 1, 1, 1, 1, 1, 1, 1, 1, 1, 1, 1, 1, 1, 1, 1, 1, 1, 1, 1, 1, 1, 1, 1, 1, 1, 1, 1, 1, 1, 1, 1, 1, 1, 1, 1, 1, 1, 1, 1, 1, 1, 1, 1, 1, 1, 1, 1, 1, 1, 1, 1, 1, 1, 1, 1, 1, 1, 1, 1, 1, 1, 1, 1, 1, 1, 1, 1, 1, 1, 1, 1, 1, 1, 1, 1, 1, 1, 1, 1, 1, 1, 1, 1, 1, 1, 1, 1, 1, 1, 1, 1, 1, 1, 1, 1, 1, 1, 1, 1, 1, 1, 1, 1, 1, 1, 1, 1, 1, 1, 1, 1, 1, 1, 1, 1, 1, 1, 1, 1, 1, 1, 1, 1, 1, 1, 1, 1, 1, 1, 1, 1, 1, 1, 1, 1, 1, 1, 1, 1, 1, 1, 1, 1, 1, 1, 1, 1, 1, 1, 1, 1, 1, 1, 1, 1, 1, 1, 1, 1, 1, 1, 1, 1, 1, 1, 1, 1, 1, 1, 1, 1, 1, 1, 1, 1, 1, 1, 1, 1, 1, 1, 1, 1, 1, 1, 1, 1, 1, 1, 1, 1, 1, 1, 1, 1, 1, 1, 1, 1, 1, 1, 1, 1, 1, 1, 1, 1, 1, 1, 1, 1, 1, 1, 1, 1, 1, 1, 1, 1, 1, 1, 1, 1, 1, 1, 1, 1, 1, 1, 1, 1, 1, 1, 1, 1, 1, 1, 1, 1, 1, 1, 1, 1, 1, 1, 1, 1, 1, 1, 1, 1, 1, 1, 1, 1, 1, 1, 1, 1, 1, 1, 1, 1, 1, 1, 1, 1, 1, 1, 1, 1, 1, 1, 1, 1, 1, 1, 1, 1, 1, 1, 1, 1, 1, 1, 1, 1, 1, 1, 1, 1, 1, 1, 1, 1, 1, 1, 1, 1, 1, 1, 1, 1, 1, 1, 1, 1, 1, 1, 1, 1, 1, 1, 1, 1, 1, 1, 1, 1, 1, 1, 1, 1, 1, 1, 1, 1, 1, 1, 1, 1, 1, 1, 1, 1, 1, 1, 1, 1, 1, 1, 1, 1, 1, 1, 1, 1, 1, 1, 1, 1, 1, 1, 1, 1, 1, 1, 1, 1, 1, 1, 1, 1, 1, 1, 1, 1, 1, 1, 1, 1, 1, 1, 1, 1, 1, 1, 1, 1, 1, 1, 1, 1, 1, 1, 1, 1, 1, 1, 1, 1, 1, 1, 1, 1, 1, 1, 1, 1, 1, 1, 1, 1, 1, 1, 1, 1, 1, 1, 1, 1, 1, 1, 1, 1, 1, 1, 1, 1, 1, 1, 1, 1, 1, 1, 1, 1, 1, 1, 1, 1, 1, 1, 1, 1, 1, 1, 1, 1, 1, 1, 1, 1, 1, 1, 1, 1, 1, 1, 1, 1, 1, 1, 1, 1, 1, 1, 1, 1, 1, 1, 1, 1, 1]
Lee profile: [1356, 88, 19, 1, 1, 1, 1, 1, 1, 1, 1, 1, 1, 1, 1, 1, 1, 1, 1, 1, 1, 1, 1, 1, 1, 1, 1, 1, 1, 1, 1, 1, 1, 1, 1, 1, 1, 1, 1, 1, 1, 1, 1, 1, 1, 1, 1, 1, 1, 1, 1, 1, 1, 1, 1, 1, 1, 1, 1, 1, 1, 1, 1, 1, 1, 1, 1, 1, 1, 1, 1, 1, 1, 1, 1, 1, 1, 1, 1, 1, 1, 1, 1, 1, 1, 1, 1, 1, 1, 1, 1, 1, 1, 1, 1, 1, 1, 1, 1, 1, 1, 1, 1, 1, 1, 1, 1, 1, 1, 1, 1, 1, 1, 1, 1, 1, 1, 1, 1, 1, 1, 1, 1, 1, 1, 1, 1, 1, 1, 1, 1, 1, 1, 1, 1, 1, 1, 1, 1, 1, 1, 1, 1, 1, 1, 1, 1, 1, 1, 1, 1, 1, 1, 1, 1, 1, 1, 1, 1, 1, 1, 1, 1, 1, 1, 1, 1, 1, 1, 1, 1, 1, 1, 1, 1, 1, 1, 1, 1, 1, 1, 1, 1, 1, 1, 1, 1, 1, 1, 1, 1, 1, 1, 1, 1, 1, 1, 1, 1, 1, 1, 1, 1, 1, 1, 1, 1, 1, 1, 1, 1, 1, 1, 1, 1, 1, 1, 1, 1, 1, 1, 1, 1, 1, 1, 1, 1, 1, 1, 1, 1, 1, 1, 1, 1, 1, 1, 1, 1, 1, 1, 1, 1, 1, 1, 1, 1, 1, 1, 1, 1, 1, 1, 1, 1, 1, 1, 1, 1, 1, 1, 1, 1, 1, 1, 1, 1, 1, 1, 1, 1, 1, 1, 1, 1, 1, 1, 1, 1, 1, 1, 1, 1, 1, 1, 1, 1, 1, 1, 1, 1, 1, 1, 1, 1, 1, 1, 1, 1, 1, 1, 1, 1, 1, 1, 1, 1, 1, 1, 1, 1, 1, 1, 1, 1, 1, 1, 1, 1, 1, 1, 1, 1, 1, 1, 1, 1, 1, 1, 1, 1, 1, 1, 1, 1, 1, 1, 1, 1, 1, 1, 1, 1, 1, 1, 1, 1, 1, 1, 1, 1, 1, 1, 1, 1, 1, 1, 1, 1, 1, 1, 1, 1, 1, 1, 1, 1, 1, 1, 1, 1, 1, 1, 1, 1, 1, 1, 1, 1, 1, 1, 1, 1, 1, 1, 1, 1, 1, 1, 1, 1, 1, 1, 1, 1, 1, 1, 1, 1, 1, 1, 1, 1, 1, 1, 1, 1, 1, 1, 1, 1, 1, 1, 1, 1, 1, 1, 1, 1, 1, 1, 1, 1, 1, 1, 1, 1, 1, 1, 1, 1, 1, 1, 1, 1, 1, 1, 1, 1, 1, 1, 1, 1, 1, 1, 1, 1, 1, 1, 1, 1, 1, 1, 1, 1, 1, 1, 1, 1, 1, 1, 1, 1, 1, 1, 1, 1, 1, 1, 1, 1, 1, 1, 1, 1, 1, 1, 1, 1, 1, 1, 1, 1, 1, 1, 1, 1, 1, 1, 1, 1, 1, 1, 1, 1, 1, 1, 1, 1, 1, 1, 1, 1, 1, 1, 1, 1, 1, 1, 1, 1, 1]
476<=B[0].wtL<=2380
B[0].wtH=476, B[0].wtL=1356

--- LeeBKZ with beta=7, bkz with minimum_lee_wt_codeword (may be non-primitive) ---
[LEEbkz:MW_Codeword_LEE:1.2975554466247559 sec.]
[LEEbkz:MW_Codeword_LEE:0.6202921867370605 sec.]
[LEEbkz:MW_Codeword_LEE:1.320965051651001 sec.]
[LEEbkz:MW_Codeword_LEE:0.6680300235748291 sec.]
[LEEbkz:MW_Codeword_LEE:0.5568797588348389 sec.]
[LEEbkz:MW_Codeword_LEE:1.3503344058990479 sec.]
[LEEbkz:MW_Codeword_LEE:0.6293075084686279 sec.]
[LEEbkz:MW_Codeword_LEE:0.5565340518951416 sec.]
[LEEbkz:MW_Codeword_LEE:0.5563867092132568 sec.]
[LEEbkz:MW_Codeword_LEE:1.2974083423614502 sec.]
[LEEbkz:MW_Codeword_LEE:0.6200137138366699 sec.]
[LEEbkz:MW_Codeword_LEE:1.2957444190979004 sec.]
[LEEbkz:MW_Codeword_LEE:0.6200401782989502 sec.]
[LEEbkz:MW_Codeword_LEE:0.6459324359893799 sec.]
[LEEbkz:MW_Codeword_LEE:1.2969927787780762 sec.]
[LEEbkz:MW_Codeword_LEE:0.6202609539031982 sec.]
[LEEbkz:MW_Codeword_LEE:0.5562939643859863 sec.]
[LEEbkz:MW_Codeword_LEE:0.5562970638275146 sec.]
[LEEbkz:MW_Codeword_LEE:1.2949802875518799 sec.]
[LEEbkz:MW_Codeword_LEE:0.6223564147949219 sec.]
[LEEbkz:MW_Codeword_LEE:0.5562083721160889 sec.]
[LEEbkz:MW_Codeword_LEE:0.6461222171783447 sec.]
[LEEbkz:MW_Codeword_LEE:1.3038771152496338 sec.]
[LEEbkz:MW_Codeword_LEE:0.618908166885376 sec.]
[LEEbkz:MW_Codeword_LEE:1.3137414455413818 sec.]
[LEEbkz:MW_Codeword_LEE:0.6198244094848633 sec.]
[LEEbkz:MW_Codeword_LEE:0.5561120510101318 sec.]
[LEEbkz:MW_Codeword_LEE:1.2954950332641602 sec.]
[LEEbkz:MW_Codeword_LEE:0.6200015544891357 sec.]
[LEEbkz:MW_Codeword_LEE:0.5560059547424316 sec.]
[LEEbkz:MW_Codeword_LEE:0.5559990406036377 sec.]
[LEEbkz:MW_Codeword_LEE:1.3739755153656006 sec.]
[LEEbkz:MW_Codeword_LEE:0.6198136806488037 sec.]
[LEEbkz:MW_Codeword_LEE:0.6466593742370605 sec.]
[LEEbkz:MW_Codeword_LEE:0.6456620693206787 sec.]
[LEEbkz:MW_Codeword_LEE:0.5563974380493164 sec.]
[LEEbkz:MW_Codeword_LEE:1.3012394905090332 sec.]
[LEEbkz:MW_Codeword_LEE:0.6195037364959717 sec.]
[LEEbkz:MW_Codeword_LEE:0.5675077438354492 sec.]
[LEEbkz:MW_Codeword_LEE:0.6456155776977539 sec.]
[LEEbkz:MW_Codeword_LEE:0.556668758392334 sec.]
[LEEbkz:MW_Codeword_LEE:1.412163257598877 sec.]
[LEEbkz:MW_Codeword_LEE:0.6281454563140869 sec.]
[LEEbkz:MW_Codeword_LEE:0.556887149810791 sec.]
[LEEbkz:MW_Codeword_LEE:0.5559365749359131 sec.]
[LEEbkz:MW_Codeword_LEE:0.556588888168335 sec.]
[LEEbkz:MW_Codeword_LEE:0.5561141967773438 sec.]
[LEEbkz:MW_Codeword_LEE:1.295874834060669 sec.]
[LEEbkz:MW_Codeword_LEE:0.621204137802124 sec.]
[LEEbkz:MW_Codeword_LEE:0.556145429611206 sec.]
[LEEbkz:MW_Codeword_LEE:0.5564706325531006 sec.]
[LEEbkz:MW_Codeword_LEE:0.6466531753540039 sec.]
[LEEbkz:MW_Codeword_LEE:0.5558574199676514 sec.]
[LEEbkz:MW_Codeword_LEE:0.6203289031982422 sec.]
[LEEbkz:MW_Codeword_LEE:0.5566990375518799 sec.]
[LEEbkz:MW_Codeword_LEE:0.6462795734405518 sec.]
[LEEbkz:MW_Codeword_LEE:0.5575361251831055 sec.]
[LEEbkz:MW_Codeword_LEE:0.601038932800293 sec.]
[LEEbkz:MW_Codeword_LEE:0.6466217041015625 sec.]
[LEEbkz:MW_Codeword_LEE:0.5572450160980225 sec.]
[LEEbkz:MW_Codeword_LEE:0.5564296245574951 sec.]
[LEEbkz:MW_Codeword_LEE:0.556185245513916 sec.]
[LEEbkz:MW_Codeword_LEE:0.5577645301818848 sec.]
[LEEbkz:MW_Codeword_LEE:0.5570652484893799 sec.]
[LEEbkz:MW_Codeword_LEE:0.5562057495117188 sec.]
[LEEbkz:MW_Codeword_LEE:0.5569679737091064 sec.]
Hamming profile after BKZ: [447, 54, 11, 3, 1, 2, 1, 1, 1, 1, 1, 1, 1, 1, 1, 1, 1, 1, 1, 1, 1, 1, 1, 1, 1, 1, 1, 1, 1, 1, 1, 1, 1, 1, 1, 1, 1, 1, 1, 1, 1, 1, 1, 1, 1, 1, 1, 1, 1, 1, 1, 1, 1, 1, 1, 1, 1, 1, 1, 1, 1, 1, 1, 1, 1, 1, 1, 1, 1, 1, 1, 1, 1, 1, 1, 1, 1, 1, 1, 1, 1, 1, 1, 1, 1, 1, 1, 1, 1, 1, 1, 1, 1, 1, 1, 1, 1, 1, 1, 1, 1, 1, 1, 1, 1, 1, 1, 1, 1, 1, 1, 1, 1, 1, 1, 1, 1, 1, 1, 1, 1, 1, 1, 1, 1, 1, 1, 1, 1, 1, 1, 1, 1, 1, 1, 1, 1, 1, 1, 1, 1, 1, 1, 1, 1, 1, 1, 1, 1, 1, 1, 1, 1, 1, 1, 1, 1, 1, 1, 1, 1, 1, 1, 1, 1, 1, 1, 1, 1, 1, 1, 1, 1, 1, 1, 1, 1, 1, 1, 1, 1, 1, 1, 1, 1, 1, 1, 1, 1, 1, 1, 1, 1, 1, 1, 1, 1, 1, 1, 1, 1, 1, 1, 1, 1, 1, 1, 1, 1, 1, 1, 1, 1, 1, 1, 1, 1, 1, 1, 1, 1, 1, 1, 1, 1, 1, 1, 1, 1, 1, 1, 1, 1, 1, 1, 1, 1, 1, 1, 1, 1, 1, 1, 1, 1, 1, 1, 1, 1, 1, 1, 1, 1, 1, 1, 1, 1, 1, 1, 1, 1, 1, 1, 1, 1, 1, 1, 1, 1, 1, 1, 1, 1, 1, 1, 1, 1, 1, 1, 1, 1, 1, 1, 1, 1, 1, 1, 1, 1, 1, 1, 1, 1, 1, 1, 1, 1, 1, 1, 1, 1, 1, 1, 1, 1, 1, 1, 1, 1, 1, 1, 1, 1, 1, 1, 1, 1, 1, 1, 1, 1, 1, 1, 1, 1, 1, 1, 1, 1, 1, 1, 1, 1, 1, 1, 1, 1, 1, 1, 1, 1, 1, 1, 1, 1, 1, 1, 1, 1, 1, 1, 1, 1, 1, 1, 1, 1, 1, 1, 1, 1, 1, 1, 1, 1, 1, 1, 1, 1, 1, 1, 1, 1, 1, 1, 1, 1, 1, 1, 1, 1, 1, 1, 1, 1, 1, 1, 1, 1, 1, 1, 1, 1, 1, 1, 1, 1, 1, 1, 1, 1, 1, 1, 1, 1, 1, 1, 1, 1, 1, 1, 1, 1, 1, 1, 1, 1, 1, 1, 1, 1, 1, 1, 1, 1, 1, 1, 1, 1, 1, 1, 1, 1, 1, 1, 1, 1, 1, 1, 1, 1, 1, 1, 1, 1, 1, 1, 1, 1, 1, 1, 1, 1, 1, 1, 1, 1, 1, 1, 1, 1, 1, 1, 1, 1, 1, 1, 1, 1, 1, 1, 1, 1, 1, 1, 1, 1, 1, 1, 1, 1, 1, 1, 1, 1, 1, 1, 1, 1, 1, 1, 1, 1, 1, 1, 1, 1, 1, 1, 1, 1, 1, 1, 1, 1, 1, 1, 1, 1, 1, 1, 1]
Lee profile after BKZ: [1206, 123, 20, 3, 1, 2, 1, 1, 1, 1, 1, 1, 1, 1, 1, 1, 1, 1, 1, 1, 1, 1, 1, 1, 1, 1, 1, 1, 1, 1, 1, 1, 1, 1, 1, 1, 1, 1, 1, 1, 1, 1, 1, 1, 1, 1, 1, 1, 1, 1, 1, 1, 1, 1, 1, 1, 1, 1, 1, 1, 1, 1, 1, 1, 1, 1, 1, 1, 1, 1, 1, 1, 1, 1, 1, 1, 1, 1, 1, 1, 1, 1, 1, 1, 1, 1, 1, 1, 1, 1, 1, 1, 1, 1, 1, 1, 1, 1, 1, 1, 1, 1, 1, 1, 1, 1, 1, 1, 1, 1, 1, 1, 1, 1, 1, 1, 1, 1, 1, 1, 1, 1, 1, 1, 1, 1, 1, 1, 1, 1, 1, 1, 1, 1, 1, 1, 1, 1, 1, 1, 1, 1, 1, 1, 1, 1, 1, 1, 1, 1, 1, 1, 1, 1, 1, 1, 1, 1, 1, 1, 1, 1, 1, 1, 1, 1, 1, 1, 1, 1, 1, 1, 1, 1, 1, 1, 1, 1, 1, 1, 1, 1, 1, 1, 1, 1, 1, 1, 1, 1, 1, 1, 1, 1, 1, 1, 1, 1, 1, 1, 1, 1, 1, 1, 1, 1, 1, 1, 1, 1, 1, 1, 1, 1, 1, 1, 1, 1, 1, 1, 1, 1, 1, 1, 1, 1, 1, 1, 1, 1, 1, 1, 1, 1, 1, 1, 1, 1, 1, 1, 1, 1, 1, 1, 1, 1, 1, 1, 1, 1, 1, 1, 1, 1, 1, 1, 1, 1, 1, 1, 1, 1, 1, 1, 1, 1, 1, 1, 1, 1, 1, 1, 1, 1, 1, 1, 1, 1, 1, 1, 1, 1, 1, 1, 1, 1, 1, 1, 1, 1, 1, 1, 1, 1, 1, 1, 1, 1, 1, 1, 1, 1, 1, 1, 1, 1, 1, 1, 1, 1, 1, 1, 1, 1, 1, 1, 1, 1, 1, 1, 1, 1, 1, 1, 1, 1, 1, 1, 1, 1, 1, 1, 1, 1, 1, 1, 1, 1, 1, 1, 1, 1, 1, 1, 1, 1, 1, 1, 1, 1, 1, 1, 1, 1, 1, 1, 1, 1, 1, 1, 1, 1, 1, 1, 1, 1, 1, 1, 1, 1, 1, 1, 1, 1, 1, 1, 1, 1, 1, 1, 1, 1, 1, 1, 1, 1, 1, 1, 1, 1, 1, 1, 1, 1, 1, 1, 1, 1, 1, 1, 1, 1, 1, 1, 1, 1, 1, 1, 1, 1, 1, 1, 1, 1, 1, 1, 1, 1, 1, 1, 1, 1, 1, 1, 1, 1, 1, 1, 1, 1, 1, 1, 1, 1, 1, 1, 1, 1, 1, 1, 1, 1, 1, 1, 1, 1, 1, 1, 1, 1, 1, 1, 1, 1, 1, 1, 1, 1, 1, 1, 1, 1, 1, 1, 1, 1, 1, 1, 1, 1, 1, 1, 1, 1, 1, 1, 1, 1, 1, 1, 1, 1, 1, 1, 1, 1, 1, 1, 1, 1, 1, 1, 1, 1, 1, 1, 1, 1, 1, 1, 1, 1, 1, 1, 1, 1, 1, 1, 1, 1, 1, 1]
447<=B_red[0].wtL<=2235
B_red[0].wtH=447, B_red[0].wtL=1206

Hamming profile: [475, 36, 4, 1, 1, 1, 1, 1, 1, 1, 1, 1, 1, 1, 1, 1, 1, 1, 1, 1, 1, 1, 1, 1, 1, 1, 1, 1, 1, 1, 1, 1, 1, 1, 1, 1, 1, 1, 1, 1, 1, 1, 1, 1, 1, 1, 1, 1, 1, 1, 1, 1, 1, 1, 1, 1, 1, 1, 1, 1, 1, 1, 1, 1, 1, 1, 1, 1, 1, 1, 1, 1, 1, 1, 1, 1, 1, 1, 1, 1, 1, 1, 1, 1, 1, 1, 1, 1, 1, 1, 1, 1, 1, 1, 1, 1, 1, 1, 1, 1, 1, 1, 1, 1, 1, 1, 1, 1, 1, 1, 1, 1, 1, 1, 1, 1, 1, 1, 1, 1, 1, 1, 1, 1, 1, 1, 1, 1, 1, 1, 1, 1, 1, 1, 1, 1, 1, 1, 1, 1, 1, 1, 1, 1, 1, 1, 1, 1, 1, 1, 1, 1, 1, 1, 1, 1, 1, 1, 1, 1, 1, 1, 1, 1, 1, 1, 1, 1, 1, 1, 1, 1, 1, 1, 1, 1, 1, 1, 1, 1, 1, 1, 1, 1, 1, 1, 1, 1, 1, 1, 1, 1, 1, 1, 1, 1, 1, 1, 1, 1, 1, 1, 1, 1, 1, 1, 1, 1, 1, 1, 1, 1, 1, 1, 1, 1, 1, 1, 1, 1, 1, 1, 1, 1, 1, 1, 1, 1, 1, 1, 1, 1, 1, 1, 1, 1, 1, 1, 1, 1, 1, 1, 1, 1, 1, 1, 1, 1, 1, 1, 1, 1, 1, 1, 1, 1, 1, 1, 1, 1, 1, 1, 1, 1, 1, 1, 1, 1, 1, 1, 1, 1, 1, 1, 1, 1, 1, 1, 1, 1, 1, 1, 1, 1, 1, 1, 1, 1, 1, 1, 1, 1, 1, 1, 1, 1, 1, 1, 1, 1, 1, 1, 1, 1, 1, 1, 1, 1, 1, 1, 1, 1, 1, 1, 1, 1, 1, 1, 1, 1, 1, 1, 1, 1, 1, 1, 1, 1, 1, 1, 1, 1, 1, 1, 1, 1, 1, 1, 1, 1, 1, 1, 1, 1, 1, 1, 1, 1, 1, 1, 1, 1, 1, 1, 1, 1, 1, 1, 1, 1, 1, 1, 1, 1, 1, 1, 1, 1, 1, 1, 1, 1, 1, 1, 1, 1, 1, 1, 1, 1, 1, 1, 1, 1, 1, 1, 1, 1, 1, 1, 1, 1, 1, 1, 1, 1, 1, 1, 1, 1, 1, 1, 1, 1, 1, 1, 1, 1, 1, 1, 1, 1, 1, 1, 1, 1, 1, 1, 1, 1, 1, 1, 1, 1, 1, 1, 1, 1, 1, 1, 1, 1, 1, 1, 1, 1, 1, 1, 1, 1, 1, 1, 1, 1, 1, 1, 1, 1, 1, 1, 1, 1, 1, 1, 1, 1, 1, 1, 1, 1, 1, 1, 1, 1, 1, 1, 1, 1, 1, 1, 1, 1, 1, 1, 1, 1, 1, 1, 1, 1, 1, 1, 1, 1, 1, 1, 1, 1, 1, 1, 1, 1, 1, 1, 1, 1, 1, 1, 1, 1, 1, 1, 1, 1, 1, 1, 1, 1, 1, 1, 1, 1]
Lee profile: [1440, 101, 10, 1, 1, 1, 1, 1, 1, 1, 1, 1, 1, 1, 1, 1, 1, 1, 1, 1, 1, 1, 1, 1, 1, 1, 1, 1, 1, 1, 1, 1, 1, 1, 1, 1, 1, 1, 1, 1, 1, 1, 1, 1, 1, 1, 1, 1, 1, 1, 1, 1, 1, 1, 1, 1, 1, 1, 1, 1, 1, 1, 1, 1, 1, 1, 1, 1, 1, 1, 1, 1, 1, 1, 1, 1, 1, 1, 1, 1, 1, 1, 1, 1, 1, 1, 1, 1, 1, 1, 1, 1, 1, 1, 1, 1, 1, 1, 1, 1, 1, 1, 1, 1, 1, 1, 1, 1, 1, 1, 1, 1, 1, 1, 1, 1, 1, 1, 1, 1, 1, 1, 1, 1, 1, 1, 1, 1, 1, 1, 1, 1, 1, 1, 1, 1, 1, 1, 1, 1, 1, 1, 1, 1, 1, 1, 1, 1, 1, 1, 1, 1, 1, 1, 1, 1, 1, 1, 1, 1, 1, 1, 1, 1, 1, 1, 1, 1, 1, 1, 1, 1, 1, 1, 1, 1, 1, 1, 1, 1, 1, 1, 1, 1, 1, 1, 1, 1, 1, 1, 1, 1, 1, 1, 1, 1, 1, 1, 1, 1, 1, 1, 1, 1, 1, 1, 1, 1, 1, 1, 1, 1, 1, 1, 1, 1, 1, 1, 1, 1, 1, 1, 1, 1, 1, 1, 1, 1, 1, 1, 1, 1, 1, 1, 1, 1, 1, 1, 1, 1, 1, 1, 1, 1, 1, 1, 1, 1, 1, 1, 1, 1, 1, 1, 1, 1, 1, 1, 1, 1, 1, 1, 1, 1, 1, 1, 1, 1, 1, 1, 1, 1, 1, 1, 1, 1, 1, 1, 1, 1, 1, 1, 1, 1, 1, 1, 1, 1, 1, 1, 1, 1, 1, 1, 1, 1, 1, 1, 1, 1, 1, 1, 1, 1, 1, 1, 1, 1, 1, 1, 1, 1, 1, 1, 1, 1, 1, 1, 1, 1, 1, 1, 1, 1, 1, 1, 1, 1, 1, 1, 1, 1, 1, 1, 1, 1, 1, 1, 1, 1, 1, 1, 1, 1, 1, 1, 1, 1, 1, 1, 1, 1, 1, 1, 1, 1, 1, 1, 1, 1, 1, 1, 1, 1, 1, 1, 1, 1, 1, 1, 1, 1, 1, 1, 1, 1, 1, 1, 1, 1, 1, 1, 1, 1, 1, 1, 1, 1, 1, 1, 1, 1, 1, 1, 1, 1, 1, 1, 1, 1, 1, 1, 1, 1, 1, 1, 1, 1, 1, 1, 1, 1, 1, 1, 1, 1, 1, 1, 1, 1, 1, 1, 1, 1, 1, 1, 1, 1, 1, 1, 1, 1, 1, 1, 1, 1, 1, 1, 1, 1, 1, 1, 1, 1, 1, 1, 1, 1, 1, 1, 1, 1, 1, 1, 1, 1, 1, 1, 1, 1, 1, 1, 1, 1, 1, 1, 1, 1, 1, 1, 1, 1, 1, 1, 1, 1, 1, 1, 1, 1, 1, 1, 1, 1, 1, 1, 1, 1, 1, 1, 1, 1, 1, 1, 1, 1, 1, 1, 1, 1, 1, 1, 1, 1, 1, 1, 1, 1, 1, 1, 1, 1]
475<=B[0].wtL<=2375
B[0].wtH=475, B[0].wtL=1440

--- LeeBKZ with beta=7, bkz with minimum_lee_wt_codeword (may be non-primitive) ---
[LEEbkz:MW_Codeword_LEE:1.3460509777069092 sec.]
[LEEbkz:MW_Codeword_LEE:0.6679131984710693 sec.]
[LEEbkz:MW_Codeword_LEE:1.2997345924377441 sec.]
[LEEbkz:MW_Codeword_LEE:0.6193733215332031 sec.]
[LEEbkz:MW_Codeword_LEE:0.5576944351196289 sec.]
[LEEbkz:MW_Codeword_LEE:1.2989373207092285 sec.]
[LEEbkz:MW_Codeword_LEE:0.6199524402618408 sec.]
[LEEbkz:MW_Codeword_LEE:0.5572524070739746 sec.]
[LEEbkz:MW_Codeword_LEE:0.5553021430969238 sec.]
[LEEbkz:MW_Codeword_LEE:1.3329885005950928 sec.]
[LEEbkz:MW_Codeword_LEE:0.6208269596099854 sec.]
[LEEbkz:MW_Codeword_LEE:0.5564806461334229 sec.]
[LEEbkz:MW_Codeword_LEE:0.5569994449615479 sec.]
[LEEbkz:MW_Codeword_LEE:1.2959563732147217 sec.]
[LEEbkz:MW_Codeword_LEE:0.6215415000915527 sec.]
[LEEbkz:MW_Codeword_LEE:0.5566895008087158 sec.]
[LEEbkz:MW_Codeword_LEE:0.5564699172973633 sec.]
[LEEbkz:MW_Codeword_LEE:1.3000988960266113 sec.]
[LEEbkz:MW_Codeword_LEE:0.6214802265167236 sec.]
[LEEbkz:MW_Codeword_LEE:1.299551248550415 sec.]
[LEEbkz:MW_Codeword_LEE:0.6206808090209961 sec.]
[LEEbkz:MW_Codeword_LEE:0.5559844970703125 sec.]
[LEEbkz:MW_Codeword_LEE:1.3615856170654297 sec.]
[LEEbkz:MW_Codeword_LEE:0.6203081607818604 sec.]
[LEEbkz:MW_Codeword_LEE:0.556567907333374 sec.]
[LEEbkz:MW_Codeword_LEE:0.5580928325653076 sec.]
[LEEbkz:MW_Codeword_LEE:1.3297054767608643 sec.]
[LEEbkz:MW_Codeword_LEE:0.6276822090148926 sec.]
[LEEbkz:MW_Codeword_LEE:0.5610368251800537 sec.]
[LEEbkz:MW_Codeword_LEE:0.5782461166381836 sec.]
[LEEbkz:MW_Codeword_LEE:0.5565710067749023 sec.]
[LEEbkz:MW_Codeword_LEE:1.296006202697754 sec.]
[LEEbkz:MW_Codeword_LEE:0.619513750076294 sec.]
[LEEbkz:MW_Codeword_LEE:0.6013181209564209 sec.]
[LEEbkz:MW_Codeword_LEE:0.5785455703735352 sec.]
[LEEbkz:MW_Codeword_LEE:0.5568234920501709 sec.]
[LEEbkz:MW_Codeword_LEE:1.2966768741607666 sec.]
[LEEbkz:MW_Codeword_LEE:0.6200351715087891 sec.]
[LEEbkz:MW_Codeword_LEE:0.5566473007202148 sec.]
[LEEbkz:MW_Codeword_LEE:0.5793101787567139 sec.]
[LEEbkz:MW_Codeword_LEE:0.5564863681793213 sec.]
[LEEbkz:MW_Codeword_LEE:1.302264928817749 sec.]
[LEEbkz:MW_Codeword_LEE:0.6194562911987305 sec.]
[LEEbkz:MW_Codeword_LEE:0.5570571422576904 sec.]
[LEEbkz:MW_Codeword_LEE:0.5787773132324219 sec.]
[LEEbkz:MW_Codeword_LEE:0.5570042133331299 sec.]
[LEEbkz:MW_Codeword_LEE:0.6207108497619629 sec.]
[LEEbkz:MW_Codeword_LEE:0.5668618679046631 sec.]
[LEEbkz:MW_Codeword_LEE:0.5568728446960449 sec.]
[LEEbkz:MW_Codeword_LEE:0.565119743347168 sec.]
[LEEbkz:MW_Codeword_LEE:0.555605411529541 sec.]
[LEEbkz:MW_Codeword_LEE:0.5789227485656738 sec.]
Hamming profile after BKZ: [449, 62, 2, 3, 1, 1, 1, 1, 1, 1, 1, 1, 1, 1, 1, 1, 1, 1, 1, 1, 1, 1, 1, 1, 1, 1, 1, 1, 1, 1, 1, 1, 1, 1, 1, 1, 1, 1, 1, 1, 1, 1, 1, 1, 1, 1, 1, 1, 1, 1, 1, 1, 1, 1, 1, 1, 1, 1, 1, 1, 1, 1, 1, 1, 1, 1, 1, 1, 1, 1, 1, 1, 1, 1, 1, 1, 1, 1, 1, 1, 1, 1, 1, 1, 1, 1, 1, 1, 1, 1, 1, 1, 1, 1, 1, 1, 1, 1, 1, 1, 1, 1, 1, 1, 1, 1, 1, 1, 1, 1, 1, 1, 1, 1, 1, 1, 1, 1, 1, 1, 1, 1, 1, 1, 1, 1, 1, 1, 1, 1, 1, 1, 1, 1, 1, 1, 1, 1, 1, 1, 1, 1, 1, 1, 1, 1, 1, 1, 1, 1, 1, 1, 1, 1, 1, 1, 1, 1, 1, 1, 1, 1, 1, 1, 1, 1, 1, 1, 1, 1, 1, 1, 1, 1, 1, 1, 1, 1, 1, 1, 1, 1, 1, 1, 1, 1, 1, 1, 1, 1, 1, 1, 1, 1, 1, 1, 1, 1, 1, 1, 1, 1, 1, 1, 1, 1, 1, 1, 1, 1, 1, 1, 1, 1, 1, 1, 1, 1, 1, 1, 1, 1, 1, 1, 1, 1, 1, 1, 1, 1, 1, 1, 1, 1, 1, 1, 1, 1, 1, 1, 1, 1, 1, 1, 1, 1, 1, 1, 1, 1, 1, 1, 1, 1, 1, 1, 1, 1, 1, 1, 1, 1, 1, 1, 1, 1, 1, 1, 1, 1, 1, 1, 1, 1, 1, 1, 1, 1, 1, 1, 1, 1, 1, 1, 1, 1, 1, 1, 1, 1, 1, 1, 1, 1, 1, 1, 1, 1, 1, 1, 1, 1, 1, 1, 1, 1, 1, 1, 1, 1, 1, 1, 1, 1, 1, 1, 1, 1, 1, 1, 1, 1, 1, 1, 1, 1, 1, 1, 1, 1, 1, 1, 1, 1, 1, 1, 1, 1, 1, 1, 1, 1, 1, 1, 1, 1, 1, 1, 1, 1, 1, 1, 1, 1, 1, 1, 1, 1, 1, 1, 1, 1, 1, 1, 1, 1, 1, 1, 1, 1, 1, 1, 1, 1, 1, 1, 1, 1, 1, 1, 1, 1, 1, 1, 1, 1, 1, 1, 1, 1, 1, 1, 1, 1, 1, 1, 1, 1, 1, 1, 1, 1, 1, 1, 1, 1, 1, 1, 1, 1, 1, 1, 1, 1, 1, 1, 1, 1, 1, 1, 1, 1, 1, 1, 1, 1, 1, 1, 1, 1, 1, 1, 1, 1, 1, 1, 1, 1, 1, 1, 1, 1, 1, 1, 1, 1, 1, 1, 1, 1, 1, 1, 1, 1, 1, 1, 1, 1, 1, 1, 1, 1, 1, 1, 1, 1, 1, 1, 1, 1, 1, 1, 1, 1, 1, 1, 1, 1, 1, 1, 1, 1, 1, 1, 1, 1, 1, 1, 1, 1, 1, 1, 1, 1, 1, 1, 1, 1, 1, 1, 1, 1, 1, 1, 1, 1, 1, 1, 1, 1, 1, 1]
Lee profile after BKZ: [1210, 123, 3, 3, 1, 1, 1, 1, 1, 1, 1, 1, 1, 1, 1, 1, 1, 1, 1, 1, 1, 1, 1, 1, 1, 1, 1, 1, 1, 1, 1, 1, 1, 1, 1, 1, 1, 1, 1, 1, 1, 1, 1, 1, 1, 1, 1, 1, 1, 1, 1, 1, 1, 1, 1, 1, 1, 1, 1, 1, 1, 1, 1, 1, 1, 1, 1, 1, 1, 1, 1, 1, 1, 1, 1, 1, 1, 1, 1, 1, 1, 1, 1, 1, 1, 1, 1, 1, 1, 1, 1, 1, 1, 1, 1, 1, 1, 1, 1, 1, 1, 1, 1, 1, 1, 1, 1, 1, 1, 1, 1, 1, 1, 1, 1, 1, 1, 1, 1, 1, 1, 1, 1, 1, 1, 1, 1, 1, 1, 1, 1, 1, 1, 1, 1, 1, 1, 1, 1, 1, 1, 1, 1, 1, 1, 1, 1, 1, 1, 1, 1, 1, 1, 1, 1, 1, 1, 1, 1, 1, 1, 1, 1, 1, 1, 1, 1, 1, 1, 1, 1, 1, 1, 1, 1, 1, 1, 1, 1, 1, 1, 1, 1, 1, 1, 1, 1, 1, 1, 1, 1, 1, 1, 1, 1, 1, 1, 1, 1, 1, 1, 1, 1, 1, 1, 1, 1, 1, 1, 1, 1, 1, 1, 1, 1, 1, 1, 1, 1, 1, 1, 1, 1, 1, 1, 1, 1, 1, 1, 1, 1, 1, 1, 1, 1, 1, 1, 1, 1, 1, 1, 1, 1, 1, 1, 1, 1, 1, 1, 1, 1, 1, 1, 1, 1, 1, 1, 1, 1, 1, 1, 1, 1, 1, 1, 1, 1, 1, 1, 1, 1, 1, 1, 1, 1, 1, 1, 1, 1, 1, 1, 1, 1, 1, 1, 1, 1, 1, 1, 1, 1, 1, 1, 1, 1, 1, 1, 1, 1, 1, 1, 1, 1, 1, 1, 1, 1, 1, 1, 1, 1, 1, 1, 1, 1, 1, 1, 1, 1, 1, 1, 1, 1, 1, 1, 1, 1, 1, 1, 1, 1, 1, 1, 1, 1, 1, 1, 1, 1, 1, 1, 1, 1, 1, 1, 1, 1, 1, 1, 1, 1, 1, 1, 1, 1, 1, 1, 1, 1, 1, 1, 1, 1, 1, 1, 1, 1, 1, 1, 1, 1, 1, 1, 1, 1, 1, 1, 1, 1, 1, 1, 1, 1, 1, 1, 1, 1, 1, 1, 1, 1, 1, 1, 1, 1, 1, 1, 1, 1, 1, 1, 1, 1, 1, 1, 1, 1, 1, 1, 1, 1, 1, 1, 1, 1, 1, 1, 1, 1, 1, 1, 1, 1, 1, 1, 1, 1, 1, 1, 1, 1, 1, 1, 1, 1, 1, 1, 1, 1, 1, 1, 1, 1, 1, 1, 1, 1, 1, 1, 1, 1, 1, 1, 1, 1, 1, 1, 1, 1, 1, 1, 1, 1, 1, 1, 1, 1, 1, 1, 1, 1, 1, 1, 1, 1, 1, 1, 1, 1, 1, 1, 1, 1, 1, 1, 1, 1, 1, 1, 1, 1, 1, 1, 1, 1, 1, 1, 1, 1, 1, 1, 1, 1, 1, 1, 1, 1, 1, 1, 1, 1, 1]
449<=B_red[0].wtL<=2245
B_red[0].wtH=449, B_red[0].wtL=1210

Hamming profile: [459, 50, 6, 1, 1, 1, 1, 1, 1, 1, 1, 1, 1, 1, 1, 1, 1, 1, 1, 1, 1, 1, 1, 1, 1, 1, 1, 1, 1, 1, 1, 1, 1, 1, 1, 1, 1, 1, 1, 1, 1, 1, 1, 1, 1, 1, 1, 1, 1, 1, 1, 1, 1, 1, 1, 1, 1, 1, 1, 1, 1, 1, 1, 1, 1, 1, 1, 1, 1, 1, 1, 1, 1, 1, 1, 1, 1, 1, 1, 1, 1, 1, 1, 1, 1, 1, 1, 1, 1, 1, 1, 1, 1, 1, 1, 1, 1, 1, 1, 1, 1, 1, 1, 1, 1, 1, 1, 1, 1, 1, 1, 1, 1, 1, 1, 1, 1, 1, 1, 1, 1, 1, 1, 1, 1, 1, 1, 1, 1, 1, 1, 1, 1, 1, 1, 1, 1, 1, 1, 1, 1, 1, 1, 1, 1, 1, 1, 1, 1, 1, 1, 1, 1, 1, 1, 1, 1, 1, 1, 1, 1, 1, 1, 1, 1, 1, 1, 1, 1, 1, 1, 1, 1, 1, 1, 1, 1, 1, 1, 1, 1, 1, 1, 1, 1, 1, 1, 1, 1, 1, 1, 1, 1, 1, 1, 1, 1, 1, 1, 1, 1, 1, 1, 1, 1, 1, 1, 1, 1, 1, 1, 1, 1, 1, 1, 1, 1, 1, 1, 1, 1, 1, 1, 1, 1, 1, 1, 1, 1, 1, 1, 1, 1, 1, 1, 1, 1, 1, 1, 1, 1, 1, 1, 1, 1, 1, 1, 1, 1, 1, 1, 1, 1, 1, 1, 1, 1, 1, 1, 1, 1, 1, 1, 1, 1, 1, 1, 1, 1, 1, 1, 1, 1, 1, 1, 1, 1, 1, 1, 1, 1, 1, 1, 1, 1, 1, 1, 1, 1, 1, 1, 1, 1, 1, 1, 1, 1, 1, 1, 1, 1, 1, 1, 1, 1, 1, 1, 1, 1, 1, 1, 1, 1, 1, 1, 1, 1, 1, 1, 1, 1, 1, 1, 1, 1, 1, 1, 1, 1, 1, 1, 1, 1, 1, 1, 1, 1, 1, 1, 1, 1, 1, 1, 1, 1, 1, 1, 1, 1, 1, 1, 1, 1, 1, 1, 1, 1, 1, 1, 1, 1, 1, 1, 1, 1, 1, 1, 1, 1, 1, 1, 1, 1, 1, 1, 1, 1, 1, 1, 1, 1, 1, 1, 1, 1, 1, 1, 1, 1, 1, 1, 1, 1, 1, 1, 1, 1, 1, 1, 1, 1, 1, 1, 1, 1, 1, 1, 1, 1, 1, 1, 1, 1, 1, 1, 1, 1, 1, 1, 1, 1, 1, 1, 1, 1, 1, 1, 1, 1, 1, 1, 1, 1, 1, 1, 1, 1, 1, 1, 1, 1, 1, 1, 1, 1, 1, 1, 1, 1, 1, 1, 1, 1, 1, 1, 1, 1, 1, 1, 1, 1, 1, 1, 1, 1, 1, 1, 1, 1, 1, 1, 1, 1, 1, 1, 1, 1, 1, 1, 1, 1, 1, 1, 1, 1, 1, 1, 1, 1, 1, 1, 1, 1, 1, 1, 1, 1, 1, 1, 1, 1, 1, 1, 1, 1, 1, 1, 1, 1, 1, 1, 1]
Lee profile: [1341, 139, 18, 1, 1, 1, 1, 1, 1, 1, 1, 1, 1, 1, 1, 1, 1, 1, 1, 1, 1, 1, 1, 1, 1, 1, 1, 1, 1, 1, 1, 1, 1, 1, 1, 1, 1, 1, 1, 1, 1, 1, 1, 1, 1, 1, 1, 1, 1, 1, 1, 1, 1, 1, 1, 1, 1, 1, 1, 1, 1, 1, 1, 1, 1, 1, 1, 1, 1, 1, 1, 1, 1, 1, 1, 1, 1, 1, 1, 1, 1, 1, 1, 1, 1, 1, 1, 1, 1, 1, 1, 1, 1, 1, 1, 1, 1, 1, 1, 1, 1, 1, 1, 1, 1, 1, 1, 1, 1, 1, 1, 1, 1, 1, 1, 1, 1, 1, 1, 1, 1, 1, 1, 1, 1, 1, 1, 1, 1, 1, 1, 1, 1, 1, 1, 1, 1, 1, 1, 1, 1, 1, 1, 1, 1, 1, 1, 1, 1, 1, 1, 1, 1, 1, 1, 1, 1, 1, 1, 1, 1, 1, 1, 1, 1, 1, 1, 1, 1, 1, 1, 1, 1, 1, 1, 1, 1, 1, 1, 1, 1, 1, 1, 1, 1, 1, 1, 1, 1, 1, 1, 1, 1, 1, 1, 1, 1, 1, 1, 1, 1, 1, 1, 1, 1, 1, 1, 1, 1, 1, 1, 1, 1, 1, 1, 1, 1, 1, 1, 1, 1, 1, 1, 1, 1, 1, 1, 1, 1, 1, 1, 1, 1, 1, 1, 1, 1, 1, 1, 1, 1, 1, 1, 1, 1, 1, 1, 1, 1, 1, 1, 1, 1, 1, 1, 1, 1, 1, 1, 1, 1, 1, 1, 1, 1, 1, 1, 1, 1, 1, 1, 1, 1, 1, 1, 1, 1, 1, 1, 1, 1, 1, 1, 1, 1, 1, 1, 1, 1, 1, 1, 1, 1, 1, 1, 1, 1, 1, 1, 1, 1, 1, 1, 1, 1, 1, 1, 1, 1, 1, 1, 1, 1, 1, 1, 1, 1, 1, 1, 1, 1, 1, 1, 1, 1, 1, 1, 1, 1, 1, 1, 1, 1, 1, 1, 1, 1, 1, 1, 1, 1, 1, 1, 1, 1, 1, 1, 1, 1, 1, 1, 1, 1, 1, 1, 1, 1, 1, 1, 1, 1, 1, 1, 1, 1, 1, 1, 1, 1, 1, 1, 1, 1, 1, 1, 1, 1, 1, 1, 1, 1, 1, 1, 1, 1, 1, 1, 1, 1, 1, 1, 1, 1, 1, 1, 1, 1, 1, 1, 1, 1, 1, 1, 1, 1, 1, 1, 1, 1, 1, 1, 1, 1, 1, 1, 1, 1, 1, 1, 1, 1, 1, 1, 1, 1, 1, 1, 1, 1, 1, 1, 1, 1, 1, 1, 1, 1, 1, 1, 1, 1, 1, 1, 1, 1, 1, 1, 1, 1, 1, 1, 1, 1, 1, 1, 1, 1, 1, 1, 1, 1, 1, 1, 1, 1, 1, 1, 1, 1, 1, 1, 1, 1, 1, 1, 1, 1, 1, 1, 1, 1, 1, 1, 1, 1, 1, 1, 1, 1, 1, 1, 1, 1, 1, 1, 1, 1, 1, 1, 1, 1, 1, 1, 1, 1, 1, 1, 1, 1, 1, 1, 1]
459<=B[0].wtL<=2295
B[0].wtH=459, B[0].wtL=1341

--- LeeBKZ with beta=7, bkz with minimum_lee_wt_codeword (may be non-primitive) ---
[LEEbkz:MW_Codeword_LEE:1.3466334342956543 sec.]
[LEEbkz:MW_Codeword_LEE:0.620048999786377 sec.]
[LEEbkz:MW_Codeword_LEE:1.3211500644683838 sec.]
[LEEbkz:MW_Codeword_LEE:0.6202313899993896 sec.]
[LEEbkz:MW_Codeword_LEE:0.5561282634735107 sec.]
[LEEbkz:MW_Codeword_LEE:1.2965087890625 sec.]
[LEEbkz:MW_Codeword_LEE:0.6195356845855713 sec.]
[LEEbkz:MW_Codeword_LEE:1.3270268440246582 sec.]
[LEEbkz:MW_Codeword_LEE:0.6194751262664795 sec.]
[LEEbkz:MW_Codeword_LEE:0.5563173294067383 sec.]
[LEEbkz:MW_Codeword_LEE:1.2968947887420654 sec.]
[LEEbkz:MW_Codeword_LEE:0.6276721954345703 sec.]
[LEEbkz:MW_Codeword_LEE:0.5561718940734863 sec.]
[LEEbkz:MW_Codeword_LEE:0.08933901786804199 sec.]
[LEEbkz:MW_Codeword_LEE:1.301736831665039 sec.]
[LEEbkz:MW_Codeword_LEE:0.6204333305358887 sec.]
[LEEbkz:MW_Codeword_LEE:1.2990703582763672 sec.]
[LEEbkz:MW_Codeword_LEE:0.6205263137817383 sec.]
[LEEbkz:MW_Codeword_LEE:0.5565986633300781 sec.]
[LEEbkz:MW_Codeword_LEE:1.2981786727905273 sec.]
[LEEbkz:MW_Codeword_LEE:0.6200461387634277 sec.]
[LEEbkz:MW_Codeword_LEE:1.2964496612548828 sec.]
[LEEbkz:MW_Codeword_LEE:0.6194562911987305 sec.]
[LEEbkz:MW_Codeword_LEE:0.5564861297607422 sec.]
[LEEbkz:MW_Codeword_LEE:1.30715012550354 sec.]
[LEEbkz:MW_Codeword_LEE:0.6196634769439697 sec.]
[LEEbkz:MW_Codeword_LEE:1.295206069946289 sec.]
[LEEbkz:MW_Codeword_LEE:0.6197607517242432 sec.]
[LEEbkz:MW_Codeword_LEE:0.5558953285217285 sec.]
[LEEbkz:MW_Codeword_LEE:1.295412540435791 sec.]
[LEEbkz:MW_Codeword_LEE:0.6194396018981934 sec.]
[LEEbkz:MW_Codeword_LEE:0.5560970306396484 sec.]
[LEEbkz:MW_Codeword_LEE:0.6009936332702637 sec.]
[LEEbkz:MW_Codeword_LEE:1.2999436855316162 sec.]
[LEEbkz:MW_Codeword_LEE:0.6197388172149658 sec.]
[LEEbkz:MW_Codeword_LEE:1.323509693145752 sec.]
[LEEbkz:MW_Codeword_LEE:0.6288840770721436 sec.]
[LEEbkz:MW_Codeword_LEE:0.5792069435119629 sec.]
[LEEbkz:MW_Codeword_LEE:1.295616626739502 sec.]
[LEEbkz:MW_Codeword_LEE:0.6192545890808105 sec.]
[LEEbkz:MW_Codeword_LEE:1.3034322261810303 sec.]
[LEEbkz:MW_Codeword_LEE:0.6682260036468506 sec.]
[LEEbkz:MW_Codeword_LEE:0.5566730499267578 sec.]
[LEEbkz:MW_Codeword_LEE:1.2955355644226074 sec.]
[LEEbkz:MW_Codeword_LEE:0.6197819709777832 sec.]
[LEEbkz:MW_Codeword_LEE:0.5561079978942871 sec.]
[LEEbkz:MW_Codeword_LEE:0.5791950225830078 sec.]
[LEEbkz:MW_Codeword_LEE:1.2981462478637695 sec.]
[LEEbkz:MW_Codeword_LEE:0.6196839809417725 sec.]
[LEEbkz:MW_Codeword_LEE:0.5573437213897705 sec.]
[LEEbkz:MW_Codeword_LEE:0.5562248229980469 sec.]
[LEEbkz:MW_Codeword_LEE:0.5787434577941895 sec.]
[LEEbkz:MW_Codeword_LEE:1.3173620700836182 sec.]
[LEEbkz:MW_Codeword_LEE:0.6194431781768799 sec.]
[LEEbkz:MW_Codeword_LEE:0.5656328201293945 sec.]
[LEEbkz:MW_Codeword_LEE:0.556166410446167 sec.]
[LEEbkz:MW_Codeword_LEE:0.578803539276123 sec.]
[LEEbkz:MW_Codeword_LEE:0.5559902191162109 sec.]
[LEEbkz:MW_Codeword_LEE:1.3116395473480225 sec.]
[LEEbkz:MW_Codeword_LEE:0.6199090480804443 sec.]
[LEEbkz:MW_Codeword_LEE:0.5588428974151611 sec.]
[LEEbkz:MW_Codeword_LEE:0.5788664817810059 sec.]
[LEEbkz:MW_Codeword_LEE:0.5560619831085205 sec.]
[LEEbkz:MW_Codeword_LEE:0.5554683208465576 sec.]
[LEEbkz:MW_Codeword_LEE:1.300832748413086 sec.]
[LEEbkz:MW_Codeword_LEE:0.6195681095123291 sec.]
[LEEbkz:MW_Codeword_LEE:0.5569183826446533 sec.]
[LEEbkz:MW_Codeword_LEE:0.5558621883392334 sec.]
[LEEbkz:MW_Codeword_LEE:0.556159257888794 sec.]
[LEEbkz:MW_Codeword_LEE:0.5789227485656738 sec.]
[LEEbkz:MW_Codeword_LEE:0.6198296546936035 sec.]
[LEEbkz:MW_Codeword_LEE:1.3203351497650146 sec.]
[LEEbkz:MW_Codeword_LEE:0.6195166110992432 sec.]
[LEEbkz:MW_Codeword_LEE:1.30204176902771 sec.]
[LEEbkz:MW_Codeword_LEE:0.6187193393707275 sec.]
[LEEbkz:MW_Codeword_LEE:0.5566356182098389 sec.]
[LEEbkz:MW_Codeword_LEE:1.3687553405761719 sec.]
[LEEbkz:MW_Codeword_LEE:0.6195406913757324 sec.]
[LEEbkz:MW_Codeword_LEE:0.5652763843536377 sec.]
[LEEbkz:MW_Codeword_LEE:0.556060791015625 sec.]
[LEEbkz:MW_Codeword_LEE:1.295760154724121 sec.]
[LEEbkz:MW_Codeword_LEE:0.6200525760650635 sec.]
[LEEbkz:MW_Codeword_LEE:0.5563352108001709 sec.]
[LEEbkz:MW_Codeword_LEE:0.5566987991333008 sec.]
[LEEbkz:MW_Codeword_LEE:1.3017842769622803 sec.]
[LEEbkz:MW_Codeword_LEE:0.6195225715637207 sec.]
[LEEbkz:MW_Codeword_LEE:0.556321382522583 sec.]
[LEEbkz:MW_Codeword_LEE:0.5563902854919434 sec.]
[LEEbkz:MW_Codeword_LEE:0.5560703277587891 sec.]
[LEEbkz:MW_Codeword_LEE:1.2988054752349854 sec.]
[LEEbkz:MW_Codeword_LEE:0.628638744354248 sec.]
[LEEbkz:MW_Codeword_LEE:1.2952666282653809 sec.]
[LEEbkz:MW_Codeword_LEE:0.6199994087219238 sec.]
[LEEbkz:MW_Codeword_LEE:0.5565187931060791 sec.]
[LEEbkz:MW_Codeword_LEE:1.3110706806182861 sec.]
[LEEbkz:MW_Codeword_LEE:0.6284244060516357 sec.]
[LEEbkz:MW_Codeword_LEE:0.5563585758209229 sec.]
[LEEbkz:MW_Codeword_LEE:0.5557060241699219 sec.]
[LEEbkz:MW_Codeword_LEE:1.2954964637756348 sec.]
[LEEbkz:MW_Codeword_LEE:0.6194615364074707 sec.]
[LEEbkz:MW_Codeword_LEE:1.2952330112457275 sec.]
[LEEbkz:MW_Codeword_LEE:0.6196186542510986 sec.]
[LEEbkz:MW_Codeword_LEE:0.5562222003936768 sec.]
[LEEbkz:MW_Codeword_LEE:1.3117930889129639 sec.]
[LEEbkz:MW_Codeword_LEE:0.6193437576293945 sec.]
[LEEbkz:MW_Codeword_LEE:1.3153903484344482 sec.]
[LEEbkz:MW_Codeword_LEE:0.6196713447570801 sec.]
[LEEbkz:MW_Codeword_LEE:0.5563304424285889 sec.]
[LEEbkz:MW_Codeword_LEE:1.3087267875671387 sec.]
[LEEbkz:MW_Codeword_LEE:0.6196210384368896 sec.]
[LEEbkz:MW_Codeword_LEE:0.5559983253479004 sec.]
[LEEbkz:MW_Codeword_LEE:0.6001815795898438 sec.]
[LEEbkz:MW_Codeword_LEE:1.2980554103851318 sec.]
[LEEbkz:MW_Codeword_LEE:0.6674075126647949 sec.]
[LEEbkz:MW_Codeword_LEE:0.5563936233520508 sec.]
[LEEbkz:MW_Codeword_LEE:0.555809497833252 sec.]
[LEEbkz:MW_Codeword_LEE:0.5561091899871826 sec.]
[LEEbkz:MW_Codeword_LEE:1.3018798828125 sec.]
[LEEbkz:MW_Codeword_LEE:0.6195614337921143 sec.]
[LEEbkz:MW_Codeword_LEE:0.5561249256134033 sec.]
[LEEbkz:MW_Codeword_LEE:0.5563094615936279 sec.]
[LEEbkz:MW_Codeword_LEE:0.5560512542724609 sec.]
[LEEbkz:MW_Codeword_LEE:1.356438398361206 sec.]
[LEEbkz:MW_Codeword_LEE:0.6196753978729248 sec.]
[LEEbkz:MW_Codeword_LEE:0.5562286376953125 sec.]
[LEEbkz:MW_Codeword_LEE:0.5557770729064941 sec.]
[LEEbkz:MW_Codeword_LEE:0.5562996864318848 sec.]
[LEEbkz:MW_Codeword_LEE:1.2994799613952637 sec.]
[LEEbkz:MW_Codeword_LEE:0.620093584060669 sec.]
[LEEbkz:MW_Codeword_LEE:0.5563302040100098 sec.]
[LEEbkz:MW_Codeword_LEE:0.5559146404266357 sec.]
[LEEbkz:MW_Codeword_LEE:0.5566794872283936 sec.]
[LEEbkz:MW_Codeword_LEE:0.6200745105743408 sec.]
[LEEbkz:MW_Codeword_LEE:0.5565159320831299 sec.]
[LEEbkz:MW_Codeword_LEE:0.5562236309051514 sec.]
[LEEbkz:MW_Codeword_LEE:0.5558147430419922 sec.]
[LEEbkz:MW_Codeword_LEE:0.556265115737915 sec.]
[LEEbkz:MW_Codeword_LEE:1.2985517978668213 sec.]
[LEEbkz:MW_Codeword_LEE:0.6213686466217041 sec.]
[LEEbkz:MW_Codeword_LEE:0.5565600395202637 sec.]
[LEEbkz:MW_Codeword_LEE:0.5562193393707275 sec.]
[LEEbkz:MW_Codeword_LEE:1.3056612014770508 sec.]
[LEEbkz:MW_Codeword_LEE:0.619746208190918 sec.]
[LEEbkz:MW_Codeword_LEE:0.5566210746765137 sec.]
[LEEbkz:MW_Codeword_LEE:0.555802583694458 sec.]
[LEEbkz:MW_Codeword_LEE:0.5787444114685059 sec.]
[LEEbkz:MW_Codeword_LEE:1.3001000881195068 sec.]
[LEEbkz:MW_Codeword_LEE:0.6197166442871094 sec.]
[LEEbkz:MW_Codeword_LEE:0.5567457675933838 sec.]
[LEEbkz:MW_Codeword_LEE:0.5559864044189453 sec.]
[LEEbkz:MW_Codeword_LEE:0.5563435554504395 sec.]
[LEEbkz:MW_Codeword_LEE:1.3491737842559814 sec.]
[LEEbkz:MW_Codeword_LEE:0.6197488307952881 sec.]
[LEEbkz:MW_Codeword_LEE:0.5561378002166748 sec.]
[LEEbkz:MW_Codeword_LEE:0.5786557197570801 sec.]
[LEEbkz:MW_Codeword_LEE:0.5559179782867432 sec.]
[LEEbkz:MW_Codeword_LEE:1.2958886623382568 sec.]
[LEEbkz:MW_Codeword_LEE:0.6193592548370361 sec.]
[LEEbkz:MW_Codeword_LEE:0.5561943054199219 sec.]
[LEEbkz:MW_Codeword_LEE:0.5560064315795898 sec.]
[LEEbkz:MW_Codeword_LEE:0.6006195545196533 sec.]
[LEEbkz:MW_Codeword_LEE:0.6192779541015625 sec.]
[LEEbkz:MW_Codeword_LEE:0.5622038841247559 sec.]
[LEEbkz:MW_Codeword_LEE:0.556657075881958 sec.]
[LEEbkz:MW_Codeword_LEE:0.5561020374298096 sec.]
[LEEbkz:MW_Codeword_LEE:0.5558121204376221 sec.]
[LEEbkz:MW_Codeword_LEE:0.5560340881347656 sec.]
[LEEbkz:MW_Codeword_LEE:0.5612790584564209 sec.]
[LEEbkz:MW_Codeword_LEE:0.5657057762145996 sec.]
Hamming profile after BKZ: [449, 59, 6, 2, 1, 1, 1, 1, 1, 1, 1, 1, 1, 1, 1, 1, 1, 1, 1, 1, 1, 1, 1, 1, 1, 1, 1, 1, 1, 1, 1, 1, 1, 1, 1, 1, 1, 1, 1, 1, 1, 1, 1, 1, 1, 1, 1, 1, 1, 1, 1, 1, 1, 1, 1, 1, 1, 1, 1, 1, 1, 1, 1, 1, 1, 1, 1, 1, 1, 1, 1, 1, 1, 1, 1, 1, 1, 1, 1, 1, 1, 1, 1, 1, 1, 1, 1, 1, 1, 1, 1, 1, 1, 1, 1, 1, 1, 1, 1, 1, 1, 1, 1, 1, 1, 1, 1, 1, 1, 1, 1, 1, 1, 1, 1, 1, 1, 1, 1, 1, 1, 1, 1, 1, 1, 1, 1, 1, 1, 1, 1, 1, 1, 1, 1, 1, 1, 1, 1, 1, 1, 1, 1, 1, 1, 1, 1, 1, 1, 1, 1, 1, 1, 1, 1, 1, 1, 1, 1, 1, 1, 1, 1, 1, 1, 1, 1, 1, 1, 1, 1, 1, 1, 1, 1, 1, 1, 1, 1, 1, 1, 1, 1, 1, 1, 1, 1, 1, 1, 1, 1, 1, 1, 1, 1, 1, 1, 1, 1, 1, 1, 1, 1, 1, 1, 1, 1, 1, 1, 1, 1, 1, 1, 1, 1, 1, 1, 1, 1, 1, 1, 1, 1, 1, 1, 1, 1, 1, 1, 1, 1, 1, 1, 1, 1, 1, 1, 1, 1, 1, 1, 1, 1, 1, 1, 1, 1, 1, 1, 1, 1, 1, 1, 1, 1, 1, 1, 1, 1, 1, 1, 1, 1, 1, 1, 1, 1, 1, 1, 1, 1, 1, 1, 1, 1, 1, 1, 1, 1, 1, 1, 1, 1, 1, 1, 1, 1, 1, 1, 1, 1, 1, 1, 1, 1, 1, 1, 1, 1, 1, 1, 1, 1, 1, 1, 1, 1, 1, 1, 1, 1, 1, 1, 1, 1, 1, 1, 1, 1, 1, 1, 1, 1, 1, 1, 1, 1, 1, 1, 1, 1, 1, 1, 1, 1, 1, 1, 1, 1, 1, 1, 1, 1, 1, 1, 1, 1, 1, 1, 1, 1, 1, 1, 1, 1, 1, 1, 1, 1, 1, 1, 1, 1, 1, 1, 1, 1, 1, 1, 1, 1, 1, 1, 1, 1, 1, 1, 1, 1, 1, 1, 1, 1, 1, 1, 1, 1, 1, 1, 1, 1, 1, 1, 1, 1, 1, 1, 1, 1, 1, 1, 1, 1, 1, 1, 1, 1, 1, 1, 1, 1, 1, 1, 1, 1, 1, 1, 1, 1, 1, 1, 1, 1, 1, 1, 1, 1, 1, 1, 1, 1, 1, 1, 1, 1, 1, 1, 1, 1, 1, 1, 1, 1, 1, 1, 1, 1, 1, 1, 1, 1, 1, 1, 1, 1, 1, 1, 1, 1, 1, 1, 1, 1, 1, 1, 1, 1, 1, 1, 1, 1, 1, 1, 1, 1, 1, 1, 1, 1, 1, 1, 1, 1, 1, 1, 1, 1, 1, 1, 1, 1, 1, 1, 1, 1, 1, 1, 1, 1, 1, 1, 1, 1, 1, 1, 1, 1, 1, 1, 1, 1, 1]
Lee profile after BKZ: [1213, 122, 7, 2, 1, 1, 1, 1, 1, 1, 1, 1, 1, 1, 1, 1, 1, 1, 1, 1, 1, 1, 1, 1, 1, 1, 1, 1, 1, 1, 1, 1, 1, 1, 1, 1, 1, 1, 1, 1, 1, 1, 1, 1, 1, 1, 1, 1, 1, 1, 1, 1, 1, 1, 1, 1, 1, 1, 1, 1, 1, 1, 1, 1, 1, 1, 1, 1, 1, 1, 1, 1, 1, 1, 1, 1, 1, 1, 1, 1, 1, 1, 1, 1, 1, 1, 1, 1, 1, 1, 1, 1, 1, 1, 1, 1, 1, 1, 1, 1, 1, 1, 1, 1, 1, 1, 1, 1, 1, 1, 1, 1, 1, 1, 1, 1, 1, 1, 1, 1, 1, 1, 1, 1, 1, 1, 1, 1, 1, 1, 1, 1, 1, 1, 1, 1, 1, 1, 1, 1, 1, 1, 1, 1, 1, 1, 1, 1, 1, 1, 1, 1, 1, 1, 1, 1, 1, 1, 1, 1, 1, 1, 1, 1, 1, 1, 1, 1, 1, 1, 1, 1, 1, 1, 1, 1, 1, 1, 1, 1, 1, 1, 1, 1, 1, 1, 1, 1, 1, 1, 1, 1, 1, 1, 1, 1, 1, 1, 1, 1, 1, 1, 1, 1, 1, 1, 1, 1, 1, 1, 1, 1, 1, 1, 1, 1, 1, 1, 1, 1, 1, 1, 1, 1, 1, 1, 1, 1, 1, 1, 1, 1, 1, 1, 1, 1, 1, 1, 1, 1, 1, 1, 1, 1, 1, 1, 1, 1, 1, 1, 1, 1, 1, 1, 1, 1, 1, 1, 1, 1, 1, 1, 1, 1, 1, 1, 1, 1, 1, 1, 1, 1, 1, 1, 1, 1, 1, 1, 1, 1, 1, 1, 1, 1, 1, 1, 1, 1, 1, 1, 1, 1, 1, 1, 1, 1, 1, 1, 1, 1, 1, 1, 1, 1, 1, 1, 1, 1, 1, 1, 1, 1, 1, 1, 1, 1, 1, 1, 1, 1, 1, 1, 1, 1, 1, 1, 1, 1, 1, 1, 1, 1, 1, 1, 1, 1, 1, 1, 1, 1, 1, 1, 1, 1, 1, 1, 1, 1, 1, 1, 1, 1, 1, 1, 1, 1, 1, 1, 1, 1, 1, 1, 1, 1, 1, 1, 1, 1, 1, 1, 1, 1, 1, 1, 1, 1, 1, 1, 1, 1, 1, 1, 1, 1, 1, 1, 1, 1, 1, 1, 1, 1, 1, 1, 1, 1, 1, 1, 1, 1, 1, 1, 1, 1, 1, 1, 1, 1, 1, 1, 1, 1, 1, 1, 1, 1, 1, 1, 1, 1, 1, 1, 1, 1, 1, 1, 1, 1, 1, 1, 1, 1, 1, 1, 1, 1, 1, 1, 1, 1, 1, 1, 1, 1, 1, 1, 1, 1, 1, 1, 1, 1, 1, 1, 1, 1, 1, 1, 1, 1, 1, 1, 1, 1, 1, 1, 1, 1, 1, 1, 1, 1, 1, 1, 1, 1, 1, 1, 1, 1, 1, 1, 1, 1, 1, 1, 1, 1, 1, 1, 1, 1, 1, 1, 1, 1, 1, 1, 1, 1, 1, 1, 1, 1, 1, 1, 1, 1, 1, 1, 1, 1]
449<=B_red[0].wtL<=2245
B_red[0].wtH=449, B_red[0].wtL=1213

Hamming profile: [463, 46, 6, 1, 1, 1, 1, 1, 1, 1, 1, 1, 1, 1, 1, 1, 1, 1, 1, 1, 1, 1, 1, 1, 1, 1, 1, 1, 1, 1, 1, 1, 1, 1, 1, 1, 1, 1, 1, 1, 1, 1, 1, 1, 1, 1, 1, 1, 1, 1, 1, 1, 1, 1, 1, 1, 1, 1, 1, 1, 1, 1, 1, 1, 1, 1, 1, 1, 1, 1, 1, 1, 1, 1, 1, 1, 1, 1, 1, 1, 1, 1, 1, 1, 1, 1, 1, 1, 1, 1, 1, 1, 1, 1, 1, 1, 1, 1, 1, 1, 1, 1, 1, 1, 1, 1, 1, 1, 1, 1, 1, 1, 1, 1, 1, 1, 1, 1, 1, 1, 1, 1, 1, 1, 1, 1, 1, 1, 1, 1, 1, 1, 1, 1, 1, 1, 1, 1, 1, 1, 1, 1, 1, 1, 1, 1, 1, 1, 1, 1, 1, 1, 1, 1, 1, 1, 1, 1, 1, 1, 1, 1, 1, 1, 1, 1, 1, 1, 1, 1, 1, 1, 1, 1, 1, 1, 1, 1, 1, 1, 1, 1, 1, 1, 1, 1, 1, 1, 1, 1, 1, 1, 1, 1, 1, 1, 1, 1, 1, 1, 1, 1, 1, 1, 1, 1, 1, 1, 1, 1, 1, 1, 1, 1, 1, 1, 1, 1, 1, 1, 1, 1, 1, 1, 1, 1, 1, 1, 1, 1, 1, 1, 1, 1, 1, 1, 1, 1, 1, 1, 1, 1, 1, 1, 1, 1, 1, 1, 1, 1, 1, 1, 1, 1, 1, 1, 1, 1, 1, 1, 1, 1, 1, 1, 1, 1, 1, 1, 1, 1, 1, 1, 1, 1, 1, 1, 1, 1, 1, 1, 1, 1, 1, 1, 1, 1, 1, 1, 1, 1, 1, 1, 1, 1, 1, 1, 1, 1, 1, 1, 1, 1, 1, 1, 1, 1, 1, 1, 1, 1, 1, 1, 1, 1, 1, 1, 1, 1, 1, 1, 1, 1, 1, 1, 1, 1, 1, 1, 1, 1, 1, 1, 1, 1, 1, 1, 1, 1, 1, 1, 1, 1, 1, 1, 1, 1, 1, 1, 1, 1, 1, 1, 1, 1, 1, 1, 1, 1, 1, 1, 1, 1, 1, 1, 1, 1, 1, 1, 1, 1, 1, 1, 1, 1, 1, 1, 1, 1, 1, 1, 1, 1, 1, 1, 1, 1, 1, 1, 1, 1, 1, 1, 1, 1, 1, 1, 1, 1, 1, 1, 1, 1, 1, 1, 1, 1, 1, 1, 1, 1, 1, 1, 1, 1, 1, 1, 1, 1, 1, 1, 1, 1, 1, 1, 1, 1, 1, 1, 1, 1, 1, 1, 1, 1, 1, 1, 1, 1, 1, 1, 1, 1, 1, 1, 1, 1, 1, 1, 1, 1, 1, 1, 1, 1, 1, 1, 1, 1, 1, 1, 1, 1, 1, 1, 1, 1, 1, 1, 1, 1, 1, 1, 1, 1, 1, 1, 1, 1, 1, 1, 1, 1, 1, 1, 1, 1, 1, 1, 1, 1, 1, 1, 1, 1, 1, 1, 1, 1, 1, 1, 1, 1, 1, 1, 1, 1, 1, 1, 1, 1, 1, 1]
Lee profile: [1402, 144, 19, 1, 1, 1, 1, 1, 1, 1, 1, 1, 1, 1, 1, 1, 1, 1, 1, 1, 1, 1, 1, 1, 1, 1, 1, 1, 1, 1, 1, 1, 1, 1, 1, 1, 1, 1, 1, 1, 1, 1, 1, 1, 1, 1, 1, 1, 1, 1, 1, 1, 1, 1, 1, 1, 1, 1, 1, 1, 1, 1, 1, 1, 1, 1, 1, 1, 1, 1, 1, 1, 1, 1, 1, 1, 1, 1, 1, 1, 1, 1, 1, 1, 1, 1, 1, 1, 1, 1, 1, 1, 1, 1, 1, 1, 1, 1, 1, 1, 1, 1, 1, 1, 1, 1, 1, 1, 1, 1, 1, 1, 1, 1, 1, 1, 1, 1, 1, 1, 1, 1, 1, 1, 1, 1, 1, 1, 1, 1, 1, 1, 1, 1, 1, 1, 1, 1, 1, 1, 1, 1, 1, 1, 1, 1, 1, 1, 1, 1, 1, 1, 1, 1, 1, 1, 1, 1, 1, 1, 1, 1, 1, 1, 1, 1, 1, 1, 1, 1, 1, 1, 1, 1, 1, 1, 1, 1, 1, 1, 1, 1, 1, 1, 1, 1, 1, 1, 1, 1, 1, 1, 1, 1, 1, 1, 1, 1, 1, 1, 1, 1, 1, 1, 1, 1, 1, 1, 1, 1, 1, 1, 1, 1, 1, 1, 1, 1, 1, 1, 1, 1, 1, 1, 1, 1, 1, 1, 1, 1, 1, 1, 1, 1, 1, 1, 1, 1, 1, 1, 1, 1, 1, 1, 1, 1, 1, 1, 1, 1, 1, 1, 1, 1, 1, 1, 1, 1, 1, 1, 1, 1, 1, 1, 1, 1, 1, 1, 1, 1, 1, 1, 1, 1, 1, 1, 1, 1, 1, 1, 1, 1, 1, 1, 1, 1, 1, 1, 1, 1, 1, 1, 1, 1, 1, 1, 1, 1, 1, 1, 1, 1, 1, 1, 1, 1, 1, 1, 1, 1, 1, 1, 1, 1, 1, 1, 1, 1, 1, 1, 1, 1, 1, 1, 1, 1, 1, 1, 1, 1, 1, 1, 1, 1, 1, 1, 1, 1, 1, 1, 1, 1, 1, 1, 1, 1, 1, 1, 1, 1, 1, 1, 1, 1, 1, 1, 1, 1, 1, 1, 1, 1, 1, 1, 1, 1, 1, 1, 1, 1, 1, 1, 1, 1, 1, 1, 1, 1, 1, 1, 1, 1, 1, 1, 1, 1, 1, 1, 1, 1, 1, 1, 1, 1, 1, 1, 1, 1, 1, 1, 1, 1, 1, 1, 1, 1, 1, 1, 1, 1, 1, 1, 1, 1, 1, 1, 1, 1, 1, 1, 1, 1, 1, 1, 1, 1, 1, 1, 1, 1, 1, 1, 1, 1, 1, 1, 1, 1, 1, 1, 1, 1, 1, 1, 1, 1, 1, 1, 1, 1, 1, 1, 1, 1, 1, 1, 1, 1, 1, 1, 1, 1, 1, 1, 1, 1, 1, 1, 1, 1, 1, 1, 1, 1, 1, 1, 1, 1, 1, 1, 1, 1, 1, 1, 1, 1, 1, 1, 1, 1, 1, 1, 1, 1, 1, 1, 1, 1, 1, 1, 1, 1, 1, 1, 1, 1, 1, 1, 1, 1, 1, 1]
463<=B[0].wtL<=2315
B[0].wtH=463, B[0].wtL=1402

--- LeeBKZ with beta=7, bkz with minimum_lee_wt_codeword (may be non-primitive) ---
[LEEbkz:MW_Codeword_LEE:1.3471291065216064 sec.]
[LEEbkz:MW_Codeword_LEE:0.5802013874053955 sec.]
[LEEbkz:MW_Codeword_LEE:1.2996580600738525 sec.]
[LEEbkz:MW_Codeword_LEE:0.5795433521270752 sec.]
[LEEbkz:MW_Codeword_LEE:0.5564408302307129 sec.]
[LEEbkz:MW_Codeword_LEE:1.2966866493225098 sec.]
[LEEbkz:MW_Codeword_LEE:0.6202635765075684 sec.]
[LEEbkz:MW_Codeword_LEE:1.3205232620239258 sec.]
[LEEbkz:MW_Codeword_LEE:0.6200850009918213 sec.]
[LEEbkz:MW_Codeword_LEE:0.5567848682403564 sec.]
[LEEbkz:MW_Codeword_LEE:1.3205127716064453 sec.]
[LEEbkz:MW_Codeword_LEE:0.6204724311828613 sec.]
[LEEbkz:MW_Codeword_LEE:0.5655322074890137 sec.]
[LEEbkz:MW_Codeword_LEE:0.5565001964569092 sec.]
[LEEbkz:MW_Codeword_LEE:1.3206422328948975 sec.]
[LEEbkz:MW_Codeword_LEE:0.6193759441375732 sec.]
[LEEbkz:MW_Codeword_LEE:1.3200724124908447 sec.]
[LEEbkz:MW_Codeword_LEE:0.6283009052276611 sec.]
[LEEbkz:MW_Codeword_LEE:0.5566225051879883 sec.]
[LEEbkz:MW_Codeword_LEE:1.295701026916504 sec.]
[LEEbkz:MW_Codeword_LEE:0.6195690631866455 sec.]
[LEEbkz:MW_Codeword_LEE:0.5564417839050293 sec.]
[LEEbkz:MW_Codeword_LEE:0.5560965538024902 sec.]
[LEEbkz:MW_Codeword_LEE:1.2971971035003662 sec.]
[LEEbkz:MW_Codeword_LEE:0.6195244789123535 sec.]
[LEEbkz:MW_Codeword_LEE:0.5563125610351562 sec.]
[LEEbkz:MW_Codeword_LEE:0.5566716194152832 sec.]
[LEEbkz:MW_Codeword_LEE:0.5555088520050049 sec.]
[LEEbkz:MW_Codeword_LEE:1.31479811668396 sec.]
[LEEbkz:MW_Codeword_LEE:0.6200973987579346 sec.]
[LEEbkz:MW_Codeword_LEE:0.5564277172088623 sec.]
[LEEbkz:MW_Codeword_LEE:0.5569448471069336 sec.]
[LEEbkz:MW_Codeword_LEE:1.3509714603424072 sec.]
[LEEbkz:MW_Codeword_LEE:0.6207327842712402 sec.]
[LEEbkz:MW_Codeword_LEE:0.5576634407043457 sec.]
[LEEbkz:MW_Codeword_LEE:0.5572402477264404 sec.]
[LEEbkz:MW_Codeword_LEE:0.5570271015167236 sec.]
[LEEbkz:MW_Codeword_LEE:0.5568828582763672 sec.]
[LEEbkz:MW_Codeword_LEE:1.3060619831085205 sec.]
[LEEbkz:MW_Codeword_LEE:0.620708703994751 sec.]
[LEEbkz:MW_Codeword_LEE:0.557682991027832 sec.]
[LEEbkz:MW_Codeword_LEE:0.5573735237121582 sec.]
[LEEbkz:MW_Codeword_LEE:0.5570991039276123 sec.]
[LEEbkz:MW_Codeword_LEE:0.5575098991394043 sec.]
[LEEbkz:MW_Codeword_LEE:0.5572695732116699 sec.]
[LEEbkz:MW_Codeword_LEE:1.306225299835205 sec.]
[LEEbkz:MW_Codeword_LEE:0.6218278408050537 sec.]
[LEEbkz:MW_Codeword_LEE:0.5576786994934082 sec.]
[LEEbkz:MW_Codeword_LEE:0.5573384761810303 sec.]
[LEEbkz:MW_Codeword_LEE:0.5573160648345947 sec.]
[LEEbkz:MW_Codeword_LEE:0.5571315288543701 sec.]
[LEEbkz:MW_Codeword_LEE:0.5575251579284668 sec.]
[LEEbkz:MW_Codeword_LEE:0.6213657855987549 sec.]
[LEEbkz:MW_Codeword_LEE:1.3363397121429443 sec.]
[LEEbkz:MW_Codeword_LEE:0.6219961643218994 sec.]
[LEEbkz:MW_Codeword_LEE:0.5576133728027344 sec.]
[LEEbkz:MW_Codeword_LEE:1.3011267185211182 sec.]
[LEEbkz:MW_Codeword_LEE:0.621666669845581 sec.]
[LEEbkz:MW_Codeword_LEE:0.5581650733947754 sec.]
[LEEbkz:MW_Codeword_LEE:0.6020805835723877 sec.]
[LEEbkz:MW_Codeword_LEE:1.3021221160888672 sec.]
[LEEbkz:MW_Codeword_LEE:0.621657133102417 sec.]
[LEEbkz:MW_Codeword_LEE:0.5577030181884766 sec.]
[LEEbkz:MW_Codeword_LEE:0.5574314594268799 sec.]
[LEEbkz:MW_Codeword_LEE:0.5573856830596924 sec.]
[LEEbkz:MW_Codeword_LEE:1.2992370128631592 sec.]
[LEEbkz:MW_Codeword_LEE:0.6316356658935547 sec.]
[LEEbkz:MW_Codeword_LEE:0.5575222969055176 sec.]
[LEEbkz:MW_Codeword_LEE:0.5575814247131348 sec.]
[LEEbkz:MW_Codeword_LEE:0.557227373123169 sec.]
[LEEbkz:MW_Codeword_LEE:0.5681109428405762 sec.]
[LEEbkz:MW_Codeword_LEE:1.3037686347961426 sec.]
[LEEbkz:MW_Codeword_LEE:0.620664119720459 sec.]
[LEEbkz:MW_Codeword_LEE:0.5568881034851074 sec.]
[LEEbkz:MW_Codeword_LEE:0.5576944351196289 sec.]
[LEEbkz:MW_Codeword_LEE:0.5574147701263428 sec.]
[LEEbkz:MW_Codeword_LEE:0.5572638511657715 sec.]
[LEEbkz:MW_Codeword_LEE:1.3200640678405762 sec.]
[LEEbkz:MW_Codeword_LEE:0.6212589740753174 sec.]
[LEEbkz:MW_Codeword_LEE:0.5578203201293945 sec.]
[LEEbkz:MW_Codeword_LEE:0.557323694229126 sec.]
[LEEbkz:MW_Codeword_LEE:0.60148024559021 sec.]
[LEEbkz:MW_Codeword_LEE:0.5572755336761475 sec.]
[LEEbkz:MW_Codeword_LEE:0.6218886375427246 sec.]
[LEEbkz:MW_Codeword_LEE:0.5573644638061523 sec.]
[LEEbkz:MW_Codeword_LEE:0.5577034950256348 sec.]
[LEEbkz:MW_Codeword_LEE:0.5574336051940918 sec.]
[LEEbkz:MW_Codeword_LEE:0.5572872161865234 sec.]
[LEEbkz:MW_Codeword_LEE:0.557060718536377 sec.]
[LEEbkz:MW_Codeword_LEE:0.5575387477874756 sec.]
[LEEbkz:MW_Codeword_LEE:1.2986352443695068 sec.]
[LEEbkz:MW_Codeword_LEE:0.6209168434143066 sec.]
[LEEbkz:MW_Codeword_LEE:0.5571639537811279 sec.]
[LEEbkz:MW_Codeword_LEE:0.5570518970489502 sec.]
[LEEbkz:MW_Codeword_LEE:0.5576503276824951 sec.]
[LEEbkz:MW_Codeword_LEE:1.3021595478057861 sec.]
[LEEbkz:MW_Codeword_LEE:0.6204514503479004 sec.]
[LEEbkz:MW_Codeword_LEE:1.3016912937164307 sec.]
[LEEbkz:MW_Codeword_LEE:0.6211020946502686 sec.]
[LEEbkz:MW_Codeword_LEE:0.5586283206939697 sec.]
[LEEbkz:MW_Codeword_LEE:1.3089516162872314 sec.]
[LEEbkz:MW_Codeword_LEE:0.6290056705474854 sec.]
[LEEbkz:MW_Codeword_LEE:0.5571146011352539 sec.]
[LEEbkz:MW_Codeword_LEE:0.5576300621032715 sec.]
[LEEbkz:MW_Codeword_LEE:1.2976651191711426 sec.]
[LEEbkz:MW_Codeword_LEE:0.6221988201141357 sec.]
[LEEbkz:MW_Codeword_LEE:0.5577735900878906 sec.]
[LEEbkz:MW_Codeword_LEE:0.5579204559326172 sec.]
[LEEbkz:MW_Codeword_LEE:0.5573067665100098 sec.]
[LEEbkz:MW_Codeword_LEE:1.30641508102417 sec.]
[LEEbkz:MW_Codeword_LEE:0.6209146976470947 sec.]
[LEEbkz:MW_Codeword_LEE:0.5578658580780029 sec.]
[LEEbkz:MW_Codeword_LEE:0.5568721294403076 sec.]
[LEEbkz:MW_Codeword_LEE:0.5572783946990967 sec.]
[LEEbkz:MW_Codeword_LEE:0.5571873188018799 sec.]
[LEEbkz:MW_Codeword_LEE:1.3323230743408203 sec.]
[LEEbkz:MW_Codeword_LEE:0.6207239627838135 sec.]
[LEEbkz:MW_Codeword_LEE:0.5573947429656982 sec.]
[LEEbkz:MW_Codeword_LEE:0.5568552017211914 sec.]
[LEEbkz:MW_Codeword_LEE:0.5570096969604492 sec.]
[LEEbkz:MW_Codeword_LEE:0.5570211410522461 sec.]
[LEEbkz:MW_Codeword_LEE:0.5576670169830322 sec.]
[LEEbkz:MW_Codeword_LEE:1.3529400825500488 sec.]
[LEEbkz:MW_Codeword_LEE:0.6212079524993896 sec.]
[LEEbkz:MW_Codeword_LEE:0.557457447052002 sec.]
[LEEbkz:MW_Codeword_LEE:0.5574543476104736 sec.]
[LEEbkz:MW_Codeword_LEE:0.5569272041320801 sec.]
[LEEbkz:MW_Codeword_LEE:0.5572435855865479 sec.]
[LEEbkz:MW_Codeword_LEE:0.5575282573699951 sec.]
[LEEbkz:MW_Codeword_LEE:0.6207468509674072 sec.]
[LEEbkz:MW_Codeword_LEE:0.5571520328521729 sec.]
[LEEbkz:MW_Codeword_LEE:0.6013655662536621 sec.]
[LEEbkz:MW_Codeword_LEE:0.5579702854156494 sec.]
[LEEbkz:MW_Codeword_LEE:0.5570712089538574 sec.]
[LEEbkz:MW_Codeword_LEE:0.5567107200622559 sec.]
[LEEbkz:MW_Codeword_LEE:0.5577309131622314 sec.]
[LEEbkz:MW_Codeword_LEE:0.5573909282684326 sec.]
[LEEbkz:MW_Codeword_LEE:0.557023286819458 sec.]
[LEEbkz:MW_Codeword_LEE:0.5566542148590088 sec.]
[LEEbkz:MW_Codeword_LEE:0.5565018653869629 sec.]
[LEEbkz:MW_Codeword_LEE:0.556549072265625 sec.]
Hamming profile after BKZ: [444, 57, 9, 4, 2, 2, 1, 1, 1, 1, 1, 1, 1, 1, 1, 1, 1, 1, 1, 1, 1, 1, 1, 1, 1, 1, 1, 1, 1, 1, 1, 1, 1, 1, 1, 1, 1, 1, 1, 1, 1, 1, 1, 1, 1, 1, 1, 1, 1, 1, 1, 1, 1, 1, 1, 1, 1, 1, 1, 1, 1, 1, 1, 1, 1, 1, 1, 1, 1, 1, 1, 1, 1, 1, 1, 1, 1, 1, 1, 1, 1, 1, 1, 1, 1, 1, 1, 1, 1, 1, 1, 1, 1, 1, 1, 1, 1, 1, 1, 1, 1, 1, 1, 1, 1, 1, 1, 1, 1, 1, 1, 1, 1, 1, 1, 1, 1, 1, 1, 1, 1, 1, 1, 1, 1, 1, 1, 1, 1, 1, 1, 1, 1, 1, 1, 1, 1, 1, 1, 1, 1, 1, 1, 1, 1, 1, 1, 1, 1, 1, 1, 1, 1, 1, 1, 1, 1, 1, 1, 1, 1, 1, 1, 1, 1, 1, 1, 1, 1, 1, 1, 1, 1, 1, 1, 1, 1, 1, 1, 1, 1, 1, 1, 1, 1, 1, 1, 1, 1, 1, 1, 1, 1, 1, 1, 1, 1, 1, 1, 1, 1, 1, 1, 1, 1, 1, 1, 1, 1, 1, 1, 1, 1, 1, 1, 1, 1, 1, 1, 1, 1, 1, 1, 1, 1, 1, 1, 1, 1, 1, 1, 1, 1, 1, 1, 1, 1, 1, 1, 1, 1, 1, 1, 1, 1, 1, 1, 1, 1, 1, 1, 1, 1, 1, 1, 1, 1, 1, 1, 1, 1, 1, 1, 1, 1, 1, 1, 1, 1, 1, 1, 1, 1, 1, 1, 1, 1, 1, 1, 1, 1, 1, 1, 1, 1, 1, 1, 1, 1, 1, 1, 1, 1, 1, 1, 1, 1, 1, 1, 1, 1, 1, 1, 1, 1, 1, 1, 1, 1, 1, 1, 1, 1, 1, 1, 1, 1, 1, 1, 1, 1, 1, 1, 1, 1, 1, 1, 1, 1, 1, 1, 1, 1, 1, 1, 1, 1, 1, 1, 1, 1, 1, 1, 1, 1, 1, 1, 1, 1, 1, 1, 1, 1, 1, 1, 1, 1, 1, 1, 1, 1, 1, 1, 1, 1, 1, 1, 1, 1, 1, 1, 1, 1, 1, 1, 1, 1, 1, 1, 1, 1, 1, 1, 1, 1, 1, 1, 1, 1, 1, 1, 1, 1, 1, 1, 1, 1, 1, 1, 1, 1, 1, 1, 1, 1, 1, 1, 1, 1, 1, 1, 1, 1, 1, 1, 1, 1, 1, 1, 1, 1, 1, 1, 1, 1, 1, 1, 1, 1, 1, 1, 1, 1, 1, 1, 1, 1, 1, 1, 1, 1, 1, 1, 1, 1, 1, 1, 1, 1, 1, 1, 1, 1, 1, 1, 1, 1, 1, 1, 1, 1, 1, 1, 1, 1, 1, 1, 1, 1, 1, 1, 1, 1, 1, 1, 1, 1, 1, 1, 1, 1, 1, 1, 1, 1, 1, 1, 1, 1, 1, 1, 1, 1, 1, 1, 1, 1, 1, 1, 1, 1, 1, 1, 1, 1, 1, 1, 1, 1, 1, 1, 1]
Lee profile after BKZ: [1187, 128, 19, 5, 2, 2, 1, 1, 1, 1, 1, 1, 1, 1, 1, 1, 1, 1, 1, 1, 1, 1, 1, 1, 1, 1, 1, 1, 1, 1, 1, 1, 1, 1, 1, 1, 1, 1, 1, 1, 1, 1, 1, 1, 1, 1, 1, 1, 1, 1, 1, 1, 1, 1, 1, 1, 1, 1, 1, 1, 1, 1, 1, 1, 1, 1, 1, 1, 1, 1, 1, 1, 1, 1, 1, 1, 1, 1, 1, 1, 1, 1, 1, 1, 1, 1, 1, 1, 1, 1, 1, 1, 1, 1, 1, 1, 1, 1, 1, 1, 1, 1, 1, 1, 1, 1, 1, 1, 1, 1, 1, 1, 1, 1, 1, 1, 1, 1, 1, 1, 1, 1, 1, 1, 1, 1, 1, 1, 1, 1, 1, 1, 1, 1, 1, 1, 1, 1, 1, 1, 1, 1, 1, 1, 1, 1, 1, 1, 1, 1, 1, 1, 1, 1, 1, 1, 1, 1, 1, 1, 1, 1, 1, 1, 1, 1, 1, 1, 1, 1, 1, 1, 1, 1, 1, 1, 1, 1, 1, 1, 1, 1, 1, 1, 1, 1, 1, 1, 1, 1, 1, 1, 1, 1, 1, 1, 1, 1, 1, 1, 1, 1, 1, 1, 1, 1, 1, 1, 1, 1, 1, 1, 1, 1, 1, 1, 1, 1, 1, 1, 1, 1, 1, 1, 1, 1, 1, 1, 1, 1, 1, 1, 1, 1, 1, 1, 1, 1, 1, 1, 1, 1, 1, 1, 1, 1, 1, 1, 1, 1, 1, 1, 1, 1, 1, 1, 1, 1, 1, 1, 1, 1, 1, 1, 1, 1, 1, 1, 1, 1, 1, 1, 1, 1, 1, 1, 1, 1, 1, 1, 1, 1, 1, 1, 1, 1, 1, 1, 1, 1, 1, 1, 1, 1, 1, 1, 1, 1, 1, 1, 1, 1, 1, 1, 1, 1, 1, 1, 1, 1, 1, 1, 1, 1, 1, 1, 1, 1, 1, 1, 1, 1, 1, 1, 1, 1, 1, 1, 1, 1, 1, 1, 1, 1, 1, 1, 1, 1, 1, 1, 1, 1, 1, 1, 1, 1, 1, 1, 1, 1, 1, 1, 1, 1, 1, 1, 1, 1, 1, 1, 1, 1, 1, 1, 1, 1, 1, 1, 1, 1, 1, 1, 1, 1, 1, 1, 1, 1, 1, 1, 1, 1, 1, 1, 1, 1, 1, 1, 1, 1, 1, 1, 1, 1, 1, 1, 1, 1, 1, 1, 1, 1, 1, 1, 1, 1, 1, 1, 1, 1, 1, 1, 1, 1, 1, 1, 1, 1, 1, 1, 1, 1, 1, 1, 1, 1, 1, 1, 1, 1, 1, 1, 1, 1, 1, 1, 1, 1, 1, 1, 1, 1, 1, 1, 1, 1, 1, 1, 1, 1, 1, 1, 1, 1, 1, 1, 1, 1, 1, 1, 1, 1, 1, 1, 1, 1, 1, 1, 1, 1, 1, 1, 1, 1, 1, 1, 1, 1, 1, 1, 1, 1, 1, 1, 1, 1, 1, 1, 1, 1, 1, 1, 1, 1, 1, 1, 1, 1, 1, 1, 1, 1, 1, 1, 1, 1, 1, 1, 1, 1, 1, 1]
444<=B_red[0].wtL<=2220
B_red[0].wtH=444, B_red[0].wtL=1187


****************************************************
******** STATISTICS OVER N=10 samples ********
****************************************************
Reduced 10 matrices of size 512x1024 over F11
Proper basis wtH[0]=465.4 wtL[0]=1390.1
Reduced basis wtH[0]=451.0 wtL[0]=1211.2
Reduced basis avg. k1=4.4
Avg.time=114.20561788082122
Avg.Mw_codeword.calls=83.5
