RANDOM_SEED=6

Hamming profile: [462, 49, 4, 1, 1, 1, 1, 1, 1, 1, 1, 1, 1, 1, 1, 1, 1, 1, 1, 1, 1, 1, 1, 1, 1, 1, 1, 1, 1, 1, 1, 1, 1, 1, 1, 1, 1, 1, 1, 1, 1, 1, 1, 1, 1, 1, 1, 1, 1, 1, 1, 1, 1, 1, 1, 1, 1, 1, 1, 1, 1, 1, 1, 1, 1, 1, 1, 1, 1, 1, 1, 1, 1, 1, 1, 1, 1, 1, 1, 1, 1, 1, 1, 1, 1, 1, 1, 1, 1, 1, 1, 1, 1, 1, 1, 1, 1, 1, 1, 1, 1, 1, 1, 1, 1, 1, 1, 1, 1, 1, 1, 1, 1, 1, 1, 1, 1, 1, 1, 1, 1, 1, 1, 1, 1, 1, 1, 1, 1, 1, 1, 1, 1, 1, 1, 1, 1, 1, 1, 1, 1, 1, 1, 1, 1, 1, 1, 1, 1, 1, 1, 1, 1, 1, 1, 1, 1, 1, 1, 1, 1, 1, 1, 1, 1, 1, 1, 1, 1, 1, 1, 1, 1, 1, 1, 1, 1, 1, 1, 1, 1, 1, 1, 1, 1, 1, 1, 1, 1, 1, 1, 1, 1, 1, 1, 1, 1, 1, 1, 1, 1, 1, 1, 1, 1, 1, 1, 1, 1, 1, 1, 1, 1, 1, 1, 1, 1, 1, 1, 1, 1, 1, 1, 1, 1, 1, 1, 1, 1, 1, 1, 1, 1, 1, 1, 1, 1, 1, 1, 1, 1, 1, 1, 1, 1, 1, 1, 1, 1, 1, 1, 1, 1, 1, 1, 1, 1, 1, 1, 1, 1, 1, 1, 1, 1, 1, 1, 1, 1, 1, 1, 1, 1, 1, 1, 1, 1, 1, 1, 1, 1, 1, 1, 1, 1, 1, 1, 1, 1, 1, 1, 1, 1, 1, 1, 1, 1, 1, 1, 1, 1, 1, 1, 1, 1, 1, 1, 1, 1, 1, 1, 1, 1, 1, 1, 1, 1, 1, 1, 1, 1, 1, 1, 1, 1, 1, 1, 1, 1, 1, 1, 1, 1, 1, 1, 1, 1, 1, 1, 1, 1, 1, 1, 1, 1, 1, 1, 1, 1, 1, 1, 1, 1, 1, 1, 1, 1, 1, 1, 1, 1, 1, 1, 1, 1, 1, 1, 1, 1, 1, 1, 1, 1, 1, 1, 1, 1, 1, 1, 1, 1, 1, 1, 1, 1, 1, 1, 1, 1, 1, 1, 1, 1, 1, 1, 1, 1, 1, 1, 1, 1, 1, 1, 1, 1, 1, 1, 1, 1, 1, 1, 1, 1, 1, 1, 1, 1, 1, 1, 1, 1, 1, 1, 1, 1, 1, 1, 1, 1, 1, 1, 1, 1, 1, 1, 1, 1, 1, 1, 1, 1, 1, 1, 1, 1, 1, 1, 1, 1, 1, 1, 1, 1, 1, 1, 1, 1, 1, 1, 1, 1, 1, 1, 1, 1, 1, 1, 1, 1, 1, 1, 1, 1, 1, 1, 1, 1, 1, 1, 1, 1, 1, 1, 1, 1, 1, 1, 1, 1, 1, 1, 1, 1, 1, 1, 1, 1, 1, 1, 1, 1, 1, 1, 1, 1, 1, 1, 1, 1, 1, 1, 1]
Lee profile: [1444, 141, 9, 1, 1, 1, 1, 1, 1, 1, 1, 1, 1, 1, 1, 1, 1, 1, 1, 1, 1, 1, 1, 1, 1, 1, 1, 1, 1, 1, 1, 1, 1, 1, 1, 1, 1, 1, 1, 1, 1, 1, 1, 1, 1, 1, 1, 1, 1, 1, 1, 1, 1, 1, 1, 1, 1, 1, 1, 1, 1, 1, 1, 1, 1, 1, 1, 1, 1, 1, 1, 1, 1, 1, 1, 1, 1, 1, 1, 1, 1, 1, 1, 1, 1, 1, 1, 1, 1, 1, 1, 1, 1, 1, 1, 1, 1, 1, 1, 1, 1, 1, 1, 1, 1, 1, 1, 1, 1, 1, 1, 1, 1, 1, 1, 1, 1, 1, 1, 1, 1, 1, 1, 1, 1, 1, 1, 1, 1, 1, 1, 1, 1, 1, 1, 1, 1, 1, 1, 1, 1, 1, 1, 1, 1, 1, 1, 1, 1, 1, 1, 1, 1, 1, 1, 1, 1, 1, 1, 1, 1, 1, 1, 1, 1, 1, 1, 1, 1, 1, 1, 1, 1, 1, 1, 1, 1, 1, 1, 1, 1, 1, 1, 1, 1, 1, 1, 1, 1, 1, 1, 1, 1, 1, 1, 1, 1, 1, 1, 1, 1, 1, 1, 1, 1, 1, 1, 1, 1, 1, 1, 1, 1, 1, 1, 1, 1, 1, 1, 1, 1, 1, 1, 1, 1, 1, 1, 1, 1, 1, 1, 1, 1, 1, 1, 1, 1, 1, 1, 1, 1, 1, 1, 1, 1, 1, 1, 1, 1, 1, 1, 1, 1, 1, 1, 1, 1, 1, 1, 1, 1, 1, 1, 1, 1, 1, 1, 1, 1, 1, 1, 1, 1, 1, 1, 1, 1, 1, 1, 1, 1, 1, 1, 1, 1, 1, 1, 1, 1, 1, 1, 1, 1, 1, 1, 1, 1, 1, 1, 1, 1, 1, 1, 1, 1, 1, 1, 1, 1, 1, 1, 1, 1, 1, 1, 1, 1, 1, 1, 1, 1, 1, 1, 1, 1, 1, 1, 1, 1, 1, 1, 1, 1, 1, 1, 1, 1, 1, 1, 1, 1, 1, 1, 1, 1, 1, 1, 1, 1, 1, 1, 1, 1, 1, 1, 1, 1, 1, 1, 1, 1, 1, 1, 1, 1, 1, 1, 1, 1, 1, 1, 1, 1, 1, 1, 1, 1, 1, 1, 1, 1, 1, 1, 1, 1, 1, 1, 1, 1, 1, 1, 1, 1, 1, 1, 1, 1, 1, 1, 1, 1, 1, 1, 1, 1, 1, 1, 1, 1, 1, 1, 1, 1, 1, 1, 1, 1, 1, 1, 1, 1, 1, 1, 1, 1, 1, 1, 1, 1, 1, 1, 1, 1, 1, 1, 1, 1, 1, 1, 1, 1, 1, 1, 1, 1, 1, 1, 1, 1, 1, 1, 1, 1, 1, 1, 1, 1, 1, 1, 1, 1, 1, 1, 1, 1, 1, 1, 1, 1, 1, 1, 1, 1, 1, 1, 1, 1, 1, 1, 1, 1, 1, 1, 1, 1, 1, 1, 1, 1, 1, 1, 1, 1, 1, 1, 1, 1, 1, 1, 1, 1, 1, 1, 1, 1, 1, 1, 1, 1, 1, 1, 1]
462<=B[0].wtL<=2310
B[0].wtH=462, B[0].wtL=1444

--- LeeBKZ with beta=9, bkz with minimum_lee_wt_codeword (may be non-primitive) ---
[LEEbkz:MW_Codeword_LEE:153.3632686138153 sec.]
[LEEbkz:MW_Codeword_LEE:72.99538159370422 sec.]
[LEEbkz:MW_Codeword_LEE:154.89037466049194 sec.]
[LEEbkz:MW_Codeword_LEE:72.9304587841034 sec.]
[LEEbkz:MW_Codeword_LEE:65.27297973632812 sec.]
[LEEbkz:MW_Codeword_LEE:154.82357263565063 sec.]
[LEEbkz:MW_Codeword_LEE:72.68760919570923 sec.]
[LEEbkz:MW_Codeword_LEE:65.30696773529053 sec.]
[LEEbkz:MW_Codeword_LEE:65.28401494026184 sec.]
[LEEbkz:MW_Codeword_LEE:156.65182280540466 sec.]
[LEEbkz:MW_Codeword_LEE:72.72860646247864 sec.]
[LEEbkz:MW_Codeword_LEE:153.59965181350708 sec.]
[LEEbkz:MW_Codeword_LEE:72.84315395355225 sec.]
[LEEbkz:MW_Codeword_LEE:65.41187953948975 sec.]
[LEEbkz:MW_Codeword_LEE:154.66253304481506 sec.]
[LEEbkz:MW_Codeword_LEE:72.84926009178162 sec.]
[LEEbkz:MW_Codeword_LEE:65.41195130348206 sec.]
[LEEbkz:MW_Codeword_LEE:65.42790269851685 sec.]
[LEEbkz:MW_Codeword_LEE:150.94556188583374 sec.]
[LEEbkz:MW_Codeword_LEE:69.14783263206482 sec.]
[LEEbkz:MW_Codeword_LEE:62.21140384674072 sec.]
[LEEbkz:MW_Codeword_LEE:62.30098605155945 sec.]
[LEEbkz:MW_Codeword_LEE:61.973262310028076 sec.]
[LEEbkz:MW_Codeword_LEE:144.28060793876648 sec.]
[LEEbkz:MW_Codeword_LEE:68.15515685081482 sec.]
[LEEbkz:MW_Codeword_LEE:61.18846130371094 sec.]
[LEEbkz:MW_Codeword_LEE:61.19998598098755 sec.]
[LEEbkz:MW_Codeword_LEE:61.18726325035095 sec.]
[LEEbkz:MW_Codeword_LEE:148.80483055114746 sec.]
[LEEbkz:MW_Codeword_LEE:68.06666326522827 sec.]
[LEEbkz:MW_Codeword_LEE:61.15168070793152 sec.]
[LEEbkz:MW_Codeword_LEE:61.22704792022705 sec.]
[LEEbkz:MW_Codeword_LEE:61.21427583694458 sec.]
[LEEbkz:MW_Codeword_LEE:61.15750575065613 sec.]
[LEEbkz:MW_Codeword_LEE:143.4887478351593 sec.]
[LEEbkz:MW_Codeword_LEE:68.12266826629639 sec.]
[LEEbkz:MW_Codeword_LEE:62.49928855895996 sec.]
[LEEbkz:MW_Codeword_LEE:61.25721549987793 sec.]
[LEEbkz:MW_Codeword_LEE:61.235405921936035 sec.]
[LEEbkz:MW_Codeword_LEE:61.19427680969238 sec.]
[LEEbkz:MW_Codeword_LEE:147.06325936317444 sec.]
[LEEbkz:MW_Codeword_LEE:68.08603096008301 sec.]
[LEEbkz:MW_Codeword_LEE:61.156110525131226 sec.]
[LEEbkz:MW_Codeword_LEE:61.1501739025116 sec.]
[LEEbkz:MW_Codeword_LEE:61.1510055065155 sec.]
[LEEbkz:MW_Codeword_LEE:61.06338334083557 sec.]
[LEEbkz:MW_Codeword_LEE:143.12985682487488 sec.]
[LEEbkz:MW_Codeword_LEE:68.05639696121216 sec.]
[LEEbkz:MW_Codeword_LEE:61.02093267440796 sec.]
[LEEbkz:MW_Codeword_LEE:60.99980974197388 sec.]
[LEEbkz:MW_Codeword_LEE:60.995593786239624 sec.]
[LEEbkz:MW_Codeword_LEE:61.00236415863037 sec.]
[LEEbkz:MW_Codeword_LEE:67.9117956161499 sec.]
[LEEbkz:MW_Codeword_LEE:61.000911712646484 sec.]
[LEEbkz:MW_Codeword_LEE:61.00786876678467 sec.]
[LEEbkz:MW_Codeword_LEE:61.00593113899231 sec.]
Hamming profile after BKZ: [452, 49, 8, 6, 1, 2, 1, 1, 1, 1, 1, 1, 1, 1, 1, 1, 1, 1, 1, 1, 1, 1, 1, 1, 1, 1, 1, 1, 1, 1, 1, 1, 1, 1, 1, 1, 1, 1, 1, 1, 1, 1, 1, 1, 1, 1, 1, 1, 1, 1, 1, 1, 1, 1, 1, 1, 1, 1, 1, 1, 1, 1, 1, 1, 1, 1, 1, 1, 1, 1, 1, 1, 1, 1, 1, 1, 1, 1, 1, 1, 1, 1, 1, 1, 1, 1, 1, 1, 1, 1, 1, 1, 1, 1, 1, 1, 1, 1, 1, 1, 1, 1, 1, 1, 1, 1, 1, 1, 1, 1, 1, 1, 1, 1, 1, 1, 1, 1, 1, 1, 1, 1, 1, 1, 1, 1, 1, 1, 1, 1, 1, 1, 1, 1, 1, 1, 1, 1, 1, 1, 1, 1, 1, 1, 1, 1, 1, 1, 1, 1, 1, 1, 1, 1, 1, 1, 1, 1, 1, 1, 1, 1, 1, 1, 1, 1, 1, 1, 1, 1, 1, 1, 1, 1, 1, 1, 1, 1, 1, 1, 1, 1, 1, 1, 1, 1, 1, 1, 1, 1, 1, 1, 1, 1, 1, 1, 1, 1, 1, 1, 1, 1, 1, 1, 1, 1, 1, 1, 1, 1, 1, 1, 1, 1, 1, 1, 1, 1, 1, 1, 1, 1, 1, 1, 1, 1, 1, 1, 1, 1, 1, 1, 1, 1, 1, 1, 1, 1, 1, 1, 1, 1, 1, 1, 1, 1, 1, 1, 1, 1, 1, 1, 1, 1, 1, 1, 1, 1, 1, 1, 1, 1, 1, 1, 1, 1, 1, 1, 1, 1, 1, 1, 1, 1, 1, 1, 1, 1, 1, 1, 1, 1, 1, 1, 1, 1, 1, 1, 1, 1, 1, 1, 1, 1, 1, 1, 1, 1, 1, 1, 1, 1, 1, 1, 1, 1, 1, 1, 1, 1, 1, 1, 1, 1, 1, 1, 1, 1, 1, 1, 1, 1, 1, 1, 1, 1, 1, 1, 1, 1, 1, 1, 1, 1, 1, 1, 1, 1, 1, 1, 1, 1, 1, 1, 1, 1, 1, 1, 1, 1, 1, 1, 1, 1, 1, 1, 1, 1, 1, 1, 1, 1, 1, 1, 1, 1, 1, 1, 1, 1, 1, 1, 1, 1, 1, 1, 1, 1, 1, 1, 1, 1, 1, 1, 1, 1, 1, 1, 1, 1, 1, 1, 1, 1, 1, 1, 1, 1, 1, 1, 1, 1, 1, 1, 1, 1, 1, 1, 1, 1, 1, 1, 1, 1, 1, 1, 1, 1, 1, 1, 1, 1, 1, 1, 1, 1, 1, 1, 1, 1, 1, 1, 1, 1, 1, 1, 1, 1, 1, 1, 1, 1, 1, 1, 1, 1, 1, 1, 1, 1, 1, 1, 1, 1, 1, 1, 1, 1, 1, 1, 1, 1, 1, 1, 1, 1, 1, 1, 1, 1, 1, 1, 1, 1, 1, 1, 1, 1, 1, 1, 1, 1, 1, 1, 1, 1, 1, 1, 1, 1, 1, 1, 1, 1, 1, 1, 1, 1, 1, 1, 1, 1, 1, 1, 1, 1, 1, 1, 1, 1, 1, 1]
Lee profile after BKZ: [1188, 112, 16, 7, 1, 2, 1, 1, 1, 1, 1, 1, 1, 1, 1, 1, 1, 1, 1, 1, 1, 1, 1, 1, 1, 1, 1, 1, 1, 1, 1, 1, 1, 1, 1, 1, 1, 1, 1, 1, 1, 1, 1, 1, 1, 1, 1, 1, 1, 1, 1, 1, 1, 1, 1, 1, 1, 1, 1, 1, 1, 1, 1, 1, 1, 1, 1, 1, 1, 1, 1, 1, 1, 1, 1, 1, 1, 1, 1, 1, 1, 1, 1, 1, 1, 1, 1, 1, 1, 1, 1, 1, 1, 1, 1, 1, 1, 1, 1, 1, 1, 1, 1, 1, 1, 1, 1, 1, 1, 1, 1, 1, 1, 1, 1, 1, 1, 1, 1, 1, 1, 1, 1, 1, 1, 1, 1, 1, 1, 1, 1, 1, 1, 1, 1, 1, 1, 1, 1, 1, 1, 1, 1, 1, 1, 1, 1, 1, 1, 1, 1, 1, 1, 1, 1, 1, 1, 1, 1, 1, 1, 1, 1, 1, 1, 1, 1, 1, 1, 1, 1, 1, 1, 1, 1, 1, 1, 1, 1, 1, 1, 1, 1, 1, 1, 1, 1, 1, 1, 1, 1, 1, 1, 1, 1, 1, 1, 1, 1, 1, 1, 1, 1, 1, 1, 1, 1, 1, 1, 1, 1, 1, 1, 1, 1, 1, 1, 1, 1, 1, 1, 1, 1, 1, 1, 1, 1, 1, 1, 1, 1, 1, 1, 1, 1, 1, 1, 1, 1, 1, 1, 1, 1, 1, 1, 1, 1, 1, 1, 1, 1, 1, 1, 1, 1, 1, 1, 1, 1, 1, 1, 1, 1, 1, 1, 1, 1, 1, 1, 1, 1, 1, 1, 1, 1, 1, 1, 1, 1, 1, 1, 1, 1, 1, 1, 1, 1, 1, 1, 1, 1, 1, 1, 1, 1, 1, 1, 1, 1, 1, 1, 1, 1, 1, 1, 1, 1, 1, 1, 1, 1, 1, 1, 1, 1, 1, 1, 1, 1, 1, 1, 1, 1, 1, 1, 1, 1, 1, 1, 1, 1, 1, 1, 1, 1, 1, 1, 1, 1, 1, 1, 1, 1, 1, 1, 1, 1, 1, 1, 1, 1, 1, 1, 1, 1, 1, 1, 1, 1, 1, 1, 1, 1, 1, 1, 1, 1, 1, 1, 1, 1, 1, 1, 1, 1, 1, 1, 1, 1, 1, 1, 1, 1, 1, 1, 1, 1, 1, 1, 1, 1, 1, 1, 1, 1, 1, 1, 1, 1, 1, 1, 1, 1, 1, 1, 1, 1, 1, 1, 1, 1, 1, 1, 1, 1, 1, 1, 1, 1, 1, 1, 1, 1, 1, 1, 1, 1, 1, 1, 1, 1, 1, 1, 1, 1, 1, 1, 1, 1, 1, 1, 1, 1, 1, 1, 1, 1, 1, 1, 1, 1, 1, 1, 1, 1, 1, 1, 1, 1, 1, 1, 1, 1, 1, 1, 1, 1, 1, 1, 1, 1, 1, 1, 1, 1, 1, 1, 1, 1, 1, 1, 1, 1, 1, 1, 1, 1, 1, 1, 1, 1, 1, 1, 1, 1, 1, 1, 1, 1, 1, 1, 1, 1, 1, 1, 1, 1, 1, 1, 1, 1, 1]
452<=B_red[0].wtL<=2260
B_red[0].wtH=452, B_red[0].wtL=1188

Hamming profile: [473, 40, 2, 1, 1, 1, 1, 1, 1, 1, 1, 1, 1, 1, 1, 1, 1, 1, 1, 1, 1, 1, 1, 1, 1, 1, 1, 1, 1, 1, 1, 1, 1, 1, 1, 1, 1, 1, 1, 1, 1, 1, 1, 1, 1, 1, 1, 1, 1, 1, 1, 1, 1, 1, 1, 1, 1, 1, 1, 1, 1, 1, 1, 1, 1, 1, 1, 1, 1, 1, 1, 1, 1, 1, 1, 1, 1, 1, 1, 1, 1, 1, 1, 1, 1, 1, 1, 1, 1, 1, 1, 1, 1, 1, 1, 1, 1, 1, 1, 1, 1, 1, 1, 1, 1, 1, 1, 1, 1, 1, 1, 1, 1, 1, 1, 1, 1, 1, 1, 1, 1, 1, 1, 1, 1, 1, 1, 1, 1, 1, 1, 1, 1, 1, 1, 1, 1, 1, 1, 1, 1, 1, 1, 1, 1, 1, 1, 1, 1, 1, 1, 1, 1, 1, 1, 1, 1, 1, 1, 1, 1, 1, 1, 1, 1, 1, 1, 1, 1, 1, 1, 1, 1, 1, 1, 1, 1, 1, 1, 1, 1, 1, 1, 1, 1, 1, 1, 1, 1, 1, 1, 1, 1, 1, 1, 1, 1, 1, 1, 1, 1, 1, 1, 1, 1, 1, 1, 1, 1, 1, 1, 1, 1, 1, 1, 1, 1, 1, 1, 1, 1, 1, 1, 1, 1, 1, 1, 1, 1, 1, 1, 1, 1, 1, 1, 1, 1, 1, 1, 1, 1, 1, 1, 1, 1, 1, 1, 1, 1, 1, 1, 1, 1, 1, 1, 1, 1, 1, 1, 1, 1, 1, 1, 1, 1, 1, 1, 1, 1, 1, 1, 1, 1, 1, 1, 1, 1, 1, 1, 1, 1, 1, 1, 1, 1, 1, 1, 1, 1, 1, 1, 1, 1, 1, 1, 1, 1, 1, 1, 1, 1, 1, 1, 1, 1, 1, 1, 1, 1, 1, 1, 1, 1, 1, 1, 1, 1, 1, 1, 1, 1, 1, 1, 1, 1, 1, 1, 1, 1, 1, 1, 1, 1, 1, 1, 1, 1, 1, 1, 1, 1, 1, 1, 1, 1, 1, 1, 1, 1, 1, 1, 1, 1, 1, 1, 1, 1, 1, 1, 1, 1, 1, 1, 1, 1, 1, 1, 1, 1, 1, 1, 1, 1, 1, 1, 1, 1, 1, 1, 1, 1, 1, 1, 1, 1, 1, 1, 1, 1, 1, 1, 1, 1, 1, 1, 1, 1, 1, 1, 1, 1, 1, 1, 1, 1, 1, 1, 1, 1, 1, 1, 1, 1, 1, 1, 1, 1, 1, 1, 1, 1, 1, 1, 1, 1, 1, 1, 1, 1, 1, 1, 1, 1, 1, 1, 1, 1, 1, 1, 1, 1, 1, 1, 1, 1, 1, 1, 1, 1, 1, 1, 1, 1, 1, 1, 1, 1, 1, 1, 1, 1, 1, 1, 1, 1, 1, 1, 1, 1, 1, 1, 1, 1, 1, 1, 1, 1, 1, 1, 1, 1, 1, 1, 1, 1, 1, 1, 1, 1, 1, 1, 1, 1, 1, 1, 1, 1, 1, 1, 1, 1, 1, 1, 1, 1, 1, 1, 1, 1, 1, 1, 1]
Lee profile: [1367, 120, 2, 1, 1, 1, 1, 1, 1, 1, 1, 1, 1, 1, 1, 1, 1, 1, 1, 1, 1, 1, 1, 1, 1, 1, 1, 1, 1, 1, 1, 1, 1, 1, 1, 1, 1, 1, 1, 1, 1, 1, 1, 1, 1, 1, 1, 1, 1, 1, 1, 1, 1, 1, 1, 1, 1, 1, 1, 1, 1, 1, 1, 1, 1, 1, 1, 1, 1, 1, 1, 1, 1, 1, 1, 1, 1, 1, 1, 1, 1, 1, 1, 1, 1, 1, 1, 1, 1, 1, 1, 1, 1, 1, 1, 1, 1, 1, 1, 1, 1, 1, 1, 1, 1, 1, 1, 1, 1, 1, 1, 1, 1, 1, 1, 1, 1, 1, 1, 1, 1, 1, 1, 1, 1, 1, 1, 1, 1, 1, 1, 1, 1, 1, 1, 1, 1, 1, 1, 1, 1, 1, 1, 1, 1, 1, 1, 1, 1, 1, 1, 1, 1, 1, 1, 1, 1, 1, 1, 1, 1, 1, 1, 1, 1, 1, 1, 1, 1, 1, 1, 1, 1, 1, 1, 1, 1, 1, 1, 1, 1, 1, 1, 1, 1, 1, 1, 1, 1, 1, 1, 1, 1, 1, 1, 1, 1, 1, 1, 1, 1, 1, 1, 1, 1, 1, 1, 1, 1, 1, 1, 1, 1, 1, 1, 1, 1, 1, 1, 1, 1, 1, 1, 1, 1, 1, 1, 1, 1, 1, 1, 1, 1, 1, 1, 1, 1, 1, 1, 1, 1, 1, 1, 1, 1, 1, 1, 1, 1, 1, 1, 1, 1, 1, 1, 1, 1, 1, 1, 1, 1, 1, 1, 1, 1, 1, 1, 1, 1, 1, 1, 1, 1, 1, 1, 1, 1, 1, 1, 1, 1, 1, 1, 1, 1, 1, 1, 1, 1, 1, 1, 1, 1, 1, 1, 1, 1, 1, 1, 1, 1, 1, 1, 1, 1, 1, 1, 1, 1, 1, 1, 1, 1, 1, 1, 1, 1, 1, 1, 1, 1, 1, 1, 1, 1, 1, 1, 1, 1, 1, 1, 1, 1, 1, 1, 1, 1, 1, 1, 1, 1, 1, 1, 1, 1, 1, 1, 1, 1, 1, 1, 1, 1, 1, 1, 1, 1, 1, 1, 1, 1, 1, 1, 1, 1, 1, 1, 1, 1, 1, 1, 1, 1, 1, 1, 1, 1, 1, 1, 1, 1, 1, 1, 1, 1, 1, 1, 1, 1, 1, 1, 1, 1, 1, 1, 1, 1, 1, 1, 1, 1, 1, 1, 1, 1, 1, 1, 1, 1, 1, 1, 1, 1, 1, 1, 1, 1, 1, 1, 1, 1, 1, 1, 1, 1, 1, 1, 1, 1, 1, 1, 1, 1, 1, 1, 1, 1, 1, 1, 1, 1, 1, 1, 1, 1, 1, 1, 1, 1, 1, 1, 1, 1, 1, 1, 1, 1, 1, 1, 1, 1, 1, 1, 1, 1, 1, 1, 1, 1, 1, 1, 1, 1, 1, 1, 1, 1, 1, 1, 1, 1, 1, 1, 1, 1, 1, 1, 1, 1, 1, 1, 1, 1, 1, 1, 1, 1, 1, 1, 1, 1, 1, 1, 1, 1, 1, 1, 1, 1, 1, 1, 1]
473<=B[0].wtL<=2365
B[0].wtH=473, B[0].wtL=1367

--- LeeBKZ with beta=9, bkz with minimum_lee_wt_codeword (may be non-primitive) ---
[LEEbkz:MW_Codeword_LEE:143.18823146820068 sec.]
[LEEbkz:MW_Codeword_LEE:67.9034903049469 sec.]
[LEEbkz:MW_Codeword_LEE:146.8813762664795 sec.]
[LEEbkz:MW_Codeword_LEE:67.90243864059448 sec.]
[LEEbkz:MW_Codeword_LEE:65.96391272544861 sec.]
[LEEbkz:MW_Codeword_LEE:144.6394898891449 sec.]
[LEEbkz:MW_Codeword_LEE:67.98410153388977 sec.]
[LEEbkz:MW_Codeword_LEE:61.00766396522522 sec.]
[LEEbkz:MW_Codeword_LEE:61.02223491668701 sec.]
[LEEbkz:MW_Codeword_LEE:147.45964789390564 sec.]
[LEEbkz:MW_Codeword_LEE:67.95318675041199 sec.]
[LEEbkz:MW_Codeword_LEE:65.96246480941772 sec.]
[LEEbkz:MW_Codeword_LEE:61.01276636123657 sec.]
[LEEbkz:MW_Codeword_LEE:61.017998695373535 sec.]
[LEEbkz:MW_Codeword_LEE:142.92708277702332 sec.]
[LEEbkz:MW_Codeword_LEE:67.91241002082825 sec.]
[LEEbkz:MW_Codeword_LEE:142.88894701004028 sec.]
[LEEbkz:MW_Codeword_LEE:63.44807744026184 sec.]
[LEEbkz:MW_Codeword_LEE:142.8787066936493 sec.]
[LEEbkz:MW_Codeword_LEE:63.694291830062866 sec.]
[LEEbkz:MW_Codeword_LEE:61.04474902153015 sec.]
[LEEbkz:MW_Codeword_LEE:142.92069387435913 sec.]
[LEEbkz:MW_Codeword_LEE:63.55375576019287 sec.]
[LEEbkz:MW_Codeword_LEE:61.03274965286255 sec.]
[LEEbkz:MW_Codeword_LEE:61.02783823013306 sec.]
[LEEbkz:MW_Codeword_LEE:143.68345999717712 sec.]
[LEEbkz:MW_Codeword_LEE:63.4207866191864 sec.]
[LEEbkz:MW_Codeword_LEE:143.64214038848877 sec.]
[LEEbkz:MW_Codeword_LEE:67.91428017616272 sec.]
[LEEbkz:MW_Codeword_LEE:149.11102437973022 sec.]
[LEEbkz:MW_Codeword_LEE:67.92625379562378 sec.]
[LEEbkz:MW_Codeword_LEE:61.02291989326477 sec.]
[LEEbkz:MW_Codeword_LEE:144.6014919281006 sec.]
[LEEbkz:MW_Codeword_LEE:67.88074088096619 sec.]
[LEEbkz:MW_Codeword_LEE:61.0146050453186 sec.]
[LEEbkz:MW_Codeword_LEE:61.01143407821655 sec.]
[LEEbkz:MW_Codeword_LEE:148.38130021095276 sec.]
[LEEbkz:MW_Codeword_LEE:67.90145063400269 sec.]
[LEEbkz:MW_Codeword_LEE:61.006723165512085 sec.]
[LEEbkz:MW_Codeword_LEE:61.00470042228699 sec.]
[LEEbkz:MW_Codeword_LEE:144.73867344856262 sec.]
[LEEbkz:MW_Codeword_LEE:67.89633584022522 sec.]
[LEEbkz:MW_Codeword_LEE:145.82786226272583 sec.]
[LEEbkz:MW_Codeword_LEE:68.94667315483093 sec.]
[LEEbkz:MW_Codeword_LEE:61.057687759399414 sec.]
[LEEbkz:MW_Codeword_LEE:143.35847282409668 sec.]
[LEEbkz:MW_Codeword_LEE:67.88489651679993 sec.]
[LEEbkz:MW_Codeword_LEE:61.01344871520996 sec.]
[LEEbkz:MW_Codeword_LEE:61.00477170944214 sec.]
[LEEbkz:MW_Codeword_LEE:147.42027950286865 sec.]
[LEEbkz:MW_Codeword_LEE:67.87381386756897 sec.]
[LEEbkz:MW_Codeword_LEE:66.00962162017822 sec.]
[LEEbkz:MW_Codeword_LEE:61.01792788505554 sec.]
[LEEbkz:MW_Codeword_LEE:61.078168630599976 sec.]
[LEEbkz:MW_Codeword_LEE:147.44676232337952 sec.]
[LEEbkz:MW_Codeword_LEE:67.97016477584839 sec.]
[LEEbkz:MW_Codeword_LEE:61.016486406326294 sec.]
[LEEbkz:MW_Codeword_LEE:61.013428926467896 sec.]
[LEEbkz:MW_Codeword_LEE:61.004215717315674 sec.]
[LEEbkz:MW_Codeword_LEE:144.61541318893433 sec.]
[LEEbkz:MW_Codeword_LEE:67.91257691383362 sec.]
[LEEbkz:MW_Codeword_LEE:61.0157425403595 sec.]
[LEEbkz:MW_Codeword_LEE:61.002869606018066 sec.]
[LEEbkz:MW_Codeword_LEE:61.02014899253845 sec.]
[LEEbkz:MW_Codeword_LEE:142.92291903495789 sec.]
[LEEbkz:MW_Codeword_LEE:73.27471089363098 sec.]
[LEEbkz:MW_Codeword_LEE:61.058748960494995 sec.]
[LEEbkz:MW_Codeword_LEE:65.97017621994019 sec.]
[LEEbkz:MW_Codeword_LEE:61.00718641281128 sec.]
[LEEbkz:MW_Codeword_LEE:143.0199670791626 sec.]
[LEEbkz:MW_Codeword_LEE:67.91019034385681 sec.]
[LEEbkz:MW_Codeword_LEE:61.009047985076904 sec.]
[LEEbkz:MW_Codeword_LEE:61.01052260398865 sec.]
[LEEbkz:MW_Codeword_LEE:61.00256609916687 sec.]
[LEEbkz:MW_Codeword_LEE:145.75602340698242 sec.]
[LEEbkz:MW_Codeword_LEE:67.9108657836914 sec.]
[LEEbkz:MW_Codeword_LEE:61.00360727310181 sec.]
[LEEbkz:MW_Codeword_LEE:61.00886082649231 sec.]
[LEEbkz:MW_Codeword_LEE:61.01403474807739 sec.]
[LEEbkz:MW_Codeword_LEE:67.9068853855133 sec.]
[LEEbkz:MW_Codeword_LEE:65.96280527114868 sec.]
[LEEbkz:MW_Codeword_LEE:61.001450300216675 sec.]
Hamming profile after BKZ: [448, 57, 9, 2, 1, 1, 1, 1, 1, 1, 1, 1, 1, 1, 1, 1, 1, 1, 1, 1, 1, 1, 1, 1, 1, 1, 1, 1, 1, 1, 1, 1, 1, 1, 1, 1, 1, 1, 1, 1, 1, 1, 1, 1, 1, 1, 1, 1, 1, 1, 1, 1, 1, 1, 1, 1, 1, 1, 1, 1, 1, 1, 1, 1, 1, 1, 1, 1, 1, 1, 1, 1, 1, 1, 1, 1, 1, 1, 1, 1, 1, 1, 1, 1, 1, 1, 1, 1, 1, 1, 1, 1, 1, 1, 1, 1, 1, 1, 1, 1, 1, 1, 1, 1, 1, 1, 1, 1, 1, 1, 1, 1, 1, 1, 1, 1, 1, 1, 1, 1, 1, 1, 1, 1, 1, 1, 1, 1, 1, 1, 1, 1, 1, 1, 1, 1, 1, 1, 1, 1, 1, 1, 1, 1, 1, 1, 1, 1, 1, 1, 1, 1, 1, 1, 1, 1, 1, 1, 1, 1, 1, 1, 1, 1, 1, 1, 1, 1, 1, 1, 1, 1, 1, 1, 1, 1, 1, 1, 1, 1, 1, 1, 1, 1, 1, 1, 1, 1, 1, 1, 1, 1, 1, 1, 1, 1, 1, 1, 1, 1, 1, 1, 1, 1, 1, 1, 1, 1, 1, 1, 1, 1, 1, 1, 1, 1, 1, 1, 1, 1, 1, 1, 1, 1, 1, 1, 1, 1, 1, 1, 1, 1, 1, 1, 1, 1, 1, 1, 1, 1, 1, 1, 1, 1, 1, 1, 1, 1, 1, 1, 1, 1, 1, 1, 1, 1, 1, 1, 1, 1, 1, 1, 1, 1, 1, 1, 1, 1, 1, 1, 1, 1, 1, 1, 1, 1, 1, 1, 1, 1, 1, 1, 1, 1, 1, 1, 1, 1, 1, 1, 1, 1, 1, 1, 1, 1, 1, 1, 1, 1, 1, 1, 1, 1, 1, 1, 1, 1, 1, 1, 1, 1, 1, 1, 1, 1, 1, 1, 1, 1, 1, 1, 1, 1, 1, 1, 1, 1, 1, 1, 1, 1, 1, 1, 1, 1, 1, 1, 1, 1, 1, 1, 1, 1, 1, 1, 1, 1, 1, 1, 1, 1, 1, 1, 1, 1, 1, 1, 1, 1, 1, 1, 1, 1, 1, 1, 1, 1, 1, 1, 1, 1, 1, 1, 1, 1, 1, 1, 1, 1, 1, 1, 1, 1, 1, 1, 1, 1, 1, 1, 1, 1, 1, 1, 1, 1, 1, 1, 1, 1, 1, 1, 1, 1, 1, 1, 1, 1, 1, 1, 1, 1, 1, 1, 1, 1, 1, 1, 1, 1, 1, 1, 1, 1, 1, 1, 1, 1, 1, 1, 1, 1, 1, 1, 1, 1, 1, 1, 1, 1, 1, 1, 1, 1, 1, 1, 1, 1, 1, 1, 1, 1, 1, 1, 1, 1, 1, 1, 1, 1, 1, 1, 1, 1, 1, 1, 1, 1, 1, 1, 1, 1, 1, 1, 1, 1, 1, 1, 1, 1, 1, 1, 1, 1, 1, 1, 1, 1, 1, 1, 1, 1, 1, 1, 1, 1, 1, 1, 1, 1, 1, 1, 1, 1, 1, 1, 1, 1, 1, 1, 1, 1]
Lee profile after BKZ: [1189, 121, 12, 2, 1, 1, 1, 1, 1, 1, 1, 1, 1, 1, 1, 1, 1, 1, 1, 1, 1, 1, 1, 1, 1, 1, 1, 1, 1, 1, 1, 1, 1, 1, 1, 1, 1, 1, 1, 1, 1, 1, 1, 1, 1, 1, 1, 1, 1, 1, 1, 1, 1, 1, 1, 1, 1, 1, 1, 1, 1, 1, 1, 1, 1, 1, 1, 1, 1, 1, 1, 1, 1, 1, 1, 1, 1, 1, 1, 1, 1, 1, 1, 1, 1, 1, 1, 1, 1, 1, 1, 1, 1, 1, 1, 1, 1, 1, 1, 1, 1, 1, 1, 1, 1, 1, 1, 1, 1, 1, 1, 1, 1, 1, 1, 1, 1, 1, 1, 1, 1, 1, 1, 1, 1, 1, 1, 1, 1, 1, 1, 1, 1, 1, 1, 1, 1, 1, 1, 1, 1, 1, 1, 1, 1, 1, 1, 1, 1, 1, 1, 1, 1, 1, 1, 1, 1, 1, 1, 1, 1, 1, 1, 1, 1, 1, 1, 1, 1, 1, 1, 1, 1, 1, 1, 1, 1, 1, 1, 1, 1, 1, 1, 1, 1, 1, 1, 1, 1, 1, 1, 1, 1, 1, 1, 1, 1, 1, 1, 1, 1, 1, 1, 1, 1, 1, 1, 1, 1, 1, 1, 1, 1, 1, 1, 1, 1, 1, 1, 1, 1, 1, 1, 1, 1, 1, 1, 1, 1, 1, 1, 1, 1, 1, 1, 1, 1, 1, 1, 1, 1, 1, 1, 1, 1, 1, 1, 1, 1, 1, 1, 1, 1, 1, 1, 1, 1, 1, 1, 1, 1, 1, 1, 1, 1, 1, 1, 1, 1, 1, 1, 1, 1, 1, 1, 1, 1, 1, 1, 1, 1, 1, 1, 1, 1, 1, 1, 1, 1, 1, 1, 1, 1, 1, 1, 1, 1, 1, 1, 1, 1, 1, 1, 1, 1, 1, 1, 1, 1, 1, 1, 1, 1, 1, 1, 1, 1, 1, 1, 1, 1, 1, 1, 1, 1, 1, 1, 1, 1, 1, 1, 1, 1, 1, 1, 1, 1, 1, 1, 1, 1, 1, 1, 1, 1, 1, 1, 1, 1, 1, 1, 1, 1, 1, 1, 1, 1, 1, 1, 1, 1, 1, 1, 1, 1, 1, 1, 1, 1, 1, 1, 1, 1, 1, 1, 1, 1, 1, 1, 1, 1, 1, 1, 1, 1, 1, 1, 1, 1, 1, 1, 1, 1, 1, 1, 1, 1, 1, 1, 1, 1, 1, 1, 1, 1, 1, 1, 1, 1, 1, 1, 1, 1, 1, 1, 1, 1, 1, 1, 1, 1, 1, 1, 1, 1, 1, 1, 1, 1, 1, 1, 1, 1, 1, 1, 1, 1, 1, 1, 1, 1, 1, 1, 1, 1, 1, 1, 1, 1, 1, 1, 1, 1, 1, 1, 1, 1, 1, 1, 1, 1, 1, 1, 1, 1, 1, 1, 1, 1, 1, 1, 1, 1, 1, 1, 1, 1, 1, 1, 1, 1, 1, 1, 1, 1, 1, 1, 1, 1, 1, 1, 1, 1, 1, 1, 1, 1, 1, 1, 1, 1, 1, 1, 1, 1, 1, 1, 1, 1, 1, 1, 1]
448<=B_red[0].wtL<=2240
B_red[0].wtH=448, B_red[0].wtL=1189

Hamming profile: [462, 47, 5, 2, 1, 1, 1, 1, 1, 1, 1, 1, 1, 1, 1, 1, 1, 1, 1, 1, 1, 1, 1, 1, 1, 1, 1, 1, 1, 1, 1, 1, 1, 1, 1, 1, 1, 1, 1, 1, 1, 1, 1, 1, 1, 1, 1, 1, 1, 1, 1, 1, 1, 1, 1, 1, 1, 1, 1, 1, 1, 1, 1, 1, 1, 1, 1, 1, 1, 1, 1, 1, 1, 1, 1, 1, 1, 1, 1, 1, 1, 1, 1, 1, 1, 1, 1, 1, 1, 1, 1, 1, 1, 1, 1, 1, 1, 1, 1, 1, 1, 1, 1, 1, 1, 1, 1, 1, 1, 1, 1, 1, 1, 1, 1, 1, 1, 1, 1, 1, 1, 1, 1, 1, 1, 1, 1, 1, 1, 1, 1, 1, 1, 1, 1, 1, 1, 1, 1, 1, 1, 1, 1, 1, 1, 1, 1, 1, 1, 1, 1, 1, 1, 1, 1, 1, 1, 1, 1, 1, 1, 1, 1, 1, 1, 1, 1, 1, 1, 1, 1, 1, 1, 1, 1, 1, 1, 1, 1, 1, 1, 1, 1, 1, 1, 1, 1, 1, 1, 1, 1, 1, 1, 1, 1, 1, 1, 1, 1, 1, 1, 1, 1, 1, 1, 1, 1, 1, 1, 1, 1, 1, 1, 1, 1, 1, 1, 1, 1, 1, 1, 1, 1, 1, 1, 1, 1, 1, 1, 1, 1, 1, 1, 1, 1, 1, 1, 1, 1, 1, 1, 1, 1, 1, 1, 1, 1, 1, 1, 1, 1, 1, 1, 1, 1, 1, 1, 1, 1, 1, 1, 1, 1, 1, 1, 1, 1, 1, 1, 1, 1, 1, 1, 1, 1, 1, 1, 1, 1, 1, 1, 1, 1, 1, 1, 1, 1, 1, 1, 1, 1, 1, 1, 1, 1, 1, 1, 1, 1, 1, 1, 1, 1, 1, 1, 1, 1, 1, 1, 1, 1, 1, 1, 1, 1, 1, 1, 1, 1, 1, 1, 1, 1, 1, 1, 1, 1, 1, 1, 1, 1, 1, 1, 1, 1, 1, 1, 1, 1, 1, 1, 1, 1, 1, 1, 1, 1, 1, 1, 1, 1, 1, 1, 1, 1, 1, 1, 1, 1, 1, 1, 1, 1, 1, 1, 1, 1, 1, 1, 1, 1, 1, 1, 1, 1, 1, 1, 1, 1, 1, 1, 1, 1, 1, 1, 1, 1, 1, 1, 1, 1, 1, 1, 1, 1, 1, 1, 1, 1, 1, 1, 1, 1, 1, 1, 1, 1, 1, 1, 1, 1, 1, 1, 1, 1, 1, 1, 1, 1, 1, 1, 1, 1, 1, 1, 1, 1, 1, 1, 1, 1, 1, 1, 1, 1, 1, 1, 1, 1, 1, 1, 1, 1, 1, 1, 1, 1, 1, 1, 1, 1, 1, 1, 1, 1, 1, 1, 1, 1, 1, 1, 1, 1, 1, 1, 1, 1, 1, 1, 1, 1, 1, 1, 1, 1, 1, 1, 1, 1, 1, 1, 1, 1, 1, 1, 1, 1, 1, 1, 1, 1, 1, 1, 1, 1, 1, 1, 1, 1, 1, 1, 1, 1, 1, 1, 1, 1, 1, 1, 1, 1, 1]
Lee profile: [1370, 139, 18, 2, 1, 1, 1, 1, 1, 1, 1, 1, 1, 1, 1, 1, 1, 1, 1, 1, 1, 1, 1, 1, 1, 1, 1, 1, 1, 1, 1, 1, 1, 1, 1, 1, 1, 1, 1, 1, 1, 1, 1, 1, 1, 1, 1, 1, 1, 1, 1, 1, 1, 1, 1, 1, 1, 1, 1, 1, 1, 1, 1, 1, 1, 1, 1, 1, 1, 1, 1, 1, 1, 1, 1, 1, 1, 1, 1, 1, 1, 1, 1, 1, 1, 1, 1, 1, 1, 1, 1, 1, 1, 1, 1, 1, 1, 1, 1, 1, 1, 1, 1, 1, 1, 1, 1, 1, 1, 1, 1, 1, 1, 1, 1, 1, 1, 1, 1, 1, 1, 1, 1, 1, 1, 1, 1, 1, 1, 1, 1, 1, 1, 1, 1, 1, 1, 1, 1, 1, 1, 1, 1, 1, 1, 1, 1, 1, 1, 1, 1, 1, 1, 1, 1, 1, 1, 1, 1, 1, 1, 1, 1, 1, 1, 1, 1, 1, 1, 1, 1, 1, 1, 1, 1, 1, 1, 1, 1, 1, 1, 1, 1, 1, 1, 1, 1, 1, 1, 1, 1, 1, 1, 1, 1, 1, 1, 1, 1, 1, 1, 1, 1, 1, 1, 1, 1, 1, 1, 1, 1, 1, 1, 1, 1, 1, 1, 1, 1, 1, 1, 1, 1, 1, 1, 1, 1, 1, 1, 1, 1, 1, 1, 1, 1, 1, 1, 1, 1, 1, 1, 1, 1, 1, 1, 1, 1, 1, 1, 1, 1, 1, 1, 1, 1, 1, 1, 1, 1, 1, 1, 1, 1, 1, 1, 1, 1, 1, 1, 1, 1, 1, 1, 1, 1, 1, 1, 1, 1, 1, 1, 1, 1, 1, 1, 1, 1, 1, 1, 1, 1, 1, 1, 1, 1, 1, 1, 1, 1, 1, 1, 1, 1, 1, 1, 1, 1, 1, 1, 1, 1, 1, 1, 1, 1, 1, 1, 1, 1, 1, 1, 1, 1, 1, 1, 1, 1, 1, 1, 1, 1, 1, 1, 1, 1, 1, 1, 1, 1, 1, 1, 1, 1, 1, 1, 1, 1, 1, 1, 1, 1, 1, 1, 1, 1, 1, 1, 1, 1, 1, 1, 1, 1, 1, 1, 1, 1, 1, 1, 1, 1, 1, 1, 1, 1, 1, 1, 1, 1, 1, 1, 1, 1, 1, 1, 1, 1, 1, 1, 1, 1, 1, 1, 1, 1, 1, 1, 1, 1, 1, 1, 1, 1, 1, 1, 1, 1, 1, 1, 1, 1, 1, 1, 1, 1, 1, 1, 1, 1, 1, 1, 1, 1, 1, 1, 1, 1, 1, 1, 1, 1, 1, 1, 1, 1, 1, 1, 1, 1, 1, 1, 1, 1, 1, 1, 1, 1, 1, 1, 1, 1, 1, 1, 1, 1, 1, 1, 1, 1, 1, 1, 1, 1, 1, 1, 1, 1, 1, 1, 1, 1, 1, 1, 1, 1, 1, 1, 1, 1, 1, 1, 1, 1, 1, 1, 1, 1, 1, 1, 1, 1, 1, 1, 1, 1, 1, 1, 1, 1, 1, 1, 1, 1, 1, 1, 1, 1, 1, 1, 1, 1, 1]
462<=B[0].wtL<=2310
B[0].wtH=462, B[0].wtL=1370

--- LeeBKZ with beta=9, bkz with minimum_lee_wt_codeword (may be non-primitive) ---
[LEEbkz:MW_Codeword_LEE:142.8486590385437 sec.]
[LEEbkz:MW_Codeword_LEE:67.92456007003784 sec.]
[LEEbkz:MW_Codeword_LEE:142.76244688034058 sec.]
[LEEbkz:MW_Codeword_LEE:67.8955659866333 sec.]
[LEEbkz:MW_Codeword_LEE:62.23935604095459 sec.]
[LEEbkz:MW_Codeword_LEE:150.773535490036 sec.]
[LEEbkz:MW_Codeword_LEE:67.87969875335693 sec.]
[LEEbkz:MW_Codeword_LEE:61.00552248954773 sec.]
[LEEbkz:MW_Codeword_LEE:61.01763653755188 sec.]
[LEEbkz:MW_Codeword_LEE:148.6498827934265 sec.]
[LEEbkz:MW_Codeword_LEE:67.87707710266113 sec.]
[LEEbkz:MW_Codeword_LEE:62.17658042907715 sec.]
[LEEbkz:MW_Codeword_LEE:61.014378786087036 sec.]
[LEEbkz:MW_Codeword_LEE:61.011481523513794 sec.]
[LEEbkz:MW_Codeword_LEE:149.32998299598694 sec.]
[LEEbkz:MW_Codeword_LEE:67.88434052467346 sec.]
[LEEbkz:MW_Codeword_LEE:61.01896786689758 sec.]
[LEEbkz:MW_Codeword_LEE:61.00374364852905 sec.]
[LEEbkz:MW_Codeword_LEE:61.01701903343201 sec.]
[LEEbkz:MW_Codeword_LEE:149.59928631782532 sec.]
[LEEbkz:MW_Codeword_LEE:67.87966179847717 sec.]
[LEEbkz:MW_Codeword_LEE:61.01042199134827 sec.]
[LEEbkz:MW_Codeword_LEE:60.992931604385376 sec.]
[LEEbkz:MW_Codeword_LEE:60.99468755722046 sec.]
[LEEbkz:MW_Codeword_LEE:148.6230902671814 sec.]
[LEEbkz:MW_Codeword_LEE:67.8850166797638 sec.]
[LEEbkz:MW_Codeword_LEE:62.18239998817444 sec.]
[LEEbkz:MW_Codeword_LEE:61.008934020996094 sec.]
[LEEbkz:MW_Codeword_LEE:61.01574230194092 sec.]
[LEEbkz:MW_Codeword_LEE:149.31335282325745 sec.]
[LEEbkz:MW_Codeword_LEE:73.38422060012817 sec.]
[LEEbkz:MW_Codeword_LEE:61.00096917152405 sec.]
[LEEbkz:MW_Codeword_LEE:61.00852632522583 sec.]
[LEEbkz:MW_Codeword_LEE:62.2154700756073 sec.]
[LEEbkz:MW_Codeword_LEE:148.54822850227356 sec.]
[LEEbkz:MW_Codeword_LEE:67.90639090538025 sec.]
[LEEbkz:MW_Codeword_LEE:61.00692391395569 sec.]
[LEEbkz:MW_Codeword_LEE:61.007235288619995 sec.]
[LEEbkz:MW_Codeword_LEE:65.97441935539246 sec.]
[LEEbkz:MW_Codeword_LEE:67.86482667922974 sec.]
[LEEbkz:MW_Codeword_LEE:60.9992790222168 sec.]
[LEEbkz:MW_Codeword_LEE:62.18065023422241 sec.]
Hamming profile after BKZ: [453, 50, 10, 3, 1, 1, 1, 1, 1, 1, 1, 1, 1, 1, 1, 1, 1, 1, 1, 1, 1, 1, 1, 1, 1, 1, 1, 1, 1, 1, 1, 1, 1, 1, 1, 1, 1, 1, 1, 1, 1, 1, 1, 1, 1, 1, 1, 1, 1, 1, 1, 1, 1, 1, 1, 1, 1, 1, 1, 1, 1, 1, 1, 1, 1, 1, 1, 1, 1, 1, 1, 1, 1, 1, 1, 1, 1, 1, 1, 1, 1, 1, 1, 1, 1, 1, 1, 1, 1, 1, 1, 1, 1, 1, 1, 1, 1, 1, 1, 1, 1, 1, 1, 1, 1, 1, 1, 1, 1, 1, 1, 1, 1, 1, 1, 1, 1, 1, 1, 1, 1, 1, 1, 1, 1, 1, 1, 1, 1, 1, 1, 1, 1, 1, 1, 1, 1, 1, 1, 1, 1, 1, 1, 1, 1, 1, 1, 1, 1, 1, 1, 1, 1, 1, 1, 1, 1, 1, 1, 1, 1, 1, 1, 1, 1, 1, 1, 1, 1, 1, 1, 1, 1, 1, 1, 1, 1, 1, 1, 1, 1, 1, 1, 1, 1, 1, 1, 1, 1, 1, 1, 1, 1, 1, 1, 1, 1, 1, 1, 1, 1, 1, 1, 1, 1, 1, 1, 1, 1, 1, 1, 1, 1, 1, 1, 1, 1, 1, 1, 1, 1, 1, 1, 1, 1, 1, 1, 1, 1, 1, 1, 1, 1, 1, 1, 1, 1, 1, 1, 1, 1, 1, 1, 1, 1, 1, 1, 1, 1, 1, 1, 1, 1, 1, 1, 1, 1, 1, 1, 1, 1, 1, 1, 1, 1, 1, 1, 1, 1, 1, 1, 1, 1, 1, 1, 1, 1, 1, 1, 1, 1, 1, 1, 1, 1, 1, 1, 1, 1, 1, 1, 1, 1, 1, 1, 1, 1, 1, 1, 1, 1, 1, 1, 1, 1, 1, 1, 1, 1, 1, 1, 1, 1, 1, 1, 1, 1, 1, 1, 1, 1, 1, 1, 1, 1, 1, 1, 1, 1, 1, 1, 1, 1, 1, 1, 1, 1, 1, 1, 1, 1, 1, 1, 1, 1, 1, 1, 1, 1, 1, 1, 1, 1, 1, 1, 1, 1, 1, 1, 1, 1, 1, 1, 1, 1, 1, 1, 1, 1, 1, 1, 1, 1, 1, 1, 1, 1, 1, 1, 1, 1, 1, 1, 1, 1, 1, 1, 1, 1, 1, 1, 1, 1, 1, 1, 1, 1, 1, 1, 1, 1, 1, 1, 1, 1, 1, 1, 1, 1, 1, 1, 1, 1, 1, 1, 1, 1, 1, 1, 1, 1, 1, 1, 1, 1, 1, 1, 1, 1, 1, 1, 1, 1, 1, 1, 1, 1, 1, 1, 1, 1, 1, 1, 1, 1, 1, 1, 1, 1, 1, 1, 1, 1, 1, 1, 1, 1, 1, 1, 1, 1, 1, 1, 1, 1, 1, 1, 1, 1, 1, 1, 1, 1, 1, 1, 1, 1, 1, 1, 1, 1, 1, 1, 1, 1, 1, 1, 1, 1, 1, 1, 1, 1, 1, 1, 1, 1, 1, 1, 1, 1, 1, 1, 1, 1, 1, 1, 1, 1, 1, 1, 1]
Lee profile after BKZ: [1195, 108, 14, 3, 1, 1, 1, 1, 1, 1, 1, 1, 1, 1, 1, 1, 1, 1, 1, 1, 1, 1, 1, 1, 1, 1, 1, 1, 1, 1, 1, 1, 1, 1, 1, 1, 1, 1, 1, 1, 1, 1, 1, 1, 1, 1, 1, 1, 1, 1, 1, 1, 1, 1, 1, 1, 1, 1, 1, 1, 1, 1, 1, 1, 1, 1, 1, 1, 1, 1, 1, 1, 1, 1, 1, 1, 1, 1, 1, 1, 1, 1, 1, 1, 1, 1, 1, 1, 1, 1, 1, 1, 1, 1, 1, 1, 1, 1, 1, 1, 1, 1, 1, 1, 1, 1, 1, 1, 1, 1, 1, 1, 1, 1, 1, 1, 1, 1, 1, 1, 1, 1, 1, 1, 1, 1, 1, 1, 1, 1, 1, 1, 1, 1, 1, 1, 1, 1, 1, 1, 1, 1, 1, 1, 1, 1, 1, 1, 1, 1, 1, 1, 1, 1, 1, 1, 1, 1, 1, 1, 1, 1, 1, 1, 1, 1, 1, 1, 1, 1, 1, 1, 1, 1, 1, 1, 1, 1, 1, 1, 1, 1, 1, 1, 1, 1, 1, 1, 1, 1, 1, 1, 1, 1, 1, 1, 1, 1, 1, 1, 1, 1, 1, 1, 1, 1, 1, 1, 1, 1, 1, 1, 1, 1, 1, 1, 1, 1, 1, 1, 1, 1, 1, 1, 1, 1, 1, 1, 1, 1, 1, 1, 1, 1, 1, 1, 1, 1, 1, 1, 1, 1, 1, 1, 1, 1, 1, 1, 1, 1, 1, 1, 1, 1, 1, 1, 1, 1, 1, 1, 1, 1, 1, 1, 1, 1, 1, 1, 1, 1, 1, 1, 1, 1, 1, 1, 1, 1, 1, 1, 1, 1, 1, 1, 1, 1, 1, 1, 1, 1, 1, 1, 1, 1, 1, 1, 1, 1, 1, 1, 1, 1, 1, 1, 1, 1, 1, 1, 1, 1, 1, 1, 1, 1, 1, 1, 1, 1, 1, 1, 1, 1, 1, 1, 1, 1, 1, 1, 1, 1, 1, 1, 1, 1, 1, 1, 1, 1, 1, 1, 1, 1, 1, 1, 1, 1, 1, 1, 1, 1, 1, 1, 1, 1, 1, 1, 1, 1, 1, 1, 1, 1, 1, 1, 1, 1, 1, 1, 1, 1, 1, 1, 1, 1, 1, 1, 1, 1, 1, 1, 1, 1, 1, 1, 1, 1, 1, 1, 1, 1, 1, 1, 1, 1, 1, 1, 1, 1, 1, 1, 1, 1, 1, 1, 1, 1, 1, 1, 1, 1, 1, 1, 1, 1, 1, 1, 1, 1, 1, 1, 1, 1, 1, 1, 1, 1, 1, 1, 1, 1, 1, 1, 1, 1, 1, 1, 1, 1, 1, 1, 1, 1, 1, 1, 1, 1, 1, 1, 1, 1, 1, 1, 1, 1, 1, 1, 1, 1, 1, 1, 1, 1, 1, 1, 1, 1, 1, 1, 1, 1, 1, 1, 1, 1, 1, 1, 1, 1, 1, 1, 1, 1, 1, 1, 1, 1, 1, 1, 1, 1, 1, 1, 1, 1, 1, 1, 1, 1, 1, 1, 1, 1, 1, 1, 1, 1, 1, 1, 1, 1, 1, 1]
453<=B_red[0].wtL<=2265
B_red[0].wtH=453, B_red[0].wtL=1195

Hamming profile: [460, 49, 6, 1, 1, 1, 1, 1, 1, 1, 1, 1, 1, 1, 1, 1, 1, 1, 1, 1, 1, 1, 1, 1, 1, 1, 1, 1, 1, 1, 1, 1, 1, 1, 1, 1, 1, 1, 1, 1, 1, 1, 1, 1, 1, 1, 1, 1, 1, 1, 1, 1, 1, 1, 1, 1, 1, 1, 1, 1, 1, 1, 1, 1, 1, 1, 1, 1, 1, 1, 1, 1, 1, 1, 1, 1, 1, 1, 1, 1, 1, 1, 1, 1, 1, 1, 1, 1, 1, 1, 1, 1, 1, 1, 1, 1, 1, 1, 1, 1, 1, 1, 1, 1, 1, 1, 1, 1, 1, 1, 1, 1, 1, 1, 1, 1, 1, 1, 1, 1, 1, 1, 1, 1, 1, 1, 1, 1, 1, 1, 1, 1, 1, 1, 1, 1, 1, 1, 1, 1, 1, 1, 1, 1, 1, 1, 1, 1, 1, 1, 1, 1, 1, 1, 1, 1, 1, 1, 1, 1, 1, 1, 1, 1, 1, 1, 1, 1, 1, 1, 1, 1, 1, 1, 1, 1, 1, 1, 1, 1, 1, 1, 1, 1, 1, 1, 1, 1, 1, 1, 1, 1, 1, 1, 1, 1, 1, 1, 1, 1, 1, 1, 1, 1, 1, 1, 1, 1, 1, 1, 1, 1, 1, 1, 1, 1, 1, 1, 1, 1, 1, 1, 1, 1, 1, 1, 1, 1, 1, 1, 1, 1, 1, 1, 1, 1, 1, 1, 1, 1, 1, 1, 1, 1, 1, 1, 1, 1, 1, 1, 1, 1, 1, 1, 1, 1, 1, 1, 1, 1, 1, 1, 1, 1, 1, 1, 1, 1, 1, 1, 1, 1, 1, 1, 1, 1, 1, 1, 1, 1, 1, 1, 1, 1, 1, 1, 1, 1, 1, 1, 1, 1, 1, 1, 1, 1, 1, 1, 1, 1, 1, 1, 1, 1, 1, 1, 1, 1, 1, 1, 1, 1, 1, 1, 1, 1, 1, 1, 1, 1, 1, 1, 1, 1, 1, 1, 1, 1, 1, 1, 1, 1, 1, 1, 1, 1, 1, 1, 1, 1, 1, 1, 1, 1, 1, 1, 1, 1, 1, 1, 1, 1, 1, 1, 1, 1, 1, 1, 1, 1, 1, 1, 1, 1, 1, 1, 1, 1, 1, 1, 1, 1, 1, 1, 1, 1, 1, 1, 1, 1, 1, 1, 1, 1, 1, 1, 1, 1, 1, 1, 1, 1, 1, 1, 1, 1, 1, 1, 1, 1, 1, 1, 1, 1, 1, 1, 1, 1, 1, 1, 1, 1, 1, 1, 1, 1, 1, 1, 1, 1, 1, 1, 1, 1, 1, 1, 1, 1, 1, 1, 1, 1, 1, 1, 1, 1, 1, 1, 1, 1, 1, 1, 1, 1, 1, 1, 1, 1, 1, 1, 1, 1, 1, 1, 1, 1, 1, 1, 1, 1, 1, 1, 1, 1, 1, 1, 1, 1, 1, 1, 1, 1, 1, 1, 1, 1, 1, 1, 1, 1, 1, 1, 1, 1, 1, 1, 1, 1, 1, 1, 1, 1, 1, 1, 1, 1, 1, 1, 1, 1, 1, 1, 1, 1, 1, 1, 1, 1, 1, 1, 1, 1]
Lee profile: [1429, 149, 20, 1, 1, 1, 1, 1, 1, 1, 1, 1, 1, 1, 1, 1, 1, 1, 1, 1, 1, 1, 1, 1, 1, 1, 1, 1, 1, 1, 1, 1, 1, 1, 1, 1, 1, 1, 1, 1, 1, 1, 1, 1, 1, 1, 1, 1, 1, 1, 1, 1, 1, 1, 1, 1, 1, 1, 1, 1, 1, 1, 1, 1, 1, 1, 1, 1, 1, 1, 1, 1, 1, 1, 1, 1, 1, 1, 1, 1, 1, 1, 1, 1, 1, 1, 1, 1, 1, 1, 1, 1, 1, 1, 1, 1, 1, 1, 1, 1, 1, 1, 1, 1, 1, 1, 1, 1, 1, 1, 1, 1, 1, 1, 1, 1, 1, 1, 1, 1, 1, 1, 1, 1, 1, 1, 1, 1, 1, 1, 1, 1, 1, 1, 1, 1, 1, 1, 1, 1, 1, 1, 1, 1, 1, 1, 1, 1, 1, 1, 1, 1, 1, 1, 1, 1, 1, 1, 1, 1, 1, 1, 1, 1, 1, 1, 1, 1, 1, 1, 1, 1, 1, 1, 1, 1, 1, 1, 1, 1, 1, 1, 1, 1, 1, 1, 1, 1, 1, 1, 1, 1, 1, 1, 1, 1, 1, 1, 1, 1, 1, 1, 1, 1, 1, 1, 1, 1, 1, 1, 1, 1, 1, 1, 1, 1, 1, 1, 1, 1, 1, 1, 1, 1, 1, 1, 1, 1, 1, 1, 1, 1, 1, 1, 1, 1, 1, 1, 1, 1, 1, 1, 1, 1, 1, 1, 1, 1, 1, 1, 1, 1, 1, 1, 1, 1, 1, 1, 1, 1, 1, 1, 1, 1, 1, 1, 1, 1, 1, 1, 1, 1, 1, 1, 1, 1, 1, 1, 1, 1, 1, 1, 1, 1, 1, 1, 1, 1, 1, 1, 1, 1, 1, 1, 1, 1, 1, 1, 1, 1, 1, 1, 1, 1, 1, 1, 1, 1, 1, 1, 1, 1, 1, 1, 1, 1, 1, 1, 1, 1, 1, 1, 1, 1, 1, 1, 1, 1, 1, 1, 1, 1, 1, 1, 1, 1, 1, 1, 1, 1, 1, 1, 1, 1, 1, 1, 1, 1, 1, 1, 1, 1, 1, 1, 1, 1, 1, 1, 1, 1, 1, 1, 1, 1, 1, 1, 1, 1, 1, 1, 1, 1, 1, 1, 1, 1, 1, 1, 1, 1, 1, 1, 1, 1, 1, 1, 1, 1, 1, 1, 1, 1, 1, 1, 1, 1, 1, 1, 1, 1, 1, 1, 1, 1, 1, 1, 1, 1, 1, 1, 1, 1, 1, 1, 1, 1, 1, 1, 1, 1, 1, 1, 1, 1, 1, 1, 1, 1, 1, 1, 1, 1, 1, 1, 1, 1, 1, 1, 1, 1, 1, 1, 1, 1, 1, 1, 1, 1, 1, 1, 1, 1, 1, 1, 1, 1, 1, 1, 1, 1, 1, 1, 1, 1, 1, 1, 1, 1, 1, 1, 1, 1, 1, 1, 1, 1, 1, 1, 1, 1, 1, 1, 1, 1, 1, 1, 1, 1, 1, 1, 1, 1, 1, 1, 1, 1, 1, 1, 1, 1, 1, 1, 1, 1, 1, 1, 1, 1, 1, 1, 1, 1]
460<=B[0].wtL<=2300
B[0].wtH=460, B[0].wtL=1429

--- LeeBKZ with beta=9, bkz with minimum_lee_wt_codeword (may be non-primitive) ---
[LEEbkz:MW_Codeword_LEE:148.52099657058716 sec.]
[LEEbkz:MW_Codeword_LEE:67.90765619277954 sec.]
[LEEbkz:MW_Codeword_LEE:149.48224258422852 sec.]
[LEEbkz:MW_Codeword_LEE:67.87346720695496 sec.]
[LEEbkz:MW_Codeword_LEE:61.00653648376465 sec.]
[LEEbkz:MW_Codeword_LEE:142.81202793121338 sec.]
[LEEbkz:MW_Codeword_LEE:74.58451747894287 sec.]
[LEEbkz:MW_Codeword_LEE:60.99990248680115 sec.]
[LEEbkz:MW_Codeword_LEE:61.00171184539795 sec.]
[LEEbkz:MW_Codeword_LEE:143.0190761089325 sec.]
[LEEbkz:MW_Codeword_LEE:67.88312578201294 sec.]
[LEEbkz:MW_Codeword_LEE:61.00435209274292 sec.]
[LEEbkz:MW_Codeword_LEE:61.022162437438965 sec.]
[LEEbkz:MW_Codeword_LEE:61.02044725418091 sec.]
[LEEbkz:MW_Codeword_LEE:142.74962544441223 sec.]
[LEEbkz:MW_Codeword_LEE:67.87974405288696 sec.]
[LEEbkz:MW_Codeword_LEE:61.033719301223755 sec.]
[LEEbkz:MW_Codeword_LEE:61.026835441589355 sec.]
[LEEbkz:MW_Codeword_LEE:62.210556983947754 sec.]
[LEEbkz:MW_Codeword_LEE:148.5737271308899 sec.]
[LEEbkz:MW_Codeword_LEE:67.90614318847656 sec.]
[LEEbkz:MW_Codeword_LEE:61.06258988380432 sec.]
[LEEbkz:MW_Codeword_LEE:61.00882005691528 sec.]
[LEEbkz:MW_Codeword_LEE:65.96623110771179 sec.]
[LEEbkz:MW_Codeword_LEE:61.01163387298584 sec.]
[LEEbkz:MW_Codeword_LEE:143.95421314239502 sec.]
[LEEbkz:MW_Codeword_LEE:67.93626046180725 sec.]
[LEEbkz:MW_Codeword_LEE:61.02264881134033 sec.]
[LEEbkz:MW_Codeword_LEE:61.01557636260986 sec.]
[LEEbkz:MW_Codeword_LEE:61.014707803726196 sec.]
[LEEbkz:MW_Codeword_LEE:61.00940132141113 sec.]
[LEEbkz:MW_Codeword_LEE:144.61142373085022 sec.]
[LEEbkz:MW_Codeword_LEE:67.92127966880798 sec.]
[LEEbkz:MW_Codeword_LEE:143.67916631698608 sec.]
[LEEbkz:MW_Codeword_LEE:67.93351411819458 sec.]
[LEEbkz:MW_Codeword_LEE:61.03971028327942 sec.]
[LEEbkz:MW_Codeword_LEE:144.09187841415405 sec.]
[LEEbkz:MW_Codeword_LEE:67.91025066375732 sec.]
[LEEbkz:MW_Codeword_LEE:65.97174620628357 sec.]
[LEEbkz:MW_Codeword_LEE:61.01290011405945 sec.]
[LEEbkz:MW_Codeword_LEE:148.63318729400635 sec.]
[LEEbkz:MW_Codeword_LEE:67.91138410568237 sec.]
[LEEbkz:MW_Codeword_LEE:61.010326623916626 sec.]
[LEEbkz:MW_Codeword_LEE:61.01151418685913 sec.]
[LEEbkz:MW_Codeword_LEE:61.00099492073059 sec.]
[LEEbkz:MW_Codeword_LEE:143.24835562705994 sec.]
[LEEbkz:MW_Codeword_LEE:68.90038871765137 sec.]
[LEEbkz:MW_Codeword_LEE:61.00775742530823 sec.]
[LEEbkz:MW_Codeword_LEE:61.00430464744568 sec.]
[LEEbkz:MW_Codeword_LEE:61.00035238265991 sec.]
[LEEbkz:MW_Codeword_LEE:61.00617337226868 sec.]
[LEEbkz:MW_Codeword_LEE:149.596684217453 sec.]
[LEEbkz:MW_Codeword_LEE:67.90944600105286 sec.]
[LEEbkz:MW_Codeword_LEE:61.01287603378296 sec.]
[LEEbkz:MW_Codeword_LEE:61.02176547050476 sec.]
[LEEbkz:MW_Codeword_LEE:61.00863170623779 sec.]
[LEEbkz:MW_Codeword_LEE:61.0102596282959 sec.]
[LEEbkz:MW_Codeword_LEE:148.64855241775513 sec.]
[LEEbkz:MW_Codeword_LEE:68.25839471817017 sec.]
[LEEbkz:MW_Codeword_LEE:66.1305365562439 sec.]
[LEEbkz:MW_Codeword_LEE:61.01066565513611 sec.]
[LEEbkz:MW_Codeword_LEE:63.58219790458679 sec.]
[LEEbkz:MW_Codeword_LEE:61.02287721633911 sec.]
[LEEbkz:MW_Codeword_LEE:148.7140531539917 sec.]
[LEEbkz:MW_Codeword_LEE:67.89299130439758 sec.]
[LEEbkz:MW_Codeword_LEE:63.55659222602844 sec.]
[LEEbkz:MW_Codeword_LEE:61.00341033935547 sec.]
[LEEbkz:MW_Codeword_LEE:60.99765968322754 sec.]
[LEEbkz:MW_Codeword_LEE:63.5835177898407 sec.]
[LEEbkz:MW_Codeword_LEE:61.00200152397156 sec.]
[LEEbkz:MW_Codeword_LEE:146.56896257400513 sec.]
[LEEbkz:MW_Codeword_LEE:67.89442801475525 sec.]
[LEEbkz:MW_Codeword_LEE:63.55712676048279 sec.]
[LEEbkz:MW_Codeword_LEE:60.999112606048584 sec.]
[LEEbkz:MW_Codeword_LEE:63.570542097091675 sec.]
[LEEbkz:MW_Codeword_LEE:61.005106687545776 sec.]
[LEEbkz:MW_Codeword_LEE:63.567909479141235 sec.]
[LEEbkz:MW_Codeword_LEE:67.9021577835083 sec.]
[LEEbkz:MW_Codeword_LEE:61.0053596496582 sec.]
[LEEbkz:MW_Codeword_LEE:64.87103390693665 sec.]
[LEEbkz:MW_Codeword_LEE:61.00321316719055 sec.]
[LEEbkz:MW_Codeword_LEE:63.56092119216919 sec.]
[LEEbkz:MW_Codeword_LEE:65.96686434745789 sec.]
[LEEbkz:MW_Codeword_LEE:63.56026101112366 sec.]
[LEEbkz:MW_Codeword_LEE:147.67346858978271 sec.]
[LEEbkz:MW_Codeword_LEE:67.91686034202576 sec.]
[LEEbkz:MW_Codeword_LEE:66.15521121025085 sec.]
[LEEbkz:MW_Codeword_LEE:60.99978804588318 sec.]
[LEEbkz:MW_Codeword_LEE:142.9698827266693 sec.]
[LEEbkz:MW_Codeword_LEE:67.91311287879944 sec.]
[LEEbkz:MW_Codeword_LEE:63.56228828430176 sec.]
[LEEbkz:MW_Codeword_LEE:61.00404715538025 sec.]
[LEEbkz:MW_Codeword_LEE:63.56321668624878 sec.]
[LEEbkz:MW_Codeword_LEE:142.83826971054077 sec.]
[LEEbkz:MW_Codeword_LEE:67.9144082069397 sec.]
[LEEbkz:MW_Codeword_LEE:61.05396389961243 sec.]
[LEEbkz:MW_Codeword_LEE:63.56029796600342 sec.]
[LEEbkz:MW_Codeword_LEE:60.99958252906799 sec.]
[LEEbkz:MW_Codeword_LEE:143.11392760276794 sec.]
[LEEbkz:MW_Codeword_LEE:67.91358542442322 sec.]
[LEEbkz:MW_Codeword_LEE:63.57197046279907 sec.]
[LEEbkz:MW_Codeword_LEE:61.006250858306885 sec.]
[LEEbkz:MW_Codeword_LEE:63.56854319572449 sec.]
[LEEbkz:MW_Codeword_LEE:143.1097502708435 sec.]
[LEEbkz:MW_Codeword_LEE:67.88770937919617 sec.]
[LEEbkz:MW_Codeword_LEE:63.558953046798706 sec.]
[LEEbkz:MW_Codeword_LEE:60.998645544052124 sec.]
[LEEbkz:MW_Codeword_LEE:63.55916213989258 sec.]
[LEEbkz:MW_Codeword_LEE:142.94088673591614 sec.]
[LEEbkz:MW_Codeword_LEE:67.90610933303833 sec.]
[LEEbkz:MW_Codeword_LEE:63.5752432346344 sec.]
[LEEbkz:MW_Codeword_LEE:61.001704692840576 sec.]
[LEEbkz:MW_Codeword_LEE:63.57967972755432 sec.]
[LEEbkz:MW_Codeword_LEE:142.92944264411926 sec.]
[LEEbkz:MW_Codeword_LEE:67.90108752250671 sec.]
[LEEbkz:MW_Codeword_LEE:63.57709240913391 sec.]
[LEEbkz:MW_Codeword_LEE:61.05213379859924 sec.]
[LEEbkz:MW_Codeword_LEE:63.55398464202881 sec.]
[LEEbkz:MW_Codeword_LEE:67.97275900840759 sec.]
[LEEbkz:MW_Codeword_LEE:144.77269554138184 sec.]
[LEEbkz:MW_Codeword_LEE:67.87346267700195 sec.]
[LEEbkz:MW_Codeword_LEE:63.56092858314514 sec.]
[LEEbkz:MW_Codeword_LEE:143.7281036376953 sec.]
[LEEbkz:MW_Codeword_LEE:67.87480354309082 sec.]
[LEEbkz:MW_Codeword_LEE:63.56066608428955 sec.]
[LEEbkz:MW_Codeword_LEE:61.00468039512634 sec.]
[LEEbkz:MW_Codeword_LEE:142.8775405883789 sec.]
[LEEbkz:MW_Codeword_LEE:67.90553522109985 sec.]
[LEEbkz:MW_Codeword_LEE:61.001376152038574 sec.]
[LEEbkz:MW_Codeword_LEE:61.00286841392517 sec.]
[LEEbkz:MW_Codeword_LEE:60.99985647201538 sec.]
[LEEbkz:MW_Codeword_LEE:143.3945734500885 sec.]
[LEEbkz:MW_Codeword_LEE:68.10539770126343 sec.]
[LEEbkz:MW_Codeword_LEE:61.002668380737305 sec.]
[LEEbkz:MW_Codeword_LEE:61.0013108253479 sec.]
[LEEbkz:MW_Codeword_LEE:66.14851260185242 sec.]
[LEEbkz:MW_Codeword_LEE:61.001036405563354 sec.]
[LEEbkz:MW_Codeword_LEE:143.59952521324158 sec.]
[LEEbkz:MW_Codeword_LEE:67.99773216247559 sec.]
[LEEbkz:MW_Codeword_LEE:61.005298137664795 sec.]
[LEEbkz:MW_Codeword_LEE:61.00441360473633 sec.]
[LEEbkz:MW_Codeword_LEE:61.00729775428772 sec.]
[LEEbkz:MW_Codeword_LEE:61.00003671646118 sec.]
[LEEbkz:MW_Codeword_LEE:142.9459409713745 sec.]
[LEEbkz:MW_Codeword_LEE:67.87936735153198 sec.]
[LEEbkz:MW_Codeword_LEE:61.01148796081543 sec.]
[LEEbkz:MW_Codeword_LEE:63.567131996154785 sec.]
[LEEbkz:MW_Codeword_LEE:61.008573055267334 sec.]
[LEEbkz:MW_Codeword_LEE:65.99401211738586 sec.]
[LEEbkz:MW_Codeword_LEE:143.06964993476868 sec.]
[LEEbkz:MW_Codeword_LEE:68.84069752693176 sec.]
[LEEbkz:MW_Codeword_LEE:61.00745868682861 sec.]
[LEEbkz:MW_Codeword_LEE:65.98591828346252 sec.]
[LEEbkz:MW_Codeword_LEE:61.01128602027893 sec.]
[LEEbkz:MW_Codeword_LEE:61.00935387611389 sec.]
[LEEbkz:MW_Codeword_LEE:143.7308099269867 sec.]
[LEEbkz:MW_Codeword_LEE:67.90965032577515 sec.]
[LEEbkz:MW_Codeword_LEE:61.016621351242065 sec.]
[LEEbkz:MW_Codeword_LEE:61.01340889930725 sec.]
[LEEbkz:MW_Codeword_LEE:61.05849242210388 sec.]
[LEEbkz:MW_Codeword_LEE:61.007174015045166 sec.]
[LEEbkz:MW_Codeword_LEE:67.87858939170837 sec.]
[LEEbkz:MW_Codeword_LEE:63.56994271278381 sec.]
[LEEbkz:MW_Codeword_LEE:61.004475355148315 sec.]
[LEEbkz:MW_Codeword_LEE:61.00824689865112 sec.]
[LEEbkz:MW_Codeword_LEE:61.01246213912964 sec.]
[LEEbkz:MW_Codeword_LEE:61.012147188186646 sec.]
[LEEbkz:MW_Codeword_LEE:61.00837588310242 sec.]
[LEEbkz:MW_Codeword_LEE:63.564520597457886 sec.]
[LEEbkz:MW_Codeword_LEE:61.00967311859131 sec.]
[LEEbkz:MW_Codeword_LEE:61.006017446517944 sec.]
[LEEbkz:MW_Codeword_LEE:61.008885622024536 sec.]
Hamming profile after BKZ: [438, 59, 12, 6, 2, 1, 1, 1, 1, 1, 1, 1, 1, 1, 1, 1, 1, 1, 1, 1, 1, 1, 1, 1, 1, 1, 1, 1, 1, 1, 1, 1, 1, 1, 1, 1, 1, 1, 1, 1, 1, 1, 1, 1, 1, 1, 1, 1, 1, 1, 1, 1, 1, 1, 1, 1, 1, 1, 1, 1, 1, 1, 1, 1, 1, 1, 1, 1, 1, 1, 1, 1, 1, 1, 1, 1, 1, 1, 1, 1, 1, 1, 1, 1, 1, 1, 1, 1, 1, 1, 1, 1, 1, 1, 1, 1, 1, 1, 1, 1, 1, 1, 1, 1, 1, 1, 1, 1, 1, 1, 1, 1, 1, 1, 1, 1, 1, 1, 1, 1, 1, 1, 1, 1, 1, 1, 1, 1, 1, 1, 1, 1, 1, 1, 1, 1, 1, 1, 1, 1, 1, 1, 1, 1, 1, 1, 1, 1, 1, 1, 1, 1, 1, 1, 1, 1, 1, 1, 1, 1, 1, 1, 1, 1, 1, 1, 1, 1, 1, 1, 1, 1, 1, 1, 1, 1, 1, 1, 1, 1, 1, 1, 1, 1, 1, 1, 1, 1, 1, 1, 1, 1, 1, 1, 1, 1, 1, 1, 1, 1, 1, 1, 1, 1, 1, 1, 1, 1, 1, 1, 1, 1, 1, 1, 1, 1, 1, 1, 1, 1, 1, 1, 1, 1, 1, 1, 1, 1, 1, 1, 1, 1, 1, 1, 1, 1, 1, 1, 1, 1, 1, 1, 1, 1, 1, 1, 1, 1, 1, 1, 1, 1, 1, 1, 1, 1, 1, 1, 1, 1, 1, 1, 1, 1, 1, 1, 1, 1, 1, 1, 1, 1, 1, 1, 1, 1, 1, 1, 1, 1, 1, 1, 1, 1, 1, 1, 1, 1, 1, 1, 1, 1, 1, 1, 1, 1, 1, 1, 1, 1, 1, 1, 1, 1, 1, 1, 1, 1, 1, 1, 1, 1, 1, 1, 1, 1, 1, 1, 1, 1, 1, 1, 1, 1, 1, 1, 1, 1, 1, 1, 1, 1, 1, 1, 1, 1, 1, 1, 1, 1, 1, 1, 1, 1, 1, 1, 1, 1, 1, 1, 1, 1, 1, 1, 1, 1, 1, 1, 1, 1, 1, 1, 1, 1, 1, 1, 1, 1, 1, 1, 1, 1, 1, 1, 1, 1, 1, 1, 1, 1, 1, 1, 1, 1, 1, 1, 1, 1, 1, 1, 1, 1, 1, 1, 1, 1, 1, 1, 1, 1, 1, 1, 1, 1, 1, 1, 1, 1, 1, 1, 1, 1, 1, 1, 1, 1, 1, 1, 1, 1, 1, 1, 1, 1, 1, 1, 1, 1, 1, 1, 1, 1, 1, 1, 1, 1, 1, 1, 1, 1, 1, 1, 1, 1, 1, 1, 1, 1, 1, 1, 1, 1, 1, 1, 1, 1, 1, 1, 1, 1, 1, 1, 1, 1, 1, 1, 1, 1, 1, 1, 1, 1, 1, 1, 1, 1, 1, 1, 1, 1, 1, 1, 1, 1, 1, 1, 1, 1, 1, 1, 1, 1, 1, 1, 1, 1, 1, 1, 1, 1, 1, 1, 1, 1, 1, 1, 1, 1, 1, 1, 1, 1]
Lee profile after BKZ: [1171, 135, 21, 7, 2, 1, 1, 1, 1, 1, 1, 1, 1, 1, 1, 1, 1, 1, 1, 1, 1, 1, 1, 1, 1, 1, 1, 1, 1, 1, 1, 1, 1, 1, 1, 1, 1, 1, 1, 1, 1, 1, 1, 1, 1, 1, 1, 1, 1, 1, 1, 1, 1, 1, 1, 1, 1, 1, 1, 1, 1, 1, 1, 1, 1, 1, 1, 1, 1, 1, 1, 1, 1, 1, 1, 1, 1, 1, 1, 1, 1, 1, 1, 1, 1, 1, 1, 1, 1, 1, 1, 1, 1, 1, 1, 1, 1, 1, 1, 1, 1, 1, 1, 1, 1, 1, 1, 1, 1, 1, 1, 1, 1, 1, 1, 1, 1, 1, 1, 1, 1, 1, 1, 1, 1, 1, 1, 1, 1, 1, 1, 1, 1, 1, 1, 1, 1, 1, 1, 1, 1, 1, 1, 1, 1, 1, 1, 1, 1, 1, 1, 1, 1, 1, 1, 1, 1, 1, 1, 1, 1, 1, 1, 1, 1, 1, 1, 1, 1, 1, 1, 1, 1, 1, 1, 1, 1, 1, 1, 1, 1, 1, 1, 1, 1, 1, 1, 1, 1, 1, 1, 1, 1, 1, 1, 1, 1, 1, 1, 1, 1, 1, 1, 1, 1, 1, 1, 1, 1, 1, 1, 1, 1, 1, 1, 1, 1, 1, 1, 1, 1, 1, 1, 1, 1, 1, 1, 1, 1, 1, 1, 1, 1, 1, 1, 1, 1, 1, 1, 1, 1, 1, 1, 1, 1, 1, 1, 1, 1, 1, 1, 1, 1, 1, 1, 1, 1, 1, 1, 1, 1, 1, 1, 1, 1, 1, 1, 1, 1, 1, 1, 1, 1, 1, 1, 1, 1, 1, 1, 1, 1, 1, 1, 1, 1, 1, 1, 1, 1, 1, 1, 1, 1, 1, 1, 1, 1, 1, 1, 1, 1, 1, 1, 1, 1, 1, 1, 1, 1, 1, 1, 1, 1, 1, 1, 1, 1, 1, 1, 1, 1, 1, 1, 1, 1, 1, 1, 1, 1, 1, 1, 1, 1, 1, 1, 1, 1, 1, 1, 1, 1, 1, 1, 1, 1, 1, 1, 1, 1, 1, 1, 1, 1, 1, 1, 1, 1, 1, 1, 1, 1, 1, 1, 1, 1, 1, 1, 1, 1, 1, 1, 1, 1, 1, 1, 1, 1, 1, 1, 1, 1, 1, 1, 1, 1, 1, 1, 1, 1, 1, 1, 1, 1, 1, 1, 1, 1, 1, 1, 1, 1, 1, 1, 1, 1, 1, 1, 1, 1, 1, 1, 1, 1, 1, 1, 1, 1, 1, 1, 1, 1, 1, 1, 1, 1, 1, 1, 1, 1, 1, 1, 1, 1, 1, 1, 1, 1, 1, 1, 1, 1, 1, 1, 1, 1, 1, 1, 1, 1, 1, 1, 1, 1, 1, 1, 1, 1, 1, 1, 1, 1, 1, 1, 1, 1, 1, 1, 1, 1, 1, 1, 1, 1, 1, 1, 1, 1, 1, 1, 1, 1, 1, 1, 1, 1, 1, 1, 1, 1, 1, 1, 1, 1, 1, 1, 1, 1, 1, 1, 1, 1, 1, 1, 1, 1, 1, 1, 1, 1, 1, 1, 1]
438<=B_red[0].wtL<=2190
B_red[0].wtH=438, B_red[0].wtL=1171

Hamming profile: [473, 40, 2, 1, 1, 1, 1, 1, 1, 1, 1, 1, 1, 1, 1, 1, 1, 1, 1, 1, 1, 1, 1, 1, 1, 1, 1, 1, 1, 1, 1, 1, 1, 1, 1, 1, 1, 1, 1, 1, 1, 1, 1, 1, 1, 1, 1, 1, 1, 1, 1, 1, 1, 1, 1, 1, 1, 1, 1, 1, 1, 1, 1, 1, 1, 1, 1, 1, 1, 1, 1, 1, 1, 1, 1, 1, 1, 1, 1, 1, 1, 1, 1, 1, 1, 1, 1, 1, 1, 1, 1, 1, 1, 1, 1, 1, 1, 1, 1, 1, 1, 1, 1, 1, 1, 1, 1, 1, 1, 1, 1, 1, 1, 1, 1, 1, 1, 1, 1, 1, 1, 1, 1, 1, 1, 1, 1, 1, 1, 1, 1, 1, 1, 1, 1, 1, 1, 1, 1, 1, 1, 1, 1, 1, 1, 1, 1, 1, 1, 1, 1, 1, 1, 1, 1, 1, 1, 1, 1, 1, 1, 1, 1, 1, 1, 1, 1, 1, 1, 1, 1, 1, 1, 1, 1, 1, 1, 1, 1, 1, 1, 1, 1, 1, 1, 1, 1, 1, 1, 1, 1, 1, 1, 1, 1, 1, 1, 1, 1, 1, 1, 1, 1, 1, 1, 1, 1, 1, 1, 1, 1, 1, 1, 1, 1, 1, 1, 1, 1, 1, 1, 1, 1, 1, 1, 1, 1, 1, 1, 1, 1, 1, 1, 1, 1, 1, 1, 1, 1, 1, 1, 1, 1, 1, 1, 1, 1, 1, 1, 1, 1, 1, 1, 1, 1, 1, 1, 1, 1, 1, 1, 1, 1, 1, 1, 1, 1, 1, 1, 1, 1, 1, 1, 1, 1, 1, 1, 1, 1, 1, 1, 1, 1, 1, 1, 1, 1, 1, 1, 1, 1, 1, 1, 1, 1, 1, 1, 1, 1, 1, 1, 1, 1, 1, 1, 1, 1, 1, 1, 1, 1, 1, 1, 1, 1, 1, 1, 1, 1, 1, 1, 1, 1, 1, 1, 1, 1, 1, 1, 1, 1, 1, 1, 1, 1, 1, 1, 1, 1, 1, 1, 1, 1, 1, 1, 1, 1, 1, 1, 1, 1, 1, 1, 1, 1, 1, 1, 1, 1, 1, 1, 1, 1, 1, 1, 1, 1, 1, 1, 1, 1, 1, 1, 1, 1, 1, 1, 1, 1, 1, 1, 1, 1, 1, 1, 1, 1, 1, 1, 1, 1, 1, 1, 1, 1, 1, 1, 1, 1, 1, 1, 1, 1, 1, 1, 1, 1, 1, 1, 1, 1, 1, 1, 1, 1, 1, 1, 1, 1, 1, 1, 1, 1, 1, 1, 1, 1, 1, 1, 1, 1, 1, 1, 1, 1, 1, 1, 1, 1, 1, 1, 1, 1, 1, 1, 1, 1, 1, 1, 1, 1, 1, 1, 1, 1, 1, 1, 1, 1, 1, 1, 1, 1, 1, 1, 1, 1, 1, 1, 1, 1, 1, 1, 1, 1, 1, 1, 1, 1, 1, 1, 1, 1, 1, 1, 1, 1, 1, 1, 1, 1, 1, 1, 1, 1, 1, 1, 1, 1, 1, 1, 1, 1, 1, 1, 1, 1, 1, 1, 1, 1, 1]
Lee profile: [1393, 113, 2, 1, 1, 1, 1, 1, 1, 1, 1, 1, 1, 1, 1, 1, 1, 1, 1, 1, 1, 1, 1, 1, 1, 1, 1, 1, 1, 1, 1, 1, 1, 1, 1, 1, 1, 1, 1, 1, 1, 1, 1, 1, 1, 1, 1, 1, 1, 1, 1, 1, 1, 1, 1, 1, 1, 1, 1, 1, 1, 1, 1, 1, 1, 1, 1, 1, 1, 1, 1, 1, 1, 1, 1, 1, 1, 1, 1, 1, 1, 1, 1, 1, 1, 1, 1, 1, 1, 1, 1, 1, 1, 1, 1, 1, 1, 1, 1, 1, 1, 1, 1, 1, 1, 1, 1, 1, 1, 1, 1, 1, 1, 1, 1, 1, 1, 1, 1, 1, 1, 1, 1, 1, 1, 1, 1, 1, 1, 1, 1, 1, 1, 1, 1, 1, 1, 1, 1, 1, 1, 1, 1, 1, 1, 1, 1, 1, 1, 1, 1, 1, 1, 1, 1, 1, 1, 1, 1, 1, 1, 1, 1, 1, 1, 1, 1, 1, 1, 1, 1, 1, 1, 1, 1, 1, 1, 1, 1, 1, 1, 1, 1, 1, 1, 1, 1, 1, 1, 1, 1, 1, 1, 1, 1, 1, 1, 1, 1, 1, 1, 1, 1, 1, 1, 1, 1, 1, 1, 1, 1, 1, 1, 1, 1, 1, 1, 1, 1, 1, 1, 1, 1, 1, 1, 1, 1, 1, 1, 1, 1, 1, 1, 1, 1, 1, 1, 1, 1, 1, 1, 1, 1, 1, 1, 1, 1, 1, 1, 1, 1, 1, 1, 1, 1, 1, 1, 1, 1, 1, 1, 1, 1, 1, 1, 1, 1, 1, 1, 1, 1, 1, 1, 1, 1, 1, 1, 1, 1, 1, 1, 1, 1, 1, 1, 1, 1, 1, 1, 1, 1, 1, 1, 1, 1, 1, 1, 1, 1, 1, 1, 1, 1, 1, 1, 1, 1, 1, 1, 1, 1, 1, 1, 1, 1, 1, 1, 1, 1, 1, 1, 1, 1, 1, 1, 1, 1, 1, 1, 1, 1, 1, 1, 1, 1, 1, 1, 1, 1, 1, 1, 1, 1, 1, 1, 1, 1, 1, 1, 1, 1, 1, 1, 1, 1, 1, 1, 1, 1, 1, 1, 1, 1, 1, 1, 1, 1, 1, 1, 1, 1, 1, 1, 1, 1, 1, 1, 1, 1, 1, 1, 1, 1, 1, 1, 1, 1, 1, 1, 1, 1, 1, 1, 1, 1, 1, 1, 1, 1, 1, 1, 1, 1, 1, 1, 1, 1, 1, 1, 1, 1, 1, 1, 1, 1, 1, 1, 1, 1, 1, 1, 1, 1, 1, 1, 1, 1, 1, 1, 1, 1, 1, 1, 1, 1, 1, 1, 1, 1, 1, 1, 1, 1, 1, 1, 1, 1, 1, 1, 1, 1, 1, 1, 1, 1, 1, 1, 1, 1, 1, 1, 1, 1, 1, 1, 1, 1, 1, 1, 1, 1, 1, 1, 1, 1, 1, 1, 1, 1, 1, 1, 1, 1, 1, 1, 1, 1, 1, 1, 1, 1, 1, 1, 1, 1, 1, 1, 1, 1, 1, 1, 1, 1, 1, 1, 1, 1, 1, 1, 1, 1, 1]
473<=B[0].wtL<=2365
B[0].wtH=473, B[0].wtL=1393

--- LeeBKZ with beta=9, bkz with minimum_lee_wt_codeword (may be non-primitive) ---
[LEEbkz:MW_Codeword_LEE:142.95142483711243 sec.]
[LEEbkz:MW_Codeword_LEE:68.90576362609863 sec.]
[LEEbkz:MW_Codeword_LEE:143.4713864326477 sec.]
[LEEbkz:MW_Codeword_LEE:67.96416783332825 sec.]
[LEEbkz:MW_Codeword_LEE:61.01033926010132 sec.]
[LEEbkz:MW_Codeword_LEE:142.88505125045776 sec.]
[LEEbkz:MW_Codeword_LEE:75.13748216629028 sec.]
[LEEbkz:MW_Codeword_LEE:61.007020711898804 sec.]
[LEEbkz:MW_Codeword_LEE:61.00995707511902 sec.]
[LEEbkz:MW_Codeword_LEE:144.81742572784424 sec.]
[LEEbkz:MW_Codeword_LEE:75.13419389724731 sec.]
[LEEbkz:MW_Codeword_LEE:61.012887477874756 sec.]
[LEEbkz:MW_Codeword_LEE:61.05871796607971 sec.]
[LEEbkz:MW_Codeword_LEE:61.01003646850586 sec.]
[LEEbkz:MW_Codeword_LEE:151.11856698989868 sec.]
[LEEbkz:MW_Codeword_LEE:63.415892124176025 sec.]
[LEEbkz:MW_Codeword_LEE:143.68374967575073 sec.]
[LEEbkz:MW_Codeword_LEE:63.428611516952515 sec.]
[LEEbkz:MW_Codeword_LEE:61.012041330337524 sec.]
[LEEbkz:MW_Codeword_LEE:144.8298978805542 sec.]
[LEEbkz:MW_Codeword_LEE:63.43172025680542 sec.]
[LEEbkz:MW_Codeword_LEE:144.81169319152832 sec.]
[LEEbkz:MW_Codeword_LEE:63.44717359542847 sec.]
[LEEbkz:MW_Codeword_LEE:61.00663900375366 sec.]
[LEEbkz:MW_Codeword_LEE:144.07563257217407 sec.]
[LEEbkz:MW_Codeword_LEE:63.446571350097656 sec.]
[LEEbkz:MW_Codeword_LEE:61.00930452346802 sec.]
[LEEbkz:MW_Codeword_LEE:61.01139950752258 sec.]
[LEEbkz:MW_Codeword_LEE:146.3749361038208 sec.]
[LEEbkz:MW_Codeword_LEE:63.42978286743164 sec.]
[LEEbkz:MW_Codeword_LEE:65.99527430534363 sec.]
[LEEbkz:MW_Codeword_LEE:65.99661564826965 sec.]
[LEEbkz:MW_Codeword_LEE:5.586929559707642 sec.]
[LEEbkz:MW_Codeword_LEE:150.73934602737427 sec.]
[LEEbkz:MW_Codeword_LEE:63.43835258483887 sec.]
[LEEbkz:MW_Codeword_LEE:61.00998878479004 sec.]
[LEEbkz:MW_Codeword_LEE:62.09974408149719 sec.]
[LEEbkz:MW_Codeword_LEE:5.575367450714111 sec.]
[LEEbkz:MW_Codeword_LEE:5.574705600738525 sec.]
[LEEbkz:MW_Codeword_LEE:147.71805882453918 sec.]
[LEEbkz:MW_Codeword_LEE:63.44844603538513 sec.]
[LEEbkz:MW_Codeword_LEE:61.013166427612305 sec.]
[LEEbkz:MW_Codeword_LEE:61.05898475646973 sec.]
[LEEbkz:MW_Codeword_LEE:5.574261903762817 sec.]
[LEEbkz:MW_Codeword_LEE:5.574880361557007 sec.]
[LEEbkz:MW_Codeword_LEE:144.88986802101135 sec.]
[LEEbkz:MW_Codeword_LEE:63.444772720336914 sec.]
[LEEbkz:MW_Codeword_LEE:61.08422374725342 sec.]
[LEEbkz:MW_Codeword_LEE:61.0266969203949 sec.]
[LEEbkz:MW_Codeword_LEE:61.01464819908142 sec.]
[LEEbkz:MW_Codeword_LEE:5.576222896575928 sec.]
[LEEbkz:MW_Codeword_LEE:148.23140168190002 sec.]
[LEEbkz:MW_Codeword_LEE:63.42976951599121 sec.]
[LEEbkz:MW_Codeword_LEE:66.00546741485596 sec.]
[LEEbkz:MW_Codeword_LEE:61.013904094696045 sec.]
[LEEbkz:MW_Codeword_LEE:61.011332273483276 sec.]
[LEEbkz:MW_Codeword_LEE:5.5754554271698 sec.]
[LEEbkz:MW_Codeword_LEE:143.05511474609375 sec.]
[LEEbkz:MW_Codeword_LEE:63.64540910720825 sec.]
[LEEbkz:MW_Codeword_LEE:61.01482152938843 sec.]
[LEEbkz:MW_Codeword_LEE:61.01227903366089 sec.]
[LEEbkz:MW_Codeword_LEE:61.06123375892639 sec.]
[LEEbkz:MW_Codeword_LEE:5.581435680389404 sec.]
[LEEbkz:MW_Codeword_LEE:63.40502309799194 sec.]
[LEEbkz:MW_Codeword_LEE:61.01435971260071 sec.]
[LEEbkz:MW_Codeword_LEE:61.00987648963928 sec.]
[LEEbkz:MW_Codeword_LEE:65.9942798614502 sec.]
[LEEbkz:MW_Codeword_LEE:5.574087619781494 sec.]
[LEEbkz:MW_Codeword_LEE:61.00532054901123 sec.]
[LEEbkz:MW_Codeword_LEE:61.01271653175354 sec.]
[LEEbkz:MW_Codeword_LEE:61.01218008995056 sec.]
[LEEbkz:MW_Codeword_LEE:5.574574947357178 sec.]
[LEEbkz:MW_Codeword_LEE:61.00638937950134 sec.]
[LEEbkz:MW_Codeword_LEE:61.010451555252075 sec.]
[LEEbkz:MW_Codeword_LEE:5.57493782043457 sec.]
[LEEbkz:MW_Codeword_LEE:61.05695176124573 sec.]
[LEEbkz:MW_Codeword_LEE:5.573923110961914 sec.]
[LEEbkz:MW_Codeword_LEE:5.574971914291382 sec.]
[LEEbkz:MW_Codeword_LEE:5.574361324310303 sec.]
[LEEbkz:MW_Codeword_LEE:5.575220346450806 sec.]
[LEEbkz:MW_Codeword_LEE:5.573984146118164 sec.]
[LEEbkz:MW_Codeword_LEE:5.5758068561553955 sec.]
[LEEbkz:MW_Codeword_LEE:5.575658082962036 sec.]
[LEEbkz:MW_Codeword_LEE:5.581671953201294 sec.]
[LEEbkz:MW_Codeword_LEE:5.574960470199585 sec.]
[LEEbkz:MW_Codeword_LEE:5.574830055236816 sec.]
[LEEbkz:MW_Codeword_LEE:5.575159311294556 sec.]
[LEEbkz:MW_Codeword_LEE:5.5750203132629395 sec.]
[LEEbkz:MW_Codeword_LEE:5.575233697891235 sec.]
[LEEbkz:MW_Codeword_LEE:6.026900053024292 sec.]
[LEEbkz:MW_Codeword_LEE:5.576214551925659 sec.]
[LEEbkz:MW_Codeword_LEE:5.575784206390381 sec.]
[LEEbkz:MW_Codeword_LEE:5.575015544891357 sec.]
[LEEbkz:MW_Codeword_LEE:5.574679851531982 sec.]
[LEEbkz:MW_Codeword_LEE:5.575000047683716 sec.]
[LEEbkz:MW_Codeword_LEE:5.5751142501831055 sec.]
[LEEbkz:MW_Codeword_LEE:5.575784921646118 sec.]
[LEEbkz:MW_Codeword_LEE:5.66852068901062 sec.]
[LEEbkz:MW_Codeword_LEE:5.574369668960571 sec.]
[LEEbkz:MW_Codeword_LEE:5.582773685455322 sec.]
[LEEbkz:MW_Codeword_LEE:5.574090003967285 sec.]
[LEEbkz:MW_Codeword_LEE:5.573802709579468 sec.]
[LEEbkz:MW_Codeword_LEE:5.575301647186279 sec.]
[LEEbkz:MW_Codeword_LEE:5.574612617492676 sec.]
[LEEbkz:MW_Codeword_LEE:5.575098276138306 sec.]
[LEEbkz:MW_Codeword_LEE:5.718085765838623 sec.]
[LEEbkz:MW_Codeword_LEE:5.575428247451782 sec.]
[LEEbkz:MW_Codeword_LEE:6.026636362075806 sec.]
[LEEbkz:MW_Codeword_LEE:5.575339078903198 sec.]
[LEEbkz:MW_Codeword_LEE:5.574602127075195 sec.]
[LEEbkz:MW_Codeword_LEE:5.5759289264678955 sec.]
[LEEbkz:MW_Codeword_LEE:5.575112342834473 sec.]
[LEEbkz:MW_Codeword_LEE:5.575313329696655 sec.]
[LEEbkz:MW_Codeword_LEE:5.5757057666778564 sec.]
[LEEbkz:MW_Codeword_LEE:5.575535774230957 sec.]
[LEEbkz:MW_Codeword_LEE:5.579631805419922 sec.]
[LEEbkz:MW_Codeword_LEE:5.574490308761597 sec.]
[LEEbkz:MW_Codeword_LEE:5.574268102645874 sec.]
[LEEbkz:MW_Codeword_LEE:5.575045824050903 sec.]
[LEEbkz:MW_Codeword_LEE:5.575511455535889 sec.]
[LEEbkz:MW_Codeword_LEE:6.026392459869385 sec.]
[LEEbkz:MW_Codeword_LEE:5.5749077796936035 sec.]
[LEEbkz:MW_Codeword_LEE:5.574627161026001 sec.]
[LEEbkz:MW_Codeword_LEE:5.575147867202759 sec.]
[LEEbkz:MW_Codeword_LEE:5.57510781288147 sec.]
[LEEbkz:MW_Codeword_LEE:5.578853607177734 sec.]
[LEEbkz:MW_Codeword_LEE:5.575042963027954 sec.]
[LEEbkz:MW_Codeword_LEE:5.574249744415283 sec.]
[LEEbkz:MW_Codeword_LEE:5.574562072753906 sec.]
[LEEbkz:MW_Codeword_LEE:5.669573068618774 sec.]
[LEEbkz:MW_Codeword_LEE:5.575068235397339 sec.]
[LEEbkz:MW_Codeword_LEE:5.575737714767456 sec.]
[LEEbkz:MW_Codeword_LEE:5.574366807937622 sec.]
[LEEbkz:MW_Codeword_LEE:5.575207710266113 sec.]
[LEEbkz:MW_Codeword_LEE:5.572391510009766 sec.]
[LEEbkz:MW_Codeword_LEE:5.575525283813477 sec.]
[LEEbkz:MW_Codeword_LEE:5.575765371322632 sec.]
[LEEbkz:MW_Codeword_LEE:5.574899196624756 sec.]
[LEEbkz:MW_Codeword_LEE:5.574868679046631 sec.]
[LEEbkz:MW_Codeword_LEE:5.575135707855225 sec.]
[LEEbkz:MW_Codeword_LEE:5.574427127838135 sec.]
[LEEbkz:MW_Codeword_LEE:5.575016260147095 sec.]
[LEEbkz:MW_Codeword_LEE:5.574663877487183 sec.]
[LEEbkz:MW_Codeword_LEE:5.573665142059326 sec.]
[LEEbkz:MW_Codeword_LEE:5.575378894805908 sec.]
[LEEbkz:MW_Codeword_LEE:5.574851036071777 sec.]
[LEEbkz:MW_Codeword_LEE:5.574671983718872 sec.]
[LEEbkz:MW_Codeword_LEE:5.5816121101379395 sec.]
[LEEbkz:MW_Codeword_LEE:5.574536323547363 sec.]
[LEEbkz:MW_Codeword_LEE:6.027989387512207 sec.]
[LEEbkz:MW_Codeword_LEE:5.574692487716675 sec.]
[LEEbkz:MW_Codeword_LEE:5.5753326416015625 sec.]
[LEEbkz:MW_Codeword_LEE:5.57900333404541 sec.]
[LEEbkz:MW_Codeword_LEE:5.574615478515625 sec.]
[LEEbkz:MW_Codeword_LEE:5.582096815109253 sec.]
[LEEbkz:MW_Codeword_LEE:5.575584173202515 sec.]
[LEEbkz:MW_Codeword_LEE:5.574677467346191 sec.]
[LEEbkz:MW_Codeword_LEE:5.579751253128052 sec.]
[LEEbkz:MW_Codeword_LEE:5.57552170753479 sec.]
[LEEbkz:MW_Codeword_LEE:5.574443578720093 sec.]
[LEEbkz:MW_Codeword_LEE:5.574414253234863 sec.]
[LEEbkz:MW_Codeword_LEE:5.57462739944458 sec.]
[LEEbkz:MW_Codeword_LEE:6.028441429138184 sec.]
[LEEbkz:MW_Codeword_LEE:5.5742857456207275 sec.]
[LEEbkz:MW_Codeword_LEE:5.575514078140259 sec.]
[LEEbkz:MW_Codeword_LEE:5.574739456176758 sec.]
[LEEbkz:MW_Codeword_LEE:5.5744500160217285 sec.]
[LEEbkz:MW_Codeword_LEE:5.579914093017578 sec.]
[LEEbkz:MW_Codeword_LEE:5.575144529342651 sec.]
[LEEbkz:MW_Codeword_LEE:5.574681282043457 sec.]
[LEEbkz:MW_Codeword_LEE:5.574435234069824 sec.]
[LEEbkz:MW_Codeword_LEE:5.5739099979400635 sec.]
[LEEbkz:MW_Codeword_LEE:5.581490516662598 sec.]
[LEEbkz:MW_Codeword_LEE:5.575136184692383 sec.]
[LEEbkz:MW_Codeword_LEE:5.581850290298462 sec.]
[LEEbkz:MW_Codeword_LEE:5.574879884719849 sec.]
[LEEbkz:MW_Codeword_LEE:5.575836181640625 sec.]
[LEEbkz:MW_Codeword_LEE:5.575563430786133 sec.]
[LEEbkz:MW_Codeword_LEE:5.574911117553711 sec.]
[LEEbkz:MW_Codeword_LEE:5.575791597366333 sec.]
[LEEbkz:MW_Codeword_LEE:5.574756383895874 sec.]
[LEEbkz:MW_Codeword_LEE:5.574674606323242 sec.]
[LEEbkz:MW_Codeword_LEE:6.029063701629639 sec.]
[LEEbkz:MW_Codeword_LEE:5.574376344680786 sec.]
[LEEbkz:MW_Codeword_LEE:5.575284004211426 sec.]
[LEEbkz:MW_Codeword_LEE:5.575600862503052 sec.]
[LEEbkz:MW_Codeword_LEE:5.574883460998535 sec.]
[LEEbkz:MW_Codeword_LEE:5.582719087600708 sec.]
[LEEbkz:MW_Codeword_LEE:5.5748131275177 sec.]
[LEEbkz:MW_Codeword_LEE:5.574793577194214 sec.]
[LEEbkz:MW_Codeword_LEE:5.580092430114746 sec.]
[LEEbkz:MW_Codeword_LEE:5.575398921966553 sec.]
[LEEbkz:MW_Codeword_LEE:5.575157642364502 sec.]
[LEEbkz:MW_Codeword_LEE:5.575677156448364 sec.]
[LEEbkz:MW_Codeword_LEE:6.030082702636719 sec.]
[LEEbkz:MW_Codeword_LEE:5.57587456703186 sec.]
[LEEbkz:MW_Codeword_LEE:5.57486891746521 sec.]
[LEEbkz:MW_Codeword_LEE:5.5746917724609375 sec.]
[LEEbkz:MW_Codeword_LEE:5.57589054107666 sec.]
[LEEbkz:MW_Codeword_LEE:5.575412034988403 sec.]
[LEEbkz:MW_Codeword_LEE:5.579633474349976 sec.]
[LEEbkz:MW_Codeword_LEE:5.574641704559326 sec.]
[LEEbkz:MW_Codeword_LEE:5.575474739074707 sec.]
[LEEbkz:MW_Codeword_LEE:5.575813293457031 sec.]
[LEEbkz:MW_Codeword_LEE:5.575339078903198 sec.]
[LEEbkz:MW_Codeword_LEE:5.574780464172363 sec.]
[LEEbkz:MW_Codeword_LEE:5.573974370956421 sec.]
[LEEbkz:MW_Codeword_LEE:5.581317901611328 sec.]
[LEEbkz:MW_Codeword_LEE:5.575332880020142 sec.]
[LEEbkz:MW_Codeword_LEE:5.575571298599243 sec.]
[LEEbkz:MW_Codeword_LEE:5.574863433837891 sec.]
[LEEbkz:MW_Codeword_LEE:5.579375743865967 sec.]
[LEEbkz:MW_Codeword_LEE:5.5741658210754395 sec.]
[LEEbkz:MW_Codeword_LEE:5.574772596359253 sec.]
[LEEbkz:MW_Codeword_LEE:5.575430393218994 sec.]
[LEEbkz:MW_Codeword_LEE:6.027616739273071 sec.]
[LEEbkz:MW_Codeword_LEE:5.575376987457275 sec.]
[LEEbkz:MW_Codeword_LEE:5.5787084102630615 sec.]
[LEEbkz:MW_Codeword_LEE:5.57532811164856 sec.]
[LEEbkz:MW_Codeword_LEE:5.57556676864624 sec.]
[LEEbkz:MW_Codeword_LEE:5.582325220108032 sec.]
[LEEbkz:MW_Codeword_LEE:5.574810981750488 sec.]
[LEEbkz:MW_Codeword_LEE:5.575302600860596 sec.]
[LEEbkz:MW_Codeword_LEE:5.580683708190918 sec.]
[LEEbkz:MW_Codeword_LEE:5.575740814208984 sec.]
[LEEbkz:MW_Codeword_LEE:5.574713706970215 sec.]
[LEEbkz:MW_Codeword_LEE:5.5751659870147705 sec.]
[LEEbkz:MW_Codeword_LEE:6.02877950668335 sec.]
[LEEbkz:MW_Codeword_LEE:5.5749194622039795 sec.]
[LEEbkz:MW_Codeword_LEE:5.574877977371216 sec.]
[LEEbkz:MW_Codeword_LEE:5.575761556625366 sec.]
[LEEbkz:MW_Codeword_LEE:5.575204610824585 sec.]
[LEEbkz:MW_Codeword_LEE:5.574517011642456 sec.]
[LEEbkz:MW_Codeword_LEE:5.579779386520386 sec.]
[LEEbkz:MW_Codeword_LEE:5.5752880573272705 sec.]
[LEEbkz:MW_Codeword_LEE:5.5756003856658936 sec.]
[LEEbkz:MW_Codeword_LEE:5.575108766555786 sec.]
[LEEbkz:MW_Codeword_LEE:5.574053764343262 sec.]
[LEEbkz:MW_Codeword_LEE:5.573848485946655 sec.]
[LEEbkz:MW_Codeword_LEE:5.574377059936523 sec.]
[LEEbkz:MW_Codeword_LEE:5.582671403884888 sec.]
[LEEbkz:MW_Codeword_LEE:5.574987173080444 sec.]
[LEEbkz:MW_Codeword_LEE:5.574850559234619 sec.]
[LEEbkz:MW_Codeword_LEE:5.576503276824951 sec.]
[LEEbkz:MW_Codeword_LEE:5.576216697692871 sec.]
[LEEbkz:MW_Codeword_LEE:5.57564902305603 sec.]
[LEEbkz:MW_Codeword_LEE:5.575987339019775 sec.]
[LEEbkz:MW_Codeword_LEE:5.576213836669922 sec.]
[LEEbkz:MW_Codeword_LEE:6.0297229290008545 sec.]
[LEEbkz:MW_Codeword_LEE:5.575526237487793 sec.]
[LEEbkz:MW_Codeword_LEE:5.582561492919922 sec.]
[LEEbkz:MW_Codeword_LEE:5.5751402378082275 sec.]
[LEEbkz:MW_Codeword_LEE:5.574826240539551 sec.]
[LEEbkz:MW_Codeword_LEE:5.582797050476074 sec.]
[LEEbkz:MW_Codeword_LEE:5.576200246810913 sec.]
[LEEbkz:MW_Codeword_LEE:5.575092554092407 sec.]
[LEEbkz:MW_Codeword_LEE:5.579956293106079 sec.]
[LEEbkz:MW_Codeword_LEE:5.574305295944214 sec.]
[LEEbkz:MW_Codeword_LEE:5.578089475631714 sec.]
[LEEbkz:MW_Codeword_LEE:5.575679063796997 sec.]
[LEEbkz:MW_Codeword_LEE:6.026180982589722 sec.]
[LEEbkz:MW_Codeword_LEE:5.669536828994751 sec.]
[LEEbkz:MW_Codeword_LEE:5.575445175170898 sec.]
[LEEbkz:MW_Codeword_LEE:5.574896335601807 sec.]
[LEEbkz:MW_Codeword_LEE:5.574291229248047 sec.]
[LEEbkz:MW_Codeword_LEE:5.576195478439331 sec.]
[LEEbkz:MW_Codeword_LEE:5.579913139343262 sec.]
[LEEbkz:MW_Codeword_LEE:5.575788497924805 sec.]
[LEEbkz:MW_Codeword_LEE:5.57529616355896 sec.]
[LEEbkz:MW_Codeword_LEE:5.574500560760498 sec.]
[LEEbkz:MW_Codeword_LEE:5.574527263641357 sec.]
[LEEbkz:MW_Codeword_LEE:5.574727296829224 sec.]
[LEEbkz:MW_Codeword_LEE:5.574312686920166 sec.]
[LEEbkz:MW_Codeword_LEE:5.574042558670044 sec.]
[LEEbkz:MW_Codeword_LEE:5.574661493301392 sec.]
[LEEbkz:MW_Codeword_LEE:5.575709342956543 sec.]
[LEEbkz:MW_Codeword_LEE:5.5745227336883545 sec.]
[LEEbkz:MW_Codeword_LEE:5.574260950088501 sec.]
[LEEbkz:MW_Codeword_LEE:5.574697494506836 sec.]
[LEEbkz:MW_Codeword_LEE:5.575600624084473 sec.]
[LEEbkz:MW_Codeword_LEE:5.574869871139526 sec.]
[LEEbkz:MW_Codeword_LEE:6.028981447219849 sec.]
[LEEbkz:MW_Codeword_LEE:5.575419664382935 sec.]
[LEEbkz:MW_Codeword_LEE:5.574961423873901 sec.]
[LEEbkz:MW_Codeword_LEE:5.574417591094971 sec.]
[LEEbkz:MW_Codeword_LEE:5.574527740478516 sec.]
[LEEbkz:MW_Codeword_LEE:5.5740392208099365 sec.]
[LEEbkz:MW_Codeword_LEE:5.583402872085571 sec.]
[LEEbkz:MW_Codeword_LEE:5.5747880935668945 sec.]
[LEEbkz:MW_Codeword_LEE:5.579341173171997 sec.]
[LEEbkz:MW_Codeword_LEE:5.576065301895142 sec.]
[LEEbkz:MW_Codeword_LEE:5.575876951217651 sec.]
[LEEbkz:MW_Codeword_LEE:6.028299570083618 sec.]
[LEEbkz:MW_Codeword_LEE:5.5749640464782715 sec.]
[LEEbkz:MW_Codeword_LEE:5.57516074180603 sec.]
[LEEbkz:MW_Codeword_LEE:5.573441982269287 sec.]
[LEEbkz:MW_Codeword_LEE:5.5746705532073975 sec.]
[LEEbkz:MW_Codeword_LEE:5.575387716293335 sec.]
[LEEbkz:MW_Codeword_LEE:5.578463315963745 sec.]
[LEEbkz:MW_Codeword_LEE:5.574427127838135 sec.]
[LEEbkz:MW_Codeword_LEE:5.573535203933716 sec.]
[LEEbkz:MW_Codeword_LEE:5.574482440948486 sec.]
[LEEbkz:MW_Codeword_LEE:5.574461460113525 sec.]
[LEEbkz:MW_Codeword_LEE:5.668970823287964 sec.]
[LEEbkz:MW_Codeword_LEE:5.575808763504028 sec.]
[LEEbkz:MW_Codeword_LEE:5.574844121932983 sec.]
[LEEbkz:MW_Codeword_LEE:5.581677198410034 sec.]
[LEEbkz:MW_Codeword_LEE:5.575592756271362 sec.]
[LEEbkz:MW_Codeword_LEE:5.5735955238342285 sec.]
[LEEbkz:MW_Codeword_LEE:5.57524299621582 sec.]
[LEEbkz:MW_Codeword_LEE:5.574441194534302 sec.]
[LEEbkz:MW_Codeword_LEE:5.575563907623291 sec.]
[LEEbkz:MW_Codeword_LEE:5.574725151062012 sec.]
[LEEbkz:MW_Codeword_LEE:5.575023174285889 sec.]
[LEEbkz:MW_Codeword_LEE:6.026479721069336 sec.]
[LEEbkz:MW_Codeword_LEE:5.574712038040161 sec.]
[LEEbkz:MW_Codeword_LEE:5.5756001472473145 sec.]
[LEEbkz:MW_Codeword_LEE:5.575653314590454 sec.]
[LEEbkz:MW_Codeword_LEE:5.5756518840789795 sec.]
[LEEbkz:MW_Codeword_LEE:5.5751190185546875 sec.]
[LEEbkz:MW_Codeword_LEE:5.668640613555908 sec.]
[LEEbkz:MW_Codeword_LEE:5.57467246055603 sec.]
[LEEbkz:MW_Codeword_LEE:5.579883098602295 sec.]
[LEEbkz:MW_Codeword_LEE:5.574906826019287 sec.]
[LEEbkz:MW_Codeword_LEE:5.573822498321533 sec.]
[LEEbkz:MW_Codeword_LEE:6.025883674621582 sec.]
[LEEbkz:MW_Codeword_LEE:5.582086563110352 sec.]
[LEEbkz:MW_Codeword_LEE:5.5762245655059814 sec.]
[LEEbkz:MW_Codeword_LEE:5.575294733047485 sec.]
[LEEbkz:MW_Codeword_LEE:5.573325872421265 sec.]
[LEEbkz:MW_Codeword_LEE:5.574662208557129 sec.]
[LEEbkz:MW_Codeword_LEE:5.57862401008606 sec.]
[LEEbkz:MW_Codeword_LEE:5.574548721313477 sec.]
[LEEbkz:MW_Codeword_LEE:5.574540853500366 sec.]
[LEEbkz:MW_Codeword_LEE:5.575356960296631 sec.]
[LEEbkz:MW_Codeword_LEE:5.574950933456421 sec.]
[LEEbkz:MW_Codeword_LEE:5.575653314590454 sec.]
[LEEbkz:MW_Codeword_LEE:5.574158191680908 sec.]
[LEEbkz:MW_Codeword_LEE:5.5756354331970215 sec.]
[LEEbkz:MW_Codeword_LEE:5.581912279129028 sec.]
[LEEbkz:MW_Codeword_LEE:5.574943780899048 sec.]
[LEEbkz:MW_Codeword_LEE:5.574562311172485 sec.]
[LEEbkz:MW_Codeword_LEE:5.574681282043457 sec.]
[LEEbkz:MW_Codeword_LEE:5.574960947036743 sec.]
[LEEbkz:MW_Codeword_LEE:5.575198173522949 sec.]
[LEEbkz:MW_Codeword_LEE:5.574363708496094 sec.]
[LEEbkz:MW_Codeword_LEE:6.026566028594971 sec.]
[LEEbkz:MW_Codeword_LEE:5.573964357376099 sec.]
[LEEbkz:MW_Codeword_LEE:5.574815511703491 sec.]
[LEEbkz:MW_Codeword_LEE:5.5734312534332275 sec.]
[LEEbkz:MW_Codeword_LEE:5.574815034866333 sec.]
[LEEbkz:MW_Codeword_LEE:5.5741682052612305 sec.]
[LEEbkz:MW_Codeword_LEE:5.5745298862457275 sec.]
[LEEbkz:MW_Codeword_LEE:5.5749640464782715 sec.]
[LEEbkz:MW_Codeword_LEE:5.57517409324646 sec.]
[LEEbkz:MW_Codeword_LEE:5.578938961029053 sec.]
[LEEbkz:MW_Codeword_LEE:5.573811292648315 sec.]
[LEEbkz:MW_Codeword_LEE:5.574791431427002 sec.]
[LEEbkz:MW_Codeword_LEE:6.025941610336304 sec.]
[LEEbkz:MW_Codeword_LEE:5.582027435302734 sec.]
[LEEbkz:MW_Codeword_LEE:5.576317071914673 sec.]
[LEEbkz:MW_Codeword_LEE:5.575240612030029 sec.]
[LEEbkz:MW_Codeword_LEE:5.574664115905762 sec.]
[LEEbkz:MW_Codeword_LEE:5.57506799697876 sec.]
[LEEbkz:MW_Codeword_LEE:5.579782485961914 sec.]
[LEEbkz:MW_Codeword_LEE:5.575015544891357 sec.]
[LEEbkz:MW_Codeword_LEE:5.575362205505371 sec.]
[LEEbkz:MW_Codeword_LEE:5.574256896972656 sec.]
[LEEbkz:MW_Codeword_LEE:5.575438022613525 sec.]
[LEEbkz:MW_Codeword_LEE:5.574115753173828 sec.]
[LEEbkz:MW_Codeword_LEE:5.575028896331787 sec.]
[LEEbkz:MW_Codeword_LEE:5.575279474258423 sec.]
[LEEbkz:MW_Codeword_LEE:5.581872940063477 sec.]
[LEEbkz:MW_Codeword_LEE:5.575110673904419 sec.]
[LEEbkz:MW_Codeword_LEE:5.5752058029174805 sec.]
[LEEbkz:MW_Codeword_LEE:5.575237274169922 sec.]
[LEEbkz:MW_Codeword_LEE:5.57545804977417 sec.]
[LEEbkz:MW_Codeword_LEE:5.574653387069702 sec.]
[LEEbkz:MW_Codeword_LEE:5.575483798980713 sec.]
[LEEbkz:MW_Codeword_LEE:6.025195598602295 sec.]
[LEEbkz:MW_Codeword_LEE:5.57407283782959 sec.]
[LEEbkz:MW_Codeword_LEE:5.575327634811401 sec.]
[LEEbkz:MW_Codeword_LEE:5.574934482574463 sec.]
[LEEbkz:MW_Codeword_LEE:5.574546575546265 sec.]
[LEEbkz:MW_Codeword_LEE:5.5758888721466064 sec.]
[LEEbkz:MW_Codeword_LEE:5.57561182975769 sec.]
[LEEbkz:MW_Codeword_LEE:5.667649745941162 sec.]
[LEEbkz:MW_Codeword_LEE:5.574822664260864 sec.]
[LEEbkz:MW_Codeword_LEE:5.579815626144409 sec.]
[LEEbkz:MW_Codeword_LEE:5.575497627258301 sec.]
[LEEbkz:MW_Codeword_LEE:5.574251174926758 sec.]
[LEEbkz:MW_Codeword_LEE:5.575455665588379 sec.]
[LEEbkz:MW_Codeword_LEE:6.0271406173706055 sec.]
[LEEbkz:MW_Codeword_LEE:5.574385404586792 sec.]
[LEEbkz:MW_Codeword_LEE:5.6689465045928955 sec.]
[LEEbkz:MW_Codeword_LEE:5.573613405227661 sec.]
[LEEbkz:MW_Codeword_LEE:5.5737316608428955 sec.]
[LEEbkz:MW_Codeword_LEE:5.573979377746582 sec.]
[LEEbkz:MW_Codeword_LEE:5.579893589019775 sec.]
[LEEbkz:MW_Codeword_LEE:5.575100660324097 sec.]
[LEEbkz:MW_Codeword_LEE:5.57567286491394 sec.]
[LEEbkz:MW_Codeword_LEE:5.575145483016968 sec.]
[LEEbkz:MW_Codeword_LEE:5.574256420135498 sec.]
[LEEbkz:MW_Codeword_LEE:5.574145793914795 sec.]
[LEEbkz:MW_Codeword_LEE:5.57361102104187 sec.]
[LEEbkz:MW_Codeword_LEE:5.581553220748901 sec.]
[LEEbkz:MW_Codeword_LEE:5.575652837753296 sec.]
[LEEbkz:MW_Codeword_LEE:5.668734073638916 sec.]
[LEEbkz:MW_Codeword_LEE:5.5745017528533936 sec.]
[LEEbkz:MW_Codeword_LEE:5.575181245803833 sec.]
[LEEbkz:MW_Codeword_LEE:5.573633909225464 sec.]
[LEEbkz:MW_Codeword_LEE:5.574506044387817 sec.]
[LEEbkz:MW_Codeword_LEE:5.574618816375732 sec.]
[LEEbkz:MW_Codeword_LEE:5.574633598327637 sec.]
[LEEbkz:MW_Codeword_LEE:6.025890588760376 sec.]
[LEEbkz:MW_Codeword_LEE:5.575228691101074 sec.]
[LEEbkz:MW_Codeword_LEE:5.575343370437622 sec.]
[LEEbkz:MW_Codeword_LEE:5.575456142425537 sec.]
[LEEbkz:MW_Codeword_LEE:5.573893070220947 sec.]
[LEEbkz:MW_Codeword_LEE:5.572779178619385 sec.]
[LEEbkz:MW_Codeword_LEE:5.575188636779785 sec.]
[LEEbkz:MW_Codeword_LEE:5.574761390686035 sec.]
[LEEbkz:MW_Codeword_LEE:5.5787293910980225 sec.]
[LEEbkz:MW_Codeword_LEE:5.574681520462036 sec.]
[LEEbkz:MW_Codeword_LEE:5.575385570526123 sec.]
[LEEbkz:MW_Codeword_LEE:6.028226852416992 sec.]
[LEEbkz:MW_Codeword_LEE:5.575159311294556 sec.]
[LEEbkz:MW_Codeword_LEE:5.574436664581299 sec.]
[LEEbkz:MW_Codeword_LEE:5.57493782043457 sec.]
[LEEbkz:MW_Codeword_LEE:5.574024200439453 sec.]
[LEEbkz:MW_Codeword_LEE:5.574587106704712 sec.]
[LEEbkz:MW_Codeword_LEE:5.579176187515259 sec.]
[LEEbkz:MW_Codeword_LEE:5.575449466705322 sec.]
[LEEbkz:MW_Codeword_LEE:5.573802947998047 sec.]
[LEEbkz:MW_Codeword_LEE:5.574159383773804 sec.]
[LEEbkz:MW_Codeword_LEE:5.574166536331177 sec.]
[LEEbkz:MW_Codeword_LEE:5.57472038269043 sec.]
[LEEbkz:MW_Codeword_LEE:5.574156999588013 sec.]
[LEEbkz:MW_Codeword_LEE:5.581430673599243 sec.]
[LEEbkz:MW_Codeword_LEE:5.574861526489258 sec.]
[LEEbkz:MW_Codeword_LEE:5.575601577758789 sec.]
[LEEbkz:MW_Codeword_LEE:5.576085567474365 sec.]
[LEEbkz:MW_Codeword_LEE:5.573369979858398 sec.]
[LEEbkz:MW_Codeword_LEE:5.574881315231323 sec.]
[LEEbkz:MW_Codeword_LEE:5.574185848236084 sec.]
[LEEbkz:MW_Codeword_LEE:5.574091911315918 sec.]
[LEEbkz:MW_Codeword_LEE:5.57512354850769 sec.]
[LEEbkz:MW_Codeword_LEE:6.027523517608643 sec.]
[LEEbkz:MW_Codeword_LEE:5.575410604476929 sec.]
[LEEbkz:MW_Codeword_LEE:5.574737548828125 sec.]
[LEEbkz:MW_Codeword_LEE:5.574435472488403 sec.]
[LEEbkz:MW_Codeword_LEE:5.574651002883911 sec.]
[LEEbkz:MW_Codeword_LEE:5.574681997299194 sec.]
[LEEbkz:MW_Codeword_LEE:5.574945688247681 sec.]
[LEEbkz:MW_Codeword_LEE:5.574644088745117 sec.]
[LEEbkz:MW_Codeword_LEE:5.580062627792358 sec.]
[LEEbkz:MW_Codeword_LEE:5.574612855911255 sec.]
[LEEbkz:MW_Codeword_LEE:5.575336217880249 sec.]
[LEEbkz:MW_Codeword_LEE:6.028251647949219 sec.]
[LEEbkz:MW_Codeword_LEE:5.574889659881592 sec.]
[LEEbkz:MW_Codeword_LEE:5.667473077774048 sec.]
[LEEbkz:MW_Codeword_LEE:5.575464963912964 sec.]
[LEEbkz:MW_Codeword_LEE:5.575681924819946 sec.]
[LEEbkz:MW_Codeword_LEE:5.573913097381592 sec.]
[LEEbkz:MW_Codeword_LEE:5.580742359161377 sec.]
[LEEbkz:MW_Codeword_LEE:5.575570106506348 sec.]
[LEEbkz:MW_Codeword_LEE:5.57480001449585 sec.]
[LEEbkz:MW_Codeword_LEE:5.574129819869995 sec.]
[LEEbkz:MW_Codeword_LEE:5.574839115142822 sec.]
[LEEbkz:MW_Codeword_LEE:5.574777364730835 sec.]
[LEEbkz:MW_Codeword_LEE:5.575310468673706 sec.]
[LEEbkz:MW_Codeword_LEE:5.583341598510742 sec.]
[LEEbkz:MW_Codeword_LEE:5.575302362442017 sec.]
[LEEbkz:MW_Codeword_LEE:5.575067520141602 sec.]
[LEEbkz:MW_Codeword_LEE:5.5746095180511475 sec.]
[LEEbkz:MW_Codeword_LEE:5.574957847595215 sec.]
[LEEbkz:MW_Codeword_LEE:5.57506251335144 sec.]
[LEEbkz:MW_Codeword_LEE:5.575353384017944 sec.]
[LEEbkz:MW_Codeword_LEE:5.574652671813965 sec.]
[LEEbkz:MW_Codeword_LEE:6.028738975524902 sec.]
[LEEbkz:MW_Codeword_LEE:5.574883937835693 sec.]
[LEEbkz:MW_Codeword_LEE:5.5736212730407715 sec.]
[LEEbkz:MW_Codeword_LEE:5.574368238449097 sec.]
[LEEbkz:MW_Codeword_LEE:5.573409080505371 sec.]
[LEEbkz:MW_Codeword_LEE:5.66869044303894 sec.]
[LEEbkz:MW_Codeword_LEE:5.5747950077056885 sec.]
[LEEbkz:MW_Codeword_LEE:5.575135231018066 sec.]
[LEEbkz:MW_Codeword_LEE:5.582257986068726 sec.]
[LEEbkz:MW_Codeword_LEE:5.576021432876587 sec.]
[LEEbkz:MW_Codeword_LEE:5.579930543899536 sec.]
[LEEbkz:MW_Codeword_LEE:5.574351072311401 sec.]
[LEEbkz:MW_Codeword_LEE:5.574533462524414 sec.]
[LEEbkz:MW_Codeword_LEE:6.026979684829712 sec.]
[LEEbkz:MW_Codeword_LEE:5.581982374191284 sec.]
[LEEbkz:MW_Codeword_LEE:5.574700832366943 sec.]
[LEEbkz:MW_Codeword_LEE:5.575195789337158 sec.]
[LEEbkz:MW_Codeword_LEE:5.57564640045166 sec.]
[LEEbkz:MW_Codeword_LEE:5.5746238231658936 sec.]
[LEEbkz:MW_Codeword_LEE:5.574554681777954 sec.]
[LEEbkz:MW_Codeword_LEE:5.574882507324219 sec.]
[LEEbkz:MW_Codeword_LEE:5.575435638427734 sec.]
[LEEbkz:MW_Codeword_LEE:5.575234651565552 sec.]
[LEEbkz:MW_Codeword_LEE:5.575132369995117 sec.]
[LEEbkz:MW_Codeword_LEE:5.5756378173828125 sec.]
[LEEbkz:MW_Codeword_LEE:5.580923080444336 sec.]
[LEEbkz:MW_Codeword_LEE:5.575217247009277 sec.]
[LEEbkz:MW_Codeword_LEE:5.575601100921631 sec.]
[LEEbkz:MW_Codeword_LEE:5.57517409324646 sec.]
[LEEbkz:MW_Codeword_LEE:5.575178623199463 sec.]
[LEEbkz:MW_Codeword_LEE:5.573799133300781 sec.]
[LEEbkz:MW_Codeword_LEE:5.576153516769409 sec.]
[LEEbkz:MW_Codeword_LEE:5.576091289520264 sec.]
[LEEbkz:MW_Codeword_LEE:5.583633661270142 sec.]
[LEEbkz:MW_Codeword_LEE:5.575944900512695 sec.]
[LEEbkz:MW_Codeword_LEE:5.575490236282349 sec.]
[LEEbkz:MW_Codeword_LEE:5.5751893520355225 sec.]
[LEEbkz:MW_Codeword_LEE:5.575481176376343 sec.]
[LEEbkz:MW_Codeword_LEE:5.576733589172363 sec.]
[LEEbkz:MW_Codeword_LEE:5.574849367141724 sec.]
[LEEbkz:MW_Codeword_LEE:5.5754992961883545 sec.]
[LEEbkz:MW_Codeword_LEE:6.03035831451416 sec.]
[LEEbkz:MW_Codeword_LEE:5.575467586517334 sec.]
[LEEbkz:MW_Codeword_LEE:5.57626485824585 sec.]
[LEEbkz:MW_Codeword_LEE:5.57394552230835 sec.]
[LEEbkz:MW_Codeword_LEE:5.574856996536255 sec.]
[LEEbkz:MW_Codeword_LEE:5.575430393218994 sec.]
[LEEbkz:MW_Codeword_LEE:5.576059341430664 sec.]
[LEEbkz:MW_Codeword_LEE:5.574796915054321 sec.]
[LEEbkz:MW_Codeword_LEE:5.575995445251465 sec.]
[LEEbkz:MW_Codeword_LEE:5.575097560882568 sec.]
[LEEbkz:MW_Codeword_LEE:5.580072641372681 sec.]
[LEEbkz:MW_Codeword_LEE:5.57545804977417 sec.]
[LEEbkz:MW_Codeword_LEE:5.574486494064331 sec.]
[LEEbkz:MW_Codeword_LEE:6.028782606124878 sec.]
[LEEbkz:MW_Codeword_LEE:5.575530529022217 sec.]
[LEEbkz:MW_Codeword_LEE:5.576211929321289 sec.]
[LEEbkz:MW_Codeword_LEE:5.5752339363098145 sec.]
[LEEbkz:MW_Codeword_LEE:5.575428247451782 sec.]
[LEEbkz:MW_Codeword_LEE:5.573721885681152 sec.]
[LEEbkz:MW_Codeword_LEE:5.579914093017578 sec.]
[LEEbkz:MW_Codeword_LEE:5.575023174285889 sec.]
[LEEbkz:MW_Codeword_LEE:5.574957847595215 sec.]
[LEEbkz:MW_Codeword_LEE:6.027787923812866 sec.]
[LEEbkz:MW_Codeword_LEE:5.575174331665039 sec.]
[LEEbkz:MW_Codeword_LEE:5.575467109680176 sec.]
[LEEbkz:MW_Codeword_LEE:5.575219392776489 sec.]
[LEEbkz:MW_Codeword_LEE:5.5740203857421875 sec.]
[LEEbkz:MW_Codeword_LEE:5.57548189163208 sec.]
[LEEbkz:MW_Codeword_LEE:5.574634075164795 sec.]
[LEEbkz:MW_Codeword_LEE:5.574443101882935 sec.]
[LEEbkz:MW_Codeword_LEE:5.574655055999756 sec.]
[LEEbkz:MW_Codeword_LEE:5.574950218200684 sec.]
[LEEbkz:MW_Codeword_LEE:5.575287580490112 sec.]
[LEEbkz:MW_Codeword_LEE:5.575063943862915 sec.]
[LEEbkz:MW_Codeword_LEE:5.574663877487183 sec.]
[LEEbkz:MW_Codeword_LEE:5.669454574584961 sec.]
[LEEbkz:MW_Codeword_LEE:5.57461953163147 sec.]
[LEEbkz:MW_Codeword_LEE:5.57427191734314 sec.]
[LEEbkz:MW_Codeword_LEE:5.574534893035889 sec.]
[LEEbkz:MW_Codeword_LEE:5.5742738246917725 sec.]
[LEEbkz:MW_Codeword_LEE:5.57509446144104 sec.]
[LEEbkz:MW_Codeword_LEE:5.575048923492432 sec.]
[LEEbkz:MW_Codeword_LEE:6.03311824798584 sec.]
[LEEbkz:MW_Codeword_LEE:5.576204299926758 sec.]
[LEEbkz:MW_Codeword_LEE:5.5753703117370605 sec.]
[LEEbkz:MW_Codeword_LEE:5.57680869102478 sec.]
[LEEbkz:MW_Codeword_LEE:5.574383497238159 sec.]
[LEEbkz:MW_Codeword_LEE:0.5824027061462402 sec.]
[LEEbkz:MW_Codeword_LEE:0.07289719581604004 sec.]
[LEEbkz:MW_Codeword_LEE:0.02973341941833496 sec.]
[LEEbkz:MW_Codeword_LEE:0.024180889129638672 sec.]
[LEEbkz:MW_Codeword_LEE:0.022181034088134766 sec.]
[LEEbkz:MW_Codeword_LEE:0.02075648307800293 sec.]
Hamming profile after BKZ: [466, 38, 9, 3, 2, 1, 1, 1, 1, 1, 1, 1, 1, 1, 1, 1, 1, 1, 1, 1, 1, 1, 1, 1, 1, 1, 1, 1, 1, 1, 1, 1, 1, 1, 1, 1, 1, 1, 1, 1, 1, 1, 1, 1, 1, 1, 1, 1, 1, 1, 1, 1, 1, 1, 1, 1, 1, 1, 1, 1, 1, 1, 1, 1, 1, 1, 1, 1, 1, 1, 1, 1, 1, 1, 1, 1, 1, 1, 1, 1, 1, 1, 1, 1, 1, 1, 1, 1, 1, 1, 1, 1, 1, 1, 1, 1, 1, 1, 1, 1, 1, 1, 1, 1, 1, 1, 1, 1, 1, 1, 1, 1, 1, 1, 1, 1, 1, 1, 1, 1, 1, 1, 1, 1, 1, 1, 1, 1, 1, 1, 1, 1, 1, 1, 1, 1, 1, 1, 1, 1, 1, 1, 1, 1, 1, 1, 1, 1, 1, 1, 1, 1, 1, 1, 1, 1, 1, 1, 1, 1, 1, 1, 1, 1, 1, 1, 1, 1, 1, 1, 1, 1, 1, 1, 1, 1, 1, 1, 1, 1, 1, 1, 1, 1, 1, 1, 1, 1, 1, 1, 1, 1, 1, 1, 1, 1, 1, 1, 1, 1, 1, 1, 1, 1, 1, 1, 1, 1, 1, 1, 1, 1, 1, 1, 1, 1, 1, 1, 1, 1, 1, 1, 1, 1, 1, 1, 1, 1, 1, 1, 1, 1, 1, 1, 1, 1, 1, 1, 1, 1, 1, 1, 1, 1, 1, 1, 1, 1, 1, 1, 1, 1, 1, 1, 1, 1, 1, 1, 1, 1, 1, 1, 1, 1, 1, 1, 1, 1, 1, 1, 1, 1, 1, 1, 1, 1, 1, 1, 1, 1, 1, 1, 1, 1, 1, 1, 1, 1, 1, 1, 1, 1, 1, 1, 1, 1, 1, 1, 1, 1, 1, 1, 1, 1, 1, 1, 1, 1, 1, 1, 1, 1, 1, 1, 1, 1, 1, 1, 1, 1, 1, 1, 1, 1, 1, 1, 1, 1, 1, 1, 1, 1, 1, 1, 1, 1, 1, 1, 1, 1, 1, 1, 1, 1, 1, 1, 1, 1, 1, 1, 1, 1, 1, 1, 1, 1, 1, 1, 1, 1, 1, 1, 1, 1, 1, 1, 1, 1, 1, 1, 1, 1, 1, 1, 1, 1, 1, 1, 1, 1, 1, 1, 1, 1, 1, 1, 1, 1, 1, 1, 1, 1, 1, 1, 1, 1, 1, 1, 1, 1, 1, 1, 1, 1, 1, 1, 1, 1, 1, 1, 1, 1, 1, 1, 1, 1, 1, 1, 1, 1, 1, 1, 1, 1, 1, 1, 1, 1, 1, 1, 1, 1, 1, 1, 1, 1, 1, 1, 1, 1, 1, 1, 1, 1, 1, 1, 1, 1, 1, 1, 1, 1, 1, 1, 1, 1, 1, 1, 1, 1, 1, 1, 1, 1, 1, 1, 1, 1, 1, 1, 1, 1, 1, 1, 1, 1, 1, 1, 1, 1, 1, 1, 1, 1, 1, 1, 1, 1, 1, 1, 1, 1, 1, 1, 1, 1, 1, 1, 1, 1, 1, 1, 1, 1, 1, 1, 1, 1, 1, 1, 1, 0]
Lee profile after BKZ: [1194, 84, 14, 3, 2, 1, 1, 1, 1, 1, 1, 1, 1, 1, 1, 1, 1, 1, 1, 1, 1, 1, 1, 1, 1, 1, 1, 1, 1, 1, 1, 1, 1, 1, 1, 1, 1, 1, 1, 1, 1, 1, 1, 1, 1, 1, 1, 1, 1, 1, 1, 1, 1, 1, 1, 1, 1, 1, 1, 1, 1, 1, 1, 1, 1, 1, 1, 1, 1, 1, 1, 1, 1, 1, 1, 1, 1, 1, 1, 1, 1, 1, 1, 1, 1, 1, 1, 1, 1, 1, 1, 1, 1, 1, 1, 1, 1, 1, 1, 1, 1, 1, 1, 1, 1, 1, 1, 1, 1, 1, 1, 1, 1, 1, 1, 1, 1, 1, 1, 1, 1, 1, 1, 1, 1, 1, 1, 1, 1, 1, 1, 1, 1, 1, 1, 1, 1, 1, 1, 1, 1, 1, 1, 1, 1, 1, 1, 1, 1, 1, 1, 1, 1, 1, 1, 1, 1, 1, 1, 1, 1, 1, 1, 1, 1, 1, 1, 1, 1, 1, 1, 1, 1, 1, 1, 1, 1, 1, 1, 1, 1, 1, 1, 1, 1, 1, 1, 1, 1, 1, 1, 1, 1, 1, 1, 1, 1, 1, 1, 1, 1, 1, 1, 1, 1, 1, 1, 1, 1, 1, 1, 1, 1, 1, 1, 1, 1, 1, 1, 1, 1, 1, 1, 1, 1, 1, 1, 1, 1, 1, 1, 1, 1, 1, 1, 1, 1, 1, 1, 1, 1, 1, 1, 1, 1, 1, 1, 1, 1, 1, 1, 1, 1, 1, 1, 1, 1, 1, 1, 1, 1, 1, 1, 1, 1, 1, 1, 1, 1, 1, 1, 1, 1, 1, 1, 1, 1, 1, 1, 1, 1, 1, 1, 1, 1, 1, 1, 1, 1, 1, 1, 1, 1, 1, 1, 1, 1, 1, 1, 1, 1, 1, 1, 1, 1, 1, 1, 1, 1, 1, 1, 1, 1, 1, 1, 1, 1, 1, 1, 1, 1, 1, 1, 1, 1, 1, 1, 1, 1, 1, 1, 1, 1, 1, 1, 1, 1, 1, 1, 1, 1, 1, 1, 1, 1, 1, 1, 1, 1, 1, 1, 1, 1, 1, 1, 1, 1, 1, 1, 1, 1, 1, 1, 1, 1, 1, 1, 1, 1, 1, 1, 1, 1, 1, 1, 1, 1, 1, 1, 1, 1, 1, 1, 1, 1, 1, 1, 1, 1, 1, 1, 1, 1, 1, 1, 1, 1, 1, 1, 1, 1, 1, 1, 1, 1, 1, 1, 1, 1, 1, 1, 1, 1, 1, 1, 1, 1, 1, 1, 1, 1, 1, 1, 1, 1, 1, 1, 1, 1, 1, 1, 1, 1, 1, 1, 1, 1, 1, 1, 1, 1, 1, 1, 1, 1, 1, 1, 1, 1, 1, 1, 1, 1, 1, 1, 1, 1, 1, 1, 1, 1, 1, 1, 1, 1, 1, 1, 1, 1, 1, 1, 1, 1, 1, 1, 1, 1, 1, 1, 1, 1, 1, 1, 1, 1, 1, 1, 1, 1, 1, 1, 1, 1, 1, 1, 1, 1, 1, 1, 1, 1, 1, 1, 1, 1, 1, 1, 1, 1, 1, 1, 0]
466<=B_red[0].wtL<=2330
B_red[0].wtH=466, B_red[0].wtL=1194

Hamming profile: [451, 55, 9, 1, 1, 1, 1, 1, 1, 1, 1, 1, 1, 1, 1, 1, 1, 1, 1, 1, 1, 1, 1, 1, 1, 1, 1, 1, 1, 1, 1, 1, 1, 1, 1, 1, 1, 1, 1, 1, 1, 1, 1, 1, 1, 1, 1, 1, 1, 1, 1, 1, 1, 1, 1, 1, 1, 1, 1, 1, 1, 1, 1, 1, 1, 1, 1, 1, 1, 1, 1, 1, 1, 1, 1, 1, 1, 1, 1, 1, 1, 1, 1, 1, 1, 1, 1, 1, 1, 1, 1, 1, 1, 1, 1, 1, 1, 1, 1, 1, 1, 1, 1, 1, 1, 1, 1, 1, 1, 1, 1, 1, 1, 1, 1, 1, 1, 1, 1, 1, 1, 1, 1, 1, 1, 1, 1, 1, 1, 1, 1, 1, 1, 1, 1, 1, 1, 1, 1, 1, 1, 1, 1, 1, 1, 1, 1, 1, 1, 1, 1, 1, 1, 1, 1, 1, 1, 1, 1, 1, 1, 1, 1, 1, 1, 1, 1, 1, 1, 1, 1, 1, 1, 1, 1, 1, 1, 1, 1, 1, 1, 1, 1, 1, 1, 1, 1, 1, 1, 1, 1, 1, 1, 1, 1, 1, 1, 1, 1, 1, 1, 1, 1, 1, 1, 1, 1, 1, 1, 1, 1, 1, 1, 1, 1, 1, 1, 1, 1, 1, 1, 1, 1, 1, 1, 1, 1, 1, 1, 1, 1, 1, 1, 1, 1, 1, 1, 1, 1, 1, 1, 1, 1, 1, 1, 1, 1, 1, 1, 1, 1, 1, 1, 1, 1, 1, 1, 1, 1, 1, 1, 1, 1, 1, 1, 1, 1, 1, 1, 1, 1, 1, 1, 1, 1, 1, 1, 1, 1, 1, 1, 1, 1, 1, 1, 1, 1, 1, 1, 1, 1, 1, 1, 1, 1, 1, 1, 1, 1, 1, 1, 1, 1, 1, 1, 1, 1, 1, 1, 1, 1, 1, 1, 1, 1, 1, 1, 1, 1, 1, 1, 1, 1, 1, 1, 1, 1, 1, 1, 1, 1, 1, 1, 1, 1, 1, 1, 1, 1, 1, 1, 1, 1, 1, 1, 1, 1, 1, 1, 1, 1, 1, 1, 1, 1, 1, 1, 1, 1, 1, 1, 1, 1, 1, 1, 1, 1, 1, 1, 1, 1, 1, 1, 1, 1, 1, 1, 1, 1, 1, 1, 1, 1, 1, 1, 1, 1, 1, 1, 1, 1, 1, 1, 1, 1, 1, 1, 1, 1, 1, 1, 1, 1, 1, 1, 1, 1, 1, 1, 1, 1, 1, 1, 1, 1, 1, 1, 1, 1, 1, 1, 1, 1, 1, 1, 1, 1, 1, 1, 1, 1, 1, 1, 1, 1, 1, 1, 1, 1, 1, 1, 1, 1, 1, 1, 1, 1, 1, 1, 1, 1, 1, 1, 1, 1, 1, 1, 1, 1, 1, 1, 1, 1, 1, 1, 1, 1, 1, 1, 1, 1, 1, 1, 1, 1, 1, 1, 1, 1, 1, 1, 1, 1, 1, 1, 1, 1, 1, 1, 1, 1, 1, 1, 1, 1, 1, 1, 1, 1, 1, 1, 1, 1, 1, 1, 1, 1, 1, 1, 1, 1, 1]
Lee profile: [1359, 159, 27, 1, 1, 1, 1, 1, 1, 1, 1, 1, 1, 1, 1, 1, 1, 1, 1, 1, 1, 1, 1, 1, 1, 1, 1, 1, 1, 1, 1, 1, 1, 1, 1, 1, 1, 1, 1, 1, 1, 1, 1, 1, 1, 1, 1, 1, 1, 1, 1, 1, 1, 1, 1, 1, 1, 1, 1, 1, 1, 1, 1, 1, 1, 1, 1, 1, 1, 1, 1, 1, 1, 1, 1, 1, 1, 1, 1, 1, 1, 1, 1, 1, 1, 1, 1, 1, 1, 1, 1, 1, 1, 1, 1, 1, 1, 1, 1, 1, 1, 1, 1, 1, 1, 1, 1, 1, 1, 1, 1, 1, 1, 1, 1, 1, 1, 1, 1, 1, 1, 1, 1, 1, 1, 1, 1, 1, 1, 1, 1, 1, 1, 1, 1, 1, 1, 1, 1, 1, 1, 1, 1, 1, 1, 1, 1, 1, 1, 1, 1, 1, 1, 1, 1, 1, 1, 1, 1, 1, 1, 1, 1, 1, 1, 1, 1, 1, 1, 1, 1, 1, 1, 1, 1, 1, 1, 1, 1, 1, 1, 1, 1, 1, 1, 1, 1, 1, 1, 1, 1, 1, 1, 1, 1, 1, 1, 1, 1, 1, 1, 1, 1, 1, 1, 1, 1, 1, 1, 1, 1, 1, 1, 1, 1, 1, 1, 1, 1, 1, 1, 1, 1, 1, 1, 1, 1, 1, 1, 1, 1, 1, 1, 1, 1, 1, 1, 1, 1, 1, 1, 1, 1, 1, 1, 1, 1, 1, 1, 1, 1, 1, 1, 1, 1, 1, 1, 1, 1, 1, 1, 1, 1, 1, 1, 1, 1, 1, 1, 1, 1, 1, 1, 1, 1, 1, 1, 1, 1, 1, 1, 1, 1, 1, 1, 1, 1, 1, 1, 1, 1, 1, 1, 1, 1, 1, 1, 1, 1, 1, 1, 1, 1, 1, 1, 1, 1, 1, 1, 1, 1, 1, 1, 1, 1, 1, 1, 1, 1, 1, 1, 1, 1, 1, 1, 1, 1, 1, 1, 1, 1, 1, 1, 1, 1, 1, 1, 1, 1, 1, 1, 1, 1, 1, 1, 1, 1, 1, 1, 1, 1, 1, 1, 1, 1, 1, 1, 1, 1, 1, 1, 1, 1, 1, 1, 1, 1, 1, 1, 1, 1, 1, 1, 1, 1, 1, 1, 1, 1, 1, 1, 1, 1, 1, 1, 1, 1, 1, 1, 1, 1, 1, 1, 1, 1, 1, 1, 1, 1, 1, 1, 1, 1, 1, 1, 1, 1, 1, 1, 1, 1, 1, 1, 1, 1, 1, 1, 1, 1, 1, 1, 1, 1, 1, 1, 1, 1, 1, 1, 1, 1, 1, 1, 1, 1, 1, 1, 1, 1, 1, 1, 1, 1, 1, 1, 1, 1, 1, 1, 1, 1, 1, 1, 1, 1, 1, 1, 1, 1, 1, 1, 1, 1, 1, 1, 1, 1, 1, 1, 1, 1, 1, 1, 1, 1, 1, 1, 1, 1, 1, 1, 1, 1, 1, 1, 1, 1, 1, 1, 1, 1, 1, 1, 1, 1, 1, 1, 1, 1, 1, 1, 1, 1, 1, 1, 1, 1, 1, 1, 1, 1, 1]
451<=B[0].wtL<=2255
B[0].wtH=451, B[0].wtL=1359

--- LeeBKZ with beta=9, bkz with minimum_lee_wt_codeword (may be non-primitive) ---
[LEEbkz:MW_Codeword_LEE:143.7427203655243 sec.]
[LEEbkz:MW_Codeword_LEE:67.87494015693665 sec.]
[LEEbkz:MW_Codeword_LEE:143.0061376094818 sec.]
[LEEbkz:MW_Codeword_LEE:67.88805651664734 sec.]
[LEEbkz:MW_Codeword_LEE:61.014002561569214 sec.]
[LEEbkz:MW_Codeword_LEE:146.80071926116943 sec.]
[LEEbkz:MW_Codeword_LEE:67.9001202583313 sec.]
[LEEbkz:MW_Codeword_LEE:149.25865745544434 sec.]
[LEEbkz:MW_Codeword_LEE:67.91732692718506 sec.]
[LEEbkz:MW_Codeword_LEE:61.0101273059845 sec.]
[LEEbkz:MW_Codeword_LEE:149.4111692905426 sec.]
[LEEbkz:MW_Codeword_LEE:68.8147611618042 sec.]
[LEEbkz:MW_Codeword_LEE:148.20151901245117 sec.]
[LEEbkz:MW_Codeword_LEE:67.91210174560547 sec.]
[LEEbkz:MW_Codeword_LEE:62.035908937454224 sec.]
[LEEbkz:MW_Codeword_LEE:148.31977653503418 sec.]
[LEEbkz:MW_Codeword_LEE:67.91762375831604 sec.]
[LEEbkz:MW_Codeword_LEE:61.01366114616394 sec.]
[LEEbkz:MW_Codeword_LEE:61.00913166999817 sec.]
[LEEbkz:MW_Codeword_LEE:148.35739016532898 sec.]
[LEEbkz:MW_Codeword_LEE:67.90752720832825 sec.]
[LEEbkz:MW_Codeword_LEE:61.01476716995239 sec.]
[LEEbkz:MW_Codeword_LEE:61.01266264915466 sec.]
[LEEbkz:MW_Codeword_LEE:61.02459168434143 sec.]
[LEEbkz:MW_Codeword_LEE:151.4078929424286 sec.]
[LEEbkz:MW_Codeword_LEE:67.92414426803589 sec.]
[LEEbkz:MW_Codeword_LEE:61.015602588653564 sec.]
[LEEbkz:MW_Codeword_LEE:61.09095740318298 sec.]
[LEEbkz:MW_Codeword_LEE:61.14285945892334 sec.]
[LEEbkz:MW_Codeword_LEE:150.06832122802734 sec.]
[LEEbkz:MW_Codeword_LEE:68.07203197479248 sec.]
[LEEbkz:MW_Codeword_LEE:61.141828536987305 sec.]
[LEEbkz:MW_Codeword_LEE:61.1241569519043 sec.]
[LEEbkz:MW_Codeword_LEE:61.14917063713074 sec.]
[LEEbkz:MW_Codeword_LEE:149.71290016174316 sec.]
[LEEbkz:MW_Codeword_LEE:68.0465362071991 sec.]
[LEEbkz:MW_Codeword_LEE:148.438725233078 sec.]
[LEEbkz:MW_Codeword_LEE:74.77731323242188 sec.]
[LEEbkz:MW_Codeword_LEE:61.12712121009827 sec.]
[LEEbkz:MW_Codeword_LEE:148.4170045852661 sec.]
[LEEbkz:MW_Codeword_LEE:68.03426742553711 sec.]
[LEEbkz:MW_Codeword_LEE:61.12440776824951 sec.]
[LEEbkz:MW_Codeword_LEE:61.122180700302124 sec.]
[LEEbkz:MW_Codeword_LEE:148.4402995109558 sec.]
[LEEbkz:MW_Codeword_LEE:68.05299067497253 sec.]
[LEEbkz:MW_Codeword_LEE:61.13671875 sec.]
[LEEbkz:MW_Codeword_LEE:61.140217304229736 sec.]
[LEEbkz:MW_Codeword_LEE:61.124271869659424 sec.]
[LEEbkz:MW_Codeword_LEE:148.53692507743835 sec.]
[LEEbkz:MW_Codeword_LEE:68.05486798286438 sec.]
[LEEbkz:MW_Codeword_LEE:61.12706112861633 sec.]
[LEEbkz:MW_Codeword_LEE:61.14144229888916 sec.]
[LEEbkz:MW_Codeword_LEE:61.14451050758362 sec.]
[LEEbkz:MW_Codeword_LEE:143.32795596122742 sec.]
[LEEbkz:MW_Codeword_LEE:68.09021639823914 sec.]
[LEEbkz:MW_Codeword_LEE:61.13570213317871 sec.]
[LEEbkz:MW_Codeword_LEE:61.13817763328552 sec.]
[LEEbkz:MW_Codeword_LEE:61.12423086166382 sec.]
[LEEbkz:MW_Codeword_LEE:143.17399072647095 sec.]
[LEEbkz:MW_Codeword_LEE:68.05457544326782 sec.]
[LEEbkz:MW_Codeword_LEE:61.14557194709778 sec.]
[LEEbkz:MW_Codeword_LEE:61.138490200042725 sec.]
[LEEbkz:MW_Codeword_LEE:61.1337628364563 sec.]
[LEEbkz:MW_Codeword_LEE:143.5348780155182 sec.]
[LEEbkz:MW_Codeword_LEE:68.07421541213989 sec.]
[LEEbkz:MW_Codeword_LEE:67.26374530792236 sec.]
[LEEbkz:MW_Codeword_LEE:61.12854599952698 sec.]
[LEEbkz:MW_Codeword_LEE:61.133278369903564 sec.]
[LEEbkz:MW_Codeword_LEE:145.85492634773254 sec.]
[LEEbkz:MW_Codeword_LEE:68.06165885925293 sec.]
[LEEbkz:MW_Codeword_LEE:148.5703625679016 sec.]
[LEEbkz:MW_Codeword_LEE:69.05463027954102 sec.]
[LEEbkz:MW_Codeword_LEE:61.140790939331055 sec.]
[LEEbkz:MW_Codeword_LEE:148.4891173839569 sec.]
[LEEbkz:MW_Codeword_LEE:68.05934548377991 sec.]
[LEEbkz:MW_Codeword_LEE:61.13046193122864 sec.]
[LEEbkz:MW_Codeword_LEE:61.12955665588379 sec.]
[LEEbkz:MW_Codeword_LEE:148.46169805526733 sec.]
[LEEbkz:MW_Codeword_LEE:68.0571026802063 sec.]
[LEEbkz:MW_Codeword_LEE:61.1382782459259 sec.]
[LEEbkz:MW_Codeword_LEE:61.147510290145874 sec.]
[LEEbkz:MW_Codeword_LEE:61.13317513465881 sec.]
[LEEbkz:MW_Codeword_LEE:150.32141780853271 sec.]
[LEEbkz:MW_Codeword_LEE:68.05685687065125 sec.]
[LEEbkz:MW_Codeword_LEE:61.14228343963623 sec.]
[LEEbkz:MW_Codeword_LEE:61.13977336883545 sec.]
[LEEbkz:MW_Codeword_LEE:61.12717604637146 sec.]
[LEEbkz:MW_Codeword_LEE:148.44370007514954 sec.]
[LEEbkz:MW_Codeword_LEE:68.06037163734436 sec.]
[LEEbkz:MW_Codeword_LEE:61.13154625892639 sec.]
[LEEbkz:MW_Codeword_LEE:61.132466316223145 sec.]
[LEEbkz:MW_Codeword_LEE:61.126983404159546 sec.]
[LEEbkz:MW_Codeword_LEE:148.44773268699646 sec.]
[LEEbkz:MW_Codeword_LEE:68.079998254776 sec.]
[LEEbkz:MW_Codeword_LEE:61.14419436454773 sec.]
[LEEbkz:MW_Codeword_LEE:61.14140772819519 sec.]
[LEEbkz:MW_Codeword_LEE:61.1259446144104 sec.]
[LEEbkz:MW_Codeword_LEE:148.46532535552979 sec.]
[LEEbkz:MW_Codeword_LEE:68.0444552898407 sec.]
[LEEbkz:MW_Codeword_LEE:66.12605834007263 sec.]
[LEEbkz:MW_Codeword_LEE:61.15158128738403 sec.]
[LEEbkz:MW_Codeword_LEE:61.14577388763428 sec.]
[LEEbkz:MW_Codeword_LEE:151.7023184299469 sec.]
[LEEbkz:MW_Codeword_LEE:68.070237159729 sec.]
[LEEbkz:MW_Codeword_LEE:61.17005729675293 sec.]
[LEEbkz:MW_Codeword_LEE:61.14358377456665 sec.]
[LEEbkz:MW_Codeword_LEE:61.1601402759552 sec.]
[LEEbkz:MW_Codeword_LEE:68.06701874732971 sec.]
[LEEbkz:MW_Codeword_LEE:61.19442057609558 sec.]
[LEEbkz:MW_Codeword_LEE:61.145737648010254 sec.]
Hamming profile after BKZ: [442, 58, 11, 5, 1, 1, 1, 1, 1, 1, 1, 1, 1, 1, 1, 1, 1, 1, 1, 1, 1, 1, 1, 1, 1, 1, 1, 1, 1, 1, 1, 1, 1, 1, 1, 1, 1, 1, 1, 1, 1, 1, 1, 1, 1, 1, 1, 1, 1, 1, 1, 1, 1, 1, 1, 1, 1, 1, 1, 1, 1, 1, 1, 1, 1, 1, 1, 1, 1, 1, 1, 1, 1, 1, 1, 1, 1, 1, 1, 1, 1, 1, 1, 1, 1, 1, 1, 1, 1, 1, 1, 1, 1, 1, 1, 1, 1, 1, 1, 1, 1, 1, 1, 1, 1, 1, 1, 1, 1, 1, 1, 1, 1, 1, 1, 1, 1, 1, 1, 1, 1, 1, 1, 1, 1, 1, 1, 1, 1, 1, 1, 1, 1, 1, 1, 1, 1, 1, 1, 1, 1, 1, 1, 1, 1, 1, 1, 1, 1, 1, 1, 1, 1, 1, 1, 1, 1, 1, 1, 1, 1, 1, 1, 1, 1, 1, 1, 1, 1, 1, 1, 1, 1, 1, 1, 1, 1, 1, 1, 1, 1, 1, 1, 1, 1, 1, 1, 1, 1, 1, 1, 1, 1, 1, 1, 1, 1, 1, 1, 1, 1, 1, 1, 1, 1, 1, 1, 1, 1, 1, 1, 1, 1, 1, 1, 1, 1, 1, 1, 1, 1, 1, 1, 1, 1, 1, 1, 1, 1, 1, 1, 1, 1, 1, 1, 1, 1, 1, 1, 1, 1, 1, 1, 1, 1, 1, 1, 1, 1, 1, 1, 1, 1, 1, 1, 1, 1, 1, 1, 1, 1, 1, 1, 1, 1, 1, 1, 1, 1, 1, 1, 1, 1, 1, 1, 1, 1, 1, 1, 1, 1, 1, 1, 1, 1, 1, 1, 1, 1, 1, 1, 1, 1, 1, 1, 1, 1, 1, 1, 1, 1, 1, 1, 1, 1, 1, 1, 1, 1, 1, 1, 1, 1, 1, 1, 1, 1, 1, 1, 1, 1, 1, 1, 1, 1, 1, 1, 1, 1, 1, 1, 1, 1, 1, 1, 1, 1, 1, 1, 1, 1, 1, 1, 1, 1, 1, 1, 1, 1, 1, 1, 1, 1, 1, 1, 1, 1, 1, 1, 1, 1, 1, 1, 1, 1, 1, 1, 1, 1, 1, 1, 1, 1, 1, 1, 1, 1, 1, 1, 1, 1, 1, 1, 1, 1, 1, 1, 1, 1, 1, 1, 1, 1, 1, 1, 1, 1, 1, 1, 1, 1, 1, 1, 1, 1, 1, 1, 1, 1, 1, 1, 1, 1, 1, 1, 1, 1, 1, 1, 1, 1, 1, 1, 1, 1, 1, 1, 1, 1, 1, 1, 1, 1, 1, 1, 1, 1, 1, 1, 1, 1, 1, 1, 1, 1, 1, 1, 1, 1, 1, 1, 1, 1, 1, 1, 1, 1, 1, 1, 1, 1, 1, 1, 1, 1, 1, 1, 1, 1, 1, 1, 1, 1, 1, 1, 1, 1, 1, 1, 1, 1, 1, 1, 1, 1, 1, 1, 1, 1, 1, 1, 1, 1, 1, 1, 1, 1, 1, 1, 1, 1, 1, 1, 1, 1, 1, 1, 1, 1, 1, 1, 1]
Lee profile after BKZ: [1178, 133, 18, 5, 1, 1, 1, 1, 1, 1, 1, 1, 1, 1, 1, 1, 1, 1, 1, 1, 1, 1, 1, 1, 1, 1, 1, 1, 1, 1, 1, 1, 1, 1, 1, 1, 1, 1, 1, 1, 1, 1, 1, 1, 1, 1, 1, 1, 1, 1, 1, 1, 1, 1, 1, 1, 1, 1, 1, 1, 1, 1, 1, 1, 1, 1, 1, 1, 1, 1, 1, 1, 1, 1, 1, 1, 1, 1, 1, 1, 1, 1, 1, 1, 1, 1, 1, 1, 1, 1, 1, 1, 1, 1, 1, 1, 1, 1, 1, 1, 1, 1, 1, 1, 1, 1, 1, 1, 1, 1, 1, 1, 1, 1, 1, 1, 1, 1, 1, 1, 1, 1, 1, 1, 1, 1, 1, 1, 1, 1, 1, 1, 1, 1, 1, 1, 1, 1, 1, 1, 1, 1, 1, 1, 1, 1, 1, 1, 1, 1, 1, 1, 1, 1, 1, 1, 1, 1, 1, 1, 1, 1, 1, 1, 1, 1, 1, 1, 1, 1, 1, 1, 1, 1, 1, 1, 1, 1, 1, 1, 1, 1, 1, 1, 1, 1, 1, 1, 1, 1, 1, 1, 1, 1, 1, 1, 1, 1, 1, 1, 1, 1, 1, 1, 1, 1, 1, 1, 1, 1, 1, 1, 1, 1, 1, 1, 1, 1, 1, 1, 1, 1, 1, 1, 1, 1, 1, 1, 1, 1, 1, 1, 1, 1, 1, 1, 1, 1, 1, 1, 1, 1, 1, 1, 1, 1, 1, 1, 1, 1, 1, 1, 1, 1, 1, 1, 1, 1, 1, 1, 1, 1, 1, 1, 1, 1, 1, 1, 1, 1, 1, 1, 1, 1, 1, 1, 1, 1, 1, 1, 1, 1, 1, 1, 1, 1, 1, 1, 1, 1, 1, 1, 1, 1, 1, 1, 1, 1, 1, 1, 1, 1, 1, 1, 1, 1, 1, 1, 1, 1, 1, 1, 1, 1, 1, 1, 1, 1, 1, 1, 1, 1, 1, 1, 1, 1, 1, 1, 1, 1, 1, 1, 1, 1, 1, 1, 1, 1, 1, 1, 1, 1, 1, 1, 1, 1, 1, 1, 1, 1, 1, 1, 1, 1, 1, 1, 1, 1, 1, 1, 1, 1, 1, 1, 1, 1, 1, 1, 1, 1, 1, 1, 1, 1, 1, 1, 1, 1, 1, 1, 1, 1, 1, 1, 1, 1, 1, 1, 1, 1, 1, 1, 1, 1, 1, 1, 1, 1, 1, 1, 1, 1, 1, 1, 1, 1, 1, 1, 1, 1, 1, 1, 1, 1, 1, 1, 1, 1, 1, 1, 1, 1, 1, 1, 1, 1, 1, 1, 1, 1, 1, 1, 1, 1, 1, 1, 1, 1, 1, 1, 1, 1, 1, 1, 1, 1, 1, 1, 1, 1, 1, 1, 1, 1, 1, 1, 1, 1, 1, 1, 1, 1, 1, 1, 1, 1, 1, 1, 1, 1, 1, 1, 1, 1, 1, 1, 1, 1, 1, 1, 1, 1, 1, 1, 1, 1, 1, 1, 1, 1, 1, 1, 1, 1, 1, 1, 1, 1, 1, 1, 1, 1, 1, 1, 1, 1, 1, 1, 1, 1, 1, 1]
442<=B_red[0].wtL<=2210
B_red[0].wtH=442, B_red[0].wtL=1178

Hamming profile: [476, 32, 7, 1, 1, 1, 1, 1, 1, 1, 1, 1, 1, 1, 1, 1, 1, 1, 1, 1, 1, 1, 1, 1, 1, 1, 1, 1, 1, 1, 1, 1, 1, 1, 1, 1, 1, 1, 1, 1, 1, 1, 1, 1, 1, 1, 1, 1, 1, 1, 1, 1, 1, 1, 1, 1, 1, 1, 1, 1, 1, 1, 1, 1, 1, 1, 1, 1, 1, 1, 1, 1, 1, 1, 1, 1, 1, 1, 1, 1, 1, 1, 1, 1, 1, 1, 1, 1, 1, 1, 1, 1, 1, 1, 1, 1, 1, 1, 1, 1, 1, 1, 1, 1, 1, 1, 1, 1, 1, 1, 1, 1, 1, 1, 1, 1, 1, 1, 1, 1, 1, 1, 1, 1, 1, 1, 1, 1, 1, 1, 1, 1, 1, 1, 1, 1, 1, 1, 1, 1, 1, 1, 1, 1, 1, 1, 1, 1, 1, 1, 1, 1, 1, 1, 1, 1, 1, 1, 1, 1, 1, 1, 1, 1, 1, 1, 1, 1, 1, 1, 1, 1, 1, 1, 1, 1, 1, 1, 1, 1, 1, 1, 1, 1, 1, 1, 1, 1, 1, 1, 1, 1, 1, 1, 1, 1, 1, 1, 1, 1, 1, 1, 1, 1, 1, 1, 1, 1, 1, 1, 1, 1, 1, 1, 1, 1, 1, 1, 1, 1, 1, 1, 1, 1, 1, 1, 1, 1, 1, 1, 1, 1, 1, 1, 1, 1, 1, 1, 1, 1, 1, 1, 1, 1, 1, 1, 1, 1, 1, 1, 1, 1, 1, 1, 1, 1, 1, 1, 1, 1, 1, 1, 1, 1, 1, 1, 1, 1, 1, 1, 1, 1, 1, 1, 1, 1, 1, 1, 1, 1, 1, 1, 1, 1, 1, 1, 1, 1, 1, 1, 1, 1, 1, 1, 1, 1, 1, 1, 1, 1, 1, 1, 1, 1, 1, 1, 1, 1, 1, 1, 1, 1, 1, 1, 1, 1, 1, 1, 1, 1, 1, 1, 1, 1, 1, 1, 1, 1, 1, 1, 1, 1, 1, 1, 1, 1, 1, 1, 1, 1, 1, 1, 1, 1, 1, 1, 1, 1, 1, 1, 1, 1, 1, 1, 1, 1, 1, 1, 1, 1, 1, 1, 1, 1, 1, 1, 1, 1, 1, 1, 1, 1, 1, 1, 1, 1, 1, 1, 1, 1, 1, 1, 1, 1, 1, 1, 1, 1, 1, 1, 1, 1, 1, 1, 1, 1, 1, 1, 1, 1, 1, 1, 1, 1, 1, 1, 1, 1, 1, 1, 1, 1, 1, 1, 1, 1, 1, 1, 1, 1, 1, 1, 1, 1, 1, 1, 1, 1, 1, 1, 1, 1, 1, 1, 1, 1, 1, 1, 1, 1, 1, 1, 1, 1, 1, 1, 1, 1, 1, 1, 1, 1, 1, 1, 1, 1, 1, 1, 1, 1, 1, 1, 1, 1, 1, 1, 1, 1, 1, 1, 1, 1, 1, 1, 1, 1, 1, 1, 1, 1, 1, 1, 1, 1, 1, 1, 1, 1, 1, 1, 1, 1, 1, 1, 1, 1, 1, 1, 1, 1, 1, 1, 1, 1, 1, 1, 1, 1, 1, 1, 1, 1]
Lee profile: [1356, 88, 19, 1, 1, 1, 1, 1, 1, 1, 1, 1, 1, 1, 1, 1, 1, 1, 1, 1, 1, 1, 1, 1, 1, 1, 1, 1, 1, 1, 1, 1, 1, 1, 1, 1, 1, 1, 1, 1, 1, 1, 1, 1, 1, 1, 1, 1, 1, 1, 1, 1, 1, 1, 1, 1, 1, 1, 1, 1, 1, 1, 1, 1, 1, 1, 1, 1, 1, 1, 1, 1, 1, 1, 1, 1, 1, 1, 1, 1, 1, 1, 1, 1, 1, 1, 1, 1, 1, 1, 1, 1, 1, 1, 1, 1, 1, 1, 1, 1, 1, 1, 1, 1, 1, 1, 1, 1, 1, 1, 1, 1, 1, 1, 1, 1, 1, 1, 1, 1, 1, 1, 1, 1, 1, 1, 1, 1, 1, 1, 1, 1, 1, 1, 1, 1, 1, 1, 1, 1, 1, 1, 1, 1, 1, 1, 1, 1, 1, 1, 1, 1, 1, 1, 1, 1, 1, 1, 1, 1, 1, 1, 1, 1, 1, 1, 1, 1, 1, 1, 1, 1, 1, 1, 1, 1, 1, 1, 1, 1, 1, 1, 1, 1, 1, 1, 1, 1, 1, 1, 1, 1, 1, 1, 1, 1, 1, 1, 1, 1, 1, 1, 1, 1, 1, 1, 1, 1, 1, 1, 1, 1, 1, 1, 1, 1, 1, 1, 1, 1, 1, 1, 1, 1, 1, 1, 1, 1, 1, 1, 1, 1, 1, 1, 1, 1, 1, 1, 1, 1, 1, 1, 1, 1, 1, 1, 1, 1, 1, 1, 1, 1, 1, 1, 1, 1, 1, 1, 1, 1, 1, 1, 1, 1, 1, 1, 1, 1, 1, 1, 1, 1, 1, 1, 1, 1, 1, 1, 1, 1, 1, 1, 1, 1, 1, 1, 1, 1, 1, 1, 1, 1, 1, 1, 1, 1, 1, 1, 1, 1, 1, 1, 1, 1, 1, 1, 1, 1, 1, 1, 1, 1, 1, 1, 1, 1, 1, 1, 1, 1, 1, 1, 1, 1, 1, 1, 1, 1, 1, 1, 1, 1, 1, 1, 1, 1, 1, 1, 1, 1, 1, 1, 1, 1, 1, 1, 1, 1, 1, 1, 1, 1, 1, 1, 1, 1, 1, 1, 1, 1, 1, 1, 1, 1, 1, 1, 1, 1, 1, 1, 1, 1, 1, 1, 1, 1, 1, 1, 1, 1, 1, 1, 1, 1, 1, 1, 1, 1, 1, 1, 1, 1, 1, 1, 1, 1, 1, 1, 1, 1, 1, 1, 1, 1, 1, 1, 1, 1, 1, 1, 1, 1, 1, 1, 1, 1, 1, 1, 1, 1, 1, 1, 1, 1, 1, 1, 1, 1, 1, 1, 1, 1, 1, 1, 1, 1, 1, 1, 1, 1, 1, 1, 1, 1, 1, 1, 1, 1, 1, 1, 1, 1, 1, 1, 1, 1, 1, 1, 1, 1, 1, 1, 1, 1, 1, 1, 1, 1, 1, 1, 1, 1, 1, 1, 1, 1, 1, 1, 1, 1, 1, 1, 1, 1, 1, 1, 1, 1, 1, 1, 1, 1, 1, 1, 1, 1, 1, 1, 1, 1, 1, 1, 1, 1, 1, 1, 1, 1, 1, 1, 1, 1]
476<=B[0].wtL<=2380
B[0].wtH=476, B[0].wtL=1356

--- LeeBKZ with beta=9, bkz with minimum_lee_wt_codeword (may be non-primitive) ---
[LEEbkz:MW_Codeword_LEE:146.74315071105957 sec.]
[LEEbkz:MW_Codeword_LEE:68.07035446166992 sec.]
[LEEbkz:MW_Codeword_LEE:147.16692900657654 sec.]
[LEEbkz:MW_Codeword_LEE:68.06536388397217 sec.]
[LEEbkz:MW_Codeword_LEE:147.0451786518097 sec.]
[LEEbkz:MW_Codeword_LEE:68.0720841884613 sec.]
[LEEbkz:MW_Codeword_LEE:61.150731801986694 sec.]
[LEEbkz:MW_Codeword_LEE:147.03291153907776 sec.]
[LEEbkz:MW_Codeword_LEE:68.07290029525757 sec.]
[LEEbkz:MW_Codeword_LEE:61.14891791343689 sec.]
[LEEbkz:MW_Codeword_LEE:61.14817976951599 sec.]
[LEEbkz:MW_Codeword_LEE:147.77045702934265 sec.]
[LEEbkz:MW_Codeword_LEE:68.06414365768433 sec.]
[LEEbkz:MW_Codeword_LEE:61.14382243156433 sec.]
[LEEbkz:MW_Codeword_LEE:61.14351177215576 sec.]
[LEEbkz:MW_Codeword_LEE:61.14967465400696 sec.]
[LEEbkz:MW_Codeword_LEE:148.41973567008972 sec.]
[LEEbkz:MW_Codeword_LEE:68.06166434288025 sec.]
[LEEbkz:MW_Codeword_LEE:61.1564998626709 sec.]
[LEEbkz:MW_Codeword_LEE:61.15175533294678 sec.]
[LEEbkz:MW_Codeword_LEE:66.13629984855652 sec.]
[LEEbkz:MW_Codeword_LEE:143.2119688987732 sec.]
[LEEbkz:MW_Codeword_LEE:68.07392859458923 sec.]
[LEEbkz:MW_Codeword_LEE:61.14715027809143 sec.]
[LEEbkz:MW_Codeword_LEE:61.15029430389404 sec.]
[LEEbkz:MW_Codeword_LEE:66.11994051933289 sec.]
[LEEbkz:MW_Codeword_LEE:61.14962649345398 sec.]
[LEEbkz:MW_Codeword_LEE:148.49970769882202 sec.]
[LEEbkz:MW_Codeword_LEE:68.05580925941467 sec.]
[LEEbkz:MW_Codeword_LEE:61.15189552307129 sec.]
[LEEbkz:MW_Codeword_LEE:61.153642654418945 sec.]
[LEEbkz:MW_Codeword_LEE:61.139699935913086 sec.]
[LEEbkz:MW_Codeword_LEE:61.134345054626465 sec.]
[LEEbkz:MW_Codeword_LEE:143.1494071483612 sec.]
[LEEbkz:MW_Codeword_LEE:68.05449104309082 sec.]
[LEEbkz:MW_Codeword_LEE:61.13351058959961 sec.]
[LEEbkz:MW_Codeword_LEE:61.1306848526001 sec.]
[LEEbkz:MW_Codeword_LEE:61.13837718963623 sec.]
[LEEbkz:MW_Codeword_LEE:61.13609266281128 sec.]
[LEEbkz:MW_Codeword_LEE:148.6032419204712 sec.]
[LEEbkz:MW_Codeword_LEE:74.73066186904907 sec.]
[LEEbkz:MW_Codeword_LEE:61.13471961021423 sec.]
[LEEbkz:MW_Codeword_LEE:61.13553190231323 sec.]
[LEEbkz:MW_Codeword_LEE:61.18830156326294 sec.]
[LEEbkz:MW_Codeword_LEE:61.13317847251892 sec.]
[LEEbkz:MW_Codeword_LEE:68.06256318092346 sec.]
[LEEbkz:MW_Codeword_LEE:150.13860774040222 sec.]
[LEEbkz:MW_Codeword_LEE:68.05583143234253 sec.]
[LEEbkz:MW_Codeword_LEE:61.137075662612915 sec.]
[LEEbkz:MW_Codeword_LEE:150.0579433441162 sec.]
[LEEbkz:MW_Codeword_LEE:68.05310082435608 sec.]
[LEEbkz:MW_Codeword_LEE:61.1299090385437 sec.]
[LEEbkz:MW_Codeword_LEE:61.141321420669556 sec.]
[LEEbkz:MW_Codeword_LEE:147.84740781784058 sec.]
[LEEbkz:MW_Codeword_LEE:68.06811475753784 sec.]
[LEEbkz:MW_Codeword_LEE:61.13461875915527 sec.]
[LEEbkz:MW_Codeword_LEE:66.09962916374207 sec.]
[LEEbkz:MW_Codeword_LEE:61.1397545337677 sec.]
[LEEbkz:MW_Codeword_LEE:147.82120895385742 sec.]
[LEEbkz:MW_Codeword_LEE:68.05163407325745 sec.]
[LEEbkz:MW_Codeword_LEE:61.14052724838257 sec.]
[LEEbkz:MW_Codeword_LEE:61.142170906066895 sec.]
[LEEbkz:MW_Codeword_LEE:61.123329401016235 sec.]
[LEEbkz:MW_Codeword_LEE:148.55434894561768 sec.]
[LEEbkz:MW_Codeword_LEE:68.0650405883789 sec.]
[LEEbkz:MW_Codeword_LEE:61.13825607299805 sec.]
[LEEbkz:MW_Codeword_LEE:61.146135568618774 sec.]
[LEEbkz:MW_Codeword_LEE:61.13281559944153 sec.]
[LEEbkz:MW_Codeword_LEE:145.0260066986084 sec.]
[LEEbkz:MW_Codeword_LEE:68.06228566169739 sec.]
[LEEbkz:MW_Codeword_LEE:61.1366548538208 sec.]
[LEEbkz:MW_Codeword_LEE:61.15531039237976 sec.]
[LEEbkz:MW_Codeword_LEE:61.155184507369995 sec.]
[LEEbkz:MW_Codeword_LEE:147.83731245994568 sec.]
[LEEbkz:MW_Codeword_LEE:68.11594843864441 sec.]
[LEEbkz:MW_Codeword_LEE:61.13288998603821 sec.]
[LEEbkz:MW_Codeword_LEE:66.13726425170898 sec.]
[LEEbkz:MW_Codeword_LEE:61.15549969673157 sec.]
[LEEbkz:MW_Codeword_LEE:150.06087398529053 sec.]
[LEEbkz:MW_Codeword_LEE:68.06737875938416 sec.]
[LEEbkz:MW_Codeword_LEE:61.13739085197449 sec.]
[LEEbkz:MW_Codeword_LEE:61.13945198059082 sec.]
[LEEbkz:MW_Codeword_LEE:66.10397958755493 sec.]
[LEEbkz:MW_Codeword_LEE:68.06824445724487 sec.]
[LEEbkz:MW_Codeword_LEE:61.13866686820984 sec.]
[LEEbkz:MW_Codeword_LEE:61.14352750778198 sec.]
Hamming profile after BKZ: [457, 52, 5, 2, 1, 1, 1, 1, 1, 1, 1, 1, 1, 1, 1, 1, 1, 1, 1, 1, 1, 1, 1, 1, 1, 1, 1, 1, 1, 1, 1, 1, 1, 1, 1, 1, 1, 1, 1, 1, 1, 1, 1, 1, 1, 1, 1, 1, 1, 1, 1, 1, 1, 1, 1, 1, 1, 1, 1, 1, 1, 1, 1, 1, 1, 1, 1, 1, 1, 1, 1, 1, 1, 1, 1, 1, 1, 1, 1, 1, 1, 1, 1, 1, 1, 1, 1, 1, 1, 1, 1, 1, 1, 1, 1, 1, 1, 1, 1, 1, 1, 1, 1, 1, 1, 1, 1, 1, 1, 1, 1, 1, 1, 1, 1, 1, 1, 1, 1, 1, 1, 1, 1, 1, 1, 1, 1, 1, 1, 1, 1, 1, 1, 1, 1, 1, 1, 1, 1, 1, 1, 1, 1, 1, 1, 1, 1, 1, 1, 1, 1, 1, 1, 1, 1, 1, 1, 1, 1, 1, 1, 1, 1, 1, 1, 1, 1, 1, 1, 1, 1, 1, 1, 1, 1, 1, 1, 1, 1, 1, 1, 1, 1, 1, 1, 1, 1, 1, 1, 1, 1, 1, 1, 1, 1, 1, 1, 1, 1, 1, 1, 1, 1, 1, 1, 1, 1, 1, 1, 1, 1, 1, 1, 1, 1, 1, 1, 1, 1, 1, 1, 1, 1, 1, 1, 1, 1, 1, 1, 1, 1, 1, 1, 1, 1, 1, 1, 1, 1, 1, 1, 1, 1, 1, 1, 1, 1, 1, 1, 1, 1, 1, 1, 1, 1, 1, 1, 1, 1, 1, 1, 1, 1, 1, 1, 1, 1, 1, 1, 1, 1, 1, 1, 1, 1, 1, 1, 1, 1, 1, 1, 1, 1, 1, 1, 1, 1, 1, 1, 1, 1, 1, 1, 1, 1, 1, 1, 1, 1, 1, 1, 1, 1, 1, 1, 1, 1, 1, 1, 1, 1, 1, 1, 1, 1, 1, 1, 1, 1, 1, 1, 1, 1, 1, 1, 1, 1, 1, 1, 1, 1, 1, 1, 1, 1, 1, 1, 1, 1, 1, 1, 1, 1, 1, 1, 1, 1, 1, 1, 1, 1, 1, 1, 1, 1, 1, 1, 1, 1, 1, 1, 1, 1, 1, 1, 1, 1, 1, 1, 1, 1, 1, 1, 1, 1, 1, 1, 1, 1, 1, 1, 1, 1, 1, 1, 1, 1, 1, 1, 1, 1, 1, 1, 1, 1, 1, 1, 1, 1, 1, 1, 1, 1, 1, 1, 1, 1, 1, 1, 1, 1, 1, 1, 1, 1, 1, 1, 1, 1, 1, 1, 1, 1, 1, 1, 1, 1, 1, 1, 1, 1, 1, 1, 1, 1, 1, 1, 1, 1, 1, 1, 1, 1, 1, 1, 1, 1, 1, 1, 1, 1, 1, 1, 1, 1, 1, 1, 1, 1, 1, 1, 1, 1, 1, 1, 1, 1, 1, 1, 1, 1, 1, 1, 1, 1, 1, 1, 1, 1, 1, 1, 1, 1, 1, 1, 1, 1, 1, 1, 1, 1, 1, 1, 1, 1, 1, 1, 1, 1, 1, 1, 1, 1, 1, 1, 1, 1, 1, 1, 1, 1, 1]
Lee profile after BKZ: [1185, 98, 6, 2, 1, 1, 1, 1, 1, 1, 1, 1, 1, 1, 1, 1, 1, 1, 1, 1, 1, 1, 1, 1, 1, 1, 1, 1, 1, 1, 1, 1, 1, 1, 1, 1, 1, 1, 1, 1, 1, 1, 1, 1, 1, 1, 1, 1, 1, 1, 1, 1, 1, 1, 1, 1, 1, 1, 1, 1, 1, 1, 1, 1, 1, 1, 1, 1, 1, 1, 1, 1, 1, 1, 1, 1, 1, 1, 1, 1, 1, 1, 1, 1, 1, 1, 1, 1, 1, 1, 1, 1, 1, 1, 1, 1, 1, 1, 1, 1, 1, 1, 1, 1, 1, 1, 1, 1, 1, 1, 1, 1, 1, 1, 1, 1, 1, 1, 1, 1, 1, 1, 1, 1, 1, 1, 1, 1, 1, 1, 1, 1, 1, 1, 1, 1, 1, 1, 1, 1, 1, 1, 1, 1, 1, 1, 1, 1, 1, 1, 1, 1, 1, 1, 1, 1, 1, 1, 1, 1, 1, 1, 1, 1, 1, 1, 1, 1, 1, 1, 1, 1, 1, 1, 1, 1, 1, 1, 1, 1, 1, 1, 1, 1, 1, 1, 1, 1, 1, 1, 1, 1, 1, 1, 1, 1, 1, 1, 1, 1, 1, 1, 1, 1, 1, 1, 1, 1, 1, 1, 1, 1, 1, 1, 1, 1, 1, 1, 1, 1, 1, 1, 1, 1, 1, 1, 1, 1, 1, 1, 1, 1, 1, 1, 1, 1, 1, 1, 1, 1, 1, 1, 1, 1, 1, 1, 1, 1, 1, 1, 1, 1, 1, 1, 1, 1, 1, 1, 1, 1, 1, 1, 1, 1, 1, 1, 1, 1, 1, 1, 1, 1, 1, 1, 1, 1, 1, 1, 1, 1, 1, 1, 1, 1, 1, 1, 1, 1, 1, 1, 1, 1, 1, 1, 1, 1, 1, 1, 1, 1, 1, 1, 1, 1, 1, 1, 1, 1, 1, 1, 1, 1, 1, 1, 1, 1, 1, 1, 1, 1, 1, 1, 1, 1, 1, 1, 1, 1, 1, 1, 1, 1, 1, 1, 1, 1, 1, 1, 1, 1, 1, 1, 1, 1, 1, 1, 1, 1, 1, 1, 1, 1, 1, 1, 1, 1, 1, 1, 1, 1, 1, 1, 1, 1, 1, 1, 1, 1, 1, 1, 1, 1, 1, 1, 1, 1, 1, 1, 1, 1, 1, 1, 1, 1, 1, 1, 1, 1, 1, 1, 1, 1, 1, 1, 1, 1, 1, 1, 1, 1, 1, 1, 1, 1, 1, 1, 1, 1, 1, 1, 1, 1, 1, 1, 1, 1, 1, 1, 1, 1, 1, 1, 1, 1, 1, 1, 1, 1, 1, 1, 1, 1, 1, 1, 1, 1, 1, 1, 1, 1, 1, 1, 1, 1, 1, 1, 1, 1, 1, 1, 1, 1, 1, 1, 1, 1, 1, 1, 1, 1, 1, 1, 1, 1, 1, 1, 1, 1, 1, 1, 1, 1, 1, 1, 1, 1, 1, 1, 1, 1, 1, 1, 1, 1, 1, 1, 1, 1, 1, 1, 1, 1, 1, 1, 1, 1, 1, 1, 1, 1, 1, 1, 1, 1, 1, 1, 1, 1, 1, 1, 1, 1]
457<=B_red[0].wtL<=2285
B_red[0].wtH=457, B_red[0].wtL=1185

Hamming profile: [475, 36, 4, 1, 1, 1, 1, 1, 1, 1, 1, 1, 1, 1, 1, 1, 1, 1, 1, 1, 1, 1, 1, 1, 1, 1, 1, 1, 1, 1, 1, 1, 1, 1, 1, 1, 1, 1, 1, 1, 1, 1, 1, 1, 1, 1, 1, 1, 1, 1, 1, 1, 1, 1, 1, 1, 1, 1, 1, 1, 1, 1, 1, 1, 1, 1, 1, 1, 1, 1, 1, 1, 1, 1, 1, 1, 1, 1, 1, 1, 1, 1, 1, 1, 1, 1, 1, 1, 1, 1, 1, 1, 1, 1, 1, 1, 1, 1, 1, 1, 1, 1, 1, 1, 1, 1, 1, 1, 1, 1, 1, 1, 1, 1, 1, 1, 1, 1, 1, 1, 1, 1, 1, 1, 1, 1, 1, 1, 1, 1, 1, 1, 1, 1, 1, 1, 1, 1, 1, 1, 1, 1, 1, 1, 1, 1, 1, 1, 1, 1, 1, 1, 1, 1, 1, 1, 1, 1, 1, 1, 1, 1, 1, 1, 1, 1, 1, 1, 1, 1, 1, 1, 1, 1, 1, 1, 1, 1, 1, 1, 1, 1, 1, 1, 1, 1, 1, 1, 1, 1, 1, 1, 1, 1, 1, 1, 1, 1, 1, 1, 1, 1, 1, 1, 1, 1, 1, 1, 1, 1, 1, 1, 1, 1, 1, 1, 1, 1, 1, 1, 1, 1, 1, 1, 1, 1, 1, 1, 1, 1, 1, 1, 1, 1, 1, 1, 1, 1, 1, 1, 1, 1, 1, 1, 1, 1, 1, 1, 1, 1, 1, 1, 1, 1, 1, 1, 1, 1, 1, 1, 1, 1, 1, 1, 1, 1, 1, 1, 1, 1, 1, 1, 1, 1, 1, 1, 1, 1, 1, 1, 1, 1, 1, 1, 1, 1, 1, 1, 1, 1, 1, 1, 1, 1, 1, 1, 1, 1, 1, 1, 1, 1, 1, 1, 1, 1, 1, 1, 1, 1, 1, 1, 1, 1, 1, 1, 1, 1, 1, 1, 1, 1, 1, 1, 1, 1, 1, 1, 1, 1, 1, 1, 1, 1, 1, 1, 1, 1, 1, 1, 1, 1, 1, 1, 1, 1, 1, 1, 1, 1, 1, 1, 1, 1, 1, 1, 1, 1, 1, 1, 1, 1, 1, 1, 1, 1, 1, 1, 1, 1, 1, 1, 1, 1, 1, 1, 1, 1, 1, 1, 1, 1, 1, 1, 1, 1, 1, 1, 1, 1, 1, 1, 1, 1, 1, 1, 1, 1, 1, 1, 1, 1, 1, 1, 1, 1, 1, 1, 1, 1, 1, 1, 1, 1, 1, 1, 1, 1, 1, 1, 1, 1, 1, 1, 1, 1, 1, 1, 1, 1, 1, 1, 1, 1, 1, 1, 1, 1, 1, 1, 1, 1, 1, 1, 1, 1, 1, 1, 1, 1, 1, 1, 1, 1, 1, 1, 1, 1, 1, 1, 1, 1, 1, 1, 1, 1, 1, 1, 1, 1, 1, 1, 1, 1, 1, 1, 1, 1, 1, 1, 1, 1, 1, 1, 1, 1, 1, 1, 1, 1, 1, 1, 1, 1, 1, 1, 1, 1, 1, 1, 1, 1, 1, 1, 1, 1, 1, 1, 1, 1, 1, 1]
Lee profile: [1440, 101, 10, 1, 1, 1, 1, 1, 1, 1, 1, 1, 1, 1, 1, 1, 1, 1, 1, 1, 1, 1, 1, 1, 1, 1, 1, 1, 1, 1, 1, 1, 1, 1, 1, 1, 1, 1, 1, 1, 1, 1, 1, 1, 1, 1, 1, 1, 1, 1, 1, 1, 1, 1, 1, 1, 1, 1, 1, 1, 1, 1, 1, 1, 1, 1, 1, 1, 1, 1, 1, 1, 1, 1, 1, 1, 1, 1, 1, 1, 1, 1, 1, 1, 1, 1, 1, 1, 1, 1, 1, 1, 1, 1, 1, 1, 1, 1, 1, 1, 1, 1, 1, 1, 1, 1, 1, 1, 1, 1, 1, 1, 1, 1, 1, 1, 1, 1, 1, 1, 1, 1, 1, 1, 1, 1, 1, 1, 1, 1, 1, 1, 1, 1, 1, 1, 1, 1, 1, 1, 1, 1, 1, 1, 1, 1, 1, 1, 1, 1, 1, 1, 1, 1, 1, 1, 1, 1, 1, 1, 1, 1, 1, 1, 1, 1, 1, 1, 1, 1, 1, 1, 1, 1, 1, 1, 1, 1, 1, 1, 1, 1, 1, 1, 1, 1, 1, 1, 1, 1, 1, 1, 1, 1, 1, 1, 1, 1, 1, 1, 1, 1, 1, 1, 1, 1, 1, 1, 1, 1, 1, 1, 1, 1, 1, 1, 1, 1, 1, 1, 1, 1, 1, 1, 1, 1, 1, 1, 1, 1, 1, 1, 1, 1, 1, 1, 1, 1, 1, 1, 1, 1, 1, 1, 1, 1, 1, 1, 1, 1, 1, 1, 1, 1, 1, 1, 1, 1, 1, 1, 1, 1, 1, 1, 1, 1, 1, 1, 1, 1, 1, 1, 1, 1, 1, 1, 1, 1, 1, 1, 1, 1, 1, 1, 1, 1, 1, 1, 1, 1, 1, 1, 1, 1, 1, 1, 1, 1, 1, 1, 1, 1, 1, 1, 1, 1, 1, 1, 1, 1, 1, 1, 1, 1, 1, 1, 1, 1, 1, 1, 1, 1, 1, 1, 1, 1, 1, 1, 1, 1, 1, 1, 1, 1, 1, 1, 1, 1, 1, 1, 1, 1, 1, 1, 1, 1, 1, 1, 1, 1, 1, 1, 1, 1, 1, 1, 1, 1, 1, 1, 1, 1, 1, 1, 1, 1, 1, 1, 1, 1, 1, 1, 1, 1, 1, 1, 1, 1, 1, 1, 1, 1, 1, 1, 1, 1, 1, 1, 1, 1, 1, 1, 1, 1, 1, 1, 1, 1, 1, 1, 1, 1, 1, 1, 1, 1, 1, 1, 1, 1, 1, 1, 1, 1, 1, 1, 1, 1, 1, 1, 1, 1, 1, 1, 1, 1, 1, 1, 1, 1, 1, 1, 1, 1, 1, 1, 1, 1, 1, 1, 1, 1, 1, 1, 1, 1, 1, 1, 1, 1, 1, 1, 1, 1, 1, 1, 1, 1, 1, 1, 1, 1, 1, 1, 1, 1, 1, 1, 1, 1, 1, 1, 1, 1, 1, 1, 1, 1, 1, 1, 1, 1, 1, 1, 1, 1, 1, 1, 1, 1, 1, 1, 1, 1, 1, 1, 1, 1, 1, 1, 1, 1, 1, 1, 1, 1, 1, 1, 1, 1, 1, 1]
475<=B[0].wtL<=2375
B[0].wtH=475, B[0].wtL=1440

--- LeeBKZ with beta=9, bkz with minimum_lee_wt_codeword (may be non-primitive) ---
[LEEbkz:MW_Codeword_LEE:143.15906500816345 sec.]
[LEEbkz:MW_Codeword_LEE:68.0658347606659 sec.]
[LEEbkz:MW_Codeword_LEE:145.01460552215576 sec.]
[LEEbkz:MW_Codeword_LEE:68.04062700271606 sec.]
[LEEbkz:MW_Codeword_LEE:61.152666091918945 sec.]
[LEEbkz:MW_Codeword_LEE:143.05375862121582 sec.]
[LEEbkz:MW_Codeword_LEE:68.05524468421936 sec.]
[LEEbkz:MW_Codeword_LEE:61.1339328289032 sec.]
[LEEbkz:MW_Codeword_LEE:61.135441303253174 sec.]
[LEEbkz:MW_Codeword_LEE:143.14648938179016 sec.]
[LEEbkz:MW_Codeword_LEE:68.04526948928833 sec.]
[LEEbkz:MW_Codeword_LEE:61.13182234764099 sec.]
[LEEbkz:MW_Codeword_LEE:61.12517833709717 sec.]
[LEEbkz:MW_Codeword_LEE:61.12039494514465 sec.]
[LEEbkz:MW_Codeword_LEE:143.12943172454834 sec.]
[LEEbkz:MW_Codeword_LEE:68.22868275642395 sec.]
[LEEbkz:MW_Codeword_LEE:61.13053107261658 sec.]
[LEEbkz:MW_Codeword_LEE:61.12863349914551 sec.]
[LEEbkz:MW_Codeword_LEE:61.13723683357239 sec.]
[LEEbkz:MW_Codeword_LEE:61.175941467285156 sec.]
[LEEbkz:MW_Codeword_LEE:143.1429147720337 sec.]
[LEEbkz:MW_Codeword_LEE:68.10346603393555 sec.]
[LEEbkz:MW_Codeword_LEE:61.13780450820923 sec.]
[LEEbkz:MW_Codeword_LEE:61.12778067588806 sec.]
[LEEbkz:MW_Codeword_LEE:61.12111949920654 sec.]
[LEEbkz:MW_Codeword_LEE:66.08532905578613 sec.]
[LEEbkz:MW_Codeword_LEE:143.22382831573486 sec.]
[LEEbkz:MW_Codeword_LEE:63.55993604660034 sec.]
[LEEbkz:MW_Codeword_LEE:143.25023412704468 sec.]
[LEEbkz:MW_Codeword_LEE:63.58126997947693 sec.]
[LEEbkz:MW_Codeword_LEE:61.14226150512695 sec.]
[LEEbkz:MW_Codeword_LEE:143.0803084373474 sec.]
[LEEbkz:MW_Codeword_LEE:63.56733155250549 sec.]
[LEEbkz:MW_Codeword_LEE:61.13653516769409 sec.]
[LEEbkz:MW_Codeword_LEE:61.13621544837952 sec.]
[LEEbkz:MW_Codeword_LEE:143.16552686691284 sec.]
[LEEbkz:MW_Codeword_LEE:63.52452802658081 sec.]
[LEEbkz:MW_Codeword_LEE:61.1287727355957 sec.]
[LEEbkz:MW_Codeword_LEE:61.12869143486023 sec.]
[LEEbkz:MW_Codeword_LEE:61.14072322845459 sec.]
[LEEbkz:MW_Codeword_LEE:143.18643236160278 sec.]
[LEEbkz:MW_Codeword_LEE:63.57155251502991 sec.]
[LEEbkz:MW_Codeword_LEE:61.1383912563324 sec.]
[LEEbkz:MW_Codeword_LEE:61.138609409332275 sec.]
[LEEbkz:MW_Codeword_LEE:61.138386726379395 sec.]
[LEEbkz:MW_Codeword_LEE:143.2272047996521 sec.]
[LEEbkz:MW_Codeword_LEE:63.5687940120697 sec.]
[LEEbkz:MW_Codeword_LEE:61.150264501571655 sec.]
[LEEbkz:MW_Codeword_LEE:61.14059400558472 sec.]
[LEEbkz:MW_Codeword_LEE:66.13023924827576 sec.]
[LEEbkz:MW_Codeword_LEE:61.14004588127136 sec.]
[LEEbkz:MW_Codeword_LEE:144.10835194587708 sec.]
[LEEbkz:MW_Codeword_LEE:63.57861018180847 sec.]
[LEEbkz:MW_Codeword_LEE:66.1294617652893 sec.]
[LEEbkz:MW_Codeword_LEE:61.13913679122925 sec.]
[LEEbkz:MW_Codeword_LEE:61.14558935165405 sec.]
[LEEbkz:MW_Codeword_LEE:61.12425661087036 sec.]
[LEEbkz:MW_Codeword_LEE:143.1249520778656 sec.]
[LEEbkz:MW_Codeword_LEE:64.64980387687683 sec.]
[LEEbkz:MW_Codeword_LEE:61.134764194488525 sec.]
[LEEbkz:MW_Codeword_LEE:61.13619327545166 sec.]
[LEEbkz:MW_Codeword_LEE:61.13860726356506 sec.]
[LEEbkz:MW_Codeword_LEE:61.13441324234009 sec.]
[LEEbkz:MW_Codeword_LEE:143.15905022621155 sec.]
[LEEbkz:MW_Codeword_LEE:63.561094760894775 sec.]
[LEEbkz:MW_Codeword_LEE:61.13174271583557 sec.]
[LEEbkz:MW_Codeword_LEE:61.13322639465332 sec.]
[LEEbkz:MW_Codeword_LEE:61.1953182220459 sec.]
Hamming profile after BKZ: [458, 44, 11, 2, 1, 2, 1, 1, 1, 1, 1, 1, 1, 1, 1, 1, 1, 1, 1, 1, 1, 1, 1, 1, 1, 1, 1, 1, 1, 1, 1, 1, 1, 1, 1, 1, 1, 1, 1, 1, 1, 1, 1, 1, 1, 1, 1, 1, 1, 1, 1, 1, 1, 1, 1, 1, 1, 1, 1, 1, 1, 1, 1, 1, 1, 1, 1, 1, 1, 1, 1, 1, 1, 1, 1, 1, 1, 1, 1, 1, 1, 1, 1, 1, 1, 1, 1, 1, 1, 1, 1, 1, 1, 1, 1, 1, 1, 1, 1, 1, 1, 1, 1, 1, 1, 1, 1, 1, 1, 1, 1, 1, 1, 1, 1, 1, 1, 1, 1, 1, 1, 1, 1, 1, 1, 1, 1, 1, 1, 1, 1, 1, 1, 1, 1, 1, 1, 1, 1, 1, 1, 1, 1, 1, 1, 1, 1, 1, 1, 1, 1, 1, 1, 1, 1, 1, 1, 1, 1, 1, 1, 1, 1, 1, 1, 1, 1, 1, 1, 1, 1, 1, 1, 1, 1, 1, 1, 1, 1, 1, 1, 1, 1, 1, 1, 1, 1, 1, 1, 1, 1, 1, 1, 1, 1, 1, 1, 1, 1, 1, 1, 1, 1, 1, 1, 1, 1, 1, 1, 1, 1, 1, 1, 1, 1, 1, 1, 1, 1, 1, 1, 1, 1, 1, 1, 1, 1, 1, 1, 1, 1, 1, 1, 1, 1, 1, 1, 1, 1, 1, 1, 1, 1, 1, 1, 1, 1, 1, 1, 1, 1, 1, 1, 1, 1, 1, 1, 1, 1, 1, 1, 1, 1, 1, 1, 1, 1, 1, 1, 1, 1, 1, 1, 1, 1, 1, 1, 1, 1, 1, 1, 1, 1, 1, 1, 1, 1, 1, 1, 1, 1, 1, 1, 1, 1, 1, 1, 1, 1, 1, 1, 1, 1, 1, 1, 1, 1, 1, 1, 1, 1, 1, 1, 1, 1, 1, 1, 1, 1, 1, 1, 1, 1, 1, 1, 1, 1, 1, 1, 1, 1, 1, 1, 1, 1, 1, 1, 1, 1, 1, 1, 1, 1, 1, 1, 1, 1, 1, 1, 1, 1, 1, 1, 1, 1, 1, 1, 1, 1, 1, 1, 1, 1, 1, 1, 1, 1, 1, 1, 1, 1, 1, 1, 1, 1, 1, 1, 1, 1, 1, 1, 1, 1, 1, 1, 1, 1, 1, 1, 1, 1, 1, 1, 1, 1, 1, 1, 1, 1, 1, 1, 1, 1, 1, 1, 1, 1, 1, 1, 1, 1, 1, 1, 1, 1, 1, 1, 1, 1, 1, 1, 1, 1, 1, 1, 1, 1, 1, 1, 1, 1, 1, 1, 1, 1, 1, 1, 1, 1, 1, 1, 1, 1, 1, 1, 1, 1, 1, 1, 1, 1, 1, 1, 1, 1, 1, 1, 1, 1, 1, 1, 1, 1, 1, 1, 1, 1, 1, 1, 1, 1, 1, 1, 1, 1, 1, 1, 1, 1, 1, 1, 1, 1, 1, 1, 1, 1, 1, 1, 1, 1, 1, 1, 1, 1, 1, 1, 1, 1, 1, 1, 1, 1, 1, 1, 1, 1, 1, 1, 1, 1, 1]
Lee profile after BKZ: [1199, 98, 15, 2, 1, 2, 1, 1, 1, 1, 1, 1, 1, 1, 1, 1, 1, 1, 1, 1, 1, 1, 1, 1, 1, 1, 1, 1, 1, 1, 1, 1, 1, 1, 1, 1, 1, 1, 1, 1, 1, 1, 1, 1, 1, 1, 1, 1, 1, 1, 1, 1, 1, 1, 1, 1, 1, 1, 1, 1, 1, 1, 1, 1, 1, 1, 1, 1, 1, 1, 1, 1, 1, 1, 1, 1, 1, 1, 1, 1, 1, 1, 1, 1, 1, 1, 1, 1, 1, 1, 1, 1, 1, 1, 1, 1, 1, 1, 1, 1, 1, 1, 1, 1, 1, 1, 1, 1, 1, 1, 1, 1, 1, 1, 1, 1, 1, 1, 1, 1, 1, 1, 1, 1, 1, 1, 1, 1, 1, 1, 1, 1, 1, 1, 1, 1, 1, 1, 1, 1, 1, 1, 1, 1, 1, 1, 1, 1, 1, 1, 1, 1, 1, 1, 1, 1, 1, 1, 1, 1, 1, 1, 1, 1, 1, 1, 1, 1, 1, 1, 1, 1, 1, 1, 1, 1, 1, 1, 1, 1, 1, 1, 1, 1, 1, 1, 1, 1, 1, 1, 1, 1, 1, 1, 1, 1, 1, 1, 1, 1, 1, 1, 1, 1, 1, 1, 1, 1, 1, 1, 1, 1, 1, 1, 1, 1, 1, 1, 1, 1, 1, 1, 1, 1, 1, 1, 1, 1, 1, 1, 1, 1, 1, 1, 1, 1, 1, 1, 1, 1, 1, 1, 1, 1, 1, 1, 1, 1, 1, 1, 1, 1, 1, 1, 1, 1, 1, 1, 1, 1, 1, 1, 1, 1, 1, 1, 1, 1, 1, 1, 1, 1, 1, 1, 1, 1, 1, 1, 1, 1, 1, 1, 1, 1, 1, 1, 1, 1, 1, 1, 1, 1, 1, 1, 1, 1, 1, 1, 1, 1, 1, 1, 1, 1, 1, 1, 1, 1, 1, 1, 1, 1, 1, 1, 1, 1, 1, 1, 1, 1, 1, 1, 1, 1, 1, 1, 1, 1, 1, 1, 1, 1, 1, 1, 1, 1, 1, 1, 1, 1, 1, 1, 1, 1, 1, 1, 1, 1, 1, 1, 1, 1, 1, 1, 1, 1, 1, 1, 1, 1, 1, 1, 1, 1, 1, 1, 1, 1, 1, 1, 1, 1, 1, 1, 1, 1, 1, 1, 1, 1, 1, 1, 1, 1, 1, 1, 1, 1, 1, 1, 1, 1, 1, 1, 1, 1, 1, 1, 1, 1, 1, 1, 1, 1, 1, 1, 1, 1, 1, 1, 1, 1, 1, 1, 1, 1, 1, 1, 1, 1, 1, 1, 1, 1, 1, 1, 1, 1, 1, 1, 1, 1, 1, 1, 1, 1, 1, 1, 1, 1, 1, 1, 1, 1, 1, 1, 1, 1, 1, 1, 1, 1, 1, 1, 1, 1, 1, 1, 1, 1, 1, 1, 1, 1, 1, 1, 1, 1, 1, 1, 1, 1, 1, 1, 1, 1, 1, 1, 1, 1, 1, 1, 1, 1, 1, 1, 1, 1, 1, 1, 1, 1, 1, 1, 1, 1, 1, 1, 1, 1, 1, 1, 1, 1, 1, 1, 1, 1, 1, 1, 1, 1]
458<=B_red[0].wtL<=2290
B_red[0].wtH=458, B_red[0].wtL=1199

Hamming profile: [459, 50, 6, 1, 1, 1, 1, 1, 1, 1, 1, 1, 1, 1, 1, 1, 1, 1, 1, 1, 1, 1, 1, 1, 1, 1, 1, 1, 1, 1, 1, 1, 1, 1, 1, 1, 1, 1, 1, 1, 1, 1, 1, 1, 1, 1, 1, 1, 1, 1, 1, 1, 1, 1, 1, 1, 1, 1, 1, 1, 1, 1, 1, 1, 1, 1, 1, 1, 1, 1, 1, 1, 1, 1, 1, 1, 1, 1, 1, 1, 1, 1, 1, 1, 1, 1, 1, 1, 1, 1, 1, 1, 1, 1, 1, 1, 1, 1, 1, 1, 1, 1, 1, 1, 1, 1, 1, 1, 1, 1, 1, 1, 1, 1, 1, 1, 1, 1, 1, 1, 1, 1, 1, 1, 1, 1, 1, 1, 1, 1, 1, 1, 1, 1, 1, 1, 1, 1, 1, 1, 1, 1, 1, 1, 1, 1, 1, 1, 1, 1, 1, 1, 1, 1, 1, 1, 1, 1, 1, 1, 1, 1, 1, 1, 1, 1, 1, 1, 1, 1, 1, 1, 1, 1, 1, 1, 1, 1, 1, 1, 1, 1, 1, 1, 1, 1, 1, 1, 1, 1, 1, 1, 1, 1, 1, 1, 1, 1, 1, 1, 1, 1, 1, 1, 1, 1, 1, 1, 1, 1, 1, 1, 1, 1, 1, 1, 1, 1, 1, 1, 1, 1, 1, 1, 1, 1, 1, 1, 1, 1, 1, 1, 1, 1, 1, 1, 1, 1, 1, 1, 1, 1, 1, 1, 1, 1, 1, 1, 1, 1, 1, 1, 1, 1, 1, 1, 1, 1, 1, 1, 1, 1, 1, 1, 1, 1, 1, 1, 1, 1, 1, 1, 1, 1, 1, 1, 1, 1, 1, 1, 1, 1, 1, 1, 1, 1, 1, 1, 1, 1, 1, 1, 1, 1, 1, 1, 1, 1, 1, 1, 1, 1, 1, 1, 1, 1, 1, 1, 1, 1, 1, 1, 1, 1, 1, 1, 1, 1, 1, 1, 1, 1, 1, 1, 1, 1, 1, 1, 1, 1, 1, 1, 1, 1, 1, 1, 1, 1, 1, 1, 1, 1, 1, 1, 1, 1, 1, 1, 1, 1, 1, 1, 1, 1, 1, 1, 1, 1, 1, 1, 1, 1, 1, 1, 1, 1, 1, 1, 1, 1, 1, 1, 1, 1, 1, 1, 1, 1, 1, 1, 1, 1, 1, 1, 1, 1, 1, 1, 1, 1, 1, 1, 1, 1, 1, 1, 1, 1, 1, 1, 1, 1, 1, 1, 1, 1, 1, 1, 1, 1, 1, 1, 1, 1, 1, 1, 1, 1, 1, 1, 1, 1, 1, 1, 1, 1, 1, 1, 1, 1, 1, 1, 1, 1, 1, 1, 1, 1, 1, 1, 1, 1, 1, 1, 1, 1, 1, 1, 1, 1, 1, 1, 1, 1, 1, 1, 1, 1, 1, 1, 1, 1, 1, 1, 1, 1, 1, 1, 1, 1, 1, 1, 1, 1, 1, 1, 1, 1, 1, 1, 1, 1, 1, 1, 1, 1, 1, 1, 1, 1, 1, 1, 1, 1, 1, 1, 1, 1, 1, 1, 1, 1, 1, 1, 1, 1, 1, 1, 1, 1, 1, 1]
Lee profile: [1341, 139, 18, 1, 1, 1, 1, 1, 1, 1, 1, 1, 1, 1, 1, 1, 1, 1, 1, 1, 1, 1, 1, 1, 1, 1, 1, 1, 1, 1, 1, 1, 1, 1, 1, 1, 1, 1, 1, 1, 1, 1, 1, 1, 1, 1, 1, 1, 1, 1, 1, 1, 1, 1, 1, 1, 1, 1, 1, 1, 1, 1, 1, 1, 1, 1, 1, 1, 1, 1, 1, 1, 1, 1, 1, 1, 1, 1, 1, 1, 1, 1, 1, 1, 1, 1, 1, 1, 1, 1, 1, 1, 1, 1, 1, 1, 1, 1, 1, 1, 1, 1, 1, 1, 1, 1, 1, 1, 1, 1, 1, 1, 1, 1, 1, 1, 1, 1, 1, 1, 1, 1, 1, 1, 1, 1, 1, 1, 1, 1, 1, 1, 1, 1, 1, 1, 1, 1, 1, 1, 1, 1, 1, 1, 1, 1, 1, 1, 1, 1, 1, 1, 1, 1, 1, 1, 1, 1, 1, 1, 1, 1, 1, 1, 1, 1, 1, 1, 1, 1, 1, 1, 1, 1, 1, 1, 1, 1, 1, 1, 1, 1, 1, 1, 1, 1, 1, 1, 1, 1, 1, 1, 1, 1, 1, 1, 1, 1, 1, 1, 1, 1, 1, 1, 1, 1, 1, 1, 1, 1, 1, 1, 1, 1, 1, 1, 1, 1, 1, 1, 1, 1, 1, 1, 1, 1, 1, 1, 1, 1, 1, 1, 1, 1, 1, 1, 1, 1, 1, 1, 1, 1, 1, 1, 1, 1, 1, 1, 1, 1, 1, 1, 1, 1, 1, 1, 1, 1, 1, 1, 1, 1, 1, 1, 1, 1, 1, 1, 1, 1, 1, 1, 1, 1, 1, 1, 1, 1, 1, 1, 1, 1, 1, 1, 1, 1, 1, 1, 1, 1, 1, 1, 1, 1, 1, 1, 1, 1, 1, 1, 1, 1, 1, 1, 1, 1, 1, 1, 1, 1, 1, 1, 1, 1, 1, 1, 1, 1, 1, 1, 1, 1, 1, 1, 1, 1, 1, 1, 1, 1, 1, 1, 1, 1, 1, 1, 1, 1, 1, 1, 1, 1, 1, 1, 1, 1, 1, 1, 1, 1, 1, 1, 1, 1, 1, 1, 1, 1, 1, 1, 1, 1, 1, 1, 1, 1, 1, 1, 1, 1, 1, 1, 1, 1, 1, 1, 1, 1, 1, 1, 1, 1, 1, 1, 1, 1, 1, 1, 1, 1, 1, 1, 1, 1, 1, 1, 1, 1, 1, 1, 1, 1, 1, 1, 1, 1, 1, 1, 1, 1, 1, 1, 1, 1, 1, 1, 1, 1, 1, 1, 1, 1, 1, 1, 1, 1, 1, 1, 1, 1, 1, 1, 1, 1, 1, 1, 1, 1, 1, 1, 1, 1, 1, 1, 1, 1, 1, 1, 1, 1, 1, 1, 1, 1, 1, 1, 1, 1, 1, 1, 1, 1, 1, 1, 1, 1, 1, 1, 1, 1, 1, 1, 1, 1, 1, 1, 1, 1, 1, 1, 1, 1, 1, 1, 1, 1, 1, 1, 1, 1, 1, 1, 1, 1, 1, 1, 1, 1, 1, 1, 1, 1, 1, 1, 1, 1, 1, 1, 1, 1, 1, 1]
459<=B[0].wtL<=2295
B[0].wtH=459, B[0].wtL=1341

--- LeeBKZ with beta=9, bkz with minimum_lee_wt_codeword (may be non-primitive) ---
[LEEbkz:MW_Codeword_LEE:143.50502562522888 sec.]
[LEEbkz:MW_Codeword_LEE:68.05351138114929 sec.]
[LEEbkz:MW_Codeword_LEE:143.42707133293152 sec.]
[LEEbkz:MW_Codeword_LEE:68.0434741973877 sec.]
[LEEbkz:MW_Codeword_LEE:61.13216209411621 sec.]
[LEEbkz:MW_Codeword_LEE:143.6091537475586 sec.]
[LEEbkz:MW_Codeword_LEE:68.03992462158203 sec.]
[LEEbkz:MW_Codeword_LEE:61.138617515563965 sec.]
[LEEbkz:MW_Codeword_LEE:61.131840229034424 sec.]
[LEEbkz:MW_Codeword_LEE:143.43570280075073 sec.]
[LEEbkz:MW_Codeword_LEE:68.04822897911072 sec.]
[LEEbkz:MW_Codeword_LEE:143.50297379493713 sec.]
[LEEbkz:MW_Codeword_LEE:68.05606412887573 sec.]
[LEEbkz:MW_Codeword_LEE:61.13468360900879 sec.]
[LEEbkz:MW_Codeword_LEE:143.7871594429016 sec.]
[LEEbkz:MW_Codeword_LEE:68.08636665344238 sec.]
[LEEbkz:MW_Codeword_LEE:61.15199899673462 sec.]
[LEEbkz:MW_Codeword_LEE:61.147451639175415 sec.]
[LEEbkz:MW_Codeword_LEE:143.40315103530884 sec.]
[LEEbkz:MW_Codeword_LEE:68.04092621803284 sec.]
[LEEbkz:MW_Codeword_LEE:61.124141454696655 sec.]
[LEEbkz:MW_Codeword_LEE:66.16587710380554 sec.]
[LEEbkz:MW_Codeword_LEE:61.116178035736084 sec.]
[LEEbkz:MW_Codeword_LEE:145.46025443077087 sec.]
[LEEbkz:MW_Codeword_LEE:69.00966095924377 sec.]
[LEEbkz:MW_Codeword_LEE:144.67694664001465 sec.]
[LEEbkz:MW_Codeword_LEE:68.40675020217896 sec.]
[LEEbkz:MW_Codeword_LEE:61.07430410385132 sec.]
[LEEbkz:MW_Codeword_LEE:143.30526161193848 sec.]
[LEEbkz:MW_Codeword_LEE:68.34403085708618 sec.]
[LEEbkz:MW_Codeword_LEE:61.14787197113037 sec.]
[LEEbkz:MW_Codeword_LEE:61.148757219314575 sec.]
[LEEbkz:MW_Codeword_LEE:143.39734864234924 sec.]
[LEEbkz:MW_Codeword_LEE:69.06663656234741 sec.]
[LEEbkz:MW_Codeword_LEE:61.133368492126465 sec.]
[LEEbkz:MW_Codeword_LEE:61.13562250137329 sec.]
[LEEbkz:MW_Codeword_LEE:143.3954291343689 sec.]
[LEEbkz:MW_Codeword_LEE:68.32007503509521 sec.]
[LEEbkz:MW_Codeword_LEE:61.52173161506653 sec.]
[LEEbkz:MW_Codeword_LEE:61.20438027381897 sec.]
[LEEbkz:MW_Codeword_LEE:61.19527864456177 sec.]
[LEEbkz:MW_Codeword_LEE:143.5977897644043 sec.]
[LEEbkz:MW_Codeword_LEE:68.15122175216675 sec.]
[LEEbkz:MW_Codeword_LEE:61.58827257156372 sec.]
[LEEbkz:MW_Codeword_LEE:61.22439789772034 sec.]
[LEEbkz:MW_Codeword_LEE:66.01419830322266 sec.]
[LEEbkz:MW_Codeword_LEE:142.86619591712952 sec.]
[LEEbkz:MW_Codeword_LEE:67.960378408432 sec.]
[LEEbkz:MW_Codeword_LEE:142.965922832489 sec.]
[LEEbkz:MW_Codeword_LEE:67.97202730178833 sec.]
[LEEbkz:MW_Codeword_LEE:61.012542724609375 sec.]
[LEEbkz:MW_Codeword_LEE:143.0216624736786 sec.]
[LEEbkz:MW_Codeword_LEE:67.94491577148438 sec.]
[LEEbkz:MW_Codeword_LEE:66.00480699539185 sec.]
[LEEbkz:MW_Codeword_LEE:61.01373648643494 sec.]
[LEEbkz:MW_Codeword_LEE:143.05960154533386 sec.]
[LEEbkz:MW_Codeword_LEE:67.93285274505615 sec.]
[LEEbkz:MW_Codeword_LEE:61.018508434295654 sec.]
[LEEbkz:MW_Codeword_LEE:61.02079963684082 sec.]
[LEEbkz:MW_Codeword_LEE:61.01502847671509 sec.]
[LEEbkz:MW_Codeword_LEE:142.9875283241272 sec.]
[LEEbkz:MW_Codeword_LEE:73.34932851791382 sec.]
[LEEbkz:MW_Codeword_LEE:61.029234647750854 sec.]
[LEEbkz:MW_Codeword_LEE:61.01077389717102 sec.]
[LEEbkz:MW_Codeword_LEE:61.01578879356384 sec.]
[LEEbkz:MW_Codeword_LEE:148.7595443725586 sec.]
[LEEbkz:MW_Codeword_LEE:68.37229466438293 sec.]
[LEEbkz:MW_Codeword_LEE:61.315470457077026 sec.]
[LEEbkz:MW_Codeword_LEE:65.08645105361938 sec.]
[LEEbkz:MW_Codeword_LEE:65.7678644657135 sec.]
[LEEbkz:MW_Codeword_LEE:65.44834041595459 sec.]
[LEEbkz:MW_Codeword_LEE:158.18406319618225 sec.]
[LEEbkz:MW_Codeword_LEE:73.01201176643372 sec.]
[LEEbkz:MW_Codeword_LEE:65.494863986969 sec.]
[LEEbkz:MW_Codeword_LEE:65.56962013244629 sec.]
[LEEbkz:MW_Codeword_LEE:65.7617576122284 sec.]
[LEEbkz:MW_Codeword_LEE:66.22709488868713 sec.]
[LEEbkz:MW_Codeword_LEE:158.19242787361145 sec.]
[LEEbkz:MW_Codeword_LEE:73.47864699363708 sec.]
[LEEbkz:MW_Codeword_LEE:71.03039693832397 sec.]
[LEEbkz:MW_Codeword_LEE:65.45391082763672 sec.]
[LEEbkz:MW_Codeword_LEE:65.41128873825073 sec.]
[LEEbkz:MW_Codeword_LEE:65.41015648841858 sec.]
[LEEbkz:MW_Codeword_LEE:158.8892273902893 sec.]
[LEEbkz:MW_Codeword_LEE:72.84220695495605 sec.]
[LEEbkz:MW_Codeword_LEE:65.42370223999023 sec.]
[LEEbkz:MW_Codeword_LEE:65.50122022628784 sec.]
[LEEbkz:MW_Codeword_LEE:63.52136445045471 sec.]
[LEEbkz:MW_Codeword_LEE:61.37785339355469 sec.]
[LEEbkz:MW_Codeword_LEE:75.09042716026306 sec.]
[LEEbkz:MW_Codeword_LEE:61.284571409225464 sec.]
[LEEbkz:MW_Codeword_LEE:61.3847177028656 sec.]
[LEEbkz:MW_Codeword_LEE:61.93142223358154 sec.]
Hamming profile after BKZ: [445, 62, 6, 2, 1, 2, 1, 1, 1, 1, 1, 1, 1, 1, 1, 1, 1, 1, 1, 1, 1, 1, 1, 1, 1, 1, 1, 1, 1, 1, 1, 1, 1, 1, 1, 1, 1, 1, 1, 1, 1, 1, 1, 1, 1, 1, 1, 1, 1, 1, 1, 1, 1, 1, 1, 1, 1, 1, 1, 1, 1, 1, 1, 1, 1, 1, 1, 1, 1, 1, 1, 1, 1, 1, 1, 1, 1, 1, 1, 1, 1, 1, 1, 1, 1, 1, 1, 1, 1, 1, 1, 1, 1, 1, 1, 1, 1, 1, 1, 1, 1, 1, 1, 1, 1, 1, 1, 1, 1, 1, 1, 1, 1, 1, 1, 1, 1, 1, 1, 1, 1, 1, 1, 1, 1, 1, 1, 1, 1, 1, 1, 1, 1, 1, 1, 1, 1, 1, 1, 1, 1, 1, 1, 1, 1, 1, 1, 1, 1, 1, 1, 1, 1, 1, 1, 1, 1, 1, 1, 1, 1, 1, 1, 1, 1, 1, 1, 1, 1, 1, 1, 1, 1, 1, 1, 1, 1, 1, 1, 1, 1, 1, 1, 1, 1, 1, 1, 1, 1, 1, 1, 1, 1, 1, 1, 1, 1, 1, 1, 1, 1, 1, 1, 1, 1, 1, 1, 1, 1, 1, 1, 1, 1, 1, 1, 1, 1, 1, 1, 1, 1, 1, 1, 1, 1, 1, 1, 1, 1, 1, 1, 1, 1, 1, 1, 1, 1, 1, 1, 1, 1, 1, 1, 1, 1, 1, 1, 1, 1, 1, 1, 1, 1, 1, 1, 1, 1, 1, 1, 1, 1, 1, 1, 1, 1, 1, 1, 1, 1, 1, 1, 1, 1, 1, 1, 1, 1, 1, 1, 1, 1, 1, 1, 1, 1, 1, 1, 1, 1, 1, 1, 1, 1, 1, 1, 1, 1, 1, 1, 1, 1, 1, 1, 1, 1, 1, 1, 1, 1, 1, 1, 1, 1, 1, 1, 1, 1, 1, 1, 1, 1, 1, 1, 1, 1, 1, 1, 1, 1, 1, 1, 1, 1, 1, 1, 1, 1, 1, 1, 1, 1, 1, 1, 1, 1, 1, 1, 1, 1, 1, 1, 1, 1, 1, 1, 1, 1, 1, 1, 1, 1, 1, 1, 1, 1, 1, 1, 1, 1, 1, 1, 1, 1, 1, 1, 1, 1, 1, 1, 1, 1, 1, 1, 1, 1, 1, 1, 1, 1, 1, 1, 1, 1, 1, 1, 1, 1, 1, 1, 1, 1, 1, 1, 1, 1, 1, 1, 1, 1, 1, 1, 1, 1, 1, 1, 1, 1, 1, 1, 1, 1, 1, 1, 1, 1, 1, 1, 1, 1, 1, 1, 1, 1, 1, 1, 1, 1, 1, 1, 1, 1, 1, 1, 1, 1, 1, 1, 1, 1, 1, 1, 1, 1, 1, 1, 1, 1, 1, 1, 1, 1, 1, 1, 1, 1, 1, 1, 1, 1, 1, 1, 1, 1, 1, 1, 1, 1, 1, 1, 1, 1, 1, 1, 1, 1, 1, 1, 1, 1, 1, 1, 1, 1, 1, 1, 1, 1, 1, 1, 1, 1, 1, 1, 1, 1, 1, 1, 1, 1, 1, 1, 1]
Lee profile after BKZ: [1188, 127, 8, 2, 1, 2, 1, 1, 1, 1, 1, 1, 1, 1, 1, 1, 1, 1, 1, 1, 1, 1, 1, 1, 1, 1, 1, 1, 1, 1, 1, 1, 1, 1, 1, 1, 1, 1, 1, 1, 1, 1, 1, 1, 1, 1, 1, 1, 1, 1, 1, 1, 1, 1, 1, 1, 1, 1, 1, 1, 1, 1, 1, 1, 1, 1, 1, 1, 1, 1, 1, 1, 1, 1, 1, 1, 1, 1, 1, 1, 1, 1, 1, 1, 1, 1, 1, 1, 1, 1, 1, 1, 1, 1, 1, 1, 1, 1, 1, 1, 1, 1, 1, 1, 1, 1, 1, 1, 1, 1, 1, 1, 1, 1, 1, 1, 1, 1, 1, 1, 1, 1, 1, 1, 1, 1, 1, 1, 1, 1, 1, 1, 1, 1, 1, 1, 1, 1, 1, 1, 1, 1, 1, 1, 1, 1, 1, 1, 1, 1, 1, 1, 1, 1, 1, 1, 1, 1, 1, 1, 1, 1, 1, 1, 1, 1, 1, 1, 1, 1, 1, 1, 1, 1, 1, 1, 1, 1, 1, 1, 1, 1, 1, 1, 1, 1, 1, 1, 1, 1, 1, 1, 1, 1, 1, 1, 1, 1, 1, 1, 1, 1, 1, 1, 1, 1, 1, 1, 1, 1, 1, 1, 1, 1, 1, 1, 1, 1, 1, 1, 1, 1, 1, 1, 1, 1, 1, 1, 1, 1, 1, 1, 1, 1, 1, 1, 1, 1, 1, 1, 1, 1, 1, 1, 1, 1, 1, 1, 1, 1, 1, 1, 1, 1, 1, 1, 1, 1, 1, 1, 1, 1, 1, 1, 1, 1, 1, 1, 1, 1, 1, 1, 1, 1, 1, 1, 1, 1, 1, 1, 1, 1, 1, 1, 1, 1, 1, 1, 1, 1, 1, 1, 1, 1, 1, 1, 1, 1, 1, 1, 1, 1, 1, 1, 1, 1, 1, 1, 1, 1, 1, 1, 1, 1, 1, 1, 1, 1, 1, 1, 1, 1, 1, 1, 1, 1, 1, 1, 1, 1, 1, 1, 1, 1, 1, 1, 1, 1, 1, 1, 1, 1, 1, 1, 1, 1, 1, 1, 1, 1, 1, 1, 1, 1, 1, 1, 1, 1, 1, 1, 1, 1, 1, 1, 1, 1, 1, 1, 1, 1, 1, 1, 1, 1, 1, 1, 1, 1, 1, 1, 1, 1, 1, 1, 1, 1, 1, 1, 1, 1, 1, 1, 1, 1, 1, 1, 1, 1, 1, 1, 1, 1, 1, 1, 1, 1, 1, 1, 1, 1, 1, 1, 1, 1, 1, 1, 1, 1, 1, 1, 1, 1, 1, 1, 1, 1, 1, 1, 1, 1, 1, 1, 1, 1, 1, 1, 1, 1, 1, 1, 1, 1, 1, 1, 1, 1, 1, 1, 1, 1, 1, 1, 1, 1, 1, 1, 1, 1, 1, 1, 1, 1, 1, 1, 1, 1, 1, 1, 1, 1, 1, 1, 1, 1, 1, 1, 1, 1, 1, 1, 1, 1, 1, 1, 1, 1, 1, 1, 1, 1, 1, 1, 1, 1, 1, 1, 1, 1, 1, 1, 1, 1, 1, 1, 1, 1, 1, 1, 1, 1, 1, 1]
445<=B_red[0].wtL<=2225
B_red[0].wtH=445, B_red[0].wtL=1188

Hamming profile: [463, 46, 6, 1, 1, 1, 1, 1, 1, 1, 1, 1, 1, 1, 1, 1, 1, 1, 1, 1, 1, 1, 1, 1, 1, 1, 1, 1, 1, 1, 1, 1, 1, 1, 1, 1, 1, 1, 1, 1, 1, 1, 1, 1, 1, 1, 1, 1, 1, 1, 1, 1, 1, 1, 1, 1, 1, 1, 1, 1, 1, 1, 1, 1, 1, 1, 1, 1, 1, 1, 1, 1, 1, 1, 1, 1, 1, 1, 1, 1, 1, 1, 1, 1, 1, 1, 1, 1, 1, 1, 1, 1, 1, 1, 1, 1, 1, 1, 1, 1, 1, 1, 1, 1, 1, 1, 1, 1, 1, 1, 1, 1, 1, 1, 1, 1, 1, 1, 1, 1, 1, 1, 1, 1, 1, 1, 1, 1, 1, 1, 1, 1, 1, 1, 1, 1, 1, 1, 1, 1, 1, 1, 1, 1, 1, 1, 1, 1, 1, 1, 1, 1, 1, 1, 1, 1, 1, 1, 1, 1, 1, 1, 1, 1, 1, 1, 1, 1, 1, 1, 1, 1, 1, 1, 1, 1, 1, 1, 1, 1, 1, 1, 1, 1, 1, 1, 1, 1, 1, 1, 1, 1, 1, 1, 1, 1, 1, 1, 1, 1, 1, 1, 1, 1, 1, 1, 1, 1, 1, 1, 1, 1, 1, 1, 1, 1, 1, 1, 1, 1, 1, 1, 1, 1, 1, 1, 1, 1, 1, 1, 1, 1, 1, 1, 1, 1, 1, 1, 1, 1, 1, 1, 1, 1, 1, 1, 1, 1, 1, 1, 1, 1, 1, 1, 1, 1, 1, 1, 1, 1, 1, 1, 1, 1, 1, 1, 1, 1, 1, 1, 1, 1, 1, 1, 1, 1, 1, 1, 1, 1, 1, 1, 1, 1, 1, 1, 1, 1, 1, 1, 1, 1, 1, 1, 1, 1, 1, 1, 1, 1, 1, 1, 1, 1, 1, 1, 1, 1, 1, 1, 1, 1, 1, 1, 1, 1, 1, 1, 1, 1, 1, 1, 1, 1, 1, 1, 1, 1, 1, 1, 1, 1, 1, 1, 1, 1, 1, 1, 1, 1, 1, 1, 1, 1, 1, 1, 1, 1, 1, 1, 1, 1, 1, 1, 1, 1, 1, 1, 1, 1, 1, 1, 1, 1, 1, 1, 1, 1, 1, 1, 1, 1, 1, 1, 1, 1, 1, 1, 1, 1, 1, 1, 1, 1, 1, 1, 1, 1, 1, 1, 1, 1, 1, 1, 1, 1, 1, 1, 1, 1, 1, 1, 1, 1, 1, 1, 1, 1, 1, 1, 1, 1, 1, 1, 1, 1, 1, 1, 1, 1, 1, 1, 1, 1, 1, 1, 1, 1, 1, 1, 1, 1, 1, 1, 1, 1, 1, 1, 1, 1, 1, 1, 1, 1, 1, 1, 1, 1, 1, 1, 1, 1, 1, 1, 1, 1, 1, 1, 1, 1, 1, 1, 1, 1, 1, 1, 1, 1, 1, 1, 1, 1, 1, 1, 1, 1, 1, 1, 1, 1, 1, 1, 1, 1, 1, 1, 1, 1, 1, 1, 1, 1, 1, 1, 1, 1, 1, 1, 1, 1, 1, 1, 1, 1, 1, 1, 1, 1, 1, 1, 1, 1]
Lee profile: [1402, 144, 19, 1, 1, 1, 1, 1, 1, 1, 1, 1, 1, 1, 1, 1, 1, 1, 1, 1, 1, 1, 1, 1, 1, 1, 1, 1, 1, 1, 1, 1, 1, 1, 1, 1, 1, 1, 1, 1, 1, 1, 1, 1, 1, 1, 1, 1, 1, 1, 1, 1, 1, 1, 1, 1, 1, 1, 1, 1, 1, 1, 1, 1, 1, 1, 1, 1, 1, 1, 1, 1, 1, 1, 1, 1, 1, 1, 1, 1, 1, 1, 1, 1, 1, 1, 1, 1, 1, 1, 1, 1, 1, 1, 1, 1, 1, 1, 1, 1, 1, 1, 1, 1, 1, 1, 1, 1, 1, 1, 1, 1, 1, 1, 1, 1, 1, 1, 1, 1, 1, 1, 1, 1, 1, 1, 1, 1, 1, 1, 1, 1, 1, 1, 1, 1, 1, 1, 1, 1, 1, 1, 1, 1, 1, 1, 1, 1, 1, 1, 1, 1, 1, 1, 1, 1, 1, 1, 1, 1, 1, 1, 1, 1, 1, 1, 1, 1, 1, 1, 1, 1, 1, 1, 1, 1, 1, 1, 1, 1, 1, 1, 1, 1, 1, 1, 1, 1, 1, 1, 1, 1, 1, 1, 1, 1, 1, 1, 1, 1, 1, 1, 1, 1, 1, 1, 1, 1, 1, 1, 1, 1, 1, 1, 1, 1, 1, 1, 1, 1, 1, 1, 1, 1, 1, 1, 1, 1, 1, 1, 1, 1, 1, 1, 1, 1, 1, 1, 1, 1, 1, 1, 1, 1, 1, 1, 1, 1, 1, 1, 1, 1, 1, 1, 1, 1, 1, 1, 1, 1, 1, 1, 1, 1, 1, 1, 1, 1, 1, 1, 1, 1, 1, 1, 1, 1, 1, 1, 1, 1, 1, 1, 1, 1, 1, 1, 1, 1, 1, 1, 1, 1, 1, 1, 1, 1, 1, 1, 1, 1, 1, 1, 1, 1, 1, 1, 1, 1, 1, 1, 1, 1, 1, 1, 1, 1, 1, 1, 1, 1, 1, 1, 1, 1, 1, 1, 1, 1, 1, 1, 1, 1, 1, 1, 1, 1, 1, 1, 1, 1, 1, 1, 1, 1, 1, 1, 1, 1, 1, 1, 1, 1, 1, 1, 1, 1, 1, 1, 1, 1, 1, 1, 1, 1, 1, 1, 1, 1, 1, 1, 1, 1, 1, 1, 1, 1, 1, 1, 1, 1, 1, 1, 1, 1, 1, 1, 1, 1, 1, 1, 1, 1, 1, 1, 1, 1, 1, 1, 1, 1, 1, 1, 1, 1, 1, 1, 1, 1, 1, 1, 1, 1, 1, 1, 1, 1, 1, 1, 1, 1, 1, 1, 1, 1, 1, 1, 1, 1, 1, 1, 1, 1, 1, 1, 1, 1, 1, 1, 1, 1, 1, 1, 1, 1, 1, 1, 1, 1, 1, 1, 1, 1, 1, 1, 1, 1, 1, 1, 1, 1, 1, 1, 1, 1, 1, 1, 1, 1, 1, 1, 1, 1, 1, 1, 1, 1, 1, 1, 1, 1, 1, 1, 1, 1, 1, 1, 1, 1, 1, 1, 1, 1, 1, 1, 1, 1, 1, 1, 1, 1, 1, 1, 1, 1, 1, 1, 1, 1, 1, 1, 1, 1]
463<=B[0].wtL<=2315
B[0].wtH=463, B[0].wtL=1402

--- LeeBKZ with beta=9, bkz with minimum_lee_wt_codeword (may be non-primitive) ---
[LEEbkz:MW_Codeword_LEE:147.21478486061096 sec.]
[LEEbkz:MW_Codeword_LEE:68.37856340408325 sec.]
[LEEbkz:MW_Codeword_LEE:144.4963231086731 sec.]
[LEEbkz:MW_Codeword_LEE:68.47613644599915 sec.]
[LEEbkz:MW_Codeword_LEE:61.44488859176636 sec.]
[LEEbkz:MW_Codeword_LEE:143.86964011192322 sec.]
[LEEbkz:MW_Codeword_LEE:68.30284547805786 sec.]
[LEEbkz:MW_Codeword_LEE:61.41125702857971 sec.]
[LEEbkz:MW_Codeword_LEE:64.14130759239197 sec.]
[LEEbkz:MW_Codeword_LEE:143.82983779907227 sec.]
[LEEbkz:MW_Codeword_LEE:68.37197422981262 sec.]
[LEEbkz:MW_Codeword_LEE:61.46924877166748 sec.]
[LEEbkz:MW_Codeword_LEE:61.560903549194336 sec.]
[LEEbkz:MW_Codeword_LEE:146.5930483341217 sec.]
[LEEbkz:MW_Codeword_LEE:69.51294803619385 sec.]
[LEEbkz:MW_Codeword_LEE:61.497474193573 sec.]
[LEEbkz:MW_Codeword_LEE:66.61685180664062 sec.]
[LEEbkz:MW_Codeword_LEE:64.03586101531982 sec.]
[LEEbkz:MW_Codeword_LEE:150.52499532699585 sec.]
[LEEbkz:MW_Codeword_LEE:71.35089826583862 sec.]
[LEEbkz:MW_Codeword_LEE:62.42447566986084 sec.]
[LEEbkz:MW_Codeword_LEE:61.79300260543823 sec.]
[LEEbkz:MW_Codeword_LEE:62.05946326255798 sec.]
[LEEbkz:MW_Codeword_LEE:61.51924228668213 sec.]
[LEEbkz:MW_Codeword_LEE:144.00195717811584 sec.]
[LEEbkz:MW_Codeword_LEE:68.39750480651855 sec.]
[LEEbkz:MW_Codeword_LEE:62.865816831588745 sec.]
[LEEbkz:MW_Codeword_LEE:66.32264637947083 sec.]
[LEEbkz:MW_Codeword_LEE:64.02749729156494 sec.]
[LEEbkz:MW_Codeword_LEE:61.43191957473755 sec.]
[LEEbkz:MW_Codeword_LEE:148.71709752082825 sec.]
[LEEbkz:MW_Codeword_LEE:70.26763963699341 sec.]
[LEEbkz:MW_Codeword_LEE:64.81154417991638 sec.]
[LEEbkz:MW_Codeword_LEE:62.31549525260925 sec.]
[LEEbkz:MW_Codeword_LEE:61.45723533630371 sec.]
[LEEbkz:MW_Codeword_LEE:61.91148853302002 sec.]
[LEEbkz:MW_Codeword_LEE:147.4742829799652 sec.]
[LEEbkz:MW_Codeword_LEE:68.4568076133728 sec.]
[LEEbkz:MW_Codeword_LEE:62.885639905929565 sec.]
[LEEbkz:MW_Codeword_LEE:66.29496836662292 sec.]
[LEEbkz:MW_Codeword_LEE:64.25418162345886 sec.]
[LEEbkz:MW_Codeword_LEE:67.0186722278595 sec.]
[LEEbkz:MW_Codeword_LEE:68.7419421672821 sec.]
[LEEbkz:MW_Codeword_LEE:61.70558214187622 sec.]
[LEEbkz:MW_Codeword_LEE:61.93819999694824 sec.]
[LEEbkz:MW_Codeword_LEE:61.78089880943298 sec.]
Hamming profile after BKZ: [444, 53, 16, 1, 2, 2, 1, 1, 1, 1, 1, 1, 1, 1, 1, 1, 1, 1, 1, 1, 1, 1, 1, 1, 1, 1, 1, 1, 1, 1, 1, 1, 1, 1, 1, 1, 1, 1, 1, 1, 1, 1, 1, 1, 1, 1, 1, 1, 1, 1, 1, 1, 1, 1, 1, 1, 1, 1, 1, 1, 1, 1, 1, 1, 1, 1, 1, 1, 1, 1, 1, 1, 1, 1, 1, 1, 1, 1, 1, 1, 1, 1, 1, 1, 1, 1, 1, 1, 1, 1, 1, 1, 1, 1, 1, 1, 1, 1, 1, 1, 1, 1, 1, 1, 1, 1, 1, 1, 1, 1, 1, 1, 1, 1, 1, 1, 1, 1, 1, 1, 1, 1, 1, 1, 1, 1, 1, 1, 1, 1, 1, 1, 1, 1, 1, 1, 1, 1, 1, 1, 1, 1, 1, 1, 1, 1, 1, 1, 1, 1, 1, 1, 1, 1, 1, 1, 1, 1, 1, 1, 1, 1, 1, 1, 1, 1, 1, 1, 1, 1, 1, 1, 1, 1, 1, 1, 1, 1, 1, 1, 1, 1, 1, 1, 1, 1, 1, 1, 1, 1, 1, 1, 1, 1, 1, 1, 1, 1, 1, 1, 1, 1, 1, 1, 1, 1, 1, 1, 1, 1, 1, 1, 1, 1, 1, 1, 1, 1, 1, 1, 1, 1, 1, 1, 1, 1, 1, 1, 1, 1, 1, 1, 1, 1, 1, 1, 1, 1, 1, 1, 1, 1, 1, 1, 1, 1, 1, 1, 1, 1, 1, 1, 1, 1, 1, 1, 1, 1, 1, 1, 1, 1, 1, 1, 1, 1, 1, 1, 1, 1, 1, 1, 1, 1, 1, 1, 1, 1, 1, 1, 1, 1, 1, 1, 1, 1, 1, 1, 1, 1, 1, 1, 1, 1, 1, 1, 1, 1, 1, 1, 1, 1, 1, 1, 1, 1, 1, 1, 1, 1, 1, 1, 1, 1, 1, 1, 1, 1, 1, 1, 1, 1, 1, 1, 1, 1, 1, 1, 1, 1, 1, 1, 1, 1, 1, 1, 1, 1, 1, 1, 1, 1, 1, 1, 1, 1, 1, 1, 1, 1, 1, 1, 1, 1, 1, 1, 1, 1, 1, 1, 1, 1, 1, 1, 1, 1, 1, 1, 1, 1, 1, 1, 1, 1, 1, 1, 1, 1, 1, 1, 1, 1, 1, 1, 1, 1, 1, 1, 1, 1, 1, 1, 1, 1, 1, 1, 1, 1, 1, 1, 1, 1, 1, 1, 1, 1, 1, 1, 1, 1, 1, 1, 1, 1, 1, 1, 1, 1, 1, 1, 1, 1, 1, 1, 1, 1, 1, 1, 1, 1, 1, 1, 1, 1, 1, 1, 1, 1, 1, 1, 1, 1, 1, 1, 1, 1, 1, 1, 1, 1, 1, 1, 1, 1, 1, 1, 1, 1, 1, 1, 1, 1, 1, 1, 1, 1, 1, 1, 1, 1, 1, 1, 1, 1, 1, 1, 1, 1, 1, 1, 1, 1, 1, 1, 1, 1, 1, 1, 1, 1, 1, 1, 1, 1, 1, 1, 1, 1, 1, 1, 1, 1, 1, 1, 1, 1, 1, 1, 1, 1, 1, 1]
Lee profile after BKZ: [1187, 127, 24, 1, 2, 2, 1, 1, 1, 1, 1, 1, 1, 1, 1, 1, 1, 1, 1, 1, 1, 1, 1, 1, 1, 1, 1, 1, 1, 1, 1, 1, 1, 1, 1, 1, 1, 1, 1, 1, 1, 1, 1, 1, 1, 1, 1, 1, 1, 1, 1, 1, 1, 1, 1, 1, 1, 1, 1, 1, 1, 1, 1, 1, 1, 1, 1, 1, 1, 1, 1, 1, 1, 1, 1, 1, 1, 1, 1, 1, 1, 1, 1, 1, 1, 1, 1, 1, 1, 1, 1, 1, 1, 1, 1, 1, 1, 1, 1, 1, 1, 1, 1, 1, 1, 1, 1, 1, 1, 1, 1, 1, 1, 1, 1, 1, 1, 1, 1, 1, 1, 1, 1, 1, 1, 1, 1, 1, 1, 1, 1, 1, 1, 1, 1, 1, 1, 1, 1, 1, 1, 1, 1, 1, 1, 1, 1, 1, 1, 1, 1, 1, 1, 1, 1, 1, 1, 1, 1, 1, 1, 1, 1, 1, 1, 1, 1, 1, 1, 1, 1, 1, 1, 1, 1, 1, 1, 1, 1, 1, 1, 1, 1, 1, 1, 1, 1, 1, 1, 1, 1, 1, 1, 1, 1, 1, 1, 1, 1, 1, 1, 1, 1, 1, 1, 1, 1, 1, 1, 1, 1, 1, 1, 1, 1, 1, 1, 1, 1, 1, 1, 1, 1, 1, 1, 1, 1, 1, 1, 1, 1, 1, 1, 1, 1, 1, 1, 1, 1, 1, 1, 1, 1, 1, 1, 1, 1, 1, 1, 1, 1, 1, 1, 1, 1, 1, 1, 1, 1, 1, 1, 1, 1, 1, 1, 1, 1, 1, 1, 1, 1, 1, 1, 1, 1, 1, 1, 1, 1, 1, 1, 1, 1, 1, 1, 1, 1, 1, 1, 1, 1, 1, 1, 1, 1, 1, 1, 1, 1, 1, 1, 1, 1, 1, 1, 1, 1, 1, 1, 1, 1, 1, 1, 1, 1, 1, 1, 1, 1, 1, 1, 1, 1, 1, 1, 1, 1, 1, 1, 1, 1, 1, 1, 1, 1, 1, 1, 1, 1, 1, 1, 1, 1, 1, 1, 1, 1, 1, 1, 1, 1, 1, 1, 1, 1, 1, 1, 1, 1, 1, 1, 1, 1, 1, 1, 1, 1, 1, 1, 1, 1, 1, 1, 1, 1, 1, 1, 1, 1, 1, 1, 1, 1, 1, 1, 1, 1, 1, 1, 1, 1, 1, 1, 1, 1, 1, 1, 1, 1, 1, 1, 1, 1, 1, 1, 1, 1, 1, 1, 1, 1, 1, 1, 1, 1, 1, 1, 1, 1, 1, 1, 1, 1, 1, 1, 1, 1, 1, 1, 1, 1, 1, 1, 1, 1, 1, 1, 1, 1, 1, 1, 1, 1, 1, 1, 1, 1, 1, 1, 1, 1, 1, 1, 1, 1, 1, 1, 1, 1, 1, 1, 1, 1, 1, 1, 1, 1, 1, 1, 1, 1, 1, 1, 1, 1, 1, 1, 1, 1, 1, 1, 1, 1, 1, 1, 1, 1, 1, 1, 1, 1, 1, 1, 1, 1, 1, 1, 1, 1, 1, 1, 1, 1, 1, 1, 1, 1, 1, 1, 1, 1, 1]
444<=B_red[0].wtL<=2220
B_red[0].wtH=444, B_red[0].wtL=1187


****************************************************
******** STATISTICS OVER N=10 samples ********
****************************************************
Reduced 10 matrices of size 512x1024 over F11
Proper basis wtH[0]=465.4 wtL[0]=1390.1
Reduced basis wtH[0]=450.3 wtL[0]=1187.4
Reduced basis avg. k1=4.7
Avg.time=7175.288823413849
Avg.Mw_codeword.calls=132.8
