RANDOM_SEED=6

Hamming profile: [462, 49, 4, 1, 1, 1, 1, 1, 1, 1, 1, 1, 1, 1, 1, 1, 1, 1, 1, 1, 1, 1, 1, 1, 1, 1, 1, 1, 1, 1, 1, 1, 1, 1, 1, 1, 1, 1, 1, 1, 1, 1, 1, 1, 1, 1, 1, 1, 1, 1, 1, 1, 1, 1, 1, 1, 1, 1, 1, 1, 1, 1, 1, 1, 1, 1, 1, 1, 1, 1, 1, 1, 1, 1, 1, 1, 1, 1, 1, 1, 1, 1, 1, 1, 1, 1, 1, 1, 1, 1, 1, 1, 1, 1, 1, 1, 1, 1, 1, 1, 1, 1, 1, 1, 1, 1, 1, 1, 1, 1, 1, 1, 1, 1, 1, 1, 1, 1, 1, 1, 1, 1, 1, 1, 1, 1, 1, 1, 1, 1, 1, 1, 1, 1, 1, 1, 1, 1, 1, 1, 1, 1, 1, 1, 1, 1, 1, 1, 1, 1, 1, 1, 1, 1, 1, 1, 1, 1, 1, 1, 1, 1, 1, 1, 1, 1, 1, 1, 1, 1, 1, 1, 1, 1, 1, 1, 1, 1, 1, 1, 1, 1, 1, 1, 1, 1, 1, 1, 1, 1, 1, 1, 1, 1, 1, 1, 1, 1, 1, 1, 1, 1, 1, 1, 1, 1, 1, 1, 1, 1, 1, 1, 1, 1, 1, 1, 1, 1, 1, 1, 1, 1, 1, 1, 1, 1, 1, 1, 1, 1, 1, 1, 1, 1, 1, 1, 1, 1, 1, 1, 1, 1, 1, 1, 1, 1, 1, 1, 1, 1, 1, 1, 1, 1, 1, 1, 1, 1, 1, 1, 1, 1, 1, 1, 1, 1, 1, 1, 1, 1, 1, 1, 1, 1, 1, 1, 1, 1, 1, 1, 1, 1, 1, 1, 1, 1, 1, 1, 1, 1, 1, 1, 1, 1, 1, 1, 1, 1, 1, 1, 1, 1, 1, 1, 1, 1, 1, 1, 1, 1, 1, 1, 1, 1, 1, 1, 1, 1, 1, 1, 1, 1, 1, 1, 1, 1, 1, 1, 1, 1, 1, 1, 1, 1, 1, 1, 1, 1, 1, 1, 1, 1, 1, 1, 1, 1, 1, 1, 1, 1, 1, 1, 1, 1, 1, 1, 1, 1, 1, 1, 1, 1, 1, 1, 1, 1, 1, 1, 1, 1, 1, 1, 1, 1, 1, 1, 1, 1, 1, 1, 1, 1, 1, 1, 1, 1, 1, 1, 1, 1, 1, 1, 1, 1, 1, 1, 1, 1, 1, 1, 1, 1, 1, 1, 1, 1, 1, 1, 1, 1, 1, 1, 1, 1, 1, 1, 1, 1, 1, 1, 1, 1, 1, 1, 1, 1, 1, 1, 1, 1, 1, 1, 1, 1, 1, 1, 1, 1, 1, 1, 1, 1, 1, 1, 1, 1, 1, 1, 1, 1, 1, 1, 1, 1, 1, 1, 1, 1, 1, 1, 1, 1, 1, 1, 1, 1, 1, 1, 1, 1, 1, 1, 1, 1, 1, 1, 1, 1, 1, 1, 1, 1, 1, 1, 1, 1, 1, 1, 1, 1, 1, 1, 1, 1, 1, 1, 1, 1, 1, 1, 1, 1, 1, 1, 1, 1, 1, 1, 1, 1, 1, 1]
Lee profile: [1444, 141, 9, 1, 1, 1, 1, 1, 1, 1, 1, 1, 1, 1, 1, 1, 1, 1, 1, 1, 1, 1, 1, 1, 1, 1, 1, 1, 1, 1, 1, 1, 1, 1, 1, 1, 1, 1, 1, 1, 1, 1, 1, 1, 1, 1, 1, 1, 1, 1, 1, 1, 1, 1, 1, 1, 1, 1, 1, 1, 1, 1, 1, 1, 1, 1, 1, 1, 1, 1, 1, 1, 1, 1, 1, 1, 1, 1, 1, 1, 1, 1, 1, 1, 1, 1, 1, 1, 1, 1, 1, 1, 1, 1, 1, 1, 1, 1, 1, 1, 1, 1, 1, 1, 1, 1, 1, 1, 1, 1, 1, 1, 1, 1, 1, 1, 1, 1, 1, 1, 1, 1, 1, 1, 1, 1, 1, 1, 1, 1, 1, 1, 1, 1, 1, 1, 1, 1, 1, 1, 1, 1, 1, 1, 1, 1, 1, 1, 1, 1, 1, 1, 1, 1, 1, 1, 1, 1, 1, 1, 1, 1, 1, 1, 1, 1, 1, 1, 1, 1, 1, 1, 1, 1, 1, 1, 1, 1, 1, 1, 1, 1, 1, 1, 1, 1, 1, 1, 1, 1, 1, 1, 1, 1, 1, 1, 1, 1, 1, 1, 1, 1, 1, 1, 1, 1, 1, 1, 1, 1, 1, 1, 1, 1, 1, 1, 1, 1, 1, 1, 1, 1, 1, 1, 1, 1, 1, 1, 1, 1, 1, 1, 1, 1, 1, 1, 1, 1, 1, 1, 1, 1, 1, 1, 1, 1, 1, 1, 1, 1, 1, 1, 1, 1, 1, 1, 1, 1, 1, 1, 1, 1, 1, 1, 1, 1, 1, 1, 1, 1, 1, 1, 1, 1, 1, 1, 1, 1, 1, 1, 1, 1, 1, 1, 1, 1, 1, 1, 1, 1, 1, 1, 1, 1, 1, 1, 1, 1, 1, 1, 1, 1, 1, 1, 1, 1, 1, 1, 1, 1, 1, 1, 1, 1, 1, 1, 1, 1, 1, 1, 1, 1, 1, 1, 1, 1, 1, 1, 1, 1, 1, 1, 1, 1, 1, 1, 1, 1, 1, 1, 1, 1, 1, 1, 1, 1, 1, 1, 1, 1, 1, 1, 1, 1, 1, 1, 1, 1, 1, 1, 1, 1, 1, 1, 1, 1, 1, 1, 1, 1, 1, 1, 1, 1, 1, 1, 1, 1, 1, 1, 1, 1, 1, 1, 1, 1, 1, 1, 1, 1, 1, 1, 1, 1, 1, 1, 1, 1, 1, 1, 1, 1, 1, 1, 1, 1, 1, 1, 1, 1, 1, 1, 1, 1, 1, 1, 1, 1, 1, 1, 1, 1, 1, 1, 1, 1, 1, 1, 1, 1, 1, 1, 1, 1, 1, 1, 1, 1, 1, 1, 1, 1, 1, 1, 1, 1, 1, 1, 1, 1, 1, 1, 1, 1, 1, 1, 1, 1, 1, 1, 1, 1, 1, 1, 1, 1, 1, 1, 1, 1, 1, 1, 1, 1, 1, 1, 1, 1, 1, 1, 1, 1, 1, 1, 1, 1, 1, 1, 1, 1, 1, 1, 1, 1, 1, 1, 1, 1, 1, 1, 1, 1, 1, 1, 1, 1, 1, 1, 1, 1, 1, 1]
462<=B[0].wtL<=2310
B[0].wtH=462, B[0].wtL=1444

--- LeeBKZ with beta=6, bkz with minimum_lee_wt_codeword (may be non-primitive) ---
[LEEbkz:MW_Codeword_LEE:0.14987444877624512 sec.]
[LEEbkz:MW_Codeword_LEE:0.07311153411865234 sec.]
[LEEbkz:MW_Codeword_LEE:0.14311838150024414 sec.]
[LEEbkz:MW_Codeword_LEE:0.07317495346069336 sec.]
[LEEbkz:MW_Codeword_LEE:0.06606078147888184 sec.]
[LEEbkz:MW_Codeword_LEE:0.14313244819641113 sec.]
[LEEbkz:MW_Codeword_LEE:0.07304096221923828 sec.]
[LEEbkz:MW_Codeword_LEE:0.19604802131652832 sec.]
[LEEbkz:MW_Codeword_LEE:0.07303786277770996 sec.]
[LEEbkz:MW_Codeword_LEE:0.06605911254882812 sec.]
[LEEbkz:MW_Codeword_LEE:0.1489887237548828 sec.]
[LEEbkz:MW_Codeword_LEE:0.0730443000793457 sec.]
[LEEbkz:MW_Codeword_LEE:0.14796185493469238 sec.]
[LEEbkz:MW_Codeword_LEE:0.07301664352416992 sec.]
[LEEbkz:MW_Codeword_LEE:0.06615138053894043 sec.]
[LEEbkz:MW_Codeword_LEE:0.1452188491821289 sec.]
[LEEbkz:MW_Codeword_LEE:0.07415580749511719 sec.]
[LEEbkz:MW_Codeword_LEE:0.1467604637145996 sec.]
[LEEbkz:MW_Codeword_LEE:0.07343626022338867 sec.]
[LEEbkz:MW_Codeword_LEE:0.06634736061096191 sec.]
[LEEbkz:MW_Codeword_LEE:0.14572644233703613 sec.]
[LEEbkz:MW_Codeword_LEE:0.07313823699951172 sec.]
[LEEbkz:MW_Codeword_LEE:0.06586265563964844 sec.]
[LEEbkz:MW_Codeword_LEE:0.06541967391967773 sec.]
[LEEbkz:MW_Codeword_LEE:0.1480703353881836 sec.]
[LEEbkz:MW_Codeword_LEE:0.07593274116516113 sec.]
[LEEbkz:MW_Codeword_LEE:0.14821648597717285 sec.]
[LEEbkz:MW_Codeword_LEE:0.07317757606506348 sec.]
[LEEbkz:MW_Codeword_LEE:0.0658719539642334 sec.]
[LEEbkz:MW_Codeword_LEE:0.14803385734558105 sec.]
[LEEbkz:MW_Codeword_LEE:0.07300710678100586 sec.]
[LEEbkz:MW_Codeword_LEE:0.0695955753326416 sec.]
[LEEbkz:MW_Codeword_LEE:0.06580328941345215 sec.]
[LEEbkz:MW_Codeword_LEE:0.14732956886291504 sec.]
[LEEbkz:MW_Codeword_LEE:0.07385396957397461 sec.]
[LEEbkz:MW_Codeword_LEE:0.0659644603729248 sec.]
[LEEbkz:MW_Codeword_LEE:0.06575226783752441 sec.]
[LEEbkz:MW_Codeword_LEE:0.06556320190429688 sec.]
[LEEbkz:MW_Codeword_LEE:0.14822697639465332 sec.]
[LEEbkz:MW_Codeword_LEE:0.07333493232727051 sec.]
[LEEbkz:MW_Codeword_LEE:0.20201706886291504 sec.]
[LEEbkz:MW_Codeword_LEE:0.07347512245178223 sec.]
[LEEbkz:MW_Codeword_LEE:0.06580281257629395 sec.]
[LEEbkz:MW_Codeword_LEE:0.1494123935699463 sec.]
[LEEbkz:MW_Codeword_LEE:0.0761418342590332 sec.]
[LEEbkz:MW_Codeword_LEE:0.1425037384033203 sec.]
[LEEbkz:MW_Codeword_LEE:0.07295560836791992 sec.]
[LEEbkz:MW_Codeword_LEE:0.06640934944152832 sec.]
[LEEbkz:MW_Codeword_LEE:0.14510679244995117 sec.]
[LEEbkz:MW_Codeword_LEE:0.07540631294250488 sec.]
[LEEbkz:MW_Codeword_LEE:0.06579995155334473 sec.]
[LEEbkz:MW_Codeword_LEE:0.0655975341796875 sec.]
[LEEbkz:MW_Codeword_LEE:0.14870333671569824 sec.]
[LEEbkz:MW_Codeword_LEE:0.07294607162475586 sec.]
[LEEbkz:MW_Codeword_LEE:0.06645441055297852 sec.]
[LEEbkz:MW_Codeword_LEE:0.148240327835083 sec.]
[LEEbkz:MW_Codeword_LEE:0.07269763946533203 sec.]
[LEEbkz:MW_Codeword_LEE:0.06632351875305176 sec.]
[LEEbkz:MW_Codeword_LEE:0.06558632850646973 sec.]
[LEEbkz:MW_Codeword_LEE:0.14240074157714844 sec.]
[LEEbkz:MW_Codeword_LEE:0.07566118240356445 sec.]
[LEEbkz:MW_Codeword_LEE:0.1491072177886963 sec.]
[LEEbkz:MW_Codeword_LEE:0.07327389717102051 sec.]
[LEEbkz:MW_Codeword_LEE:0.06621122360229492 sec.]
[LEEbkz:MW_Codeword_LEE:0.14842557907104492 sec.]
[LEEbkz:MW_Codeword_LEE:0.07307982444763184 sec.]
[LEEbkz:MW_Codeword_LEE:0.06595301628112793 sec.]
[LEEbkz:MW_Codeword_LEE:0.041701316833496094 sec.]
[LEEbkz:MW_Codeword_LEE:0.145035982131958 sec.]
[LEEbkz:MW_Codeword_LEE:0.0730278491973877 sec.]
[LEEbkz:MW_Codeword_LEE:0.06576848030090332 sec.]
[LEEbkz:MW_Codeword_LEE:0.029471635818481445 sec.]
[LEEbkz:MW_Codeword_LEE:0.20034456253051758 sec.]
[LEEbkz:MW_Codeword_LEE:0.07314538955688477 sec.]
[LEEbkz:MW_Codeword_LEE:0.06595325469970703 sec.]
[LEEbkz:MW_Codeword_LEE:0.029463768005371094 sec.]
[LEEbkz:MW_Codeword_LEE:0.14333510398864746 sec.]
[LEEbkz:MW_Codeword_LEE:0.07288026809692383 sec.]
[LEEbkz:MW_Codeword_LEE:0.06583499908447266 sec.]
[LEEbkz:MW_Codeword_LEE:0.029766321182250977 sec.]
[LEEbkz:MW_Codeword_LEE:0.0729820728302002 sec.]
[LEEbkz:MW_Codeword_LEE:0.06607818603515625 sec.]
[LEEbkz:MW_Codeword_LEE:0.029454469680786133 sec.]
[LEEbkz:MW_Codeword_LEE:0.06615281105041504 sec.]
[LEEbkz:MW_Codeword_LEE:0.029679536819458008 sec.]
[LEEbkz:MW_Codeword_LEE:0.030312299728393555 sec.]
[LEEbkz:MW_Codeword_LEE:0.029652833938598633 sec.]
[LEEbkz:MW_Codeword_LEE:0.03003549575805664 sec.]
[LEEbkz:MW_Codeword_LEE:0.02943253517150879 sec.]
[LEEbkz:MW_Codeword_LEE:0.030153512954711914 sec.]
[LEEbkz:MW_Codeword_LEE:0.02956390380859375 sec.]
[LEEbkz:MW_Codeword_LEE:0.029967546463012695 sec.]
[LEEbkz:MW_Codeword_LEE:0.029607057571411133 sec.]
[LEEbkz:MW_Codeword_LEE:0.029564380645751953 sec.]
[LEEbkz:MW_Codeword_LEE:0.029662370681762695 sec.]
[LEEbkz:MW_Codeword_LEE:0.029814481735229492 sec.]
[LEEbkz:MW_Codeword_LEE:0.029551029205322266 sec.]
[LEEbkz:MW_Codeword_LEE:0.0298922061920166 sec.]
[LEEbkz:MW_Codeword_LEE:0.029789447784423828 sec.]
[LEEbkz:MW_Codeword_LEE:0.02957296371459961 sec.]
[LEEbkz:MW_Codeword_LEE:0.02970409393310547 sec.]
[LEEbkz:MW_Codeword_LEE:0.029511213302612305 sec.]
[LEEbkz:MW_Codeword_LEE:0.029649019241333008 sec.]
[LEEbkz:MW_Codeword_LEE:0.029610633850097656 sec.]
[LEEbkz:MW_Codeword_LEE:0.02960371971130371 sec.]
[LEEbkz:MW_Codeword_LEE:0.02956104278564453 sec.]
[LEEbkz:MW_Codeword_LEE:0.030413389205932617 sec.]
[LEEbkz:MW_Codeword_LEE:0.029754161834716797 sec.]
[LEEbkz:MW_Codeword_LEE:0.031328678131103516 sec.]
[LEEbkz:MW_Codeword_LEE:0.02944779396057129 sec.]
[LEEbkz:MW_Codeword_LEE:0.029517173767089844 sec.]
[LEEbkz:MW_Codeword_LEE:0.029708147048950195 sec.]
[LEEbkz:MW_Codeword_LEE:0.02958512306213379 sec.]
[LEEbkz:MW_Codeword_LEE:0.02931380271911621 sec.]
[LEEbkz:MW_Codeword_LEE:0.02941727638244629 sec.]
[LEEbkz:MW_Codeword_LEE:0.029863357543945312 sec.]
[LEEbkz:MW_Codeword_LEE:0.02935314178466797 sec.]
[LEEbkz:MW_Codeword_LEE:0.029373884201049805 sec.]
[LEEbkz:MW_Codeword_LEE:0.029958009719848633 sec.]
[LEEbkz:MW_Codeword_LEE:0.029857873916625977 sec.]
[LEEbkz:MW_Codeword_LEE:0.03166055679321289 sec.]
[LEEbkz:MW_Codeword_LEE:0.029845476150512695 sec.]
[LEEbkz:MW_Codeword_LEE:0.029674530029296875 sec.]
[LEEbkz:MW_Codeword_LEE:0.02955937385559082 sec.]
[LEEbkz:MW_Codeword_LEE:0.030324459075927734 sec.]
[LEEbkz:MW_Codeword_LEE:0.0295562744140625 sec.]
[LEEbkz:MW_Codeword_LEE:0.029611587524414062 sec.]
[LEEbkz:MW_Codeword_LEE:0.029935359954833984 sec.]
[LEEbkz:MW_Codeword_LEE:0.029819726943969727 sec.]
[LEEbkz:MW_Codeword_LEE:0.029740333557128906 sec.]
[LEEbkz:MW_Codeword_LEE:0.0296933650970459 sec.]
[LEEbkz:MW_Codeword_LEE:0.029696941375732422 sec.]
[LEEbkz:MW_Codeword_LEE:0.029732704162597656 sec.]
[LEEbkz:MW_Codeword_LEE:0.029991865158081055 sec.]
[LEEbkz:MW_Codeword_LEE:0.02985668182373047 sec.]
[LEEbkz:MW_Codeword_LEE:0.029603958129882812 sec.]
[LEEbkz:MW_Codeword_LEE:0.029541492462158203 sec.]
[LEEbkz:MW_Codeword_LEE:0.02987813949584961 sec.]
[LEEbkz:MW_Codeword_LEE:0.02972126007080078 sec.]
[LEEbkz:MW_Codeword_LEE:0.0296480655670166 sec.]
[LEEbkz:MW_Codeword_LEE:0.029813289642333984 sec.]
[LEEbkz:MW_Codeword_LEE:0.030092716217041016 sec.]
[LEEbkz:MW_Codeword_LEE:0.029577970504760742 sec.]
[LEEbkz:MW_Codeword_LEE:0.02972698211669922 sec.]
[LEEbkz:MW_Codeword_LEE:0.029700279235839844 sec.]
[LEEbkz:MW_Codeword_LEE:0.0296022891998291 sec.]
[LEEbkz:MW_Codeword_LEE:0.02971792221069336 sec.]
[LEEbkz:MW_Codeword_LEE:0.030025720596313477 sec.]
[LEEbkz:MW_Codeword_LEE:0.0305938720703125 sec.]
[LEEbkz:MW_Codeword_LEE:0.02967691421508789 sec.]
[LEEbkz:MW_Codeword_LEE:0.029951095581054688 sec.]
[LEEbkz:MW_Codeword_LEE:0.029435157775878906 sec.]
[LEEbkz:MW_Codeword_LEE:0.029618024826049805 sec.]
[LEEbkz:MW_Codeword_LEE:0.030134916305541992 sec.]
[LEEbkz:MW_Codeword_LEE:0.02961897850036621 sec.]
[LEEbkz:MW_Codeword_LEE:0.030004262924194336 sec.]
[LEEbkz:MW_Codeword_LEE:0.03013753890991211 sec.]
[LEEbkz:MW_Codeword_LEE:0.030211448669433594 sec.]
[LEEbkz:MW_Codeword_LEE:0.02963566780090332 sec.]
[LEEbkz:MW_Codeword_LEE:0.029724836349487305 sec.]
[LEEbkz:MW_Codeword_LEE:0.029434919357299805 sec.]
[LEEbkz:MW_Codeword_LEE:0.029435157775878906 sec.]
[LEEbkz:MW_Codeword_LEE:0.02944350242614746 sec.]
[LEEbkz:MW_Codeword_LEE:0.030132293701171875 sec.]
[LEEbkz:MW_Codeword_LEE:0.029542207717895508 sec.]
[LEEbkz:MW_Codeword_LEE:0.02977895736694336 sec.]
[LEEbkz:MW_Codeword_LEE:0.029510974884033203 sec.]
[LEEbkz:MW_Codeword_LEE:0.029429912567138672 sec.]
[LEEbkz:MW_Codeword_LEE:0.029955625534057617 sec.]
[LEEbkz:MW_Codeword_LEE:0.02948617935180664 sec.]
[LEEbkz:MW_Codeword_LEE:0.02982187271118164 sec.]
[LEEbkz:MW_Codeword_LEE:0.029736757278442383 sec.]
[LEEbkz:MW_Codeword_LEE:0.02973031997680664 sec.]
[LEEbkz:MW_Codeword_LEE:0.030077457427978516 sec.]
[LEEbkz:MW_Codeword_LEE:0.030283212661743164 sec.]
[LEEbkz:MW_Codeword_LEE:0.030069351196289062 sec.]
[LEEbkz:MW_Codeword_LEE:0.029803752899169922 sec.]
[LEEbkz:MW_Codeword_LEE:0.030035734176635742 sec.]
[LEEbkz:MW_Codeword_LEE:0.029804468154907227 sec.]
[LEEbkz:MW_Codeword_LEE:0.02977156639099121 sec.]
[LEEbkz:MW_Codeword_LEE:0.02940654754638672 sec.]
[LEEbkz:MW_Codeword_LEE:0.03027653694152832 sec.]
[LEEbkz:MW_Codeword_LEE:0.02977442741394043 sec.]
[LEEbkz:MW_Codeword_LEE:0.029707670211791992 sec.]
[LEEbkz:MW_Codeword_LEE:0.02972555160522461 sec.]
[LEEbkz:MW_Codeword_LEE:0.030042171478271484 sec.]
[LEEbkz:MW_Codeword_LEE:0.02959299087524414 sec.]
[LEEbkz:MW_Codeword_LEE:0.02940201759338379 sec.]
[LEEbkz:MW_Codeword_LEE:0.029676437377929688 sec.]
[LEEbkz:MW_Codeword_LEE:0.02981877326965332 sec.]
[LEEbkz:MW_Codeword_LEE:0.02999091148376465 sec.]
[LEEbkz:MW_Codeword_LEE:0.02946758270263672 sec.]
[LEEbkz:MW_Codeword_LEE:0.02954411506652832 sec.]
[LEEbkz:MW_Codeword_LEE:0.029932498931884766 sec.]
[LEEbkz:MW_Codeword_LEE:0.03000330924987793 sec.]
[LEEbkz:MW_Codeword_LEE:0.029738187789916992 sec.]
[LEEbkz:MW_Codeword_LEE:0.030167579650878906 sec.]
[LEEbkz:MW_Codeword_LEE:0.029723405838012695 sec.]
[LEEbkz:MW_Codeword_LEE:0.029662370681762695 sec.]
[LEEbkz:MW_Codeword_LEE:0.029248714447021484 sec.]
[LEEbkz:MW_Codeword_LEE:0.029497861862182617 sec.]
[LEEbkz:MW_Codeword_LEE:0.03017735481262207 sec.]
[LEEbkz:MW_Codeword_LEE:0.029480934143066406 sec.]
[LEEbkz:MW_Codeword_LEE:0.03026127815246582 sec.]
[LEEbkz:MW_Codeword_LEE:0.030067920684814453 sec.]
[LEEbkz:MW_Codeword_LEE:0.02950882911682129 sec.]
[LEEbkz:MW_Codeword_LEE:0.029974937438964844 sec.]
[LEEbkz:MW_Codeword_LEE:0.029510974884033203 sec.]
[LEEbkz:MW_Codeword_LEE:0.03144121170043945 sec.]
[LEEbkz:MW_Codeword_LEE:0.03024435043334961 sec.]
[LEEbkz:MW_Codeword_LEE:0.02996230125427246 sec.]
[LEEbkz:MW_Codeword_LEE:0.029685020446777344 sec.]
[LEEbkz:MW_Codeword_LEE:0.029726266860961914 sec.]
[LEEbkz:MW_Codeword_LEE:0.02965092658996582 sec.]
[LEEbkz:MW_Codeword_LEE:0.0296328067779541 sec.]
[LEEbkz:MW_Codeword_LEE:0.029917001724243164 sec.]
[LEEbkz:MW_Codeword_LEE:0.02967071533203125 sec.]
[LEEbkz:MW_Codeword_LEE:0.029437541961669922 sec.]
[LEEbkz:MW_Codeword_LEE:0.0296018123626709 sec.]
[LEEbkz:MW_Codeword_LEE:0.029654979705810547 sec.]
[LEEbkz:MW_Codeword_LEE:0.030151844024658203 sec.]
[LEEbkz:MW_Codeword_LEE:0.029529333114624023 sec.]
[LEEbkz:MW_Codeword_LEE:0.029645204544067383 sec.]
[LEEbkz:MW_Codeword_LEE:0.029759883880615234 sec.]
[LEEbkz:MW_Codeword_LEE:0.02990889549255371 sec.]
[LEEbkz:MW_Codeword_LEE:0.029694557189941406 sec.]
[LEEbkz:MW_Codeword_LEE:0.029562711715698242 sec.]
[LEEbkz:MW_Codeword_LEE:0.02965831756591797 sec.]
[LEEbkz:MW_Codeword_LEE:0.029864072799682617 sec.]
[LEEbkz:MW_Codeword_LEE:0.02959585189819336 sec.]
[LEEbkz:MW_Codeword_LEE:0.029622554779052734 sec.]
[LEEbkz:MW_Codeword_LEE:0.029521942138671875 sec.]
[LEEbkz:MW_Codeword_LEE:0.02959156036376953 sec.]
[LEEbkz:MW_Codeword_LEE:0.029778480529785156 sec.]
[LEEbkz:MW_Codeword_LEE:0.029360294342041016 sec.]
[LEEbkz:MW_Codeword_LEE:0.029660701751708984 sec.]
[LEEbkz:MW_Codeword_LEE:0.02936720848083496 sec.]
[LEEbkz:MW_Codeword_LEE:0.02944350242614746 sec.]
[LEEbkz:MW_Codeword_LEE:0.02951788902282715 sec.]
[LEEbkz:MW_Codeword_LEE:0.029749393463134766 sec.]
[LEEbkz:MW_Codeword_LEE:0.029669761657714844 sec.]
[LEEbkz:MW_Codeword_LEE:0.029240846633911133 sec.]
[LEEbkz:MW_Codeword_LEE:0.029774904251098633 sec.]
[LEEbkz:MW_Codeword_LEE:0.029776811599731445 sec.]
[LEEbkz:MW_Codeword_LEE:0.029450654983520508 sec.]
[LEEbkz:MW_Codeword_LEE:0.02956843376159668 sec.]
[LEEbkz:MW_Codeword_LEE:0.029555082321166992 sec.]
[LEEbkz:MW_Codeword_LEE:0.029543638229370117 sec.]
[LEEbkz:MW_Codeword_LEE:0.029822587966918945 sec.]
[LEEbkz:MW_Codeword_LEE:0.02968287467956543 sec.]
[LEEbkz:MW_Codeword_LEE:0.029824018478393555 sec.]
[LEEbkz:MW_Codeword_LEE:0.029805660247802734 sec.]
[LEEbkz:MW_Codeword_LEE:0.029996156692504883 sec.]
[LEEbkz:MW_Codeword_LEE:0.02997565269470215 sec.]
[LEEbkz:MW_Codeword_LEE:0.02960801124572754 sec.]
[LEEbkz:MW_Codeword_LEE:0.02941274642944336 sec.]
[LEEbkz:MW_Codeword_LEE:0.03161144256591797 sec.]
[LEEbkz:MW_Codeword_LEE:0.029316186904907227 sec.]
[LEEbkz:MW_Codeword_LEE:0.029407024383544922 sec.]
[LEEbkz:MW_Codeword_LEE:0.029790639877319336 sec.]
[LEEbkz:MW_Codeword_LEE:0.02942633628845215 sec.]
[LEEbkz:MW_Codeword_LEE:0.02959752082824707 sec.]
[LEEbkz:MW_Codeword_LEE:0.02968573570251465 sec.]
[LEEbkz:MW_Codeword_LEE:0.0299832820892334 sec.]
[LEEbkz:MW_Codeword_LEE:0.02939891815185547 sec.]
[LEEbkz:MW_Codeword_LEE:0.029934167861938477 sec.]
[LEEbkz:MW_Codeword_LEE:0.029502391815185547 sec.]
[LEEbkz:MW_Codeword_LEE:0.02970576286315918 sec.]
[LEEbkz:MW_Codeword_LEE:0.029900789260864258 sec.]
[LEEbkz:MW_Codeword_LEE:0.029678821563720703 sec.]
[LEEbkz:MW_Codeword_LEE:0.02948164939880371 sec.]
[LEEbkz:MW_Codeword_LEE:0.02976393699645996 sec.]
[LEEbkz:MW_Codeword_LEE:0.029615163803100586 sec.]
[LEEbkz:MW_Codeword_LEE:0.029254913330078125 sec.]
[LEEbkz:MW_Codeword_LEE:0.029775142669677734 sec.]
[LEEbkz:MW_Codeword_LEE:0.02968621253967285 sec.]
[LEEbkz:MW_Codeword_LEE:0.029561996459960938 sec.]
[LEEbkz:MW_Codeword_LEE:0.0297238826751709 sec.]
[LEEbkz:MW_Codeword_LEE:0.029753684997558594 sec.]
[LEEbkz:MW_Codeword_LEE:0.029764890670776367 sec.]
[LEEbkz:MW_Codeword_LEE:0.02970576286315918 sec.]
[LEEbkz:MW_Codeword_LEE:0.02962327003479004 sec.]
[LEEbkz:MW_Codeword_LEE:0.029693126678466797 sec.]
[LEEbkz:MW_Codeword_LEE:0.03003525733947754 sec.]
[LEEbkz:MW_Codeword_LEE:0.029613971710205078 sec.]
[LEEbkz:MW_Codeword_LEE:0.029619932174682617 sec.]
[LEEbkz:MW_Codeword_LEE:0.02983880043029785 sec.]
[LEEbkz:MW_Codeword_LEE:0.0298769474029541 sec.]
[LEEbkz:MW_Codeword_LEE:0.029297351837158203 sec.]
[LEEbkz:MW_Codeword_LEE:0.029398202896118164 sec.]
[LEEbkz:MW_Codeword_LEE:0.029626131057739258 sec.]
[LEEbkz:MW_Codeword_LEE:0.02956104278564453 sec.]
[LEEbkz:MW_Codeword_LEE:0.029621362686157227 sec.]
[LEEbkz:MW_Codeword_LEE:0.02955031394958496 sec.]
[LEEbkz:MW_Codeword_LEE:0.029713153839111328 sec.]
[LEEbkz:MW_Codeword_LEE:0.030343055725097656 sec.]
[LEEbkz:MW_Codeword_LEE:0.02959752082824707 sec.]
[LEEbkz:MW_Codeword_LEE:0.029597759246826172 sec.]
[LEEbkz:MW_Codeword_LEE:0.029451370239257812 sec.]
[LEEbkz:MW_Codeword_LEE:0.029831409454345703 sec.]
[LEEbkz:MW_Codeword_LEE:0.02961254119873047 sec.]
[LEEbkz:MW_Codeword_LEE:0.02962470054626465 sec.]
[LEEbkz:MW_Codeword_LEE:0.029903888702392578 sec.]
[LEEbkz:MW_Codeword_LEE:0.029414653778076172 sec.]
[LEEbkz:MW_Codeword_LEE:0.029950857162475586 sec.]
[LEEbkz:MW_Codeword_LEE:0.03125429153442383 sec.]
[LEEbkz:MW_Codeword_LEE:0.02936577796936035 sec.]
[LEEbkz:MW_Codeword_LEE:0.029720306396484375 sec.]
[LEEbkz:MW_Codeword_LEE:0.02968454360961914 sec.]
[LEEbkz:MW_Codeword_LEE:0.02980661392211914 sec.]
[LEEbkz:MW_Codeword_LEE:0.029611825942993164 sec.]
[LEEbkz:MW_Codeword_LEE:0.029814958572387695 sec.]
[LEEbkz:MW_Codeword_LEE:0.029239416122436523 sec.]
[LEEbkz:MW_Codeword_LEE:0.029842853546142578 sec.]
[LEEbkz:MW_Codeword_LEE:0.02971649169921875 sec.]
[LEEbkz:MW_Codeword_LEE:0.029592514038085938 sec.]
[LEEbkz:MW_Codeword_LEE:0.02972722053527832 sec.]
[LEEbkz:MW_Codeword_LEE:0.029531478881835938 sec.]
[LEEbkz:MW_Codeword_LEE:0.02949047088623047 sec.]
[LEEbkz:MW_Codeword_LEE:0.02936100959777832 sec.]
[LEEbkz:MW_Codeword_LEE:0.029519081115722656 sec.]
[LEEbkz:MW_Codeword_LEE:0.02927875518798828 sec.]
[LEEbkz:MW_Codeword_LEE:0.029876232147216797 sec.]
[LEEbkz:MW_Codeword_LEE:0.029334545135498047 sec.]
[LEEbkz:MW_Codeword_LEE:0.029671907424926758 sec.]
[LEEbkz:MW_Codeword_LEE:0.02912759780883789 sec.]
[LEEbkz:MW_Codeword_LEE:0.029625415802001953 sec.]
[LEEbkz:MW_Codeword_LEE:0.02942800521850586 sec.]
[LEEbkz:MW_Codeword_LEE:0.029501914978027344 sec.]
[LEEbkz:MW_Codeword_LEE:0.02946329116821289 sec.]
[LEEbkz:MW_Codeword_LEE:0.02985835075378418 sec.]
[LEEbkz:MW_Codeword_LEE:0.08081650733947754 sec.]
[LEEbkz:MW_Codeword_LEE:0.029694557189941406 sec.]
[LEEbkz:MW_Codeword_LEE:0.02951359748840332 sec.]
[LEEbkz:MW_Codeword_LEE:0.029584646224975586 sec.]
[LEEbkz:MW_Codeword_LEE:0.029943227767944336 sec.]
[LEEbkz:MW_Codeword_LEE:0.029537677764892578 sec.]
[LEEbkz:MW_Codeword_LEE:0.02934861183166504 sec.]
[LEEbkz:MW_Codeword_LEE:0.029513835906982422 sec.]
[LEEbkz:MW_Codeword_LEE:0.029619932174682617 sec.]
[LEEbkz:MW_Codeword_LEE:0.02962970733642578 sec.]
[LEEbkz:MW_Codeword_LEE:0.029721736907958984 sec.]
[LEEbkz:MW_Codeword_LEE:0.029603958129882812 sec.]
[LEEbkz:MW_Codeword_LEE:0.029628515243530273 sec.]
[LEEbkz:MW_Codeword_LEE:0.030284643173217773 sec.]
[LEEbkz:MW_Codeword_LEE:0.029386281967163086 sec.]
[LEEbkz:MW_Codeword_LEE:0.029638051986694336 sec.]
[LEEbkz:MW_Codeword_LEE:0.02954554557800293 sec.]
[LEEbkz:MW_Codeword_LEE:0.029368162155151367 sec.]
[LEEbkz:MW_Codeword_LEE:0.029968976974487305 sec.]
[LEEbkz:MW_Codeword_LEE:0.029865741729736328 sec.]
[LEEbkz:MW_Codeword_LEE:0.029414892196655273 sec.]
[LEEbkz:MW_Codeword_LEE:0.029448747634887695 sec.]
[LEEbkz:MW_Codeword_LEE:0.029783010482788086 sec.]
[LEEbkz:MW_Codeword_LEE:0.029540300369262695 sec.]
[LEEbkz:MW_Codeword_LEE:0.03142952919006348 sec.]
[LEEbkz:MW_Codeword_LEE:0.02920842170715332 sec.]
[LEEbkz:MW_Codeword_LEE:0.029440641403198242 sec.]
[LEEbkz:MW_Codeword_LEE:0.02988290786743164 sec.]
[LEEbkz:MW_Codeword_LEE:0.02975320816040039 sec.]
[LEEbkz:MW_Codeword_LEE:0.02974247932434082 sec.]
[LEEbkz:MW_Codeword_LEE:0.029865741729736328 sec.]
[LEEbkz:MW_Codeword_LEE:0.030332565307617188 sec.]
[LEEbkz:MW_Codeword_LEE:0.02968621253967285 sec.]
[LEEbkz:MW_Codeword_LEE:0.02974867820739746 sec.]
[LEEbkz:MW_Codeword_LEE:0.02943587303161621 sec.]
[LEEbkz:MW_Codeword_LEE:0.029597759246826172 sec.]
[LEEbkz:MW_Codeword_LEE:0.029447317123413086 sec.]
[LEEbkz:MW_Codeword_LEE:0.02920079231262207 sec.]
[LEEbkz:MW_Codeword_LEE:0.02950882911682129 sec.]
[LEEbkz:MW_Codeword_LEE:0.0299072265625 sec.]
[LEEbkz:MW_Codeword_LEE:0.029677391052246094 sec.]
[LEEbkz:MW_Codeword_LEE:0.029592037200927734 sec.]
[LEEbkz:MW_Codeword_LEE:0.029573440551757812 sec.]
[LEEbkz:MW_Codeword_LEE:0.029802560806274414 sec.]
[LEEbkz:MW_Codeword_LEE:0.02974081039428711 sec.]
[LEEbkz:MW_Codeword_LEE:0.029270648956298828 sec.]
[LEEbkz:MW_Codeword_LEE:0.029486417770385742 sec.]
[LEEbkz:MW_Codeword_LEE:0.02958512306213379 sec.]
[LEEbkz:MW_Codeword_LEE:0.02960991859436035 sec.]
[LEEbkz:MW_Codeword_LEE:0.029529094696044922 sec.]
[LEEbkz:MW_Codeword_LEE:0.029362201690673828 sec.]
[LEEbkz:MW_Codeword_LEE:0.029760360717773438 sec.]
[LEEbkz:MW_Codeword_LEE:0.029421329498291016 sec.]
[LEEbkz:MW_Codeword_LEE:0.029802322387695312 sec.]
[LEEbkz:MW_Codeword_LEE:0.029389619827270508 sec.]
[LEEbkz:MW_Codeword_LEE:0.029488086700439453 sec.]
[LEEbkz:MW_Codeword_LEE:0.029413938522338867 sec.]
[LEEbkz:MW_Codeword_LEE:0.029702425003051758 sec.]
[LEEbkz:MW_Codeword_LEE:0.029484033584594727 sec.]
[LEEbkz:MW_Codeword_LEE:0.029659509658813477 sec.]
[LEEbkz:MW_Codeword_LEE:0.0296018123626709 sec.]
[LEEbkz:MW_Codeword_LEE:0.029799938201904297 sec.]
[LEEbkz:MW_Codeword_LEE:0.029498577117919922 sec.]
[LEEbkz:MW_Codeword_LEE:0.029828786849975586 sec.]
[LEEbkz:MW_Codeword_LEE:0.029583215713500977 sec.]
[LEEbkz:MW_Codeword_LEE:0.029695987701416016 sec.]
[LEEbkz:MW_Codeword_LEE:0.03031468391418457 sec.]
[LEEbkz:MW_Codeword_LEE:0.029489755630493164 sec.]
[LEEbkz:MW_Codeword_LEE:0.029542207717895508 sec.]
[LEEbkz:MW_Codeword_LEE:0.029908180236816406 sec.]
[LEEbkz:MW_Codeword_LEE:0.029933691024780273 sec.]
[LEEbkz:MW_Codeword_LEE:0.02915167808532715 sec.]
[LEEbkz:MW_Codeword_LEE:0.0313107967376709 sec.]
[LEEbkz:MW_Codeword_LEE:0.029819965362548828 sec.]
[LEEbkz:MW_Codeword_LEE:0.029643774032592773 sec.]
[LEEbkz:MW_Codeword_LEE:0.029849767684936523 sec.]
[LEEbkz:MW_Codeword_LEE:0.029368162155151367 sec.]
[LEEbkz:MW_Codeword_LEE:0.029816865921020508 sec.]
[LEEbkz:MW_Codeword_LEE:0.029616832733154297 sec.]
[LEEbkz:MW_Codeword_LEE:0.029746532440185547 sec.]
[LEEbkz:MW_Codeword_LEE:0.029801607131958008 sec.]
[LEEbkz:MW_Codeword_LEE:0.02938985824584961 sec.]
[LEEbkz:MW_Codeword_LEE:0.029740571975708008 sec.]
[LEEbkz:MW_Codeword_LEE:0.029614686965942383 sec.]
[LEEbkz:MW_Codeword_LEE:0.029817819595336914 sec.]
[LEEbkz:MW_Codeword_LEE:0.029630422592163086 sec.]
[LEEbkz:MW_Codeword_LEE:0.02988719940185547 sec.]
[LEEbkz:MW_Codeword_LEE:0.029514312744140625 sec.]
[LEEbkz:MW_Codeword_LEE:0.029520511627197266 sec.]
[LEEbkz:MW_Codeword_LEE:0.029755353927612305 sec.]
[LEEbkz:MW_Codeword_LEE:0.029750585556030273 sec.]
[LEEbkz:MW_Codeword_LEE:0.0295102596282959 sec.]
[LEEbkz:MW_Codeword_LEE:0.02968740463256836 sec.]
[LEEbkz:MW_Codeword_LEE:0.029913663864135742 sec.]
[LEEbkz:MW_Codeword_LEE:0.029677867889404297 sec.]
[LEEbkz:MW_Codeword_LEE:0.02991461753845215 sec.]
[LEEbkz:MW_Codeword_LEE:0.029544591903686523 sec.]
[LEEbkz:MW_Codeword_LEE:0.02941441535949707 sec.]
[LEEbkz:MW_Codeword_LEE:0.029454708099365234 sec.]
[LEEbkz:MW_Codeword_LEE:0.029499530792236328 sec.]
[LEEbkz:MW_Codeword_LEE:0.029497146606445312 sec.]
[LEEbkz:MW_Codeword_LEE:0.029596567153930664 sec.]
[LEEbkz:MW_Codeword_LEE:0.029706239700317383 sec.]
[LEEbkz:MW_Codeword_LEE:0.029867887496948242 sec.]
[LEEbkz:MW_Codeword_LEE:0.02946329116821289 sec.]
[LEEbkz:MW_Codeword_LEE:0.029859304428100586 sec.]
[LEEbkz:MW_Codeword_LEE:0.029536008834838867 sec.]
[LEEbkz:MW_Codeword_LEE:0.029557228088378906 sec.]
[LEEbkz:MW_Codeword_LEE:0.02988886833190918 sec.]
[LEEbkz:MW_Codeword_LEE:0.029192209243774414 sec.]
[LEEbkz:MW_Codeword_LEE:0.029573440551757812 sec.]
[LEEbkz:MW_Codeword_LEE:0.029988765716552734 sec.]
[LEEbkz:MW_Codeword_LEE:0.029767513275146484 sec.]
[LEEbkz:MW_Codeword_LEE:0.029448270797729492 sec.]
[LEEbkz:MW_Codeword_LEE:0.029483556747436523 sec.]
[LEEbkz:MW_Codeword_LEE:0.03017282485961914 sec.]
[LEEbkz:MW_Codeword_LEE:0.029504060745239258 sec.]
[LEEbkz:MW_Codeword_LEE:0.02962040901184082 sec.]
[LEEbkz:MW_Codeword_LEE:0.029449939727783203 sec.]
[LEEbkz:MW_Codeword_LEE:0.029588699340820312 sec.]
[LEEbkz:MW_Codeword_LEE:0.029728412628173828 sec.]
[LEEbkz:MW_Codeword_LEE:0.029733657836914062 sec.]
[LEEbkz:MW_Codeword_LEE:0.03119683265686035 sec.]
[LEEbkz:MW_Codeword_LEE:0.029661178588867188 sec.]
[LEEbkz:MW_Codeword_LEE:0.02947235107421875 sec.]
[LEEbkz:MW_Codeword_LEE:0.029724836349487305 sec.]
[LEEbkz:MW_Codeword_LEE:0.02985692024230957 sec.]
[LEEbkz:MW_Codeword_LEE:0.029724597930908203 sec.]
[LEEbkz:MW_Codeword_LEE:0.029468059539794922 sec.]
[LEEbkz:MW_Codeword_LEE:0.029626131057739258 sec.]
[LEEbkz:MW_Codeword_LEE:0.029982805252075195 sec.]
[LEEbkz:MW_Codeword_LEE:0.03127431869506836 sec.]
[LEEbkz:MW_Codeword_LEE:0.029404640197753906 sec.]
[LEEbkz:MW_Codeword_LEE:0.02953362464904785 sec.]
[LEEbkz:MW_Codeword_LEE:0.02969217300415039 sec.]
[LEEbkz:MW_Codeword_LEE:0.029763221740722656 sec.]
[LEEbkz:MW_Codeword_LEE:0.029737234115600586 sec.]
[LEEbkz:MW_Codeword_LEE:0.02979588508605957 sec.]
[LEEbkz:MW_Codeword_LEE:0.02968311309814453 sec.]
[LEEbkz:MW_Codeword_LEE:0.0297088623046875 sec.]
[LEEbkz:MW_Codeword_LEE:0.029732465744018555 sec.]
[LEEbkz:MW_Codeword_LEE:0.029706478118896484 sec.]
[LEEbkz:MW_Codeword_LEE:0.029538393020629883 sec.]
[LEEbkz:MW_Codeword_LEE:0.03016948699951172 sec.]
[LEEbkz:MW_Codeword_LEE:0.029541015625 sec.]
[LEEbkz:MW_Codeword_LEE:0.029475688934326172 sec.]
[LEEbkz:MW_Codeword_LEE:0.02954578399658203 sec.]
[LEEbkz:MW_Codeword_LEE:0.029981613159179688 sec.]
[LEEbkz:MW_Codeword_LEE:0.029842376708984375 sec.]
[LEEbkz:MW_Codeword_LEE:0.029523611068725586 sec.]
[LEEbkz:MW_Codeword_LEE:0.029382944107055664 sec.]
[LEEbkz:MW_Codeword_LEE:0.029797077178955078 sec.]
[LEEbkz:MW_Codeword_LEE:0.029896020889282227 sec.]
[LEEbkz:MW_Codeword_LEE:0.029784440994262695 sec.]
[LEEbkz:MW_Codeword_LEE:0.029742002487182617 sec.]
[LEEbkz:MW_Codeword_LEE:0.02960944175720215 sec.]
[LEEbkz:MW_Codeword_LEE:0.029812097549438477 sec.]
[LEEbkz:MW_Codeword_LEE:0.02987217903137207 sec.]
[LEEbkz:MW_Codeword_LEE:0.02971792221069336 sec.]
[LEEbkz:MW_Codeword_LEE:0.02966594696044922 sec.]
[LEEbkz:MW_Codeword_LEE:0.029871225357055664 sec.]
[LEEbkz:MW_Codeword_LEE:0.02989983558654785 sec.]
[LEEbkz:MW_Codeword_LEE:0.029760360717773438 sec.]
[LEEbkz:MW_Codeword_LEE:0.029781579971313477 sec.]
[LEEbkz:MW_Codeword_LEE:0.02974700927734375 sec.]
[LEEbkz:MW_Codeword_LEE:0.03016185760498047 sec.]
[LEEbkz:MW_Codeword_LEE:0.03022623062133789 sec.]
[LEEbkz:MW_Codeword_LEE:0.029951095581054688 sec.]
[LEEbkz:MW_Codeword_LEE:0.02985692024230957 sec.]
[LEEbkz:MW_Codeword_LEE:0.02976393699645996 sec.]
[LEEbkz:MW_Codeword_LEE:0.02973461151123047 sec.]
[LEEbkz:MW_Codeword_LEE:0.029481887817382812 sec.]
[LEEbkz:MW_Codeword_LEE:0.029543161392211914 sec.]
[LEEbkz:MW_Codeword_LEE:0.029385089874267578 sec.]
[LEEbkz:MW_Codeword_LEE:0.031877756118774414 sec.]
[LEEbkz:MW_Codeword_LEE:0.030046463012695312 sec.]
[LEEbkz:MW_Codeword_LEE:0.029397964477539062 sec.]
[LEEbkz:MW_Codeword_LEE:0.029700517654418945 sec.]
[LEEbkz:MW_Codeword_LEE:0.02975296974182129 sec.]
[LEEbkz:MW_Codeword_LEE:0.029690980911254883 sec.]
[LEEbkz:MW_Codeword_LEE:0.029630422592163086 sec.]
[LEEbkz:MW_Codeword_LEE:0.029506921768188477 sec.]
[LEEbkz:MW_Codeword_LEE:0.02969813346862793 sec.]
[LEEbkz:MW_Codeword_LEE:0.030068159103393555 sec.]
[LEEbkz:MW_Codeword_LEE:0.02989029884338379 sec.]
[LEEbkz:MW_Codeword_LEE:0.029656171798706055 sec.]
[LEEbkz:MW_Codeword_LEE:0.030172348022460938 sec.]
[LEEbkz:MW_Codeword_LEE:0.029558897018432617 sec.]
[LEEbkz:MW_Codeword_LEE:0.029858827590942383 sec.]
[LEEbkz:MW_Codeword_LEE:0.029822826385498047 sec.]
[LEEbkz:MW_Codeword_LEE:0.02994561195373535 sec.]
[LEEbkz:MW_Codeword_LEE:0.029480457305908203 sec.]
[LEEbkz:MW_Codeword_LEE:0.029719829559326172 sec.]
[LEEbkz:MW_Codeword_LEE:0.029667139053344727 sec.]
[LEEbkz:MW_Codeword_LEE:0.029775619506835938 sec.]
[LEEbkz:MW_Codeword_LEE:0.029584884643554688 sec.]
[LEEbkz:MW_Codeword_LEE:0.029740333557128906 sec.]
[LEEbkz:MW_Codeword_LEE:0.029875993728637695 sec.]
[LEEbkz:MW_Codeword_LEE:0.0296478271484375 sec.]
[LEEbkz:MW_Codeword_LEE:0.029515504837036133 sec.]
[LEEbkz:MW_Codeword_LEE:0.029839754104614258 sec.]
[LEEbkz:MW_Codeword_LEE:0.0295867919921875 sec.]
[LEEbkz:MW_Codeword_LEE:0.029870033264160156 sec.]
[LEEbkz:MW_Codeword_LEE:0.029526710510253906 sec.]
[LEEbkz:MW_Codeword_LEE:0.029837846755981445 sec.]
[LEEbkz:MW_Codeword_LEE:0.029984474182128906 sec.]
[LEEbkz:MW_Codeword_LEE:0.029607534408569336 sec.]
[LEEbkz:MW_Codeword_LEE:0.029782533645629883 sec.]
[LEEbkz:MW_Codeword_LEE:0.029511213302612305 sec.]
[LEEbkz:MW_Codeword_LEE:0.03008580207824707 sec.]
[LEEbkz:MW_Codeword_LEE:0.03007650375366211 sec.]
[LEEbkz:MW_Codeword_LEE:0.02989792823791504 sec.]
[LEEbkz:MW_Codeword_LEE:0.029513835906982422 sec.]
[LEEbkz:MW_Codeword_LEE:0.029621362686157227 sec.]
[LEEbkz:MW_Codeword_LEE:0.029730796813964844 sec.]
[LEEbkz:MW_Codeword_LEE:0.029664278030395508 sec.]
[LEEbkz:MW_Codeword_LEE:0.02958965301513672 sec.]
[LEEbkz:MW_Codeword_LEE:0.02974224090576172 sec.]
[LEEbkz:MW_Codeword_LEE:0.029628992080688477 sec.]
[LEEbkz:MW_Codeword_LEE:0.030086994171142578 sec.]
[LEEbkz:MW_Codeword_LEE:0.030311107635498047 sec.]
[LEEbkz:MW_Codeword_LEE:0.029492616653442383 sec.]
[LEEbkz:MW_Codeword_LEE:0.029445886611938477 sec.]
[LEEbkz:MW_Codeword_LEE:0.029855728149414062 sec.]
[LEEbkz:MW_Codeword_LEE:0.030173301696777344 sec.]
[LEEbkz:MW_Codeword_LEE:0.030169963836669922 sec.]
[LEEbkz:MW_Codeword_LEE:0.02989339828491211 sec.]
[LEEbkz:MW_Codeword_LEE:0.029591798782348633 sec.]
[LEEbkz:MW_Codeword_LEE:0.029761314392089844 sec.]
[LEEbkz:MW_Codeword_LEE:0.029797077178955078 sec.]
[LEEbkz:MW_Codeword_LEE:0.029754638671875 sec.]
[LEEbkz:MW_Codeword_LEE:0.02954840660095215 sec.]
[LEEbkz:MW_Codeword_LEE:0.029735565185546875 sec.]
[LEEbkz:MW_Codeword_LEE:0.029718399047851562 sec.]
[LEEbkz:MW_Codeword_LEE:0.0296633243560791 sec.]
[LEEbkz:MW_Codeword_LEE:0.029600143432617188 sec.]
[LEEbkz:MW_Codeword_LEE:0.02965068817138672 sec.]
[LEEbkz:MW_Codeword_LEE:0.030086755752563477 sec.]
[LEEbkz:MW_Codeword_LEE:0.0299835205078125 sec.]
[LEEbkz:MW_Codeword_LEE:0.029878854751586914 sec.]
[LEEbkz:MW_Codeword_LEE:0.029413938522338867 sec.]
[LEEbkz:MW_Codeword_LEE:0.02963876724243164 sec.]
[LEEbkz:MW_Codeword_LEE:0.029856443405151367 sec.]
[LEEbkz:MW_Codeword_LEE:0.02979278564453125 sec.]
[LEEbkz:MW_Codeword_LEE:0.029783248901367188 sec.]
[LEEbkz:MW_Codeword_LEE:0.029599428176879883 sec.]
[LEEbkz:MW_Codeword_LEE:0.030021190643310547 sec.]
[LEEbkz:MW_Codeword_LEE:0.029568195343017578 sec.]
[LEEbkz:MW_Codeword_LEE:0.02966022491455078 sec.]
[LEEbkz:MW_Codeword_LEE:0.029588937759399414 sec.]
[LEEbkz:MW_Codeword_LEE:0.029529809951782227 sec.]
[LEEbkz:MW_Codeword_LEE:0.029779911041259766 sec.]
[LEEbkz:MW_Codeword_LEE:0.024323463439941406 sec.]
[LEEbkz:MW_Codeword_LEE:0.022142648696899414 sec.]
[LEEbkz:MW_Codeword_LEE:0.020524024963378906 sec.]
[LEEbkz:MW_Codeword_LEE:0.018926620483398438 sec.]
Hamming profile after BKZ: [453, 56, 7, 1, 1, 1, 1, 1, 1, 1, 1, 1, 1, 1, 1, 1, 1, 1, 1, 1, 1, 1, 1, 1, 1, 1, 1, 1, 1, 1, 1, 1, 1, 1, 1, 1, 1, 1, 1, 1, 1, 1, 1, 1, 1, 1, 1, 1, 1, 1, 1, 1, 1, 1, 1, 1, 1, 1, 1, 1, 1, 1, 1, 1, 1, 1, 1, 1, 1, 1, 1, 1, 1, 1, 1, 1, 1, 1, 1, 1, 1, 1, 1, 1, 1, 1, 1, 1, 1, 1, 1, 1, 1, 1, 1, 1, 1, 1, 1, 1, 1, 1, 1, 1, 1, 1, 1, 1, 1, 1, 1, 1, 1, 1, 1, 1, 1, 1, 1, 1, 1, 1, 1, 1, 1, 1, 1, 1, 1, 1, 1, 1, 1, 1, 1, 1, 1, 1, 1, 1, 1, 1, 1, 1, 1, 1, 1, 1, 1, 1, 1, 1, 1, 1, 1, 1, 1, 1, 1, 1, 1, 1, 1, 1, 1, 1, 1, 1, 1, 1, 1, 1, 1, 1, 1, 1, 1, 1, 1, 1, 1, 1, 1, 1, 1, 1, 1, 1, 1, 1, 1, 1, 1, 1, 1, 1, 1, 1, 1, 1, 1, 1, 1, 1, 1, 1, 1, 1, 1, 1, 1, 1, 1, 1, 1, 1, 1, 1, 1, 1, 1, 1, 1, 1, 1, 1, 1, 1, 1, 1, 1, 1, 1, 1, 1, 1, 1, 1, 1, 1, 1, 1, 1, 1, 1, 1, 1, 1, 1, 1, 1, 1, 1, 1, 1, 1, 1, 1, 1, 1, 1, 1, 1, 1, 1, 1, 1, 1, 1, 1, 1, 1, 1, 1, 1, 1, 1, 1, 1, 1, 1, 1, 1, 1, 1, 1, 1, 1, 1, 1, 1, 1, 1, 1, 1, 1, 1, 1, 1, 1, 1, 1, 1, 1, 1, 1, 1, 1, 1, 1, 1, 1, 1, 1, 1, 1, 1, 1, 1, 1, 1, 1, 1, 1, 1, 1, 1, 1, 1, 1, 1, 1, 1, 1, 1, 1, 1, 1, 1, 1, 1, 1, 1, 1, 1, 1, 1, 1, 1, 1, 1, 1, 1, 1, 1, 1, 1, 1, 1, 1, 1, 1, 1, 1, 1, 1, 1, 1, 1, 1, 1, 1, 1, 1, 1, 1, 1, 1, 1, 1, 1, 1, 1, 1, 1, 1, 1, 1, 1, 1, 1, 1, 1, 1, 1, 1, 1, 1, 1, 1, 1, 1, 1, 1, 1, 1, 1, 1, 1, 1, 1, 1, 1, 1, 1, 1, 1, 1, 1, 1, 1, 1, 1, 1, 1, 1, 1, 1, 1, 1, 1, 1, 1, 1, 1, 1, 1, 1, 1, 1, 1, 1, 1, 1, 1, 1, 1, 1, 1, 1, 1, 1, 1, 1, 1, 1, 1, 1, 1, 1, 1, 1, 1, 1, 1, 1, 1, 1, 1, 1, 1, 1, 1, 1, 1, 1, 1, 1, 1, 1, 1, 1, 1, 1, 1, 1, 1, 1, 1, 1, 1, 1, 1, 1, 1, 1, 1, 1, 1, 1, 1, 1, 1, 1, 1, 1, 1, 1, 1, 1, 1, 0]
Lee profile after BKZ: [1217, 118, 8, 1, 1, 1, 1, 1, 1, 1, 1, 1, 1, 1, 1, 1, 1, 1, 1, 1, 1, 1, 1, 1, 1, 1, 1, 1, 1, 1, 1, 1, 1, 1, 1, 1, 1, 1, 1, 1, 1, 1, 1, 1, 1, 1, 1, 1, 1, 1, 1, 1, 1, 1, 1, 1, 1, 1, 1, 1, 1, 1, 1, 1, 1, 1, 1, 1, 1, 1, 1, 1, 1, 1, 1, 1, 1, 1, 1, 1, 1, 1, 1, 1, 1, 1, 1, 1, 1, 1, 1, 1, 1, 1, 1, 1, 1, 1, 1, 1, 1, 1, 1, 1, 1, 1, 1, 1, 1, 1, 1, 1, 1, 1, 1, 1, 1, 1, 1, 1, 1, 1, 1, 1, 1, 1, 1, 1, 1, 1, 1, 1, 1, 1, 1, 1, 1, 1, 1, 1, 1, 1, 1, 1, 1, 1, 1, 1, 1, 1, 1, 1, 1, 1, 1, 1, 1, 1, 1, 1, 1, 1, 1, 1, 1, 1, 1, 1, 1, 1, 1, 1, 1, 1, 1, 1, 1, 1, 1, 1, 1, 1, 1, 1, 1, 1, 1, 1, 1, 1, 1, 1, 1, 1, 1, 1, 1, 1, 1, 1, 1, 1, 1, 1, 1, 1, 1, 1, 1, 1, 1, 1, 1, 1, 1, 1, 1, 1, 1, 1, 1, 1, 1, 1, 1, 1, 1, 1, 1, 1, 1, 1, 1, 1, 1, 1, 1, 1, 1, 1, 1, 1, 1, 1, 1, 1, 1, 1, 1, 1, 1, 1, 1, 1, 1, 1, 1, 1, 1, 1, 1, 1, 1, 1, 1, 1, 1, 1, 1, 1, 1, 1, 1, 1, 1, 1, 1, 1, 1, 1, 1, 1, 1, 1, 1, 1, 1, 1, 1, 1, 1, 1, 1, 1, 1, 1, 1, 1, 1, 1, 1, 1, 1, 1, 1, 1, 1, 1, 1, 1, 1, 1, 1, 1, 1, 1, 1, 1, 1, 1, 1, 1, 1, 1, 1, 1, 1, 1, 1, 1, 1, 1, 1, 1, 1, 1, 1, 1, 1, 1, 1, 1, 1, 1, 1, 1, 1, 1, 1, 1, 1, 1, 1, 1, 1, 1, 1, 1, 1, 1, 1, 1, 1, 1, 1, 1, 1, 1, 1, 1, 1, 1, 1, 1, 1, 1, 1, 1, 1, 1, 1, 1, 1, 1, 1, 1, 1, 1, 1, 1, 1, 1, 1, 1, 1, 1, 1, 1, 1, 1, 1, 1, 1, 1, 1, 1, 1, 1, 1, 1, 1, 1, 1, 1, 1, 1, 1, 1, 1, 1, 1, 1, 1, 1, 1, 1, 1, 1, 1, 1, 1, 1, 1, 1, 1, 1, 1, 1, 1, 1, 1, 1, 1, 1, 1, 1, 1, 1, 1, 1, 1, 1, 1, 1, 1, 1, 1, 1, 1, 1, 1, 1, 1, 1, 1, 1, 1, 1, 1, 1, 1, 1, 1, 1, 1, 1, 1, 1, 1, 1, 1, 1, 1, 1, 1, 1, 1, 1, 1, 1, 1, 1, 1, 1, 1, 1, 1, 1, 1, 1, 1, 1, 1, 1, 1, 1, 1, 1, 1, 1, 1, 0]
453<=B_red[0].wtL<=2265
B_red[0].wtH=453, B_red[0].wtL=1217

Hamming profile: [473, 40, 2, 1, 1, 1, 1, 1, 1, 1, 1, 1, 1, 1, 1, 1, 1, 1, 1, 1, 1, 1, 1, 1, 1, 1, 1, 1, 1, 1, 1, 1, 1, 1, 1, 1, 1, 1, 1, 1, 1, 1, 1, 1, 1, 1, 1, 1, 1, 1, 1, 1, 1, 1, 1, 1, 1, 1, 1, 1, 1, 1, 1, 1, 1, 1, 1, 1, 1, 1, 1, 1, 1, 1, 1, 1, 1, 1, 1, 1, 1, 1, 1, 1, 1, 1, 1, 1, 1, 1, 1, 1, 1, 1, 1, 1, 1, 1, 1, 1, 1, 1, 1, 1, 1, 1, 1, 1, 1, 1, 1, 1, 1, 1, 1, 1, 1, 1, 1, 1, 1, 1, 1, 1, 1, 1, 1, 1, 1, 1, 1, 1, 1, 1, 1, 1, 1, 1, 1, 1, 1, 1, 1, 1, 1, 1, 1, 1, 1, 1, 1, 1, 1, 1, 1, 1, 1, 1, 1, 1, 1, 1, 1, 1, 1, 1, 1, 1, 1, 1, 1, 1, 1, 1, 1, 1, 1, 1, 1, 1, 1, 1, 1, 1, 1, 1, 1, 1, 1, 1, 1, 1, 1, 1, 1, 1, 1, 1, 1, 1, 1, 1, 1, 1, 1, 1, 1, 1, 1, 1, 1, 1, 1, 1, 1, 1, 1, 1, 1, 1, 1, 1, 1, 1, 1, 1, 1, 1, 1, 1, 1, 1, 1, 1, 1, 1, 1, 1, 1, 1, 1, 1, 1, 1, 1, 1, 1, 1, 1, 1, 1, 1, 1, 1, 1, 1, 1, 1, 1, 1, 1, 1, 1, 1, 1, 1, 1, 1, 1, 1, 1, 1, 1, 1, 1, 1, 1, 1, 1, 1, 1, 1, 1, 1, 1, 1, 1, 1, 1, 1, 1, 1, 1, 1, 1, 1, 1, 1, 1, 1, 1, 1, 1, 1, 1, 1, 1, 1, 1, 1, 1, 1, 1, 1, 1, 1, 1, 1, 1, 1, 1, 1, 1, 1, 1, 1, 1, 1, 1, 1, 1, 1, 1, 1, 1, 1, 1, 1, 1, 1, 1, 1, 1, 1, 1, 1, 1, 1, 1, 1, 1, 1, 1, 1, 1, 1, 1, 1, 1, 1, 1, 1, 1, 1, 1, 1, 1, 1, 1, 1, 1, 1, 1, 1, 1, 1, 1, 1, 1, 1, 1, 1, 1, 1, 1, 1, 1, 1, 1, 1, 1, 1, 1, 1, 1, 1, 1, 1, 1, 1, 1, 1, 1, 1, 1, 1, 1, 1, 1, 1, 1, 1, 1, 1, 1, 1, 1, 1, 1, 1, 1, 1, 1, 1, 1, 1, 1, 1, 1, 1, 1, 1, 1, 1, 1, 1, 1, 1, 1, 1, 1, 1, 1, 1, 1, 1, 1, 1, 1, 1, 1, 1, 1, 1, 1, 1, 1, 1, 1, 1, 1, 1, 1, 1, 1, 1, 1, 1, 1, 1, 1, 1, 1, 1, 1, 1, 1, 1, 1, 1, 1, 1, 1, 1, 1, 1, 1, 1, 1, 1, 1, 1, 1, 1, 1, 1, 1, 1, 1, 1, 1, 1, 1, 1, 1, 1, 1, 1, 1, 1, 1, 1]
Lee profile: [1367, 120, 2, 1, 1, 1, 1, 1, 1, 1, 1, 1, 1, 1, 1, 1, 1, 1, 1, 1, 1, 1, 1, 1, 1, 1, 1, 1, 1, 1, 1, 1, 1, 1, 1, 1, 1, 1, 1, 1, 1, 1, 1, 1, 1, 1, 1, 1, 1, 1, 1, 1, 1, 1, 1, 1, 1, 1, 1, 1, 1, 1, 1, 1, 1, 1, 1, 1, 1, 1, 1, 1, 1, 1, 1, 1, 1, 1, 1, 1, 1, 1, 1, 1, 1, 1, 1, 1, 1, 1, 1, 1, 1, 1, 1, 1, 1, 1, 1, 1, 1, 1, 1, 1, 1, 1, 1, 1, 1, 1, 1, 1, 1, 1, 1, 1, 1, 1, 1, 1, 1, 1, 1, 1, 1, 1, 1, 1, 1, 1, 1, 1, 1, 1, 1, 1, 1, 1, 1, 1, 1, 1, 1, 1, 1, 1, 1, 1, 1, 1, 1, 1, 1, 1, 1, 1, 1, 1, 1, 1, 1, 1, 1, 1, 1, 1, 1, 1, 1, 1, 1, 1, 1, 1, 1, 1, 1, 1, 1, 1, 1, 1, 1, 1, 1, 1, 1, 1, 1, 1, 1, 1, 1, 1, 1, 1, 1, 1, 1, 1, 1, 1, 1, 1, 1, 1, 1, 1, 1, 1, 1, 1, 1, 1, 1, 1, 1, 1, 1, 1, 1, 1, 1, 1, 1, 1, 1, 1, 1, 1, 1, 1, 1, 1, 1, 1, 1, 1, 1, 1, 1, 1, 1, 1, 1, 1, 1, 1, 1, 1, 1, 1, 1, 1, 1, 1, 1, 1, 1, 1, 1, 1, 1, 1, 1, 1, 1, 1, 1, 1, 1, 1, 1, 1, 1, 1, 1, 1, 1, 1, 1, 1, 1, 1, 1, 1, 1, 1, 1, 1, 1, 1, 1, 1, 1, 1, 1, 1, 1, 1, 1, 1, 1, 1, 1, 1, 1, 1, 1, 1, 1, 1, 1, 1, 1, 1, 1, 1, 1, 1, 1, 1, 1, 1, 1, 1, 1, 1, 1, 1, 1, 1, 1, 1, 1, 1, 1, 1, 1, 1, 1, 1, 1, 1, 1, 1, 1, 1, 1, 1, 1, 1, 1, 1, 1, 1, 1, 1, 1, 1, 1, 1, 1, 1, 1, 1, 1, 1, 1, 1, 1, 1, 1, 1, 1, 1, 1, 1, 1, 1, 1, 1, 1, 1, 1, 1, 1, 1, 1, 1, 1, 1, 1, 1, 1, 1, 1, 1, 1, 1, 1, 1, 1, 1, 1, 1, 1, 1, 1, 1, 1, 1, 1, 1, 1, 1, 1, 1, 1, 1, 1, 1, 1, 1, 1, 1, 1, 1, 1, 1, 1, 1, 1, 1, 1, 1, 1, 1, 1, 1, 1, 1, 1, 1, 1, 1, 1, 1, 1, 1, 1, 1, 1, 1, 1, 1, 1, 1, 1, 1, 1, 1, 1, 1, 1, 1, 1, 1, 1, 1, 1, 1, 1, 1, 1, 1, 1, 1, 1, 1, 1, 1, 1, 1, 1, 1, 1, 1, 1, 1, 1, 1, 1, 1, 1, 1, 1, 1, 1, 1, 1, 1, 1, 1, 1, 1, 1, 1, 1, 1, 1, 1]
473<=B[0].wtL<=2365
B[0].wtH=473, B[0].wtL=1367

--- LeeBKZ with beta=6, bkz with minimum_lee_wt_codeword (may be non-primitive) ---
[LEEbkz:MW_Codeword_LEE:0.1466057300567627 sec.]
[LEEbkz:MW_Codeword_LEE:0.0737922191619873 sec.]
[LEEbkz:MW_Codeword_LEE:0.14499187469482422 sec.]
[LEEbkz:MW_Codeword_LEE:0.07301878929138184 sec.]
[LEEbkz:MW_Codeword_LEE:0.0661466121673584 sec.]
[LEEbkz:MW_Codeword_LEE:0.14382314682006836 sec.]
[LEEbkz:MW_Codeword_LEE:0.07316398620605469 sec.]
[LEEbkz:MW_Codeword_LEE:0.06595754623413086 sec.]
[LEEbkz:MW_Codeword_LEE:0.06636834144592285 sec.]
[LEEbkz:MW_Codeword_LEE:0.14370465278625488 sec.]
[LEEbkz:MW_Codeword_LEE:0.07351088523864746 sec.]
[LEEbkz:MW_Codeword_LEE:0.06603431701660156 sec.]
[LEEbkz:MW_Codeword_LEE:0.06566262245178223 sec.]
[LEEbkz:MW_Codeword_LEE:0.06557679176330566 sec.]
[LEEbkz:MW_Codeword_LEE:0.14238619804382324 sec.]
[LEEbkz:MW_Codeword_LEE:0.07306194305419922 sec.]
[LEEbkz:MW_Codeword_LEE:0.06604957580566406 sec.]
[LEEbkz:MW_Codeword_LEE:0.06568217277526855 sec.]
[LEEbkz:MW_Codeword_LEE:0.06578826904296875 sec.]
[LEEbkz:MW_Codeword_LEE:0.06535601615905762 sec.]
[LEEbkz:MW_Codeword_LEE:0.14904022216796875 sec.]
[LEEbkz:MW_Codeword_LEE:0.07303190231323242 sec.]
[LEEbkz:MW_Codeword_LEE:0.06606912612915039 sec.]
[LEEbkz:MW_Codeword_LEE:0.06568479537963867 sec.]
[LEEbkz:MW_Codeword_LEE:0.0657796859741211 sec.]
[LEEbkz:MW_Codeword_LEE:0.06570744514465332 sec.]
[LEEbkz:MW_Codeword_LEE:0.07403755187988281 sec.]
[LEEbkz:MW_Codeword_LEE:0.06698346138000488 sec.]
[LEEbkz:MW_Codeword_LEE:0.06580972671508789 sec.]
[LEEbkz:MW_Codeword_LEE:0.06564664840698242 sec.]
[LEEbkz:MW_Codeword_LEE:0.06579995155334473 sec.]
[LEEbkz:MW_Codeword_LEE:0.06687140464782715 sec.]
[LEEbkz:MW_Codeword_LEE:0.06570053100585938 sec.]
[LEEbkz:MW_Codeword_LEE:0.06566190719604492 sec.]
Hamming profile after BKZ: [443, 60, 8, 4, 2, 1, 1, 1, 1, 1, 1, 1, 1, 1, 1, 1, 1, 1, 1, 1, 1, 1, 1, 1, 1, 1, 1, 1, 1, 1, 1, 1, 1, 1, 1, 1, 1, 1, 1, 1, 1, 1, 1, 1, 1, 1, 1, 1, 1, 1, 1, 1, 1, 1, 1, 1, 1, 1, 1, 1, 1, 1, 1, 1, 1, 1, 1, 1, 1, 1, 1, 1, 1, 1, 1, 1, 1, 1, 1, 1, 1, 1, 1, 1, 1, 1, 1, 1, 1, 1, 1, 1, 1, 1, 1, 1, 1, 1, 1, 1, 1, 1, 1, 1, 1, 1, 1, 1, 1, 1, 1, 1, 1, 1, 1, 1, 1, 1, 1, 1, 1, 1, 1, 1, 1, 1, 1, 1, 1, 1, 1, 1, 1, 1, 1, 1, 1, 1, 1, 1, 1, 1, 1, 1, 1, 1, 1, 1, 1, 1, 1, 1, 1, 1, 1, 1, 1, 1, 1, 1, 1, 1, 1, 1, 1, 1, 1, 1, 1, 1, 1, 1, 1, 1, 1, 1, 1, 1, 1, 1, 1, 1, 1, 1, 1, 1, 1, 1, 1, 1, 1, 1, 1, 1, 1, 1, 1, 1, 1, 1, 1, 1, 1, 1, 1, 1, 1, 1, 1, 1, 1, 1, 1, 1, 1, 1, 1, 1, 1, 1, 1, 1, 1, 1, 1, 1, 1, 1, 1, 1, 1, 1, 1, 1, 1, 1, 1, 1, 1, 1, 1, 1, 1, 1, 1, 1, 1, 1, 1, 1, 1, 1, 1, 1, 1, 1, 1, 1, 1, 1, 1, 1, 1, 1, 1, 1, 1, 1, 1, 1, 1, 1, 1, 1, 1, 1, 1, 1, 1, 1, 1, 1, 1, 1, 1, 1, 1, 1, 1, 1, 1, 1, 1, 1, 1, 1, 1, 1, 1, 1, 1, 1, 1, 1, 1, 1, 1, 1, 1, 1, 1, 1, 1, 1, 1, 1, 1, 1, 1, 1, 1, 1, 1, 1, 1, 1, 1, 1, 1, 1, 1, 1, 1, 1, 1, 1, 1, 1, 1, 1, 1, 1, 1, 1, 1, 1, 1, 1, 1, 1, 1, 1, 1, 1, 1, 1, 1, 1, 1, 1, 1, 1, 1, 1, 1, 1, 1, 1, 1, 1, 1, 1, 1, 1, 1, 1, 1, 1, 1, 1, 1, 1, 1, 1, 1, 1, 1, 1, 1, 1, 1, 1, 1, 1, 1, 1, 1, 1, 1, 1, 1, 1, 1, 1, 1, 1, 1, 1, 1, 1, 1, 1, 1, 1, 1, 1, 1, 1, 1, 1, 1, 1, 1, 1, 1, 1, 1, 1, 1, 1, 1, 1, 1, 1, 1, 1, 1, 1, 1, 1, 1, 1, 1, 1, 1, 1, 1, 1, 1, 1, 1, 1, 1, 1, 1, 1, 1, 1, 1, 1, 1, 1, 1, 1, 1, 1, 1, 1, 1, 1, 1, 1, 1, 1, 1, 1, 1, 1, 1, 1, 1, 1, 1, 1, 1, 1, 1, 1, 1, 1, 1, 1, 1, 1, 1, 1, 1, 1, 1, 1, 1, 1, 1, 1, 1, 1, 1, 1, 1, 1, 1, 1]
Lee profile after BKZ: [1223, 137, 16, 4, 2, 1, 1, 1, 1, 1, 1, 1, 1, 1, 1, 1, 1, 1, 1, 1, 1, 1, 1, 1, 1, 1, 1, 1, 1, 1, 1, 1, 1, 1, 1, 1, 1, 1, 1, 1, 1, 1, 1, 1, 1, 1, 1, 1, 1, 1, 1, 1, 1, 1, 1, 1, 1, 1, 1, 1, 1, 1, 1, 1, 1, 1, 1, 1, 1, 1, 1, 1, 1, 1, 1, 1, 1, 1, 1, 1, 1, 1, 1, 1, 1, 1, 1, 1, 1, 1, 1, 1, 1, 1, 1, 1, 1, 1, 1, 1, 1, 1, 1, 1, 1, 1, 1, 1, 1, 1, 1, 1, 1, 1, 1, 1, 1, 1, 1, 1, 1, 1, 1, 1, 1, 1, 1, 1, 1, 1, 1, 1, 1, 1, 1, 1, 1, 1, 1, 1, 1, 1, 1, 1, 1, 1, 1, 1, 1, 1, 1, 1, 1, 1, 1, 1, 1, 1, 1, 1, 1, 1, 1, 1, 1, 1, 1, 1, 1, 1, 1, 1, 1, 1, 1, 1, 1, 1, 1, 1, 1, 1, 1, 1, 1, 1, 1, 1, 1, 1, 1, 1, 1, 1, 1, 1, 1, 1, 1, 1, 1, 1, 1, 1, 1, 1, 1, 1, 1, 1, 1, 1, 1, 1, 1, 1, 1, 1, 1, 1, 1, 1, 1, 1, 1, 1, 1, 1, 1, 1, 1, 1, 1, 1, 1, 1, 1, 1, 1, 1, 1, 1, 1, 1, 1, 1, 1, 1, 1, 1, 1, 1, 1, 1, 1, 1, 1, 1, 1, 1, 1, 1, 1, 1, 1, 1, 1, 1, 1, 1, 1, 1, 1, 1, 1, 1, 1, 1, 1, 1, 1, 1, 1, 1, 1, 1, 1, 1, 1, 1, 1, 1, 1, 1, 1, 1, 1, 1, 1, 1, 1, 1, 1, 1, 1, 1, 1, 1, 1, 1, 1, 1, 1, 1, 1, 1, 1, 1, 1, 1, 1, 1, 1, 1, 1, 1, 1, 1, 1, 1, 1, 1, 1, 1, 1, 1, 1, 1, 1, 1, 1, 1, 1, 1, 1, 1, 1, 1, 1, 1, 1, 1, 1, 1, 1, 1, 1, 1, 1, 1, 1, 1, 1, 1, 1, 1, 1, 1, 1, 1, 1, 1, 1, 1, 1, 1, 1, 1, 1, 1, 1, 1, 1, 1, 1, 1, 1, 1, 1, 1, 1, 1, 1, 1, 1, 1, 1, 1, 1, 1, 1, 1, 1, 1, 1, 1, 1, 1, 1, 1, 1, 1, 1, 1, 1, 1, 1, 1, 1, 1, 1, 1, 1, 1, 1, 1, 1, 1, 1, 1, 1, 1, 1, 1, 1, 1, 1, 1, 1, 1, 1, 1, 1, 1, 1, 1, 1, 1, 1, 1, 1, 1, 1, 1, 1, 1, 1, 1, 1, 1, 1, 1, 1, 1, 1, 1, 1, 1, 1, 1, 1, 1, 1, 1, 1, 1, 1, 1, 1, 1, 1, 1, 1, 1, 1, 1, 1, 1, 1, 1, 1, 1, 1, 1, 1, 1, 1, 1, 1, 1, 1, 1, 1, 1, 1, 1, 1, 1, 1, 1, 1, 1]
443<=B_red[0].wtL<=2215
B_red[0].wtH=443, B_red[0].wtL=1223

Hamming profile: [462, 47, 5, 2, 1, 1, 1, 1, 1, 1, 1, 1, 1, 1, 1, 1, 1, 1, 1, 1, 1, 1, 1, 1, 1, 1, 1, 1, 1, 1, 1, 1, 1, 1, 1, 1, 1, 1, 1, 1, 1, 1, 1, 1, 1, 1, 1, 1, 1, 1, 1, 1, 1, 1, 1, 1, 1, 1, 1, 1, 1, 1, 1, 1, 1, 1, 1, 1, 1, 1, 1, 1, 1, 1, 1, 1, 1, 1, 1, 1, 1, 1, 1, 1, 1, 1, 1, 1, 1, 1, 1, 1, 1, 1, 1, 1, 1, 1, 1, 1, 1, 1, 1, 1, 1, 1, 1, 1, 1, 1, 1, 1, 1, 1, 1, 1, 1, 1, 1, 1, 1, 1, 1, 1, 1, 1, 1, 1, 1, 1, 1, 1, 1, 1, 1, 1, 1, 1, 1, 1, 1, 1, 1, 1, 1, 1, 1, 1, 1, 1, 1, 1, 1, 1, 1, 1, 1, 1, 1, 1, 1, 1, 1, 1, 1, 1, 1, 1, 1, 1, 1, 1, 1, 1, 1, 1, 1, 1, 1, 1, 1, 1, 1, 1, 1, 1, 1, 1, 1, 1, 1, 1, 1, 1, 1, 1, 1, 1, 1, 1, 1, 1, 1, 1, 1, 1, 1, 1, 1, 1, 1, 1, 1, 1, 1, 1, 1, 1, 1, 1, 1, 1, 1, 1, 1, 1, 1, 1, 1, 1, 1, 1, 1, 1, 1, 1, 1, 1, 1, 1, 1, 1, 1, 1, 1, 1, 1, 1, 1, 1, 1, 1, 1, 1, 1, 1, 1, 1, 1, 1, 1, 1, 1, 1, 1, 1, 1, 1, 1, 1, 1, 1, 1, 1, 1, 1, 1, 1, 1, 1, 1, 1, 1, 1, 1, 1, 1, 1, 1, 1, 1, 1, 1, 1, 1, 1, 1, 1, 1, 1, 1, 1, 1, 1, 1, 1, 1, 1, 1, 1, 1, 1, 1, 1, 1, 1, 1, 1, 1, 1, 1, 1, 1, 1, 1, 1, 1, 1, 1, 1, 1, 1, 1, 1, 1, 1, 1, 1, 1, 1, 1, 1, 1, 1, 1, 1, 1, 1, 1, 1, 1, 1, 1, 1, 1, 1, 1, 1, 1, 1, 1, 1, 1, 1, 1, 1, 1, 1, 1, 1, 1, 1, 1, 1, 1, 1, 1, 1, 1, 1, 1, 1, 1, 1, 1, 1, 1, 1, 1, 1, 1, 1, 1, 1, 1, 1, 1, 1, 1, 1, 1, 1, 1, 1, 1, 1, 1, 1, 1, 1, 1, 1, 1, 1, 1, 1, 1, 1, 1, 1, 1, 1, 1, 1, 1, 1, 1, 1, 1, 1, 1, 1, 1, 1, 1, 1, 1, 1, 1, 1, 1, 1, 1, 1, 1, 1, 1, 1, 1, 1, 1, 1, 1, 1, 1, 1, 1, 1, 1, 1, 1, 1, 1, 1, 1, 1, 1, 1, 1, 1, 1, 1, 1, 1, 1, 1, 1, 1, 1, 1, 1, 1, 1, 1, 1, 1, 1, 1, 1, 1, 1, 1, 1, 1, 1, 1, 1, 1, 1, 1, 1, 1, 1, 1, 1, 1, 1, 1, 1, 1, 1, 1]
Lee profile: [1370, 139, 18, 2, 1, 1, 1, 1, 1, 1, 1, 1, 1, 1, 1, 1, 1, 1, 1, 1, 1, 1, 1, 1, 1, 1, 1, 1, 1, 1, 1, 1, 1, 1, 1, 1, 1, 1, 1, 1, 1, 1, 1, 1, 1, 1, 1, 1, 1, 1, 1, 1, 1, 1, 1, 1, 1, 1, 1, 1, 1, 1, 1, 1, 1, 1, 1, 1, 1, 1, 1, 1, 1, 1, 1, 1, 1, 1, 1, 1, 1, 1, 1, 1, 1, 1, 1, 1, 1, 1, 1, 1, 1, 1, 1, 1, 1, 1, 1, 1, 1, 1, 1, 1, 1, 1, 1, 1, 1, 1, 1, 1, 1, 1, 1, 1, 1, 1, 1, 1, 1, 1, 1, 1, 1, 1, 1, 1, 1, 1, 1, 1, 1, 1, 1, 1, 1, 1, 1, 1, 1, 1, 1, 1, 1, 1, 1, 1, 1, 1, 1, 1, 1, 1, 1, 1, 1, 1, 1, 1, 1, 1, 1, 1, 1, 1, 1, 1, 1, 1, 1, 1, 1, 1, 1, 1, 1, 1, 1, 1, 1, 1, 1, 1, 1, 1, 1, 1, 1, 1, 1, 1, 1, 1, 1, 1, 1, 1, 1, 1, 1, 1, 1, 1, 1, 1, 1, 1, 1, 1, 1, 1, 1, 1, 1, 1, 1, 1, 1, 1, 1, 1, 1, 1, 1, 1, 1, 1, 1, 1, 1, 1, 1, 1, 1, 1, 1, 1, 1, 1, 1, 1, 1, 1, 1, 1, 1, 1, 1, 1, 1, 1, 1, 1, 1, 1, 1, 1, 1, 1, 1, 1, 1, 1, 1, 1, 1, 1, 1, 1, 1, 1, 1, 1, 1, 1, 1, 1, 1, 1, 1, 1, 1, 1, 1, 1, 1, 1, 1, 1, 1, 1, 1, 1, 1, 1, 1, 1, 1, 1, 1, 1, 1, 1, 1, 1, 1, 1, 1, 1, 1, 1, 1, 1, 1, 1, 1, 1, 1, 1, 1, 1, 1, 1, 1, 1, 1, 1, 1, 1, 1, 1, 1, 1, 1, 1, 1, 1, 1, 1, 1, 1, 1, 1, 1, 1, 1, 1, 1, 1, 1, 1, 1, 1, 1, 1, 1, 1, 1, 1, 1, 1, 1, 1, 1, 1, 1, 1, 1, 1, 1, 1, 1, 1, 1, 1, 1, 1, 1, 1, 1, 1, 1, 1, 1, 1, 1, 1, 1, 1, 1, 1, 1, 1, 1, 1, 1, 1, 1, 1, 1, 1, 1, 1, 1, 1, 1, 1, 1, 1, 1, 1, 1, 1, 1, 1, 1, 1, 1, 1, 1, 1, 1, 1, 1, 1, 1, 1, 1, 1, 1, 1, 1, 1, 1, 1, 1, 1, 1, 1, 1, 1, 1, 1, 1, 1, 1, 1, 1, 1, 1, 1, 1, 1, 1, 1, 1, 1, 1, 1, 1, 1, 1, 1, 1, 1, 1, 1, 1, 1, 1, 1, 1, 1, 1, 1, 1, 1, 1, 1, 1, 1, 1, 1, 1, 1, 1, 1, 1, 1, 1, 1, 1, 1, 1, 1, 1, 1, 1, 1, 1, 1, 1, 1, 1, 1, 1, 1, 1, 1, 1, 1]
462<=B[0].wtL<=2310
B[0].wtH=462, B[0].wtL=1370

--- LeeBKZ with beta=6, bkz with minimum_lee_wt_codeword (may be non-primitive) ---
[LEEbkz:MW_Codeword_LEE:0.14795517921447754 sec.]
[LEEbkz:MW_Codeword_LEE:0.06961297988891602 sec.]
[LEEbkz:MW_Codeword_LEE:0.14299416542053223 sec.]
[LEEbkz:MW_Codeword_LEE:0.06940531730651855 sec.]
[LEEbkz:MW_Codeword_LEE:0.0662229061126709 sec.]
[LEEbkz:MW_Codeword_LEE:0.14508366584777832 sec.]
[LEEbkz:MW_Codeword_LEE:0.0703122615814209 sec.]
[LEEbkz:MW_Codeword_LEE:0.06598448753356934 sec.]
[LEEbkz:MW_Codeword_LEE:0.06544327735900879 sec.]
[LEEbkz:MW_Codeword_LEE:0.14273405075073242 sec.]
[LEEbkz:MW_Codeword_LEE:0.07373046875 sec.]
[LEEbkz:MW_Codeword_LEE:0.06625103950500488 sec.]
[LEEbkz:MW_Codeword_LEE:0.06574225425720215 sec.]
[LEEbkz:MW_Codeword_LEE:0.06569051742553711 sec.]
[LEEbkz:MW_Codeword_LEE:0.1492018699645996 sec.]
[LEEbkz:MW_Codeword_LEE:0.07379412651062012 sec.]
[LEEbkz:MW_Codeword_LEE:0.14950251579284668 sec.]
[LEEbkz:MW_Codeword_LEE:0.06956148147583008 sec.]
[LEEbkz:MW_Codeword_LEE:0.14889121055603027 sec.]
[LEEbkz:MW_Codeword_LEE:0.06897592544555664 sec.]
[LEEbkz:MW_Codeword_LEE:0.06578397750854492 sec.]
[LEEbkz:MW_Codeword_LEE:0.14714646339416504 sec.]
[LEEbkz:MW_Codeword_LEE:0.06925725936889648 sec.]
[LEEbkz:MW_Codeword_LEE:0.06589913368225098 sec.]
[LEEbkz:MW_Codeword_LEE:0.06646847724914551 sec.]
[LEEbkz:MW_Codeword_LEE:0.14783835411071777 sec.]
[LEEbkz:MW_Codeword_LEE:0.0692756175994873 sec.]
[LEEbkz:MW_Codeword_LEE:0.06594276428222656 sec.]
[LEEbkz:MW_Codeword_LEE:0.0657811164855957 sec.]
[LEEbkz:MW_Codeword_LEE:0.14847517013549805 sec.]
[LEEbkz:MW_Codeword_LEE:0.07318878173828125 sec.]
[LEEbkz:MW_Codeword_LEE:0.1473097801208496 sec.]
[LEEbkz:MW_Codeword_LEE:0.0733792781829834 sec.]
[LEEbkz:MW_Codeword_LEE:0.06607532501220703 sec.]
[LEEbkz:MW_Codeword_LEE:0.14777541160583496 sec.]
[LEEbkz:MW_Codeword_LEE:0.07612490653991699 sec.]
[LEEbkz:MW_Codeword_LEE:0.14757728576660156 sec.]
[LEEbkz:MW_Codeword_LEE:0.07563018798828125 sec.]
[LEEbkz:MW_Codeword_LEE:0.06576180458068848 sec.]
[LEEbkz:MW_Codeword_LEE:0.1964724063873291 sec.]
[LEEbkz:MW_Codeword_LEE:0.07314157485961914 sec.]
[LEEbkz:MW_Codeword_LEE:0.1480269432067871 sec.]
[LEEbkz:MW_Codeword_LEE:0.07312655448913574 sec.]
[LEEbkz:MW_Codeword_LEE:0.06578254699707031 sec.]
[LEEbkz:MW_Codeword_LEE:0.14763641357421875 sec.]
[LEEbkz:MW_Codeword_LEE:0.07317376136779785 sec.]
[LEEbkz:MW_Codeword_LEE:0.06589984893798828 sec.]
[LEEbkz:MW_Codeword_LEE:0.06583952903747559 sec.]
[LEEbkz:MW_Codeword_LEE:0.14821767807006836 sec.]
[LEEbkz:MW_Codeword_LEE:0.07356524467468262 sec.]
[LEEbkz:MW_Codeword_LEE:0.14845705032348633 sec.]
[LEEbkz:MW_Codeword_LEE:0.07323575019836426 sec.]
[LEEbkz:MW_Codeword_LEE:0.06607389450073242 sec.]
[LEEbkz:MW_Codeword_LEE:0.1481616497039795 sec.]
[LEEbkz:MW_Codeword_LEE:0.07393503189086914 sec.]
[LEEbkz:MW_Codeword_LEE:0.06574082374572754 sec.]
[LEEbkz:MW_Codeword_LEE:0.06539511680603027 sec.]
[LEEbkz:MW_Codeword_LEE:0.14279675483703613 sec.]
[LEEbkz:MW_Codeword_LEE:0.07335233688354492 sec.]
[LEEbkz:MW_Codeword_LEE:0.06588554382324219 sec.]
[LEEbkz:MW_Codeword_LEE:0.06574606895446777 sec.]
[LEEbkz:MW_Codeword_LEE:0.1436901092529297 sec.]
[LEEbkz:MW_Codeword_LEE:0.07325267791748047 sec.]
[LEEbkz:MW_Codeword_LEE:0.1451408863067627 sec.]
[LEEbkz:MW_Codeword_LEE:0.07313036918640137 sec.]
[LEEbkz:MW_Codeword_LEE:0.06610465049743652 sec.]
[LEEbkz:MW_Codeword_LEE:0.14859867095947266 sec.]
[LEEbkz:MW_Codeword_LEE:0.0731351375579834 sec.]
[LEEbkz:MW_Codeword_LEE:0.15032124519348145 sec.]
[LEEbkz:MW_Codeword_LEE:0.07288074493408203 sec.]
[LEEbkz:MW_Codeword_LEE:0.06573820114135742 sec.]
[LEEbkz:MW_Codeword_LEE:0.14313769340515137 sec.]
[LEEbkz:MW_Codeword_LEE:0.07293319702148438 sec.]
[LEEbkz:MW_Codeword_LEE:0.06577777862548828 sec.]
[LEEbkz:MW_Codeword_LEE:0.06574678421020508 sec.]
[LEEbkz:MW_Codeword_LEE:0.14791178703308105 sec.]
[LEEbkz:MW_Codeword_LEE:0.07312893867492676 sec.]
[LEEbkz:MW_Codeword_LEE:0.06586766242980957 sec.]
[LEEbkz:MW_Codeword_LEE:0.0661165714263916 sec.]
[LEEbkz:MW_Codeword_LEE:0.06654500961303711 sec.]
[LEEbkz:MW_Codeword_LEE:0.14342522621154785 sec.]
[LEEbkz:MW_Codeword_LEE:0.07305765151977539 sec.]
[LEEbkz:MW_Codeword_LEE:0.06599688529968262 sec.]
[LEEbkz:MW_Codeword_LEE:0.0657966136932373 sec.]
[LEEbkz:MW_Codeword_LEE:0.06671714782714844 sec.]
[LEEbkz:MW_Codeword_LEE:0.14888644218444824 sec.]
[LEEbkz:MW_Codeword_LEE:0.07303619384765625 sec.]
[LEEbkz:MW_Codeword_LEE:0.14748287200927734 sec.]
[LEEbkz:MW_Codeword_LEE:0.0728757381439209 sec.]
[LEEbkz:MW_Codeword_LEE:0.0661008358001709 sec.]
[LEEbkz:MW_Codeword_LEE:0.15083718299865723 sec.]
[LEEbkz:MW_Codeword_LEE:0.07325959205627441 sec.]
[LEEbkz:MW_Codeword_LEE:0.06601929664611816 sec.]
[LEEbkz:MW_Codeword_LEE:0.06562376022338867 sec.]
[LEEbkz:MW_Codeword_LEE:0.14765381813049316 sec.]
[LEEbkz:MW_Codeword_LEE:0.07279777526855469 sec.]
[LEEbkz:MW_Codeword_LEE:0.06596970558166504 sec.]
[LEEbkz:MW_Codeword_LEE:0.06595063209533691 sec.]
[LEEbkz:MW_Codeword_LEE:0.14768552780151367 sec.]
[LEEbkz:MW_Codeword_LEE:0.07283186912536621 sec.]
[LEEbkz:MW_Codeword_LEE:0.0657651424407959 sec.]
[LEEbkz:MW_Codeword_LEE:0.06592845916748047 sec.]
[LEEbkz:MW_Codeword_LEE:0.06543588638305664 sec.]
[LEEbkz:MW_Codeword_LEE:0.19746088981628418 sec.]
[LEEbkz:MW_Codeword_LEE:0.07304501533508301 sec.]
[LEEbkz:MW_Codeword_LEE:0.06584382057189941 sec.]
[LEEbkz:MW_Codeword_LEE:0.0659787654876709 sec.]
[LEEbkz:MW_Codeword_LEE:0.06583929061889648 sec.]
[LEEbkz:MW_Codeword_LEE:0.07318782806396484 sec.]
[LEEbkz:MW_Codeword_LEE:0.0658409595489502 sec.]
[LEEbkz:MW_Codeword_LEE:0.06696605682373047 sec.]
[LEEbkz:MW_Codeword_LEE:0.0657038688659668 sec.]
[LEEbkz:MW_Codeword_LEE:0.06609296798706055 sec.]
[LEEbkz:MW_Codeword_LEE:0.06601834297180176 sec.]
[LEEbkz:MW_Codeword_LEE:0.0658118724822998 sec.]
[LEEbkz:MW_Codeword_LEE:0.06609320640563965 sec.]
Hamming profile after BKZ: [454, 52, 8, 1, 2, 1, 1, 1, 1, 1, 1, 1, 1, 1, 1, 1, 1, 1, 1, 1, 1, 1, 1, 1, 1, 1, 1, 1, 1, 1, 1, 1, 1, 1, 1, 1, 1, 1, 1, 1, 1, 1, 1, 1, 1, 1, 1, 1, 1, 1, 1, 1, 1, 1, 1, 1, 1, 1, 1, 1, 1, 1, 1, 1, 1, 1, 1, 1, 1, 1, 1, 1, 1, 1, 1, 1, 1, 1, 1, 1, 1, 1, 1, 1, 1, 1, 1, 1, 1, 1, 1, 1, 1, 1, 1, 1, 1, 1, 1, 1, 1, 1, 1, 1, 1, 1, 1, 1, 1, 1, 1, 1, 1, 1, 1, 1, 1, 1, 1, 1, 1, 1, 1, 1, 1, 1, 1, 1, 1, 1, 1, 1, 1, 1, 1, 1, 1, 1, 1, 1, 1, 1, 1, 1, 1, 1, 1, 1, 1, 1, 1, 1, 1, 1, 1, 1, 1, 1, 1, 1, 1, 1, 1, 1, 1, 1, 1, 1, 1, 1, 1, 1, 1, 1, 1, 1, 1, 1, 1, 1, 1, 1, 1, 1, 1, 1, 1, 1, 1, 1, 1, 1, 1, 1, 1, 1, 1, 1, 1, 1, 1, 1, 1, 1, 1, 1, 1, 1, 1, 1, 1, 1, 1, 1, 1, 1, 1, 1, 1, 1, 1, 1, 1, 1, 1, 1, 1, 1, 1, 1, 1, 1, 1, 1, 1, 1, 1, 1, 1, 1, 1, 1, 1, 1, 1, 1, 1, 1, 1, 1, 1, 1, 1, 1, 1, 1, 1, 1, 1, 1, 1, 1, 1, 1, 1, 1, 1, 1, 1, 1, 1, 1, 1, 1, 1, 1, 1, 1, 1, 1, 1, 1, 1, 1, 1, 1, 1, 1, 1, 1, 1, 1, 1, 1, 1, 1, 1, 1, 1, 1, 1, 1, 1, 1, 1, 1, 1, 1, 1, 1, 1, 1, 1, 1, 1, 1, 1, 1, 1, 1, 1, 1, 1, 1, 1, 1, 1, 1, 1, 1, 1, 1, 1, 1, 1, 1, 1, 1, 1, 1, 1, 1, 1, 1, 1, 1, 1, 1, 1, 1, 1, 1, 1, 1, 1, 1, 1, 1, 1, 1, 1, 1, 1, 1, 1, 1, 1, 1, 1, 1, 1, 1, 1, 1, 1, 1, 1, 1, 1, 1, 1, 1, 1, 1, 1, 1, 1, 1, 1, 1, 1, 1, 1, 1, 1, 1, 1, 1, 1, 1, 1, 1, 1, 1, 1, 1, 1, 1, 1, 1, 1, 1, 1, 1, 1, 1, 1, 1, 1, 1, 1, 1, 1, 1, 1, 1, 1, 1, 1, 1, 1, 1, 1, 1, 1, 1, 1, 1, 1, 1, 1, 1, 1, 1, 1, 1, 1, 1, 1, 1, 1, 1, 1, 1, 1, 1, 1, 1, 1, 1, 1, 1, 1, 1, 1, 1, 1, 1, 1, 1, 1, 1, 1, 1, 1, 1, 1, 1, 1, 1, 1, 1, 1, 1, 1, 1, 1, 1, 1, 1, 1, 1, 1, 1, 1, 1, 1, 1, 1, 1, 1, 1, 1, 1, 1, 1, 1, 1, 1, 1, 1, 1]
Lee profile after BKZ: [1224, 110, 11, 1, 2, 1, 1, 1, 1, 1, 1, 1, 1, 1, 1, 1, 1, 1, 1, 1, 1, 1, 1, 1, 1, 1, 1, 1, 1, 1, 1, 1, 1, 1, 1, 1, 1, 1, 1, 1, 1, 1, 1, 1, 1, 1, 1, 1, 1, 1, 1, 1, 1, 1, 1, 1, 1, 1, 1, 1, 1, 1, 1, 1, 1, 1, 1, 1, 1, 1, 1, 1, 1, 1, 1, 1, 1, 1, 1, 1, 1, 1, 1, 1, 1, 1, 1, 1, 1, 1, 1, 1, 1, 1, 1, 1, 1, 1, 1, 1, 1, 1, 1, 1, 1, 1, 1, 1, 1, 1, 1, 1, 1, 1, 1, 1, 1, 1, 1, 1, 1, 1, 1, 1, 1, 1, 1, 1, 1, 1, 1, 1, 1, 1, 1, 1, 1, 1, 1, 1, 1, 1, 1, 1, 1, 1, 1, 1, 1, 1, 1, 1, 1, 1, 1, 1, 1, 1, 1, 1, 1, 1, 1, 1, 1, 1, 1, 1, 1, 1, 1, 1, 1, 1, 1, 1, 1, 1, 1, 1, 1, 1, 1, 1, 1, 1, 1, 1, 1, 1, 1, 1, 1, 1, 1, 1, 1, 1, 1, 1, 1, 1, 1, 1, 1, 1, 1, 1, 1, 1, 1, 1, 1, 1, 1, 1, 1, 1, 1, 1, 1, 1, 1, 1, 1, 1, 1, 1, 1, 1, 1, 1, 1, 1, 1, 1, 1, 1, 1, 1, 1, 1, 1, 1, 1, 1, 1, 1, 1, 1, 1, 1, 1, 1, 1, 1, 1, 1, 1, 1, 1, 1, 1, 1, 1, 1, 1, 1, 1, 1, 1, 1, 1, 1, 1, 1, 1, 1, 1, 1, 1, 1, 1, 1, 1, 1, 1, 1, 1, 1, 1, 1, 1, 1, 1, 1, 1, 1, 1, 1, 1, 1, 1, 1, 1, 1, 1, 1, 1, 1, 1, 1, 1, 1, 1, 1, 1, 1, 1, 1, 1, 1, 1, 1, 1, 1, 1, 1, 1, 1, 1, 1, 1, 1, 1, 1, 1, 1, 1, 1, 1, 1, 1, 1, 1, 1, 1, 1, 1, 1, 1, 1, 1, 1, 1, 1, 1, 1, 1, 1, 1, 1, 1, 1, 1, 1, 1, 1, 1, 1, 1, 1, 1, 1, 1, 1, 1, 1, 1, 1, 1, 1, 1, 1, 1, 1, 1, 1, 1, 1, 1, 1, 1, 1, 1, 1, 1, 1, 1, 1, 1, 1, 1, 1, 1, 1, 1, 1, 1, 1, 1, 1, 1, 1, 1, 1, 1, 1, 1, 1, 1, 1, 1, 1, 1, 1, 1, 1, 1, 1, 1, 1, 1, 1, 1, 1, 1, 1, 1, 1, 1, 1, 1, 1, 1, 1, 1, 1, 1, 1, 1, 1, 1, 1, 1, 1, 1, 1, 1, 1, 1, 1, 1, 1, 1, 1, 1, 1, 1, 1, 1, 1, 1, 1, 1, 1, 1, 1, 1, 1, 1, 1, 1, 1, 1, 1, 1, 1, 1, 1, 1, 1, 1, 1, 1, 1, 1, 1, 1, 1, 1, 1, 1, 1, 1, 1, 1, 1, 1, 1, 1, 1]
454<=B_red[0].wtL<=2270
B_red[0].wtH=454, B_red[0].wtL=1224

Hamming profile: [460, 49, 6, 1, 1, 1, 1, 1, 1, 1, 1, 1, 1, 1, 1, 1, 1, 1, 1, 1, 1, 1, 1, 1, 1, 1, 1, 1, 1, 1, 1, 1, 1, 1, 1, 1, 1, 1, 1, 1, 1, 1, 1, 1, 1, 1, 1, 1, 1, 1, 1, 1, 1, 1, 1, 1, 1, 1, 1, 1, 1, 1, 1, 1, 1, 1, 1, 1, 1, 1, 1, 1, 1, 1, 1, 1, 1, 1, 1, 1, 1, 1, 1, 1, 1, 1, 1, 1, 1, 1, 1, 1, 1, 1, 1, 1, 1, 1, 1, 1, 1, 1, 1, 1, 1, 1, 1, 1, 1, 1, 1, 1, 1, 1, 1, 1, 1, 1, 1, 1, 1, 1, 1, 1, 1, 1, 1, 1, 1, 1, 1, 1, 1, 1, 1, 1, 1, 1, 1, 1, 1, 1, 1, 1, 1, 1, 1, 1, 1, 1, 1, 1, 1, 1, 1, 1, 1, 1, 1, 1, 1, 1, 1, 1, 1, 1, 1, 1, 1, 1, 1, 1, 1, 1, 1, 1, 1, 1, 1, 1, 1, 1, 1, 1, 1, 1, 1, 1, 1, 1, 1, 1, 1, 1, 1, 1, 1, 1, 1, 1, 1, 1, 1, 1, 1, 1, 1, 1, 1, 1, 1, 1, 1, 1, 1, 1, 1, 1, 1, 1, 1, 1, 1, 1, 1, 1, 1, 1, 1, 1, 1, 1, 1, 1, 1, 1, 1, 1, 1, 1, 1, 1, 1, 1, 1, 1, 1, 1, 1, 1, 1, 1, 1, 1, 1, 1, 1, 1, 1, 1, 1, 1, 1, 1, 1, 1, 1, 1, 1, 1, 1, 1, 1, 1, 1, 1, 1, 1, 1, 1, 1, 1, 1, 1, 1, 1, 1, 1, 1, 1, 1, 1, 1, 1, 1, 1, 1, 1, 1, 1, 1, 1, 1, 1, 1, 1, 1, 1, 1, 1, 1, 1, 1, 1, 1, 1, 1, 1, 1, 1, 1, 1, 1, 1, 1, 1, 1, 1, 1, 1, 1, 1, 1, 1, 1, 1, 1, 1, 1, 1, 1, 1, 1, 1, 1, 1, 1, 1, 1, 1, 1, 1, 1, 1, 1, 1, 1, 1, 1, 1, 1, 1, 1, 1, 1, 1, 1, 1, 1, 1, 1, 1, 1, 1, 1, 1, 1, 1, 1, 1, 1, 1, 1, 1, 1, 1, 1, 1, 1, 1, 1, 1, 1, 1, 1, 1, 1, 1, 1, 1, 1, 1, 1, 1, 1, 1, 1, 1, 1, 1, 1, 1, 1, 1, 1, 1, 1, 1, 1, 1, 1, 1, 1, 1, 1, 1, 1, 1, 1, 1, 1, 1, 1, 1, 1, 1, 1, 1, 1, 1, 1, 1, 1, 1, 1, 1, 1, 1, 1, 1, 1, 1, 1, 1, 1, 1, 1, 1, 1, 1, 1, 1, 1, 1, 1, 1, 1, 1, 1, 1, 1, 1, 1, 1, 1, 1, 1, 1, 1, 1, 1, 1, 1, 1, 1, 1, 1, 1, 1, 1, 1, 1, 1, 1, 1, 1, 1, 1, 1, 1, 1, 1, 1, 1, 1, 1, 1, 1, 1, 1, 1, 1]
Lee profile: [1429, 149, 20, 1, 1, 1, 1, 1, 1, 1, 1, 1, 1, 1, 1, 1, 1, 1, 1, 1, 1, 1, 1, 1, 1, 1, 1, 1, 1, 1, 1, 1, 1, 1, 1, 1, 1, 1, 1, 1, 1, 1, 1, 1, 1, 1, 1, 1, 1, 1, 1, 1, 1, 1, 1, 1, 1, 1, 1, 1, 1, 1, 1, 1, 1, 1, 1, 1, 1, 1, 1, 1, 1, 1, 1, 1, 1, 1, 1, 1, 1, 1, 1, 1, 1, 1, 1, 1, 1, 1, 1, 1, 1, 1, 1, 1, 1, 1, 1, 1, 1, 1, 1, 1, 1, 1, 1, 1, 1, 1, 1, 1, 1, 1, 1, 1, 1, 1, 1, 1, 1, 1, 1, 1, 1, 1, 1, 1, 1, 1, 1, 1, 1, 1, 1, 1, 1, 1, 1, 1, 1, 1, 1, 1, 1, 1, 1, 1, 1, 1, 1, 1, 1, 1, 1, 1, 1, 1, 1, 1, 1, 1, 1, 1, 1, 1, 1, 1, 1, 1, 1, 1, 1, 1, 1, 1, 1, 1, 1, 1, 1, 1, 1, 1, 1, 1, 1, 1, 1, 1, 1, 1, 1, 1, 1, 1, 1, 1, 1, 1, 1, 1, 1, 1, 1, 1, 1, 1, 1, 1, 1, 1, 1, 1, 1, 1, 1, 1, 1, 1, 1, 1, 1, 1, 1, 1, 1, 1, 1, 1, 1, 1, 1, 1, 1, 1, 1, 1, 1, 1, 1, 1, 1, 1, 1, 1, 1, 1, 1, 1, 1, 1, 1, 1, 1, 1, 1, 1, 1, 1, 1, 1, 1, 1, 1, 1, 1, 1, 1, 1, 1, 1, 1, 1, 1, 1, 1, 1, 1, 1, 1, 1, 1, 1, 1, 1, 1, 1, 1, 1, 1, 1, 1, 1, 1, 1, 1, 1, 1, 1, 1, 1, 1, 1, 1, 1, 1, 1, 1, 1, 1, 1, 1, 1, 1, 1, 1, 1, 1, 1, 1, 1, 1, 1, 1, 1, 1, 1, 1, 1, 1, 1, 1, 1, 1, 1, 1, 1, 1, 1, 1, 1, 1, 1, 1, 1, 1, 1, 1, 1, 1, 1, 1, 1, 1, 1, 1, 1, 1, 1, 1, 1, 1, 1, 1, 1, 1, 1, 1, 1, 1, 1, 1, 1, 1, 1, 1, 1, 1, 1, 1, 1, 1, 1, 1, 1, 1, 1, 1, 1, 1, 1, 1, 1, 1, 1, 1, 1, 1, 1, 1, 1, 1, 1, 1, 1, 1, 1, 1, 1, 1, 1, 1, 1, 1, 1, 1, 1, 1, 1, 1, 1, 1, 1, 1, 1, 1, 1, 1, 1, 1, 1, 1, 1, 1, 1, 1, 1, 1, 1, 1, 1, 1, 1, 1, 1, 1, 1, 1, 1, 1, 1, 1, 1, 1, 1, 1, 1, 1, 1, 1, 1, 1, 1, 1, 1, 1, 1, 1, 1, 1, 1, 1, 1, 1, 1, 1, 1, 1, 1, 1, 1, 1, 1, 1, 1, 1, 1, 1, 1, 1, 1, 1, 1, 1, 1, 1, 1, 1, 1, 1, 1, 1, 1, 1, 1, 1, 1, 1, 1, 1, 1]
460<=B[0].wtL<=2300
B[0].wtH=460, B[0].wtL=1429

--- LeeBKZ with beta=6, bkz with minimum_lee_wt_codeword (may be non-primitive) ---
[LEEbkz:MW_Codeword_LEE:0.1441643238067627 sec.]
[LEEbkz:MW_Codeword_LEE:0.07316112518310547 sec.]
[LEEbkz:MW_Codeword_LEE:0.14367127418518066 sec.]
[LEEbkz:MW_Codeword_LEE:0.07336115837097168 sec.]
[LEEbkz:MW_Codeword_LEE:0.06594991683959961 sec.]
[LEEbkz:MW_Codeword_LEE:0.14345908164978027 sec.]
[LEEbkz:MW_Codeword_LEE:0.07307672500610352 sec.]
[LEEbkz:MW_Codeword_LEE:0.06591272354125977 sec.]
[LEEbkz:MW_Codeword_LEE:0.06565165519714355 sec.]
[LEEbkz:MW_Codeword_LEE:0.14763998985290527 sec.]
[LEEbkz:MW_Codeword_LEE:0.07287907600402832 sec.]
[LEEbkz:MW_Codeword_LEE:0.06560158729553223 sec.]
[LEEbkz:MW_Codeword_LEE:0.06555557250976562 sec.]
[LEEbkz:MW_Codeword_LEE:0.06560897827148438 sec.]
[LEEbkz:MW_Codeword_LEE:0.14458131790161133 sec.]
[LEEbkz:MW_Codeword_LEE:0.07412481307983398 sec.]
[LEEbkz:MW_Codeword_LEE:0.06587386131286621 sec.]
[LEEbkz:MW_Codeword_LEE:0.06581354141235352 sec.]
[LEEbkz:MW_Codeword_LEE:0.06563305854797363 sec.]
[LEEbkz:MW_Codeword_LEE:0.06606769561767578 sec.]
[LEEbkz:MW_Codeword_LEE:0.1466519832611084 sec.]
[LEEbkz:MW_Codeword_LEE:0.07288980484008789 sec.]
[LEEbkz:MW_Codeword_LEE:0.06579422950744629 sec.]
[LEEbkz:MW_Codeword_LEE:0.06580018997192383 sec.]
[LEEbkz:MW_Codeword_LEE:0.06576228141784668 sec.]
Hamming profile after BKZ: [453, 55, 4, 3, 2, 1, 1, 1, 1, 1, 1, 1, 1, 1, 1, 1, 1, 1, 1, 1, 1, 1, 1, 1, 1, 1, 1, 1, 1, 1, 1, 1, 1, 1, 1, 1, 1, 1, 1, 1, 1, 1, 1, 1, 1, 1, 1, 1, 1, 1, 1, 1, 1, 1, 1, 1, 1, 1, 1, 1, 1, 1, 1, 1, 1, 1, 1, 1, 1, 1, 1, 1, 1, 1, 1, 1, 1, 1, 1, 1, 1, 1, 1, 1, 1, 1, 1, 1, 1, 1, 1, 1, 1, 1, 1, 1, 1, 1, 1, 1, 1, 1, 1, 1, 1, 1, 1, 1, 1, 1, 1, 1, 1, 1, 1, 1, 1, 1, 1, 1, 1, 1, 1, 1, 1, 1, 1, 1, 1, 1, 1, 1, 1, 1, 1, 1, 1, 1, 1, 1, 1, 1, 1, 1, 1, 1, 1, 1, 1, 1, 1, 1, 1, 1, 1, 1, 1, 1, 1, 1, 1, 1, 1, 1, 1, 1, 1, 1, 1, 1, 1, 1, 1, 1, 1, 1, 1, 1, 1, 1, 1, 1, 1, 1, 1, 1, 1, 1, 1, 1, 1, 1, 1, 1, 1, 1, 1, 1, 1, 1, 1, 1, 1, 1, 1, 1, 1, 1, 1, 1, 1, 1, 1, 1, 1, 1, 1, 1, 1, 1, 1, 1, 1, 1, 1, 1, 1, 1, 1, 1, 1, 1, 1, 1, 1, 1, 1, 1, 1, 1, 1, 1, 1, 1, 1, 1, 1, 1, 1, 1, 1, 1, 1, 1, 1, 1, 1, 1, 1, 1, 1, 1, 1, 1, 1, 1, 1, 1, 1, 1, 1, 1, 1, 1, 1, 1, 1, 1, 1, 1, 1, 1, 1, 1, 1, 1, 1, 1, 1, 1, 1, 1, 1, 1, 1, 1, 1, 1, 1, 1, 1, 1, 1, 1, 1, 1, 1, 1, 1, 1, 1, 1, 1, 1, 1, 1, 1, 1, 1, 1, 1, 1, 1, 1, 1, 1, 1, 1, 1, 1, 1, 1, 1, 1, 1, 1, 1, 1, 1, 1, 1, 1, 1, 1, 1, 1, 1, 1, 1, 1, 1, 1, 1, 1, 1, 1, 1, 1, 1, 1, 1, 1, 1, 1, 1, 1, 1, 1, 1, 1, 1, 1, 1, 1, 1, 1, 1, 1, 1, 1, 1, 1, 1, 1, 1, 1, 1, 1, 1, 1, 1, 1, 1, 1, 1, 1, 1, 1, 1, 1, 1, 1, 1, 1, 1, 1, 1, 1, 1, 1, 1, 1, 1, 1, 1, 1, 1, 1, 1, 1, 1, 1, 1, 1, 1, 1, 1, 1, 1, 1, 1, 1, 1, 1, 1, 1, 1, 1, 1, 1, 1, 1, 1, 1, 1, 1, 1, 1, 1, 1, 1, 1, 1, 1, 1, 1, 1, 1, 1, 1, 1, 1, 1, 1, 1, 1, 1, 1, 1, 1, 1, 1, 1, 1, 1, 1, 1, 1, 1, 1, 1, 1, 1, 1, 1, 1, 1, 1, 1, 1, 1, 1, 1, 1, 1, 1, 1, 1, 1, 1, 1, 1, 1, 1, 1, 1, 1, 1, 1, 1, 1, 1]
Lee profile after BKZ: [1235, 120, 8, 3, 2, 1, 1, 1, 1, 1, 1, 1, 1, 1, 1, 1, 1, 1, 1, 1, 1, 1, 1, 1, 1, 1, 1, 1, 1, 1, 1, 1, 1, 1, 1, 1, 1, 1, 1, 1, 1, 1, 1, 1, 1, 1, 1, 1, 1, 1, 1, 1, 1, 1, 1, 1, 1, 1, 1, 1, 1, 1, 1, 1, 1, 1, 1, 1, 1, 1, 1, 1, 1, 1, 1, 1, 1, 1, 1, 1, 1, 1, 1, 1, 1, 1, 1, 1, 1, 1, 1, 1, 1, 1, 1, 1, 1, 1, 1, 1, 1, 1, 1, 1, 1, 1, 1, 1, 1, 1, 1, 1, 1, 1, 1, 1, 1, 1, 1, 1, 1, 1, 1, 1, 1, 1, 1, 1, 1, 1, 1, 1, 1, 1, 1, 1, 1, 1, 1, 1, 1, 1, 1, 1, 1, 1, 1, 1, 1, 1, 1, 1, 1, 1, 1, 1, 1, 1, 1, 1, 1, 1, 1, 1, 1, 1, 1, 1, 1, 1, 1, 1, 1, 1, 1, 1, 1, 1, 1, 1, 1, 1, 1, 1, 1, 1, 1, 1, 1, 1, 1, 1, 1, 1, 1, 1, 1, 1, 1, 1, 1, 1, 1, 1, 1, 1, 1, 1, 1, 1, 1, 1, 1, 1, 1, 1, 1, 1, 1, 1, 1, 1, 1, 1, 1, 1, 1, 1, 1, 1, 1, 1, 1, 1, 1, 1, 1, 1, 1, 1, 1, 1, 1, 1, 1, 1, 1, 1, 1, 1, 1, 1, 1, 1, 1, 1, 1, 1, 1, 1, 1, 1, 1, 1, 1, 1, 1, 1, 1, 1, 1, 1, 1, 1, 1, 1, 1, 1, 1, 1, 1, 1, 1, 1, 1, 1, 1, 1, 1, 1, 1, 1, 1, 1, 1, 1, 1, 1, 1, 1, 1, 1, 1, 1, 1, 1, 1, 1, 1, 1, 1, 1, 1, 1, 1, 1, 1, 1, 1, 1, 1, 1, 1, 1, 1, 1, 1, 1, 1, 1, 1, 1, 1, 1, 1, 1, 1, 1, 1, 1, 1, 1, 1, 1, 1, 1, 1, 1, 1, 1, 1, 1, 1, 1, 1, 1, 1, 1, 1, 1, 1, 1, 1, 1, 1, 1, 1, 1, 1, 1, 1, 1, 1, 1, 1, 1, 1, 1, 1, 1, 1, 1, 1, 1, 1, 1, 1, 1, 1, 1, 1, 1, 1, 1, 1, 1, 1, 1, 1, 1, 1, 1, 1, 1, 1, 1, 1, 1, 1, 1, 1, 1, 1, 1, 1, 1, 1, 1, 1, 1, 1, 1, 1, 1, 1, 1, 1, 1, 1, 1, 1, 1, 1, 1, 1, 1, 1, 1, 1, 1, 1, 1, 1, 1, 1, 1, 1, 1, 1, 1, 1, 1, 1, 1, 1, 1, 1, 1, 1, 1, 1, 1, 1, 1, 1, 1, 1, 1, 1, 1, 1, 1, 1, 1, 1, 1, 1, 1, 1, 1, 1, 1, 1, 1, 1, 1, 1, 1, 1, 1, 1, 1, 1, 1, 1, 1, 1, 1, 1, 1, 1, 1, 1, 1, 1, 1, 1, 1, 1, 1, 1, 1]
453<=B_red[0].wtL<=2265
B_red[0].wtH=453, B_red[0].wtL=1235

Hamming profile: [473, 40, 2, 1, 1, 1, 1, 1, 1, 1, 1, 1, 1, 1, 1, 1, 1, 1, 1, 1, 1, 1, 1, 1, 1, 1, 1, 1, 1, 1, 1, 1, 1, 1, 1, 1, 1, 1, 1, 1, 1, 1, 1, 1, 1, 1, 1, 1, 1, 1, 1, 1, 1, 1, 1, 1, 1, 1, 1, 1, 1, 1, 1, 1, 1, 1, 1, 1, 1, 1, 1, 1, 1, 1, 1, 1, 1, 1, 1, 1, 1, 1, 1, 1, 1, 1, 1, 1, 1, 1, 1, 1, 1, 1, 1, 1, 1, 1, 1, 1, 1, 1, 1, 1, 1, 1, 1, 1, 1, 1, 1, 1, 1, 1, 1, 1, 1, 1, 1, 1, 1, 1, 1, 1, 1, 1, 1, 1, 1, 1, 1, 1, 1, 1, 1, 1, 1, 1, 1, 1, 1, 1, 1, 1, 1, 1, 1, 1, 1, 1, 1, 1, 1, 1, 1, 1, 1, 1, 1, 1, 1, 1, 1, 1, 1, 1, 1, 1, 1, 1, 1, 1, 1, 1, 1, 1, 1, 1, 1, 1, 1, 1, 1, 1, 1, 1, 1, 1, 1, 1, 1, 1, 1, 1, 1, 1, 1, 1, 1, 1, 1, 1, 1, 1, 1, 1, 1, 1, 1, 1, 1, 1, 1, 1, 1, 1, 1, 1, 1, 1, 1, 1, 1, 1, 1, 1, 1, 1, 1, 1, 1, 1, 1, 1, 1, 1, 1, 1, 1, 1, 1, 1, 1, 1, 1, 1, 1, 1, 1, 1, 1, 1, 1, 1, 1, 1, 1, 1, 1, 1, 1, 1, 1, 1, 1, 1, 1, 1, 1, 1, 1, 1, 1, 1, 1, 1, 1, 1, 1, 1, 1, 1, 1, 1, 1, 1, 1, 1, 1, 1, 1, 1, 1, 1, 1, 1, 1, 1, 1, 1, 1, 1, 1, 1, 1, 1, 1, 1, 1, 1, 1, 1, 1, 1, 1, 1, 1, 1, 1, 1, 1, 1, 1, 1, 1, 1, 1, 1, 1, 1, 1, 1, 1, 1, 1, 1, 1, 1, 1, 1, 1, 1, 1, 1, 1, 1, 1, 1, 1, 1, 1, 1, 1, 1, 1, 1, 1, 1, 1, 1, 1, 1, 1, 1, 1, 1, 1, 1, 1, 1, 1, 1, 1, 1, 1, 1, 1, 1, 1, 1, 1, 1, 1, 1, 1, 1, 1, 1, 1, 1, 1, 1, 1, 1, 1, 1, 1, 1, 1, 1, 1, 1, 1, 1, 1, 1, 1, 1, 1, 1, 1, 1, 1, 1, 1, 1, 1, 1, 1, 1, 1, 1, 1, 1, 1, 1, 1, 1, 1, 1, 1, 1, 1, 1, 1, 1, 1, 1, 1, 1, 1, 1, 1, 1, 1, 1, 1, 1, 1, 1, 1, 1, 1, 1, 1, 1, 1, 1, 1, 1, 1, 1, 1, 1, 1, 1, 1, 1, 1, 1, 1, 1, 1, 1, 1, 1, 1, 1, 1, 1, 1, 1, 1, 1, 1, 1, 1, 1, 1, 1, 1, 1, 1, 1, 1, 1, 1, 1, 1, 1, 1, 1, 1, 1, 1, 1, 1, 1, 1, 1, 1, 1]
Lee profile: [1393, 113, 2, 1, 1, 1, 1, 1, 1, 1, 1, 1, 1, 1, 1, 1, 1, 1, 1, 1, 1, 1, 1, 1, 1, 1, 1, 1, 1, 1, 1, 1, 1, 1, 1, 1, 1, 1, 1, 1, 1, 1, 1, 1, 1, 1, 1, 1, 1, 1, 1, 1, 1, 1, 1, 1, 1, 1, 1, 1, 1, 1, 1, 1, 1, 1, 1, 1, 1, 1, 1, 1, 1, 1, 1, 1, 1, 1, 1, 1, 1, 1, 1, 1, 1, 1, 1, 1, 1, 1, 1, 1, 1, 1, 1, 1, 1, 1, 1, 1, 1, 1, 1, 1, 1, 1, 1, 1, 1, 1, 1, 1, 1, 1, 1, 1, 1, 1, 1, 1, 1, 1, 1, 1, 1, 1, 1, 1, 1, 1, 1, 1, 1, 1, 1, 1, 1, 1, 1, 1, 1, 1, 1, 1, 1, 1, 1, 1, 1, 1, 1, 1, 1, 1, 1, 1, 1, 1, 1, 1, 1, 1, 1, 1, 1, 1, 1, 1, 1, 1, 1, 1, 1, 1, 1, 1, 1, 1, 1, 1, 1, 1, 1, 1, 1, 1, 1, 1, 1, 1, 1, 1, 1, 1, 1, 1, 1, 1, 1, 1, 1, 1, 1, 1, 1, 1, 1, 1, 1, 1, 1, 1, 1, 1, 1, 1, 1, 1, 1, 1, 1, 1, 1, 1, 1, 1, 1, 1, 1, 1, 1, 1, 1, 1, 1, 1, 1, 1, 1, 1, 1, 1, 1, 1, 1, 1, 1, 1, 1, 1, 1, 1, 1, 1, 1, 1, 1, 1, 1, 1, 1, 1, 1, 1, 1, 1, 1, 1, 1, 1, 1, 1, 1, 1, 1, 1, 1, 1, 1, 1, 1, 1, 1, 1, 1, 1, 1, 1, 1, 1, 1, 1, 1, 1, 1, 1, 1, 1, 1, 1, 1, 1, 1, 1, 1, 1, 1, 1, 1, 1, 1, 1, 1, 1, 1, 1, 1, 1, 1, 1, 1, 1, 1, 1, 1, 1, 1, 1, 1, 1, 1, 1, 1, 1, 1, 1, 1, 1, 1, 1, 1, 1, 1, 1, 1, 1, 1, 1, 1, 1, 1, 1, 1, 1, 1, 1, 1, 1, 1, 1, 1, 1, 1, 1, 1, 1, 1, 1, 1, 1, 1, 1, 1, 1, 1, 1, 1, 1, 1, 1, 1, 1, 1, 1, 1, 1, 1, 1, 1, 1, 1, 1, 1, 1, 1, 1, 1, 1, 1, 1, 1, 1, 1, 1, 1, 1, 1, 1, 1, 1, 1, 1, 1, 1, 1, 1, 1, 1, 1, 1, 1, 1, 1, 1, 1, 1, 1, 1, 1, 1, 1, 1, 1, 1, 1, 1, 1, 1, 1, 1, 1, 1, 1, 1, 1, 1, 1, 1, 1, 1, 1, 1, 1, 1, 1, 1, 1, 1, 1, 1, 1, 1, 1, 1, 1, 1, 1, 1, 1, 1, 1, 1, 1, 1, 1, 1, 1, 1, 1, 1, 1, 1, 1, 1, 1, 1, 1, 1, 1, 1, 1, 1, 1, 1, 1, 1, 1, 1, 1, 1, 1, 1, 1, 1, 1, 1, 1, 1, 1, 1, 1, 1]
473<=B[0].wtL<=2365
B[0].wtH=473, B[0].wtL=1393

--- LeeBKZ with beta=6, bkz with minimum_lee_wt_codeword (may be non-primitive) ---
[LEEbkz:MW_Codeword_LEE:0.14362096786499023 sec.]
[LEEbkz:MW_Codeword_LEE:0.07349133491516113 sec.]
[LEEbkz:MW_Codeword_LEE:0.14307832717895508 sec.]
[LEEbkz:MW_Codeword_LEE:0.07311630249023438 sec.]
[LEEbkz:MW_Codeword_LEE:0.06592512130737305 sec.]
[LEEbkz:MW_Codeword_LEE:0.1432504653930664 sec.]
[LEEbkz:MW_Codeword_LEE:0.07726573944091797 sec.]
[LEEbkz:MW_Codeword_LEE:0.06589341163635254 sec.]
[LEEbkz:MW_Codeword_LEE:0.06567978858947754 sec.]
[LEEbkz:MW_Codeword_LEE:0.14363980293273926 sec.]
[LEEbkz:MW_Codeword_LEE:0.07297968864440918 sec.]
[LEEbkz:MW_Codeword_LEE:0.06562948226928711 sec.]
[LEEbkz:MW_Codeword_LEE:0.06582760810852051 sec.]
[LEEbkz:MW_Codeword_LEE:0.06560206413269043 sec.]
[LEEbkz:MW_Codeword_LEE:0.14340472221374512 sec.]
[LEEbkz:MW_Codeword_LEE:0.07292509078979492 sec.]
[LEEbkz:MW_Codeword_LEE:0.0666501522064209 sec.]
[LEEbkz:MW_Codeword_LEE:0.0676729679107666 sec.]
[LEEbkz:MW_Codeword_LEE:0.06609582901000977 sec.]
[LEEbkz:MW_Codeword_LEE:0.19238758087158203 sec.]
[LEEbkz:MW_Codeword_LEE:0.07311773300170898 sec.]
[LEEbkz:MW_Codeword_LEE:0.06583309173583984 sec.]
[LEEbkz:MW_Codeword_LEE:0.06561160087585449 sec.]
[LEEbkz:MW_Codeword_LEE:0.06613516807556152 sec.]
[LEEbkz:MW_Codeword_LEE:0.06536459922790527 sec.]
[LEEbkz:MW_Codeword_LEE:0.07394194602966309 sec.]
[LEEbkz:MW_Codeword_LEE:0.06628656387329102 sec.]
[LEEbkz:MW_Codeword_LEE:0.06662487983703613 sec.]
[LEEbkz:MW_Codeword_LEE:0.06644892692565918 sec.]
Hamming profile after BKZ: [446, 58, 9, 2, 1, 2, 1, 1, 1, 1, 1, 1, 1, 1, 1, 1, 1, 1, 1, 1, 1, 1, 1, 1, 1, 1, 1, 1, 1, 1, 1, 1, 1, 1, 1, 1, 1, 1, 1, 1, 1, 1, 1, 1, 1, 1, 1, 1, 1, 1, 1, 1, 1, 1, 1, 1, 1, 1, 1, 1, 1, 1, 1, 1, 1, 1, 1, 1, 1, 1, 1, 1, 1, 1, 1, 1, 1, 1, 1, 1, 1, 1, 1, 1, 1, 1, 1, 1, 1, 1, 1, 1, 1, 1, 1, 1, 1, 1, 1, 1, 1, 1, 1, 1, 1, 1, 1, 1, 1, 1, 1, 1, 1, 1, 1, 1, 1, 1, 1, 1, 1, 1, 1, 1, 1, 1, 1, 1, 1, 1, 1, 1, 1, 1, 1, 1, 1, 1, 1, 1, 1, 1, 1, 1, 1, 1, 1, 1, 1, 1, 1, 1, 1, 1, 1, 1, 1, 1, 1, 1, 1, 1, 1, 1, 1, 1, 1, 1, 1, 1, 1, 1, 1, 1, 1, 1, 1, 1, 1, 1, 1, 1, 1, 1, 1, 1, 1, 1, 1, 1, 1, 1, 1, 1, 1, 1, 1, 1, 1, 1, 1, 1, 1, 1, 1, 1, 1, 1, 1, 1, 1, 1, 1, 1, 1, 1, 1, 1, 1, 1, 1, 1, 1, 1, 1, 1, 1, 1, 1, 1, 1, 1, 1, 1, 1, 1, 1, 1, 1, 1, 1, 1, 1, 1, 1, 1, 1, 1, 1, 1, 1, 1, 1, 1, 1, 1, 1, 1, 1, 1, 1, 1, 1, 1, 1, 1, 1, 1, 1, 1, 1, 1, 1, 1, 1, 1, 1, 1, 1, 1, 1, 1, 1, 1, 1, 1, 1, 1, 1, 1, 1, 1, 1, 1, 1, 1, 1, 1, 1, 1, 1, 1, 1, 1, 1, 1, 1, 1, 1, 1, 1, 1, 1, 1, 1, 1, 1, 1, 1, 1, 1, 1, 1, 1, 1, 1, 1, 1, 1, 1, 1, 1, 1, 1, 1, 1, 1, 1, 1, 1, 1, 1, 1, 1, 1, 1, 1, 1, 1, 1, 1, 1, 1, 1, 1, 1, 1, 1, 1, 1, 1, 1, 1, 1, 1, 1, 1, 1, 1, 1, 1, 1, 1, 1, 1, 1, 1, 1, 1, 1, 1, 1, 1, 1, 1, 1, 1, 1, 1, 1, 1, 1, 1, 1, 1, 1, 1, 1, 1, 1, 1, 1, 1, 1, 1, 1, 1, 1, 1, 1, 1, 1, 1, 1, 1, 1, 1, 1, 1, 1, 1, 1, 1, 1, 1, 1, 1, 1, 1, 1, 1, 1, 1, 1, 1, 1, 1, 1, 1, 1, 1, 1, 1, 1, 1, 1, 1, 1, 1, 1, 1, 1, 1, 1, 1, 1, 1, 1, 1, 1, 1, 1, 1, 1, 1, 1, 1, 1, 1, 1, 1, 1, 1, 1, 1, 1, 1, 1, 1, 1, 1, 1, 1, 1, 1, 1, 1, 1, 1, 1, 1, 1, 1, 1, 1, 1, 1, 1, 1, 1, 1, 1, 1, 1, 1, 1, 1, 1, 1, 1, 1, 1]
Lee profile after BKZ: [1231, 130, 15, 2, 1, 2, 1, 1, 1, 1, 1, 1, 1, 1, 1, 1, 1, 1, 1, 1, 1, 1, 1, 1, 1, 1, 1, 1, 1, 1, 1, 1, 1, 1, 1, 1, 1, 1, 1, 1, 1, 1, 1, 1, 1, 1, 1, 1, 1, 1, 1, 1, 1, 1, 1, 1, 1, 1, 1, 1, 1, 1, 1, 1, 1, 1, 1, 1, 1, 1, 1, 1, 1, 1, 1, 1, 1, 1, 1, 1, 1, 1, 1, 1, 1, 1, 1, 1, 1, 1, 1, 1, 1, 1, 1, 1, 1, 1, 1, 1, 1, 1, 1, 1, 1, 1, 1, 1, 1, 1, 1, 1, 1, 1, 1, 1, 1, 1, 1, 1, 1, 1, 1, 1, 1, 1, 1, 1, 1, 1, 1, 1, 1, 1, 1, 1, 1, 1, 1, 1, 1, 1, 1, 1, 1, 1, 1, 1, 1, 1, 1, 1, 1, 1, 1, 1, 1, 1, 1, 1, 1, 1, 1, 1, 1, 1, 1, 1, 1, 1, 1, 1, 1, 1, 1, 1, 1, 1, 1, 1, 1, 1, 1, 1, 1, 1, 1, 1, 1, 1, 1, 1, 1, 1, 1, 1, 1, 1, 1, 1, 1, 1, 1, 1, 1, 1, 1, 1, 1, 1, 1, 1, 1, 1, 1, 1, 1, 1, 1, 1, 1, 1, 1, 1, 1, 1, 1, 1, 1, 1, 1, 1, 1, 1, 1, 1, 1, 1, 1, 1, 1, 1, 1, 1, 1, 1, 1, 1, 1, 1, 1, 1, 1, 1, 1, 1, 1, 1, 1, 1, 1, 1, 1, 1, 1, 1, 1, 1, 1, 1, 1, 1, 1, 1, 1, 1, 1, 1, 1, 1, 1, 1, 1, 1, 1, 1, 1, 1, 1, 1, 1, 1, 1, 1, 1, 1, 1, 1, 1, 1, 1, 1, 1, 1, 1, 1, 1, 1, 1, 1, 1, 1, 1, 1, 1, 1, 1, 1, 1, 1, 1, 1, 1, 1, 1, 1, 1, 1, 1, 1, 1, 1, 1, 1, 1, 1, 1, 1, 1, 1, 1, 1, 1, 1, 1, 1, 1, 1, 1, 1, 1, 1, 1, 1, 1, 1, 1, 1, 1, 1, 1, 1, 1, 1, 1, 1, 1, 1, 1, 1, 1, 1, 1, 1, 1, 1, 1, 1, 1, 1, 1, 1, 1, 1, 1, 1, 1, 1, 1, 1, 1, 1, 1, 1, 1, 1, 1, 1, 1, 1, 1, 1, 1, 1, 1, 1, 1, 1, 1, 1, 1, 1, 1, 1, 1, 1, 1, 1, 1, 1, 1, 1, 1, 1, 1, 1, 1, 1, 1, 1, 1, 1, 1, 1, 1, 1, 1, 1, 1, 1, 1, 1, 1, 1, 1, 1, 1, 1, 1, 1, 1, 1, 1, 1, 1, 1, 1, 1, 1, 1, 1, 1, 1, 1, 1, 1, 1, 1, 1, 1, 1, 1, 1, 1, 1, 1, 1, 1, 1, 1, 1, 1, 1, 1, 1, 1, 1, 1, 1, 1, 1, 1, 1, 1, 1, 1, 1, 1, 1, 1, 1, 1, 1, 1, 1, 1, 1, 1, 1, 1, 1, 1]
446<=B_red[0].wtL<=2230
B_red[0].wtH=446, B_red[0].wtL=1231

Hamming profile: [451, 55, 9, 1, 1, 1, 1, 1, 1, 1, 1, 1, 1, 1, 1, 1, 1, 1, 1, 1, 1, 1, 1, 1, 1, 1, 1, 1, 1, 1, 1, 1, 1, 1, 1, 1, 1, 1, 1, 1, 1, 1, 1, 1, 1, 1, 1, 1, 1, 1, 1, 1, 1, 1, 1, 1, 1, 1, 1, 1, 1, 1, 1, 1, 1, 1, 1, 1, 1, 1, 1, 1, 1, 1, 1, 1, 1, 1, 1, 1, 1, 1, 1, 1, 1, 1, 1, 1, 1, 1, 1, 1, 1, 1, 1, 1, 1, 1, 1, 1, 1, 1, 1, 1, 1, 1, 1, 1, 1, 1, 1, 1, 1, 1, 1, 1, 1, 1, 1, 1, 1, 1, 1, 1, 1, 1, 1, 1, 1, 1, 1, 1, 1, 1, 1, 1, 1, 1, 1, 1, 1, 1, 1, 1, 1, 1, 1, 1, 1, 1, 1, 1, 1, 1, 1, 1, 1, 1, 1, 1, 1, 1, 1, 1, 1, 1, 1, 1, 1, 1, 1, 1, 1, 1, 1, 1, 1, 1, 1, 1, 1, 1, 1, 1, 1, 1, 1, 1, 1, 1, 1, 1, 1, 1, 1, 1, 1, 1, 1, 1, 1, 1, 1, 1, 1, 1, 1, 1, 1, 1, 1, 1, 1, 1, 1, 1, 1, 1, 1, 1, 1, 1, 1, 1, 1, 1, 1, 1, 1, 1, 1, 1, 1, 1, 1, 1, 1, 1, 1, 1, 1, 1, 1, 1, 1, 1, 1, 1, 1, 1, 1, 1, 1, 1, 1, 1, 1, 1, 1, 1, 1, 1, 1, 1, 1, 1, 1, 1, 1, 1, 1, 1, 1, 1, 1, 1, 1, 1, 1, 1, 1, 1, 1, 1, 1, 1, 1, 1, 1, 1, 1, 1, 1, 1, 1, 1, 1, 1, 1, 1, 1, 1, 1, 1, 1, 1, 1, 1, 1, 1, 1, 1, 1, 1, 1, 1, 1, 1, 1, 1, 1, 1, 1, 1, 1, 1, 1, 1, 1, 1, 1, 1, 1, 1, 1, 1, 1, 1, 1, 1, 1, 1, 1, 1, 1, 1, 1, 1, 1, 1, 1, 1, 1, 1, 1, 1, 1, 1, 1, 1, 1, 1, 1, 1, 1, 1, 1, 1, 1, 1, 1, 1, 1, 1, 1, 1, 1, 1, 1, 1, 1, 1, 1, 1, 1, 1, 1, 1, 1, 1, 1, 1, 1, 1, 1, 1, 1, 1, 1, 1, 1, 1, 1, 1, 1, 1, 1, 1, 1, 1, 1, 1, 1, 1, 1, 1, 1, 1, 1, 1, 1, 1, 1, 1, 1, 1, 1, 1, 1, 1, 1, 1, 1, 1, 1, 1, 1, 1, 1, 1, 1, 1, 1, 1, 1, 1, 1, 1, 1, 1, 1, 1, 1, 1, 1, 1, 1, 1, 1, 1, 1, 1, 1, 1, 1, 1, 1, 1, 1, 1, 1, 1, 1, 1, 1, 1, 1, 1, 1, 1, 1, 1, 1, 1, 1, 1, 1, 1, 1, 1, 1, 1, 1, 1, 1, 1, 1, 1, 1, 1, 1, 1, 1, 1, 1, 1, 1, 1, 1, 1, 1, 1]
Lee profile: [1359, 159, 27, 1, 1, 1, 1, 1, 1, 1, 1, 1, 1, 1, 1, 1, 1, 1, 1, 1, 1, 1, 1, 1, 1, 1, 1, 1, 1, 1, 1, 1, 1, 1, 1, 1, 1, 1, 1, 1, 1, 1, 1, 1, 1, 1, 1, 1, 1, 1, 1, 1, 1, 1, 1, 1, 1, 1, 1, 1, 1, 1, 1, 1, 1, 1, 1, 1, 1, 1, 1, 1, 1, 1, 1, 1, 1, 1, 1, 1, 1, 1, 1, 1, 1, 1, 1, 1, 1, 1, 1, 1, 1, 1, 1, 1, 1, 1, 1, 1, 1, 1, 1, 1, 1, 1, 1, 1, 1, 1, 1, 1, 1, 1, 1, 1, 1, 1, 1, 1, 1, 1, 1, 1, 1, 1, 1, 1, 1, 1, 1, 1, 1, 1, 1, 1, 1, 1, 1, 1, 1, 1, 1, 1, 1, 1, 1, 1, 1, 1, 1, 1, 1, 1, 1, 1, 1, 1, 1, 1, 1, 1, 1, 1, 1, 1, 1, 1, 1, 1, 1, 1, 1, 1, 1, 1, 1, 1, 1, 1, 1, 1, 1, 1, 1, 1, 1, 1, 1, 1, 1, 1, 1, 1, 1, 1, 1, 1, 1, 1, 1, 1, 1, 1, 1, 1, 1, 1, 1, 1, 1, 1, 1, 1, 1, 1, 1, 1, 1, 1, 1, 1, 1, 1, 1, 1, 1, 1, 1, 1, 1, 1, 1, 1, 1, 1, 1, 1, 1, 1, 1, 1, 1, 1, 1, 1, 1, 1, 1, 1, 1, 1, 1, 1, 1, 1, 1, 1, 1, 1, 1, 1, 1, 1, 1, 1, 1, 1, 1, 1, 1, 1, 1, 1, 1, 1, 1, 1, 1, 1, 1, 1, 1, 1, 1, 1, 1, 1, 1, 1, 1, 1, 1, 1, 1, 1, 1, 1, 1, 1, 1, 1, 1, 1, 1, 1, 1, 1, 1, 1, 1, 1, 1, 1, 1, 1, 1, 1, 1, 1, 1, 1, 1, 1, 1, 1, 1, 1, 1, 1, 1, 1, 1, 1, 1, 1, 1, 1, 1, 1, 1, 1, 1, 1, 1, 1, 1, 1, 1, 1, 1, 1, 1, 1, 1, 1, 1, 1, 1, 1, 1, 1, 1, 1, 1, 1, 1, 1, 1, 1, 1, 1, 1, 1, 1, 1, 1, 1, 1, 1, 1, 1, 1, 1, 1, 1, 1, 1, 1, 1, 1, 1, 1, 1, 1, 1, 1, 1, 1, 1, 1, 1, 1, 1, 1, 1, 1, 1, 1, 1, 1, 1, 1, 1, 1, 1, 1, 1, 1, 1, 1, 1, 1, 1, 1, 1, 1, 1, 1, 1, 1, 1, 1, 1, 1, 1, 1, 1, 1, 1, 1, 1, 1, 1, 1, 1, 1, 1, 1, 1, 1, 1, 1, 1, 1, 1, 1, 1, 1, 1, 1, 1, 1, 1, 1, 1, 1, 1, 1, 1, 1, 1, 1, 1, 1, 1, 1, 1, 1, 1, 1, 1, 1, 1, 1, 1, 1, 1, 1, 1, 1, 1, 1, 1, 1, 1, 1, 1, 1, 1, 1, 1, 1, 1, 1, 1, 1, 1, 1, 1, 1, 1]
451<=B[0].wtL<=2255
B[0].wtH=451, B[0].wtL=1359

--- LeeBKZ with beta=6, bkz with minimum_lee_wt_codeword (may be non-primitive) ---
[LEEbkz:MW_Codeword_LEE:0.14755463600158691 sec.]
[LEEbkz:MW_Codeword_LEE:0.07358098030090332 sec.]
[LEEbkz:MW_Codeword_LEE:0.19345498085021973 sec.]
[LEEbkz:MW_Codeword_LEE:0.0731668472290039 sec.]
[LEEbkz:MW_Codeword_LEE:0.06604456901550293 sec.]
[LEEbkz:MW_Codeword_LEE:0.1477658748626709 sec.]
[LEEbkz:MW_Codeword_LEE:0.0734856128692627 sec.]
[LEEbkz:MW_Codeword_LEE:0.06619572639465332 sec.]
[LEEbkz:MW_Codeword_LEE:0.06784701347351074 sec.]
[LEEbkz:MW_Codeword_LEE:0.14798212051391602 sec.]
[LEEbkz:MW_Codeword_LEE:0.07357573509216309 sec.]
[LEEbkz:MW_Codeword_LEE:0.06593632698059082 sec.]
[LEEbkz:MW_Codeword_LEE:0.06564092636108398 sec.]
[LEEbkz:MW_Codeword_LEE:0.0655360221862793 sec.]
[LEEbkz:MW_Codeword_LEE:0.14755535125732422 sec.]
[LEEbkz:MW_Codeword_LEE:0.07328200340270996 sec.]
[LEEbkz:MW_Codeword_LEE:0.06599688529968262 sec.]
[LEEbkz:MW_Codeword_LEE:0.06642293930053711 sec.]
[LEEbkz:MW_Codeword_LEE:0.06676292419433594 sec.]
[LEEbkz:MW_Codeword_LEE:0.14778876304626465 sec.]
[LEEbkz:MW_Codeword_LEE:0.07314467430114746 sec.]
[LEEbkz:MW_Codeword_LEE:0.06614255905151367 sec.]
[LEEbkz:MW_Codeword_LEE:0.0657188892364502 sec.]
[LEEbkz:MW_Codeword_LEE:0.06585693359375 sec.]
[LEEbkz:MW_Codeword_LEE:0.07329630851745605 sec.]
[LEEbkz:MW_Codeword_LEE:0.06804227828979492 sec.]
[LEEbkz:MW_Codeword_LEE:0.06565546989440918 sec.]
Hamming profile after BKZ: [439, 61, 11, 5, 1, 1, 1, 1, 1, 1, 1, 1, 1, 1, 1, 1, 1, 1, 1, 1, 1, 1, 1, 1, 1, 1, 1, 1, 1, 1, 1, 1, 1, 1, 1, 1, 1, 1, 1, 1, 1, 1, 1, 1, 1, 1, 1, 1, 1, 1, 1, 1, 1, 1, 1, 1, 1, 1, 1, 1, 1, 1, 1, 1, 1, 1, 1, 1, 1, 1, 1, 1, 1, 1, 1, 1, 1, 1, 1, 1, 1, 1, 1, 1, 1, 1, 1, 1, 1, 1, 1, 1, 1, 1, 1, 1, 1, 1, 1, 1, 1, 1, 1, 1, 1, 1, 1, 1, 1, 1, 1, 1, 1, 1, 1, 1, 1, 1, 1, 1, 1, 1, 1, 1, 1, 1, 1, 1, 1, 1, 1, 1, 1, 1, 1, 1, 1, 1, 1, 1, 1, 1, 1, 1, 1, 1, 1, 1, 1, 1, 1, 1, 1, 1, 1, 1, 1, 1, 1, 1, 1, 1, 1, 1, 1, 1, 1, 1, 1, 1, 1, 1, 1, 1, 1, 1, 1, 1, 1, 1, 1, 1, 1, 1, 1, 1, 1, 1, 1, 1, 1, 1, 1, 1, 1, 1, 1, 1, 1, 1, 1, 1, 1, 1, 1, 1, 1, 1, 1, 1, 1, 1, 1, 1, 1, 1, 1, 1, 1, 1, 1, 1, 1, 1, 1, 1, 1, 1, 1, 1, 1, 1, 1, 1, 1, 1, 1, 1, 1, 1, 1, 1, 1, 1, 1, 1, 1, 1, 1, 1, 1, 1, 1, 1, 1, 1, 1, 1, 1, 1, 1, 1, 1, 1, 1, 1, 1, 1, 1, 1, 1, 1, 1, 1, 1, 1, 1, 1, 1, 1, 1, 1, 1, 1, 1, 1, 1, 1, 1, 1, 1, 1, 1, 1, 1, 1, 1, 1, 1, 1, 1, 1, 1, 1, 1, 1, 1, 1, 1, 1, 1, 1, 1, 1, 1, 1, 1, 1, 1, 1, 1, 1, 1, 1, 1, 1, 1, 1, 1, 1, 1, 1, 1, 1, 1, 1, 1, 1, 1, 1, 1, 1, 1, 1, 1, 1, 1, 1, 1, 1, 1, 1, 1, 1, 1, 1, 1, 1, 1, 1, 1, 1, 1, 1, 1, 1, 1, 1, 1, 1, 1, 1, 1, 1, 1, 1, 1, 1, 1, 1, 1, 1, 1, 1, 1, 1, 1, 1, 1, 1, 1, 1, 1, 1, 1, 1, 1, 1, 1, 1, 1, 1, 1, 1, 1, 1, 1, 1, 1, 1, 1, 1, 1, 1, 1, 1, 1, 1, 1, 1, 1, 1, 1, 1, 1, 1, 1, 1, 1, 1, 1, 1, 1, 1, 1, 1, 1, 1, 1, 1, 1, 1, 1, 1, 1, 1, 1, 1, 1, 1, 1, 1, 1, 1, 1, 1, 1, 1, 1, 1, 1, 1, 1, 1, 1, 1, 1, 1, 1, 1, 1, 1, 1, 1, 1, 1, 1, 1, 1, 1, 1, 1, 1, 1, 1, 1, 1, 1, 1, 1, 1, 1, 1, 1, 1, 1, 1, 1, 1, 1, 1, 1, 1, 1, 1, 1, 1, 1, 1, 1, 1, 1]
Lee profile after BKZ: [1217, 154, 22, 5, 1, 1, 1, 1, 1, 1, 1, 1, 1, 1, 1, 1, 1, 1, 1, 1, 1, 1, 1, 1, 1, 1, 1, 1, 1, 1, 1, 1, 1, 1, 1, 1, 1, 1, 1, 1, 1, 1, 1, 1, 1, 1, 1, 1, 1, 1, 1, 1, 1, 1, 1, 1, 1, 1, 1, 1, 1, 1, 1, 1, 1, 1, 1, 1, 1, 1, 1, 1, 1, 1, 1, 1, 1, 1, 1, 1, 1, 1, 1, 1, 1, 1, 1, 1, 1, 1, 1, 1, 1, 1, 1, 1, 1, 1, 1, 1, 1, 1, 1, 1, 1, 1, 1, 1, 1, 1, 1, 1, 1, 1, 1, 1, 1, 1, 1, 1, 1, 1, 1, 1, 1, 1, 1, 1, 1, 1, 1, 1, 1, 1, 1, 1, 1, 1, 1, 1, 1, 1, 1, 1, 1, 1, 1, 1, 1, 1, 1, 1, 1, 1, 1, 1, 1, 1, 1, 1, 1, 1, 1, 1, 1, 1, 1, 1, 1, 1, 1, 1, 1, 1, 1, 1, 1, 1, 1, 1, 1, 1, 1, 1, 1, 1, 1, 1, 1, 1, 1, 1, 1, 1, 1, 1, 1, 1, 1, 1, 1, 1, 1, 1, 1, 1, 1, 1, 1, 1, 1, 1, 1, 1, 1, 1, 1, 1, 1, 1, 1, 1, 1, 1, 1, 1, 1, 1, 1, 1, 1, 1, 1, 1, 1, 1, 1, 1, 1, 1, 1, 1, 1, 1, 1, 1, 1, 1, 1, 1, 1, 1, 1, 1, 1, 1, 1, 1, 1, 1, 1, 1, 1, 1, 1, 1, 1, 1, 1, 1, 1, 1, 1, 1, 1, 1, 1, 1, 1, 1, 1, 1, 1, 1, 1, 1, 1, 1, 1, 1, 1, 1, 1, 1, 1, 1, 1, 1, 1, 1, 1, 1, 1, 1, 1, 1, 1, 1, 1, 1, 1, 1, 1, 1, 1, 1, 1, 1, 1, 1, 1, 1, 1, 1, 1, 1, 1, 1, 1, 1, 1, 1, 1, 1, 1, 1, 1, 1, 1, 1, 1, 1, 1, 1, 1, 1, 1, 1, 1, 1, 1, 1, 1, 1, 1, 1, 1, 1, 1, 1, 1, 1, 1, 1, 1, 1, 1, 1, 1, 1, 1, 1, 1, 1, 1, 1, 1, 1, 1, 1, 1, 1, 1, 1, 1, 1, 1, 1, 1, 1, 1, 1, 1, 1, 1, 1, 1, 1, 1, 1, 1, 1, 1, 1, 1, 1, 1, 1, 1, 1, 1, 1, 1, 1, 1, 1, 1, 1, 1, 1, 1, 1, 1, 1, 1, 1, 1, 1, 1, 1, 1, 1, 1, 1, 1, 1, 1, 1, 1, 1, 1, 1, 1, 1, 1, 1, 1, 1, 1, 1, 1, 1, 1, 1, 1, 1, 1, 1, 1, 1, 1, 1, 1, 1, 1, 1, 1, 1, 1, 1, 1, 1, 1, 1, 1, 1, 1, 1, 1, 1, 1, 1, 1, 1, 1, 1, 1, 1, 1, 1, 1, 1, 1, 1, 1, 1, 1, 1, 1, 1, 1, 1, 1, 1, 1, 1, 1, 1, 1, 1, 1, 1]
439<=B_red[0].wtL<=2195
B_red[0].wtH=439, B_red[0].wtL=1217

Hamming profile: [476, 32, 7, 1, 1, 1, 1, 1, 1, 1, 1, 1, 1, 1, 1, 1, 1, 1, 1, 1, 1, 1, 1, 1, 1, 1, 1, 1, 1, 1, 1, 1, 1, 1, 1, 1, 1, 1, 1, 1, 1, 1, 1, 1, 1, 1, 1, 1, 1, 1, 1, 1, 1, 1, 1, 1, 1, 1, 1, 1, 1, 1, 1, 1, 1, 1, 1, 1, 1, 1, 1, 1, 1, 1, 1, 1, 1, 1, 1, 1, 1, 1, 1, 1, 1, 1, 1, 1, 1, 1, 1, 1, 1, 1, 1, 1, 1, 1, 1, 1, 1, 1, 1, 1, 1, 1, 1, 1, 1, 1, 1, 1, 1, 1, 1, 1, 1, 1, 1, 1, 1, 1, 1, 1, 1, 1, 1, 1, 1, 1, 1, 1, 1, 1, 1, 1, 1, 1, 1, 1, 1, 1, 1, 1, 1, 1, 1, 1, 1, 1, 1, 1, 1, 1, 1, 1, 1, 1, 1, 1, 1, 1, 1, 1, 1, 1, 1, 1, 1, 1, 1, 1, 1, 1, 1, 1, 1, 1, 1, 1, 1, 1, 1, 1, 1, 1, 1, 1, 1, 1, 1, 1, 1, 1, 1, 1, 1, 1, 1, 1, 1, 1, 1, 1, 1, 1, 1, 1, 1, 1, 1, 1, 1, 1, 1, 1, 1, 1, 1, 1, 1, 1, 1, 1, 1, 1, 1, 1, 1, 1, 1, 1, 1, 1, 1, 1, 1, 1, 1, 1, 1, 1, 1, 1, 1, 1, 1, 1, 1, 1, 1, 1, 1, 1, 1, 1, 1, 1, 1, 1, 1, 1, 1, 1, 1, 1, 1, 1, 1, 1, 1, 1, 1, 1, 1, 1, 1, 1, 1, 1, 1, 1, 1, 1, 1, 1, 1, 1, 1, 1, 1, 1, 1, 1, 1, 1, 1, 1, 1, 1, 1, 1, 1, 1, 1, 1, 1, 1, 1, 1, 1, 1, 1, 1, 1, 1, 1, 1, 1, 1, 1, 1, 1, 1, 1, 1, 1, 1, 1, 1, 1, 1, 1, 1, 1, 1, 1, 1, 1, 1, 1, 1, 1, 1, 1, 1, 1, 1, 1, 1, 1, 1, 1, 1, 1, 1, 1, 1, 1, 1, 1, 1, 1, 1, 1, 1, 1, 1, 1, 1, 1, 1, 1, 1, 1, 1, 1, 1, 1, 1, 1, 1, 1, 1, 1, 1, 1, 1, 1, 1, 1, 1, 1, 1, 1, 1, 1, 1, 1, 1, 1, 1, 1, 1, 1, 1, 1, 1, 1, 1, 1, 1, 1, 1, 1, 1, 1, 1, 1, 1, 1, 1, 1, 1, 1, 1, 1, 1, 1, 1, 1, 1, 1, 1, 1, 1, 1, 1, 1, 1, 1, 1, 1, 1, 1, 1, 1, 1, 1, 1, 1, 1, 1, 1, 1, 1, 1, 1, 1, 1, 1, 1, 1, 1, 1, 1, 1, 1, 1, 1, 1, 1, 1, 1, 1, 1, 1, 1, 1, 1, 1, 1, 1, 1, 1, 1, 1, 1, 1, 1, 1, 1, 1, 1, 1, 1, 1, 1, 1, 1, 1, 1, 1, 1, 1, 1, 1, 1, 1, 1, 1, 1]
Lee profile: [1356, 88, 19, 1, 1, 1, 1, 1, 1, 1, 1, 1, 1, 1, 1, 1, 1, 1, 1, 1, 1, 1, 1, 1, 1, 1, 1, 1, 1, 1, 1, 1, 1, 1, 1, 1, 1, 1, 1, 1, 1, 1, 1, 1, 1, 1, 1, 1, 1, 1, 1, 1, 1, 1, 1, 1, 1, 1, 1, 1, 1, 1, 1, 1, 1, 1, 1, 1, 1, 1, 1, 1, 1, 1, 1, 1, 1, 1, 1, 1, 1, 1, 1, 1, 1, 1, 1, 1, 1, 1, 1, 1, 1, 1, 1, 1, 1, 1, 1, 1, 1, 1, 1, 1, 1, 1, 1, 1, 1, 1, 1, 1, 1, 1, 1, 1, 1, 1, 1, 1, 1, 1, 1, 1, 1, 1, 1, 1, 1, 1, 1, 1, 1, 1, 1, 1, 1, 1, 1, 1, 1, 1, 1, 1, 1, 1, 1, 1, 1, 1, 1, 1, 1, 1, 1, 1, 1, 1, 1, 1, 1, 1, 1, 1, 1, 1, 1, 1, 1, 1, 1, 1, 1, 1, 1, 1, 1, 1, 1, 1, 1, 1, 1, 1, 1, 1, 1, 1, 1, 1, 1, 1, 1, 1, 1, 1, 1, 1, 1, 1, 1, 1, 1, 1, 1, 1, 1, 1, 1, 1, 1, 1, 1, 1, 1, 1, 1, 1, 1, 1, 1, 1, 1, 1, 1, 1, 1, 1, 1, 1, 1, 1, 1, 1, 1, 1, 1, 1, 1, 1, 1, 1, 1, 1, 1, 1, 1, 1, 1, 1, 1, 1, 1, 1, 1, 1, 1, 1, 1, 1, 1, 1, 1, 1, 1, 1, 1, 1, 1, 1, 1, 1, 1, 1, 1, 1, 1, 1, 1, 1, 1, 1, 1, 1, 1, 1, 1, 1, 1, 1, 1, 1, 1, 1, 1, 1, 1, 1, 1, 1, 1, 1, 1, 1, 1, 1, 1, 1, 1, 1, 1, 1, 1, 1, 1, 1, 1, 1, 1, 1, 1, 1, 1, 1, 1, 1, 1, 1, 1, 1, 1, 1, 1, 1, 1, 1, 1, 1, 1, 1, 1, 1, 1, 1, 1, 1, 1, 1, 1, 1, 1, 1, 1, 1, 1, 1, 1, 1, 1, 1, 1, 1, 1, 1, 1, 1, 1, 1, 1, 1, 1, 1, 1, 1, 1, 1, 1, 1, 1, 1, 1, 1, 1, 1, 1, 1, 1, 1, 1, 1, 1, 1, 1, 1, 1, 1, 1, 1, 1, 1, 1, 1, 1, 1, 1, 1, 1, 1, 1, 1, 1, 1, 1, 1, 1, 1, 1, 1, 1, 1, 1, 1, 1, 1, 1, 1, 1, 1, 1, 1, 1, 1, 1, 1, 1, 1, 1, 1, 1, 1, 1, 1, 1, 1, 1, 1, 1, 1, 1, 1, 1, 1, 1, 1, 1, 1, 1, 1, 1, 1, 1, 1, 1, 1, 1, 1, 1, 1, 1, 1, 1, 1, 1, 1, 1, 1, 1, 1, 1, 1, 1, 1, 1, 1, 1, 1, 1, 1, 1, 1, 1, 1, 1, 1, 1, 1, 1, 1, 1, 1, 1, 1, 1, 1, 1, 1, 1, 1, 1, 1, 1, 1]
476<=B[0].wtL<=2380
B[0].wtH=476, B[0].wtL=1356

--- LeeBKZ with beta=6, bkz with minimum_lee_wt_codeword (may be non-primitive) ---
[LEEbkz:MW_Codeword_LEE:0.14748239517211914 sec.]
[LEEbkz:MW_Codeword_LEE:0.07337641716003418 sec.]
[LEEbkz:MW_Codeword_LEE:0.1475238800048828 sec.]
[LEEbkz:MW_Codeword_LEE:0.07390069961547852 sec.]
[LEEbkz:MW_Codeword_LEE:0.14276361465454102 sec.]
[LEEbkz:MW_Codeword_LEE:0.07290959358215332 sec.]
[LEEbkz:MW_Codeword_LEE:0.06591582298278809 sec.]
[LEEbkz:MW_Codeword_LEE:0.14757180213928223 sec.]
[LEEbkz:MW_Codeword_LEE:0.07306122779846191 sec.]
[LEEbkz:MW_Codeword_LEE:0.06987333297729492 sec.]
[LEEbkz:MW_Codeword_LEE:0.06582069396972656 sec.]
[LEEbkz:MW_Codeword_LEE:0.14750027656555176 sec.]
[LEEbkz:MW_Codeword_LEE:0.07300043106079102 sec.]
[LEEbkz:MW_Codeword_LEE:0.06592345237731934 sec.]
[LEEbkz:MW_Codeword_LEE:0.0660243034362793 sec.]
[LEEbkz:MW_Codeword_LEE:0.14772319793701172 sec.]
[LEEbkz:MW_Codeword_LEE:0.07296347618103027 sec.]
[LEEbkz:MW_Codeword_LEE:0.06596970558166504 sec.]
[LEEbkz:MW_Codeword_LEE:0.06598162651062012 sec.]
[LEEbkz:MW_Codeword_LEE:0.06529045104980469 sec.]
[LEEbkz:MW_Codeword_LEE:0.1491858959197998 sec.]
[LEEbkz:MW_Codeword_LEE:0.07308197021484375 sec.]
[LEEbkz:MW_Codeword_LEE:0.0678246021270752 sec.]
[LEEbkz:MW_Codeword_LEE:0.0662069320678711 sec.]
Hamming profile after BKZ: [450, 57, 7, 1, 2, 1, 1, 1, 1, 1, 1, 1, 1, 1, 1, 1, 1, 1, 1, 1, 1, 1, 1, 1, 1, 1, 1, 1, 1, 1, 1, 1, 1, 1, 1, 1, 1, 1, 1, 1, 1, 1, 1, 1, 1, 1, 1, 1, 1, 1, 1, 1, 1, 1, 1, 1, 1, 1, 1, 1, 1, 1, 1, 1, 1, 1, 1, 1, 1, 1, 1, 1, 1, 1, 1, 1, 1, 1, 1, 1, 1, 1, 1, 1, 1, 1, 1, 1, 1, 1, 1, 1, 1, 1, 1, 1, 1, 1, 1, 1, 1, 1, 1, 1, 1, 1, 1, 1, 1, 1, 1, 1, 1, 1, 1, 1, 1, 1, 1, 1, 1, 1, 1, 1, 1, 1, 1, 1, 1, 1, 1, 1, 1, 1, 1, 1, 1, 1, 1, 1, 1, 1, 1, 1, 1, 1, 1, 1, 1, 1, 1, 1, 1, 1, 1, 1, 1, 1, 1, 1, 1, 1, 1, 1, 1, 1, 1, 1, 1, 1, 1, 1, 1, 1, 1, 1, 1, 1, 1, 1, 1, 1, 1, 1, 1, 1, 1, 1, 1, 1, 1, 1, 1, 1, 1, 1, 1, 1, 1, 1, 1, 1, 1, 1, 1, 1, 1, 1, 1, 1, 1, 1, 1, 1, 1, 1, 1, 1, 1, 1, 1, 1, 1, 1, 1, 1, 1, 1, 1, 1, 1, 1, 1, 1, 1, 1, 1, 1, 1, 1, 1, 1, 1, 1, 1, 1, 1, 1, 1, 1, 1, 1, 1, 1, 1, 1, 1, 1, 1, 1, 1, 1, 1, 1, 1, 1, 1, 1, 1, 1, 1, 1, 1, 1, 1, 1, 1, 1, 1, 1, 1, 1, 1, 1, 1, 1, 1, 1, 1, 1, 1, 1, 1, 1, 1, 1, 1, 1, 1, 1, 1, 1, 1, 1, 1, 1, 1, 1, 1, 1, 1, 1, 1, 1, 1, 1, 1, 1, 1, 1, 1, 1, 1, 1, 1, 1, 1, 1, 1, 1, 1, 1, 1, 1, 1, 1, 1, 1, 1, 1, 1, 1, 1, 1, 1, 1, 1, 1, 1, 1, 1, 1, 1, 1, 1, 1, 1, 1, 1, 1, 1, 1, 1, 1, 1, 1, 1, 1, 1, 1, 1, 1, 1, 1, 1, 1, 1, 1, 1, 1, 1, 1, 1, 1, 1, 1, 1, 1, 1, 1, 1, 1, 1, 1, 1, 1, 1, 1, 1, 1, 1, 1, 1, 1, 1, 1, 1, 1, 1, 1, 1, 1, 1, 1, 1, 1, 1, 1, 1, 1, 1, 1, 1, 1, 1, 1, 1, 1, 1, 1, 1, 1, 1, 1, 1, 1, 1, 1, 1, 1, 1, 1, 1, 1, 1, 1, 1, 1, 1, 1, 1, 1, 1, 1, 1, 1, 1, 1, 1, 1, 1, 1, 1, 1, 1, 1, 1, 1, 1, 1, 1, 1, 1, 1, 1, 1, 1, 1, 1, 1, 1, 1, 1, 1, 1, 1, 1, 1, 1, 1, 1, 1, 1, 1, 1, 1, 1, 1, 1, 1, 1, 1, 1, 1, 1, 1, 1, 1, 1, 1, 1, 1]
Lee profile after BKZ: [1219, 124, 8, 1, 2, 1, 1, 1, 1, 1, 1, 1, 1, 1, 1, 1, 1, 1, 1, 1, 1, 1, 1, 1, 1, 1, 1, 1, 1, 1, 1, 1, 1, 1, 1, 1, 1, 1, 1, 1, 1, 1, 1, 1, 1, 1, 1, 1, 1, 1, 1, 1, 1, 1, 1, 1, 1, 1, 1, 1, 1, 1, 1, 1, 1, 1, 1, 1, 1, 1, 1, 1, 1, 1, 1, 1, 1, 1, 1, 1, 1, 1, 1, 1, 1, 1, 1, 1, 1, 1, 1, 1, 1, 1, 1, 1, 1, 1, 1, 1, 1, 1, 1, 1, 1, 1, 1, 1, 1, 1, 1, 1, 1, 1, 1, 1, 1, 1, 1, 1, 1, 1, 1, 1, 1, 1, 1, 1, 1, 1, 1, 1, 1, 1, 1, 1, 1, 1, 1, 1, 1, 1, 1, 1, 1, 1, 1, 1, 1, 1, 1, 1, 1, 1, 1, 1, 1, 1, 1, 1, 1, 1, 1, 1, 1, 1, 1, 1, 1, 1, 1, 1, 1, 1, 1, 1, 1, 1, 1, 1, 1, 1, 1, 1, 1, 1, 1, 1, 1, 1, 1, 1, 1, 1, 1, 1, 1, 1, 1, 1, 1, 1, 1, 1, 1, 1, 1, 1, 1, 1, 1, 1, 1, 1, 1, 1, 1, 1, 1, 1, 1, 1, 1, 1, 1, 1, 1, 1, 1, 1, 1, 1, 1, 1, 1, 1, 1, 1, 1, 1, 1, 1, 1, 1, 1, 1, 1, 1, 1, 1, 1, 1, 1, 1, 1, 1, 1, 1, 1, 1, 1, 1, 1, 1, 1, 1, 1, 1, 1, 1, 1, 1, 1, 1, 1, 1, 1, 1, 1, 1, 1, 1, 1, 1, 1, 1, 1, 1, 1, 1, 1, 1, 1, 1, 1, 1, 1, 1, 1, 1, 1, 1, 1, 1, 1, 1, 1, 1, 1, 1, 1, 1, 1, 1, 1, 1, 1, 1, 1, 1, 1, 1, 1, 1, 1, 1, 1, 1, 1, 1, 1, 1, 1, 1, 1, 1, 1, 1, 1, 1, 1, 1, 1, 1, 1, 1, 1, 1, 1, 1, 1, 1, 1, 1, 1, 1, 1, 1, 1, 1, 1, 1, 1, 1, 1, 1, 1, 1, 1, 1, 1, 1, 1, 1, 1, 1, 1, 1, 1, 1, 1, 1, 1, 1, 1, 1, 1, 1, 1, 1, 1, 1, 1, 1, 1, 1, 1, 1, 1, 1, 1, 1, 1, 1, 1, 1, 1, 1, 1, 1, 1, 1, 1, 1, 1, 1, 1, 1, 1, 1, 1, 1, 1, 1, 1, 1, 1, 1, 1, 1, 1, 1, 1, 1, 1, 1, 1, 1, 1, 1, 1, 1, 1, 1, 1, 1, 1, 1, 1, 1, 1, 1, 1, 1, 1, 1, 1, 1, 1, 1, 1, 1, 1, 1, 1, 1, 1, 1, 1, 1, 1, 1, 1, 1, 1, 1, 1, 1, 1, 1, 1, 1, 1, 1, 1, 1, 1, 1, 1, 1, 1, 1, 1, 1, 1, 1, 1, 1, 1, 1, 1, 1, 1, 1, 1, 1, 1, 1, 1, 1, 1, 1]
450<=B_red[0].wtL<=2250
B_red[0].wtH=450, B_red[0].wtL=1219

Hamming profile: [475, 36, 4, 1, 1, 1, 1, 1, 1, 1, 1, 1, 1, 1, 1, 1, 1, 1, 1, 1, 1, 1, 1, 1, 1, 1, 1, 1, 1, 1, 1, 1, 1, 1, 1, 1, 1, 1, 1, 1, 1, 1, 1, 1, 1, 1, 1, 1, 1, 1, 1, 1, 1, 1, 1, 1, 1, 1, 1, 1, 1, 1, 1, 1, 1, 1, 1, 1, 1, 1, 1, 1, 1, 1, 1, 1, 1, 1, 1, 1, 1, 1, 1, 1, 1, 1, 1, 1, 1, 1, 1, 1, 1, 1, 1, 1, 1, 1, 1, 1, 1, 1, 1, 1, 1, 1, 1, 1, 1, 1, 1, 1, 1, 1, 1, 1, 1, 1, 1, 1, 1, 1, 1, 1, 1, 1, 1, 1, 1, 1, 1, 1, 1, 1, 1, 1, 1, 1, 1, 1, 1, 1, 1, 1, 1, 1, 1, 1, 1, 1, 1, 1, 1, 1, 1, 1, 1, 1, 1, 1, 1, 1, 1, 1, 1, 1, 1, 1, 1, 1, 1, 1, 1, 1, 1, 1, 1, 1, 1, 1, 1, 1, 1, 1, 1, 1, 1, 1, 1, 1, 1, 1, 1, 1, 1, 1, 1, 1, 1, 1, 1, 1, 1, 1, 1, 1, 1, 1, 1, 1, 1, 1, 1, 1, 1, 1, 1, 1, 1, 1, 1, 1, 1, 1, 1, 1, 1, 1, 1, 1, 1, 1, 1, 1, 1, 1, 1, 1, 1, 1, 1, 1, 1, 1, 1, 1, 1, 1, 1, 1, 1, 1, 1, 1, 1, 1, 1, 1, 1, 1, 1, 1, 1, 1, 1, 1, 1, 1, 1, 1, 1, 1, 1, 1, 1, 1, 1, 1, 1, 1, 1, 1, 1, 1, 1, 1, 1, 1, 1, 1, 1, 1, 1, 1, 1, 1, 1, 1, 1, 1, 1, 1, 1, 1, 1, 1, 1, 1, 1, 1, 1, 1, 1, 1, 1, 1, 1, 1, 1, 1, 1, 1, 1, 1, 1, 1, 1, 1, 1, 1, 1, 1, 1, 1, 1, 1, 1, 1, 1, 1, 1, 1, 1, 1, 1, 1, 1, 1, 1, 1, 1, 1, 1, 1, 1, 1, 1, 1, 1, 1, 1, 1, 1, 1, 1, 1, 1, 1, 1, 1, 1, 1, 1, 1, 1, 1, 1, 1, 1, 1, 1, 1, 1, 1, 1, 1, 1, 1, 1, 1, 1, 1, 1, 1, 1, 1, 1, 1, 1, 1, 1, 1, 1, 1, 1, 1, 1, 1, 1, 1, 1, 1, 1, 1, 1, 1, 1, 1, 1, 1, 1, 1, 1, 1, 1, 1, 1, 1, 1, 1, 1, 1, 1, 1, 1, 1, 1, 1, 1, 1, 1, 1, 1, 1, 1, 1, 1, 1, 1, 1, 1, 1, 1, 1, 1, 1, 1, 1, 1, 1, 1, 1, 1, 1, 1, 1, 1, 1, 1, 1, 1, 1, 1, 1, 1, 1, 1, 1, 1, 1, 1, 1, 1, 1, 1, 1, 1, 1, 1, 1, 1, 1, 1, 1, 1, 1, 1, 1, 1, 1, 1, 1, 1, 1, 1, 1, 1, 1, 1, 1, 1, 1]
Lee profile: [1440, 101, 10, 1, 1, 1, 1, 1, 1, 1, 1, 1, 1, 1, 1, 1, 1, 1, 1, 1, 1, 1, 1, 1, 1, 1, 1, 1, 1, 1, 1, 1, 1, 1, 1, 1, 1, 1, 1, 1, 1, 1, 1, 1, 1, 1, 1, 1, 1, 1, 1, 1, 1, 1, 1, 1, 1, 1, 1, 1, 1, 1, 1, 1, 1, 1, 1, 1, 1, 1, 1, 1, 1, 1, 1, 1, 1, 1, 1, 1, 1, 1, 1, 1, 1, 1, 1, 1, 1, 1, 1, 1, 1, 1, 1, 1, 1, 1, 1, 1, 1, 1, 1, 1, 1, 1, 1, 1, 1, 1, 1, 1, 1, 1, 1, 1, 1, 1, 1, 1, 1, 1, 1, 1, 1, 1, 1, 1, 1, 1, 1, 1, 1, 1, 1, 1, 1, 1, 1, 1, 1, 1, 1, 1, 1, 1, 1, 1, 1, 1, 1, 1, 1, 1, 1, 1, 1, 1, 1, 1, 1, 1, 1, 1, 1, 1, 1, 1, 1, 1, 1, 1, 1, 1, 1, 1, 1, 1, 1, 1, 1, 1, 1, 1, 1, 1, 1, 1, 1, 1, 1, 1, 1, 1, 1, 1, 1, 1, 1, 1, 1, 1, 1, 1, 1, 1, 1, 1, 1, 1, 1, 1, 1, 1, 1, 1, 1, 1, 1, 1, 1, 1, 1, 1, 1, 1, 1, 1, 1, 1, 1, 1, 1, 1, 1, 1, 1, 1, 1, 1, 1, 1, 1, 1, 1, 1, 1, 1, 1, 1, 1, 1, 1, 1, 1, 1, 1, 1, 1, 1, 1, 1, 1, 1, 1, 1, 1, 1, 1, 1, 1, 1, 1, 1, 1, 1, 1, 1, 1, 1, 1, 1, 1, 1, 1, 1, 1, 1, 1, 1, 1, 1, 1, 1, 1, 1, 1, 1, 1, 1, 1, 1, 1, 1, 1, 1, 1, 1, 1, 1, 1, 1, 1, 1, 1, 1, 1, 1, 1, 1, 1, 1, 1, 1, 1, 1, 1, 1, 1, 1, 1, 1, 1, 1, 1, 1, 1, 1, 1, 1, 1, 1, 1, 1, 1, 1, 1, 1, 1, 1, 1, 1, 1, 1, 1, 1, 1, 1, 1, 1, 1, 1, 1, 1, 1, 1, 1, 1, 1, 1, 1, 1, 1, 1, 1, 1, 1, 1, 1, 1, 1, 1, 1, 1, 1, 1, 1, 1, 1, 1, 1, 1, 1, 1, 1, 1, 1, 1, 1, 1, 1, 1, 1, 1, 1, 1, 1, 1, 1, 1, 1, 1, 1, 1, 1, 1, 1, 1, 1, 1, 1, 1, 1, 1, 1, 1, 1, 1, 1, 1, 1, 1, 1, 1, 1, 1, 1, 1, 1, 1, 1, 1, 1, 1, 1, 1, 1, 1, 1, 1, 1, 1, 1, 1, 1, 1, 1, 1, 1, 1, 1, 1, 1, 1, 1, 1, 1, 1, 1, 1, 1, 1, 1, 1, 1, 1, 1, 1, 1, 1, 1, 1, 1, 1, 1, 1, 1, 1, 1, 1, 1, 1, 1, 1, 1, 1, 1, 1, 1, 1, 1, 1, 1, 1, 1, 1, 1, 1, 1, 1, 1, 1]
475<=B[0].wtL<=2375
B[0].wtH=475, B[0].wtL=1440

--- LeeBKZ with beta=6, bkz with minimum_lee_wt_codeword (may be non-primitive) ---
[LEEbkz:MW_Codeword_LEE:0.1461803913116455 sec.]
[LEEbkz:MW_Codeword_LEE:0.06933283805847168 sec.]
[LEEbkz:MW_Codeword_LEE:0.14478492736816406 sec.]
[LEEbkz:MW_Codeword_LEE:0.06911444664001465 sec.]
[LEEbkz:MW_Codeword_LEE:0.06590509414672852 sec.]
[LEEbkz:MW_Codeword_LEE:0.14683198928833008 sec.]
[LEEbkz:MW_Codeword_LEE:0.06942963600158691 sec.]
[LEEbkz:MW_Codeword_LEE:0.0663907527923584 sec.]
[LEEbkz:MW_Codeword_LEE:0.06557655334472656 sec.]
[LEEbkz:MW_Codeword_LEE:0.1464982032775879 sec.]
[LEEbkz:MW_Codeword_LEE:0.06919074058532715 sec.]
[LEEbkz:MW_Codeword_LEE:0.06563186645507812 sec.]
[LEEbkz:MW_Codeword_LEE:0.06586861610412598 sec.]
[LEEbkz:MW_Codeword_LEE:0.15059471130371094 sec.]
[LEEbkz:MW_Codeword_LEE:0.06923866271972656 sec.]
[LEEbkz:MW_Codeword_LEE:0.06580352783203125 sec.]
[LEEbkz:MW_Codeword_LEE:0.06569504737854004 sec.]
[LEEbkz:MW_Codeword_LEE:0.1499919891357422 sec.]
[LEEbkz:MW_Codeword_LEE:0.07301211357116699 sec.]
[LEEbkz:MW_Codeword_LEE:0.14305543899536133 sec.]
[LEEbkz:MW_Codeword_LEE:0.07277202606201172 sec.]
[LEEbkz:MW_Codeword_LEE:0.06601881980895996 sec.]
[LEEbkz:MW_Codeword_LEE:0.14321398735046387 sec.]
[LEEbkz:MW_Codeword_LEE:0.07307672500610352 sec.]
[LEEbkz:MW_Codeword_LEE:0.06594371795654297 sec.]
[LEEbkz:MW_Codeword_LEE:0.06571769714355469 sec.]
[LEEbkz:MW_Codeword_LEE:0.14360547065734863 sec.]
[LEEbkz:MW_Codeword_LEE:0.0738677978515625 sec.]
[LEEbkz:MW_Codeword_LEE:0.06617283821105957 sec.]
[LEEbkz:MW_Codeword_LEE:0.06599211692810059 sec.]
[LEEbkz:MW_Codeword_LEE:0.06556034088134766 sec.]
[LEEbkz:MW_Codeword_LEE:0.143174409866333 sec.]
[LEEbkz:MW_Codeword_LEE:0.07325625419616699 sec.]
[LEEbkz:MW_Codeword_LEE:0.06609511375427246 sec.]
[LEEbkz:MW_Codeword_LEE:0.0659477710723877 sec.]
[LEEbkz:MW_Codeword_LEE:0.06588411331176758 sec.]
[LEEbkz:MW_Codeword_LEE:0.14426350593566895 sec.]
[LEEbkz:MW_Codeword_LEE:0.07330012321472168 sec.]
[LEEbkz:MW_Codeword_LEE:0.06635236740112305 sec.]
[LEEbkz:MW_Codeword_LEE:0.0661766529083252 sec.]
[LEEbkz:MW_Codeword_LEE:0.06587791442871094 sec.]
[LEEbkz:MW_Codeword_LEE:0.0734250545501709 sec.]
[LEEbkz:MW_Codeword_LEE:0.06612658500671387 sec.]
[LEEbkz:MW_Codeword_LEE:0.0656898021697998 sec.]
[LEEbkz:MW_Codeword_LEE:0.06632304191589355 sec.]
[LEEbkz:MW_Codeword_LEE:0.06608700752258301 sec.]
[LEEbkz:MW_Codeword_LEE:0.06580305099487305 sec.]
Hamming profile after BKZ: [453, 51, 7, 5, 1, 1, 1, 1, 1, 1, 1, 1, 1, 1, 1, 1, 1, 1, 1, 1, 1, 1, 1, 1, 1, 1, 1, 1, 1, 1, 1, 1, 1, 1, 1, 1, 1, 1, 1, 1, 1, 1, 1, 1, 1, 1, 1, 1, 1, 1, 1, 1, 1, 1, 1, 1, 1, 1, 1, 1, 1, 1, 1, 1, 1, 1, 1, 1, 1, 1, 1, 1, 1, 1, 1, 1, 1, 1, 1, 1, 1, 1, 1, 1, 1, 1, 1, 1, 1, 1, 1, 1, 1, 1, 1, 1, 1, 1, 1, 1, 1, 1, 1, 1, 1, 1, 1, 1, 1, 1, 1, 1, 1, 1, 1, 1, 1, 1, 1, 1, 1, 1, 1, 1, 1, 1, 1, 1, 1, 1, 1, 1, 1, 1, 1, 1, 1, 1, 1, 1, 1, 1, 1, 1, 1, 1, 1, 1, 1, 1, 1, 1, 1, 1, 1, 1, 1, 1, 1, 1, 1, 1, 1, 1, 1, 1, 1, 1, 1, 1, 1, 1, 1, 1, 1, 1, 1, 1, 1, 1, 1, 1, 1, 1, 1, 1, 1, 1, 1, 1, 1, 1, 1, 1, 1, 1, 1, 1, 1, 1, 1, 1, 1, 1, 1, 1, 1, 1, 1, 1, 1, 1, 1, 1, 1, 1, 1, 1, 1, 1, 1, 1, 1, 1, 1, 1, 1, 1, 1, 1, 1, 1, 1, 1, 1, 1, 1, 1, 1, 1, 1, 1, 1, 1, 1, 1, 1, 1, 1, 1, 1, 1, 1, 1, 1, 1, 1, 1, 1, 1, 1, 1, 1, 1, 1, 1, 1, 1, 1, 1, 1, 1, 1, 1, 1, 1, 1, 1, 1, 1, 1, 1, 1, 1, 1, 1, 1, 1, 1, 1, 1, 1, 1, 1, 1, 1, 1, 1, 1, 1, 1, 1, 1, 1, 1, 1, 1, 1, 1, 1, 1, 1, 1, 1, 1, 1, 1, 1, 1, 1, 1, 1, 1, 1, 1, 1, 1, 1, 1, 1, 1, 1, 1, 1, 1, 1, 1, 1, 1, 1, 1, 1, 1, 1, 1, 1, 1, 1, 1, 1, 1, 1, 1, 1, 1, 1, 1, 1, 1, 1, 1, 1, 1, 1, 1, 1, 1, 1, 1, 1, 1, 1, 1, 1, 1, 1, 1, 1, 1, 1, 1, 1, 1, 1, 1, 1, 1, 1, 1, 1, 1, 1, 1, 1, 1, 1, 1, 1, 1, 1, 1, 1, 1, 1, 1, 1, 1, 1, 1, 1, 1, 1, 1, 1, 1, 1, 1, 1, 1, 1, 1, 1, 1, 1, 1, 1, 1, 1, 1, 1, 1, 1, 1, 1, 1, 1, 1, 1, 1, 1, 1, 1, 1, 1, 1, 1, 1, 1, 1, 1, 1, 1, 1, 1, 1, 1, 1, 1, 1, 1, 1, 1, 1, 1, 1, 1, 1, 1, 1, 1, 1, 1, 1, 1, 1, 1, 1, 1, 1, 1, 1, 1, 1, 1, 1, 1, 1, 1, 1, 1, 1, 1, 1, 1, 1, 1, 1, 1, 1, 1, 1, 1, 1, 1, 1, 1, 1, 1, 1, 1, 1, 1]
Lee profile after BKZ: [1225, 116, 12, 5, 1, 1, 1, 1, 1, 1, 1, 1, 1, 1, 1, 1, 1, 1, 1, 1, 1, 1, 1, 1, 1, 1, 1, 1, 1, 1, 1, 1, 1, 1, 1, 1, 1, 1, 1, 1, 1, 1, 1, 1, 1, 1, 1, 1, 1, 1, 1, 1, 1, 1, 1, 1, 1, 1, 1, 1, 1, 1, 1, 1, 1, 1, 1, 1, 1, 1, 1, 1, 1, 1, 1, 1, 1, 1, 1, 1, 1, 1, 1, 1, 1, 1, 1, 1, 1, 1, 1, 1, 1, 1, 1, 1, 1, 1, 1, 1, 1, 1, 1, 1, 1, 1, 1, 1, 1, 1, 1, 1, 1, 1, 1, 1, 1, 1, 1, 1, 1, 1, 1, 1, 1, 1, 1, 1, 1, 1, 1, 1, 1, 1, 1, 1, 1, 1, 1, 1, 1, 1, 1, 1, 1, 1, 1, 1, 1, 1, 1, 1, 1, 1, 1, 1, 1, 1, 1, 1, 1, 1, 1, 1, 1, 1, 1, 1, 1, 1, 1, 1, 1, 1, 1, 1, 1, 1, 1, 1, 1, 1, 1, 1, 1, 1, 1, 1, 1, 1, 1, 1, 1, 1, 1, 1, 1, 1, 1, 1, 1, 1, 1, 1, 1, 1, 1, 1, 1, 1, 1, 1, 1, 1, 1, 1, 1, 1, 1, 1, 1, 1, 1, 1, 1, 1, 1, 1, 1, 1, 1, 1, 1, 1, 1, 1, 1, 1, 1, 1, 1, 1, 1, 1, 1, 1, 1, 1, 1, 1, 1, 1, 1, 1, 1, 1, 1, 1, 1, 1, 1, 1, 1, 1, 1, 1, 1, 1, 1, 1, 1, 1, 1, 1, 1, 1, 1, 1, 1, 1, 1, 1, 1, 1, 1, 1, 1, 1, 1, 1, 1, 1, 1, 1, 1, 1, 1, 1, 1, 1, 1, 1, 1, 1, 1, 1, 1, 1, 1, 1, 1, 1, 1, 1, 1, 1, 1, 1, 1, 1, 1, 1, 1, 1, 1, 1, 1, 1, 1, 1, 1, 1, 1, 1, 1, 1, 1, 1, 1, 1, 1, 1, 1, 1, 1, 1, 1, 1, 1, 1, 1, 1, 1, 1, 1, 1, 1, 1, 1, 1, 1, 1, 1, 1, 1, 1, 1, 1, 1, 1, 1, 1, 1, 1, 1, 1, 1, 1, 1, 1, 1, 1, 1, 1, 1, 1, 1, 1, 1, 1, 1, 1, 1, 1, 1, 1, 1, 1, 1, 1, 1, 1, 1, 1, 1, 1, 1, 1, 1, 1, 1, 1, 1, 1, 1, 1, 1, 1, 1, 1, 1, 1, 1, 1, 1, 1, 1, 1, 1, 1, 1, 1, 1, 1, 1, 1, 1, 1, 1, 1, 1, 1, 1, 1, 1, 1, 1, 1, 1, 1, 1, 1, 1, 1, 1, 1, 1, 1, 1, 1, 1, 1, 1, 1, 1, 1, 1, 1, 1, 1, 1, 1, 1, 1, 1, 1, 1, 1, 1, 1, 1, 1, 1, 1, 1, 1, 1, 1, 1, 1, 1, 1, 1, 1, 1, 1, 1, 1, 1, 1, 1, 1, 1, 1, 1, 1, 1, 1, 1, 1, 1, 1]
453<=B_red[0].wtL<=2265
B_red[0].wtH=453, B_red[0].wtL=1225

Hamming profile: [459, 50, 6, 1, 1, 1, 1, 1, 1, 1, 1, 1, 1, 1, 1, 1, 1, 1, 1, 1, 1, 1, 1, 1, 1, 1, 1, 1, 1, 1, 1, 1, 1, 1, 1, 1, 1, 1, 1, 1, 1, 1, 1, 1, 1, 1, 1, 1, 1, 1, 1, 1, 1, 1, 1, 1, 1, 1, 1, 1, 1, 1, 1, 1, 1, 1, 1, 1, 1, 1, 1, 1, 1, 1, 1, 1, 1, 1, 1, 1, 1, 1, 1, 1, 1, 1, 1, 1, 1, 1, 1, 1, 1, 1, 1, 1, 1, 1, 1, 1, 1, 1, 1, 1, 1, 1, 1, 1, 1, 1, 1, 1, 1, 1, 1, 1, 1, 1, 1, 1, 1, 1, 1, 1, 1, 1, 1, 1, 1, 1, 1, 1, 1, 1, 1, 1, 1, 1, 1, 1, 1, 1, 1, 1, 1, 1, 1, 1, 1, 1, 1, 1, 1, 1, 1, 1, 1, 1, 1, 1, 1, 1, 1, 1, 1, 1, 1, 1, 1, 1, 1, 1, 1, 1, 1, 1, 1, 1, 1, 1, 1, 1, 1, 1, 1, 1, 1, 1, 1, 1, 1, 1, 1, 1, 1, 1, 1, 1, 1, 1, 1, 1, 1, 1, 1, 1, 1, 1, 1, 1, 1, 1, 1, 1, 1, 1, 1, 1, 1, 1, 1, 1, 1, 1, 1, 1, 1, 1, 1, 1, 1, 1, 1, 1, 1, 1, 1, 1, 1, 1, 1, 1, 1, 1, 1, 1, 1, 1, 1, 1, 1, 1, 1, 1, 1, 1, 1, 1, 1, 1, 1, 1, 1, 1, 1, 1, 1, 1, 1, 1, 1, 1, 1, 1, 1, 1, 1, 1, 1, 1, 1, 1, 1, 1, 1, 1, 1, 1, 1, 1, 1, 1, 1, 1, 1, 1, 1, 1, 1, 1, 1, 1, 1, 1, 1, 1, 1, 1, 1, 1, 1, 1, 1, 1, 1, 1, 1, 1, 1, 1, 1, 1, 1, 1, 1, 1, 1, 1, 1, 1, 1, 1, 1, 1, 1, 1, 1, 1, 1, 1, 1, 1, 1, 1, 1, 1, 1, 1, 1, 1, 1, 1, 1, 1, 1, 1, 1, 1, 1, 1, 1, 1, 1, 1, 1, 1, 1, 1, 1, 1, 1, 1, 1, 1, 1, 1, 1, 1, 1, 1, 1, 1, 1, 1, 1, 1, 1, 1, 1, 1, 1, 1, 1, 1, 1, 1, 1, 1, 1, 1, 1, 1, 1, 1, 1, 1, 1, 1, 1, 1, 1, 1, 1, 1, 1, 1, 1, 1, 1, 1, 1, 1, 1, 1, 1, 1, 1, 1, 1, 1, 1, 1, 1, 1, 1, 1, 1, 1, 1, 1, 1, 1, 1, 1, 1, 1, 1, 1, 1, 1, 1, 1, 1, 1, 1, 1, 1, 1, 1, 1, 1, 1, 1, 1, 1, 1, 1, 1, 1, 1, 1, 1, 1, 1, 1, 1, 1, 1, 1, 1, 1, 1, 1, 1, 1, 1, 1, 1, 1, 1, 1, 1, 1, 1, 1, 1, 1, 1, 1, 1, 1, 1, 1, 1, 1, 1, 1, 1, 1, 1, 1, 1]
Lee profile: [1341, 139, 18, 1, 1, 1, 1, 1, 1, 1, 1, 1, 1, 1, 1, 1, 1, 1, 1, 1, 1, 1, 1, 1, 1, 1, 1, 1, 1, 1, 1, 1, 1, 1, 1, 1, 1, 1, 1, 1, 1, 1, 1, 1, 1, 1, 1, 1, 1, 1, 1, 1, 1, 1, 1, 1, 1, 1, 1, 1, 1, 1, 1, 1, 1, 1, 1, 1, 1, 1, 1, 1, 1, 1, 1, 1, 1, 1, 1, 1, 1, 1, 1, 1, 1, 1, 1, 1, 1, 1, 1, 1, 1, 1, 1, 1, 1, 1, 1, 1, 1, 1, 1, 1, 1, 1, 1, 1, 1, 1, 1, 1, 1, 1, 1, 1, 1, 1, 1, 1, 1, 1, 1, 1, 1, 1, 1, 1, 1, 1, 1, 1, 1, 1, 1, 1, 1, 1, 1, 1, 1, 1, 1, 1, 1, 1, 1, 1, 1, 1, 1, 1, 1, 1, 1, 1, 1, 1, 1, 1, 1, 1, 1, 1, 1, 1, 1, 1, 1, 1, 1, 1, 1, 1, 1, 1, 1, 1, 1, 1, 1, 1, 1, 1, 1, 1, 1, 1, 1, 1, 1, 1, 1, 1, 1, 1, 1, 1, 1, 1, 1, 1, 1, 1, 1, 1, 1, 1, 1, 1, 1, 1, 1, 1, 1, 1, 1, 1, 1, 1, 1, 1, 1, 1, 1, 1, 1, 1, 1, 1, 1, 1, 1, 1, 1, 1, 1, 1, 1, 1, 1, 1, 1, 1, 1, 1, 1, 1, 1, 1, 1, 1, 1, 1, 1, 1, 1, 1, 1, 1, 1, 1, 1, 1, 1, 1, 1, 1, 1, 1, 1, 1, 1, 1, 1, 1, 1, 1, 1, 1, 1, 1, 1, 1, 1, 1, 1, 1, 1, 1, 1, 1, 1, 1, 1, 1, 1, 1, 1, 1, 1, 1, 1, 1, 1, 1, 1, 1, 1, 1, 1, 1, 1, 1, 1, 1, 1, 1, 1, 1, 1, 1, 1, 1, 1, 1, 1, 1, 1, 1, 1, 1, 1, 1, 1, 1, 1, 1, 1, 1, 1, 1, 1, 1, 1, 1, 1, 1, 1, 1, 1, 1, 1, 1, 1, 1, 1, 1, 1, 1, 1, 1, 1, 1, 1, 1, 1, 1, 1, 1, 1, 1, 1, 1, 1, 1, 1, 1, 1, 1, 1, 1, 1, 1, 1, 1, 1, 1, 1, 1, 1, 1, 1, 1, 1, 1, 1, 1, 1, 1, 1, 1, 1, 1, 1, 1, 1, 1, 1, 1, 1, 1, 1, 1, 1, 1, 1, 1, 1, 1, 1, 1, 1, 1, 1, 1, 1, 1, 1, 1, 1, 1, 1, 1, 1, 1, 1, 1, 1, 1, 1, 1, 1, 1, 1, 1, 1, 1, 1, 1, 1, 1, 1, 1, 1, 1, 1, 1, 1, 1, 1, 1, 1, 1, 1, 1, 1, 1, 1, 1, 1, 1, 1, 1, 1, 1, 1, 1, 1, 1, 1, 1, 1, 1, 1, 1, 1, 1, 1, 1, 1, 1, 1, 1, 1, 1, 1, 1, 1, 1, 1, 1, 1, 1, 1, 1, 1, 1, 1, 1, 1, 1]
459<=B[0].wtL<=2295
B[0].wtH=459, B[0].wtL=1341

--- LeeBKZ with beta=6, bkz with minimum_lee_wt_codeword (may be non-primitive) ---
[LEEbkz:MW_Codeword_LEE:0.1459202766418457 sec.]
[LEEbkz:MW_Codeword_LEE:0.07305383682250977 sec.]
[LEEbkz:MW_Codeword_LEE:0.14330410957336426 sec.]
[LEEbkz:MW_Codeword_LEE:0.0695030689239502 sec.]
[LEEbkz:MW_Codeword_LEE:0.14314723014831543 sec.]
[LEEbkz:MW_Codeword_LEE:0.06920337677001953 sec.]
[LEEbkz:MW_Codeword_LEE:0.0657649040222168 sec.]
[LEEbkz:MW_Codeword_LEE:0.14615869522094727 sec.]
[LEEbkz:MW_Codeword_LEE:0.06918621063232422 sec.]
[LEEbkz:MW_Codeword_LEE:0.06580281257629395 sec.]
[LEEbkz:MW_Codeword_LEE:0.06975531578063965 sec.]
[LEEbkz:MW_Codeword_LEE:0.14292287826538086 sec.]
[LEEbkz:MW_Codeword_LEE:0.06932401657104492 sec.]
[LEEbkz:MW_Codeword_LEE:0.14564037322998047 sec.]
[LEEbkz:MW_Codeword_LEE:0.06906366348266602 sec.]
[LEEbkz:MW_Codeword_LEE:0.06574130058288574 sec.]
[LEEbkz:MW_Codeword_LEE:0.1473984718322754 sec.]
[LEEbkz:MW_Codeword_LEE:0.07417106628417969 sec.]
[LEEbkz:MW_Codeword_LEE:0.19154620170593262 sec.]
[LEEbkz:MW_Codeword_LEE:0.07324481010437012 sec.]
[LEEbkz:MW_Codeword_LEE:0.06604862213134766 sec.]
[LEEbkz:MW_Codeword_LEE:0.14545583724975586 sec.]
[LEEbkz:MW_Codeword_LEE:0.07359194755554199 sec.]
[LEEbkz:MW_Codeword_LEE:0.06609916687011719 sec.]
[LEEbkz:MW_Codeword_LEE:0.06553912162780762 sec.]
[LEEbkz:MW_Codeword_LEE:0.14373350143432617 sec.]
[LEEbkz:MW_Codeword_LEE:0.0736229419708252 sec.]
[LEEbkz:MW_Codeword_LEE:0.06609654426574707 sec.]
[LEEbkz:MW_Codeword_LEE:0.06607532501220703 sec.]
[LEEbkz:MW_Codeword_LEE:0.14728283882141113 sec.]
[LEEbkz:MW_Codeword_LEE:0.0730888843536377 sec.]
[LEEbkz:MW_Codeword_LEE:0.14729595184326172 sec.]
[LEEbkz:MW_Codeword_LEE:0.07346320152282715 sec.]
[LEEbkz:MW_Codeword_LEE:0.06615996360778809 sec.]
[LEEbkz:MW_Codeword_LEE:0.14752531051635742 sec.]
[LEEbkz:MW_Codeword_LEE:0.07431483268737793 sec.]
[LEEbkz:MW_Codeword_LEE:0.06579709053039551 sec.]
[LEEbkz:MW_Codeword_LEE:0.065673828125 sec.]
[LEEbkz:MW_Codeword_LEE:0.14305686950683594 sec.]
[LEEbkz:MW_Codeword_LEE:0.07344698905944824 sec.]
[LEEbkz:MW_Codeword_LEE:0.06602334976196289 sec.]
[LEEbkz:MW_Codeword_LEE:0.06572937965393066 sec.]
[LEEbkz:MW_Codeword_LEE:0.06561422348022461 sec.]
[LEEbkz:MW_Codeword_LEE:0.1431262493133545 sec.]
[LEEbkz:MW_Codeword_LEE:0.07408761978149414 sec.]
[LEEbkz:MW_Codeword_LEE:0.06598234176635742 sec.]
[LEEbkz:MW_Codeword_LEE:0.06576752662658691 sec.]
[LEEbkz:MW_Codeword_LEE:0.06555843353271484 sec.]
[LEEbkz:MW_Codeword_LEE:0.0653676986694336 sec.]
[LEEbkz:MW_Codeword_LEE:0.14414334297180176 sec.]
[LEEbkz:MW_Codeword_LEE:0.07316112518310547 sec.]
[LEEbkz:MW_Codeword_LEE:0.06603074073791504 sec.]
[LEEbkz:MW_Codeword_LEE:0.06571793556213379 sec.]
[LEEbkz:MW_Codeword_LEE:0.06566381454467773 sec.]
[LEEbkz:MW_Codeword_LEE:0.06568241119384766 sec.]
[LEEbkz:MW_Codeword_LEE:0.07371020317077637 sec.]
[LEEbkz:MW_Codeword_LEE:0.06589007377624512 sec.]
[LEEbkz:MW_Codeword_LEE:0.06564760208129883 sec.]
[LEEbkz:MW_Codeword_LEE:0.06573700904846191 sec.]
[LEEbkz:MW_Codeword_LEE:0.06578755378723145 sec.]
[LEEbkz:MW_Codeword_LEE:0.06635856628417969 sec.]
[LEEbkz:MW_Codeword_LEE:0.06594443321228027 sec.]
[LEEbkz:MW_Codeword_LEE:0.06636452674865723 sec.]
Hamming profile after BKZ: [440, 63, 9, 2, 3, 1, 1, 1, 1, 1, 1, 1, 1, 1, 1, 1, 1, 1, 1, 1, 1, 1, 1, 1, 1, 1, 1, 1, 1, 1, 1, 1, 1, 1, 1, 1, 1, 1, 1, 1, 1, 1, 1, 1, 1, 1, 1, 1, 1, 1, 1, 1, 1, 1, 1, 1, 1, 1, 1, 1, 1, 1, 1, 1, 1, 1, 1, 1, 1, 1, 1, 1, 1, 1, 1, 1, 1, 1, 1, 1, 1, 1, 1, 1, 1, 1, 1, 1, 1, 1, 1, 1, 1, 1, 1, 1, 1, 1, 1, 1, 1, 1, 1, 1, 1, 1, 1, 1, 1, 1, 1, 1, 1, 1, 1, 1, 1, 1, 1, 1, 1, 1, 1, 1, 1, 1, 1, 1, 1, 1, 1, 1, 1, 1, 1, 1, 1, 1, 1, 1, 1, 1, 1, 1, 1, 1, 1, 1, 1, 1, 1, 1, 1, 1, 1, 1, 1, 1, 1, 1, 1, 1, 1, 1, 1, 1, 1, 1, 1, 1, 1, 1, 1, 1, 1, 1, 1, 1, 1, 1, 1, 1, 1, 1, 1, 1, 1, 1, 1, 1, 1, 1, 1, 1, 1, 1, 1, 1, 1, 1, 1, 1, 1, 1, 1, 1, 1, 1, 1, 1, 1, 1, 1, 1, 1, 1, 1, 1, 1, 1, 1, 1, 1, 1, 1, 1, 1, 1, 1, 1, 1, 1, 1, 1, 1, 1, 1, 1, 1, 1, 1, 1, 1, 1, 1, 1, 1, 1, 1, 1, 1, 1, 1, 1, 1, 1, 1, 1, 1, 1, 1, 1, 1, 1, 1, 1, 1, 1, 1, 1, 1, 1, 1, 1, 1, 1, 1, 1, 1, 1, 1, 1, 1, 1, 1, 1, 1, 1, 1, 1, 1, 1, 1, 1, 1, 1, 1, 1, 1, 1, 1, 1, 1, 1, 1, 1, 1, 1, 1, 1, 1, 1, 1, 1, 1, 1, 1, 1, 1, 1, 1, 1, 1, 1, 1, 1, 1, 1, 1, 1, 1, 1, 1, 1, 1, 1, 1, 1, 1, 1, 1, 1, 1, 1, 1, 1, 1, 1, 1, 1, 1, 1, 1, 1, 1, 1, 1, 1, 1, 1, 1, 1, 1, 1, 1, 1, 1, 1, 1, 1, 1, 1, 1, 1, 1, 1, 1, 1, 1, 1, 1, 1, 1, 1, 1, 1, 1, 1, 1, 1, 1, 1, 1, 1, 1, 1, 1, 1, 1, 1, 1, 1, 1, 1, 1, 1, 1, 1, 1, 1, 1, 1, 1, 1, 1, 1, 1, 1, 1, 1, 1, 1, 1, 1, 1, 1, 1, 1, 1, 1, 1, 1, 1, 1, 1, 1, 1, 1, 1, 1, 1, 1, 1, 1, 1, 1, 1, 1, 1, 1, 1, 1, 1, 1, 1, 1, 1, 1, 1, 1, 1, 1, 1, 1, 1, 1, 1, 1, 1, 1, 1, 1, 1, 1, 1, 1, 1, 1, 1, 1, 1, 1, 1, 1, 1, 1, 1, 1, 1, 1, 1, 1, 1, 1, 1, 1, 1, 1, 1, 1, 1, 1, 1, 1, 1, 1, 1, 1, 1, 1, 1, 1]
Lee profile after BKZ: [1224, 143, 17, 3, 3, 1, 1, 1, 1, 1, 1, 1, 1, 1, 1, 1, 1, 1, 1, 1, 1, 1, 1, 1, 1, 1, 1, 1, 1, 1, 1, 1, 1, 1, 1, 1, 1, 1, 1, 1, 1, 1, 1, 1, 1, 1, 1, 1, 1, 1, 1, 1, 1, 1, 1, 1, 1, 1, 1, 1, 1, 1, 1, 1, 1, 1, 1, 1, 1, 1, 1, 1, 1, 1, 1, 1, 1, 1, 1, 1, 1, 1, 1, 1, 1, 1, 1, 1, 1, 1, 1, 1, 1, 1, 1, 1, 1, 1, 1, 1, 1, 1, 1, 1, 1, 1, 1, 1, 1, 1, 1, 1, 1, 1, 1, 1, 1, 1, 1, 1, 1, 1, 1, 1, 1, 1, 1, 1, 1, 1, 1, 1, 1, 1, 1, 1, 1, 1, 1, 1, 1, 1, 1, 1, 1, 1, 1, 1, 1, 1, 1, 1, 1, 1, 1, 1, 1, 1, 1, 1, 1, 1, 1, 1, 1, 1, 1, 1, 1, 1, 1, 1, 1, 1, 1, 1, 1, 1, 1, 1, 1, 1, 1, 1, 1, 1, 1, 1, 1, 1, 1, 1, 1, 1, 1, 1, 1, 1, 1, 1, 1, 1, 1, 1, 1, 1, 1, 1, 1, 1, 1, 1, 1, 1, 1, 1, 1, 1, 1, 1, 1, 1, 1, 1, 1, 1, 1, 1, 1, 1, 1, 1, 1, 1, 1, 1, 1, 1, 1, 1, 1, 1, 1, 1, 1, 1, 1, 1, 1, 1, 1, 1, 1, 1, 1, 1, 1, 1, 1, 1, 1, 1, 1, 1, 1, 1, 1, 1, 1, 1, 1, 1, 1, 1, 1, 1, 1, 1, 1, 1, 1, 1, 1, 1, 1, 1, 1, 1, 1, 1, 1, 1, 1, 1, 1, 1, 1, 1, 1, 1, 1, 1, 1, 1, 1, 1, 1, 1, 1, 1, 1, 1, 1, 1, 1, 1, 1, 1, 1, 1, 1, 1, 1, 1, 1, 1, 1, 1, 1, 1, 1, 1, 1, 1, 1, 1, 1, 1, 1, 1, 1, 1, 1, 1, 1, 1, 1, 1, 1, 1, 1, 1, 1, 1, 1, 1, 1, 1, 1, 1, 1, 1, 1, 1, 1, 1, 1, 1, 1, 1, 1, 1, 1, 1, 1, 1, 1, 1, 1, 1, 1, 1, 1, 1, 1, 1, 1, 1, 1, 1, 1, 1, 1, 1, 1, 1, 1, 1, 1, 1, 1, 1, 1, 1, 1, 1, 1, 1, 1, 1, 1, 1, 1, 1, 1, 1, 1, 1, 1, 1, 1, 1, 1, 1, 1, 1, 1, 1, 1, 1, 1, 1, 1, 1, 1, 1, 1, 1, 1, 1, 1, 1, 1, 1, 1, 1, 1, 1, 1, 1, 1, 1, 1, 1, 1, 1, 1, 1, 1, 1, 1, 1, 1, 1, 1, 1, 1, 1, 1, 1, 1, 1, 1, 1, 1, 1, 1, 1, 1, 1, 1, 1, 1, 1, 1, 1, 1, 1, 1, 1, 1, 1, 1, 1, 1, 1, 1, 1, 1, 1, 1, 1, 1, 1, 1, 1, 1, 1, 1, 1, 1, 1]
440<=B_red[0].wtL<=2200
B_red[0].wtH=440, B_red[0].wtL=1224

Hamming profile: [463, 46, 6, 1, 1, 1, 1, 1, 1, 1, 1, 1, 1, 1, 1, 1, 1, 1, 1, 1, 1, 1, 1, 1, 1, 1, 1, 1, 1, 1, 1, 1, 1, 1, 1, 1, 1, 1, 1, 1, 1, 1, 1, 1, 1, 1, 1, 1, 1, 1, 1, 1, 1, 1, 1, 1, 1, 1, 1, 1, 1, 1, 1, 1, 1, 1, 1, 1, 1, 1, 1, 1, 1, 1, 1, 1, 1, 1, 1, 1, 1, 1, 1, 1, 1, 1, 1, 1, 1, 1, 1, 1, 1, 1, 1, 1, 1, 1, 1, 1, 1, 1, 1, 1, 1, 1, 1, 1, 1, 1, 1, 1, 1, 1, 1, 1, 1, 1, 1, 1, 1, 1, 1, 1, 1, 1, 1, 1, 1, 1, 1, 1, 1, 1, 1, 1, 1, 1, 1, 1, 1, 1, 1, 1, 1, 1, 1, 1, 1, 1, 1, 1, 1, 1, 1, 1, 1, 1, 1, 1, 1, 1, 1, 1, 1, 1, 1, 1, 1, 1, 1, 1, 1, 1, 1, 1, 1, 1, 1, 1, 1, 1, 1, 1, 1, 1, 1, 1, 1, 1, 1, 1, 1, 1, 1, 1, 1, 1, 1, 1, 1, 1, 1, 1, 1, 1, 1, 1, 1, 1, 1, 1, 1, 1, 1, 1, 1, 1, 1, 1, 1, 1, 1, 1, 1, 1, 1, 1, 1, 1, 1, 1, 1, 1, 1, 1, 1, 1, 1, 1, 1, 1, 1, 1, 1, 1, 1, 1, 1, 1, 1, 1, 1, 1, 1, 1, 1, 1, 1, 1, 1, 1, 1, 1, 1, 1, 1, 1, 1, 1, 1, 1, 1, 1, 1, 1, 1, 1, 1, 1, 1, 1, 1, 1, 1, 1, 1, 1, 1, 1, 1, 1, 1, 1, 1, 1, 1, 1, 1, 1, 1, 1, 1, 1, 1, 1, 1, 1, 1, 1, 1, 1, 1, 1, 1, 1, 1, 1, 1, 1, 1, 1, 1, 1, 1, 1, 1, 1, 1, 1, 1, 1, 1, 1, 1, 1, 1, 1, 1, 1, 1, 1, 1, 1, 1, 1, 1, 1, 1, 1, 1, 1, 1, 1, 1, 1, 1, 1, 1, 1, 1, 1, 1, 1, 1, 1, 1, 1, 1, 1, 1, 1, 1, 1, 1, 1, 1, 1, 1, 1, 1, 1, 1, 1, 1, 1, 1, 1, 1, 1, 1, 1, 1, 1, 1, 1, 1, 1, 1, 1, 1, 1, 1, 1, 1, 1, 1, 1, 1, 1, 1, 1, 1, 1, 1, 1, 1, 1, 1, 1, 1, 1, 1, 1, 1, 1, 1, 1, 1, 1, 1, 1, 1, 1, 1, 1, 1, 1, 1, 1, 1, 1, 1, 1, 1, 1, 1, 1, 1, 1, 1, 1, 1, 1, 1, 1, 1, 1, 1, 1, 1, 1, 1, 1, 1, 1, 1, 1, 1, 1, 1, 1, 1, 1, 1, 1, 1, 1, 1, 1, 1, 1, 1, 1, 1, 1, 1, 1, 1, 1, 1, 1, 1, 1, 1, 1, 1, 1, 1, 1, 1, 1, 1, 1, 1, 1, 1, 1, 1, 1, 1, 1]
Lee profile: [1402, 144, 19, 1, 1, 1, 1, 1, 1, 1, 1, 1, 1, 1, 1, 1, 1, 1, 1, 1, 1, 1, 1, 1, 1, 1, 1, 1, 1, 1, 1, 1, 1, 1, 1, 1, 1, 1, 1, 1, 1, 1, 1, 1, 1, 1, 1, 1, 1, 1, 1, 1, 1, 1, 1, 1, 1, 1, 1, 1, 1, 1, 1, 1, 1, 1, 1, 1, 1, 1, 1, 1, 1, 1, 1, 1, 1, 1, 1, 1, 1, 1, 1, 1, 1, 1, 1, 1, 1, 1, 1, 1, 1, 1, 1, 1, 1, 1, 1, 1, 1, 1, 1, 1, 1, 1, 1, 1, 1, 1, 1, 1, 1, 1, 1, 1, 1, 1, 1, 1, 1, 1, 1, 1, 1, 1, 1, 1, 1, 1, 1, 1, 1, 1, 1, 1, 1, 1, 1, 1, 1, 1, 1, 1, 1, 1, 1, 1, 1, 1, 1, 1, 1, 1, 1, 1, 1, 1, 1, 1, 1, 1, 1, 1, 1, 1, 1, 1, 1, 1, 1, 1, 1, 1, 1, 1, 1, 1, 1, 1, 1, 1, 1, 1, 1, 1, 1, 1, 1, 1, 1, 1, 1, 1, 1, 1, 1, 1, 1, 1, 1, 1, 1, 1, 1, 1, 1, 1, 1, 1, 1, 1, 1, 1, 1, 1, 1, 1, 1, 1, 1, 1, 1, 1, 1, 1, 1, 1, 1, 1, 1, 1, 1, 1, 1, 1, 1, 1, 1, 1, 1, 1, 1, 1, 1, 1, 1, 1, 1, 1, 1, 1, 1, 1, 1, 1, 1, 1, 1, 1, 1, 1, 1, 1, 1, 1, 1, 1, 1, 1, 1, 1, 1, 1, 1, 1, 1, 1, 1, 1, 1, 1, 1, 1, 1, 1, 1, 1, 1, 1, 1, 1, 1, 1, 1, 1, 1, 1, 1, 1, 1, 1, 1, 1, 1, 1, 1, 1, 1, 1, 1, 1, 1, 1, 1, 1, 1, 1, 1, 1, 1, 1, 1, 1, 1, 1, 1, 1, 1, 1, 1, 1, 1, 1, 1, 1, 1, 1, 1, 1, 1, 1, 1, 1, 1, 1, 1, 1, 1, 1, 1, 1, 1, 1, 1, 1, 1, 1, 1, 1, 1, 1, 1, 1, 1, 1, 1, 1, 1, 1, 1, 1, 1, 1, 1, 1, 1, 1, 1, 1, 1, 1, 1, 1, 1, 1, 1, 1, 1, 1, 1, 1, 1, 1, 1, 1, 1, 1, 1, 1, 1, 1, 1, 1, 1, 1, 1, 1, 1, 1, 1, 1, 1, 1, 1, 1, 1, 1, 1, 1, 1, 1, 1, 1, 1, 1, 1, 1, 1, 1, 1, 1, 1, 1, 1, 1, 1, 1, 1, 1, 1, 1, 1, 1, 1, 1, 1, 1, 1, 1, 1, 1, 1, 1, 1, 1, 1, 1, 1, 1, 1, 1, 1, 1, 1, 1, 1, 1, 1, 1, 1, 1, 1, 1, 1, 1, 1, 1, 1, 1, 1, 1, 1, 1, 1, 1, 1, 1, 1, 1, 1, 1, 1, 1, 1, 1, 1, 1, 1, 1, 1, 1, 1, 1, 1, 1, 1, 1, 1, 1, 1, 1]
463<=B[0].wtL<=2315
B[0].wtH=463, B[0].wtL=1402

--- LeeBKZ with beta=6, bkz with minimum_lee_wt_codeword (may be non-primitive) ---
[LEEbkz:MW_Codeword_LEE:0.14331507682800293 sec.]
[LEEbkz:MW_Codeword_LEE:0.07300066947937012 sec.]
[LEEbkz:MW_Codeword_LEE:0.14322257041931152 sec.]
[LEEbkz:MW_Codeword_LEE:0.06950902938842773 sec.]
[LEEbkz:MW_Codeword_LEE:0.14755797386169434 sec.]
[LEEbkz:MW_Codeword_LEE:0.06944465637207031 sec.]
[LEEbkz:MW_Codeword_LEE:0.14381861686706543 sec.]
[LEEbkz:MW_Codeword_LEE:0.06908679008483887 sec.]
[LEEbkz:MW_Codeword_LEE:0.06543636322021484 sec.]
[LEEbkz:MW_Codeword_LEE:0.14712023735046387 sec.]
[LEEbkz:MW_Codeword_LEE:0.06962776184082031 sec.]
[LEEbkz:MW_Codeword_LEE:0.06584286689758301 sec.]
[LEEbkz:MW_Codeword_LEE:0.06574463844299316 sec.]
[LEEbkz:MW_Codeword_LEE:0.14354252815246582 sec.]
[LEEbkz:MW_Codeword_LEE:0.06920599937438965 sec.]
[LEEbkz:MW_Codeword_LEE:0.06565499305725098 sec.]
[LEEbkz:MW_Codeword_LEE:0.06570839881896973 sec.]
[LEEbkz:MW_Codeword_LEE:0.06572651863098145 sec.]
[LEEbkz:MW_Codeword_LEE:0.1470203399658203 sec.]
[LEEbkz:MW_Codeword_LEE:0.06914186477661133 sec.]
[LEEbkz:MW_Codeword_LEE:0.14530038833618164 sec.]
[LEEbkz:MW_Codeword_LEE:0.06938409805297852 sec.]
[LEEbkz:MW_Codeword_LEE:0.06592202186584473 sec.]
[LEEbkz:MW_Codeword_LEE:0.14293193817138672 sec.]
[LEEbkz:MW_Codeword_LEE:0.06911921501159668 sec.]
[LEEbkz:MW_Codeword_LEE:0.06564998626708984 sec.]
[LEEbkz:MW_Codeword_LEE:0.06591320037841797 sec.]
[LEEbkz:MW_Codeword_LEE:0.1433870792388916 sec.]
[LEEbkz:MW_Codeword_LEE:0.06936073303222656 sec.]
[LEEbkz:MW_Codeword_LEE:0.06587100028991699 sec.]
[LEEbkz:MW_Codeword_LEE:0.06579160690307617 sec.]
[LEEbkz:MW_Codeword_LEE:0.06576657295227051 sec.]
[LEEbkz:MW_Codeword_LEE:0.14298701286315918 sec.]
[LEEbkz:MW_Codeword_LEE:0.06910562515258789 sec.]
[LEEbkz:MW_Codeword_LEE:0.06584739685058594 sec.]
[LEEbkz:MW_Codeword_LEE:0.06562113761901855 sec.]
[LEEbkz:MW_Codeword_LEE:0.06557035446166992 sec.]
[LEEbkz:MW_Codeword_LEE:0.06551480293273926 sec.]
[LEEbkz:MW_Codeword_LEE:0.14337682723999023 sec.]
[LEEbkz:MW_Codeword_LEE:0.06954622268676758 sec.]
[LEEbkz:MW_Codeword_LEE:0.06598424911499023 sec.]
[LEEbkz:MW_Codeword_LEE:0.06557011604309082 sec.]
[LEEbkz:MW_Codeword_LEE:0.0656435489654541 sec.]
[LEEbkz:MW_Codeword_LEE:0.06605362892150879 sec.]
[LEEbkz:MW_Codeword_LEE:0.06927251815795898 sec.]
[LEEbkz:MW_Codeword_LEE:0.06584453582763672 sec.]
[LEEbkz:MW_Codeword_LEE:0.06616806983947754 sec.]
[LEEbkz:MW_Codeword_LEE:0.06662607192993164 sec.]
[LEEbkz:MW_Codeword_LEE:0.0657963752746582 sec.]
[LEEbkz:MW_Codeword_LEE:0.06625223159790039 sec.]
[LEEbkz:MW_Codeword_LEE:0.06574440002441406 sec.]
[LEEbkz:MW_Codeword_LEE:0.06565570831298828 sec.]
Hamming profile after BKZ: [457, 49, 7, 2, 2, 1, 1, 1, 1, 1, 1, 1, 1, 1, 1, 1, 1, 1, 1, 1, 1, 1, 1, 1, 1, 1, 1, 1, 1, 1, 1, 1, 1, 1, 1, 1, 1, 1, 1, 1, 1, 1, 1, 1, 1, 1, 1, 1, 1, 1, 1, 1, 1, 1, 1, 1, 1, 1, 1, 1, 1, 1, 1, 1, 1, 1, 1, 1, 1, 1, 1, 1, 1, 1, 1, 1, 1, 1, 1, 1, 1, 1, 1, 1, 1, 1, 1, 1, 1, 1, 1, 1, 1, 1, 1, 1, 1, 1, 1, 1, 1, 1, 1, 1, 1, 1, 1, 1, 1, 1, 1, 1, 1, 1, 1, 1, 1, 1, 1, 1, 1, 1, 1, 1, 1, 1, 1, 1, 1, 1, 1, 1, 1, 1, 1, 1, 1, 1, 1, 1, 1, 1, 1, 1, 1, 1, 1, 1, 1, 1, 1, 1, 1, 1, 1, 1, 1, 1, 1, 1, 1, 1, 1, 1, 1, 1, 1, 1, 1, 1, 1, 1, 1, 1, 1, 1, 1, 1, 1, 1, 1, 1, 1, 1, 1, 1, 1, 1, 1, 1, 1, 1, 1, 1, 1, 1, 1, 1, 1, 1, 1, 1, 1, 1, 1, 1, 1, 1, 1, 1, 1, 1, 1, 1, 1, 1, 1, 1, 1, 1, 1, 1, 1, 1, 1, 1, 1, 1, 1, 1, 1, 1, 1, 1, 1, 1, 1, 1, 1, 1, 1, 1, 1, 1, 1, 1, 1, 1, 1, 1, 1, 1, 1, 1, 1, 1, 1, 1, 1, 1, 1, 1, 1, 1, 1, 1, 1, 1, 1, 1, 1, 1, 1, 1, 1, 1, 1, 1, 1, 1, 1, 1, 1, 1, 1, 1, 1, 1, 1, 1, 1, 1, 1, 1, 1, 1, 1, 1, 1, 1, 1, 1, 1, 1, 1, 1, 1, 1, 1, 1, 1, 1, 1, 1, 1, 1, 1, 1, 1, 1, 1, 1, 1, 1, 1, 1, 1, 1, 1, 1, 1, 1, 1, 1, 1, 1, 1, 1, 1, 1, 1, 1, 1, 1, 1, 1, 1, 1, 1, 1, 1, 1, 1, 1, 1, 1, 1, 1, 1, 1, 1, 1, 1, 1, 1, 1, 1, 1, 1, 1, 1, 1, 1, 1, 1, 1, 1, 1, 1, 1, 1, 1, 1, 1, 1, 1, 1, 1, 1, 1, 1, 1, 1, 1, 1, 1, 1, 1, 1, 1, 1, 1, 1, 1, 1, 1, 1, 1, 1, 1, 1, 1, 1, 1, 1, 1, 1, 1, 1, 1, 1, 1, 1, 1, 1, 1, 1, 1, 1, 1, 1, 1, 1, 1, 1, 1, 1, 1, 1, 1, 1, 1, 1, 1, 1, 1, 1, 1, 1, 1, 1, 1, 1, 1, 1, 1, 1, 1, 1, 1, 1, 1, 1, 1, 1, 1, 1, 1, 1, 1, 1, 1, 1, 1, 1, 1, 1, 1, 1, 1, 1, 1, 1, 1, 1, 1, 1, 1, 1, 1, 1, 1, 1, 1, 1, 1, 1, 1, 1, 1, 1, 1, 1, 1, 1, 1, 1, 1, 1, 1, 1, 1]
Lee profile after BKZ: [1222, 108, 10, 2, 2, 1, 1, 1, 1, 1, 1, 1, 1, 1, 1, 1, 1, 1, 1, 1, 1, 1, 1, 1, 1, 1, 1, 1, 1, 1, 1, 1, 1, 1, 1, 1, 1, 1, 1, 1, 1, 1, 1, 1, 1, 1, 1, 1, 1, 1, 1, 1, 1, 1, 1, 1, 1, 1, 1, 1, 1, 1, 1, 1, 1, 1, 1, 1, 1, 1, 1, 1, 1, 1, 1, 1, 1, 1, 1, 1, 1, 1, 1, 1, 1, 1, 1, 1, 1, 1, 1, 1, 1, 1, 1, 1, 1, 1, 1, 1, 1, 1, 1, 1, 1, 1, 1, 1, 1, 1, 1, 1, 1, 1, 1, 1, 1, 1, 1, 1, 1, 1, 1, 1, 1, 1, 1, 1, 1, 1, 1, 1, 1, 1, 1, 1, 1, 1, 1, 1, 1, 1, 1, 1, 1, 1, 1, 1, 1, 1, 1, 1, 1, 1, 1, 1, 1, 1, 1, 1, 1, 1, 1, 1, 1, 1, 1, 1, 1, 1, 1, 1, 1, 1, 1, 1, 1, 1, 1, 1, 1, 1, 1, 1, 1, 1, 1, 1, 1, 1, 1, 1, 1, 1, 1, 1, 1, 1, 1, 1, 1, 1, 1, 1, 1, 1, 1, 1, 1, 1, 1, 1, 1, 1, 1, 1, 1, 1, 1, 1, 1, 1, 1, 1, 1, 1, 1, 1, 1, 1, 1, 1, 1, 1, 1, 1, 1, 1, 1, 1, 1, 1, 1, 1, 1, 1, 1, 1, 1, 1, 1, 1, 1, 1, 1, 1, 1, 1, 1, 1, 1, 1, 1, 1, 1, 1, 1, 1, 1, 1, 1, 1, 1, 1, 1, 1, 1, 1, 1, 1, 1, 1, 1, 1, 1, 1, 1, 1, 1, 1, 1, 1, 1, 1, 1, 1, 1, 1, 1, 1, 1, 1, 1, 1, 1, 1, 1, 1, 1, 1, 1, 1, 1, 1, 1, 1, 1, 1, 1, 1, 1, 1, 1, 1, 1, 1, 1, 1, 1, 1, 1, 1, 1, 1, 1, 1, 1, 1, 1, 1, 1, 1, 1, 1, 1, 1, 1, 1, 1, 1, 1, 1, 1, 1, 1, 1, 1, 1, 1, 1, 1, 1, 1, 1, 1, 1, 1, 1, 1, 1, 1, 1, 1, 1, 1, 1, 1, 1, 1, 1, 1, 1, 1, 1, 1, 1, 1, 1, 1, 1, 1, 1, 1, 1, 1, 1, 1, 1, 1, 1, 1, 1, 1, 1, 1, 1, 1, 1, 1, 1, 1, 1, 1, 1, 1, 1, 1, 1, 1, 1, 1, 1, 1, 1, 1, 1, 1, 1, 1, 1, 1, 1, 1, 1, 1, 1, 1, 1, 1, 1, 1, 1, 1, 1, 1, 1, 1, 1, 1, 1, 1, 1, 1, 1, 1, 1, 1, 1, 1, 1, 1, 1, 1, 1, 1, 1, 1, 1, 1, 1, 1, 1, 1, 1, 1, 1, 1, 1, 1, 1, 1, 1, 1, 1, 1, 1, 1, 1, 1, 1, 1, 1, 1, 1, 1, 1, 1, 1, 1, 1, 1, 1, 1, 1, 1, 1, 1, 1, 1, 1, 1, 1]
457<=B_red[0].wtL<=2285
B_red[0].wtH=457, B_red[0].wtL=1222


****************************************************
******** STATISTICS OVER N=10 samples ********
****************************************************
Reduced 10 matrices of size 512x1024 over F11
Proper basis wtH[0]=465.4 wtL[0]=1390.1
Reduced basis wtH[0]=448.8 wtL[0]=1223.7
Reduced basis avg. k1=4.5
Avg.time=168.5250062942505
Avg.Mw_codeword.calls=100.4
