RANDOM_SEED=6

Hamming profile: [435, 67, 13, 1, 1, 1, 1, 1, 1, 1, 1, 1, 1, 1, 1, 1, 1, 1, 1, 1, 1, 1, 1, 1, 1, 1, 1, 1, 1, 1, 1, 1, 1, 1, 1, 1, 1, 1, 1, 1, 1, 1, 1, 1, 1, 1, 1, 1, 1, 1, 1, 1, 1, 1, 1, 1, 1, 1, 1, 1, 1, 1, 1, 1, 1, 1, 1, 1, 1, 1, 1, 1, 1, 1, 1, 1, 1, 1, 1, 1, 1, 1, 1, 1, 1, 1, 1, 1, 1, 1, 1, 1, 1, 1, 1, 1, 1, 1, 1, 1, 1, 1, 1, 1, 1, 1, 1, 1, 1, 1, 1, 1, 1, 1, 1, 1, 1, 1, 1, 1, 1, 1, 1, 1, 1, 1, 1, 1, 1, 1, 1, 1, 1, 1, 1, 1, 1, 1, 1, 1, 1, 1, 1, 1, 1, 1, 1, 1, 1, 1, 1, 1, 1, 1, 1, 1, 1, 1, 1, 1, 1, 1, 1, 1, 1, 1, 1, 1, 1, 1, 1, 1, 1, 1, 1, 1, 1, 1, 1, 1, 1, 1, 1, 1, 1, 1, 1, 1, 1, 1, 1, 1, 1, 1, 1, 1, 1, 1, 1, 1, 1, 1, 1, 1, 1, 1, 1, 1, 1, 1, 1, 1, 1, 1, 1, 1, 1, 1, 1, 1, 1, 1, 1, 1, 1, 1, 1, 1, 1, 1, 1, 1, 1, 1, 1, 1, 1, 1, 1, 1, 1, 1, 1, 1, 1, 1, 1, 1, 1, 1, 1, 1, 1, 1, 1, 1, 1, 1, 1, 1, 1, 1, 1, 1, 1, 1, 1, 1, 1, 1, 1, 1, 1, 1, 1, 1, 1, 1, 1, 1, 1, 1, 1, 1, 1, 1, 1, 1, 1, 1, 1, 1, 1, 1, 1, 1, 1, 1, 1, 1, 1, 1, 1, 1, 1, 1, 1, 1, 1, 1, 1, 1, 1, 1, 1, 1, 1, 1, 1, 1, 1, 1, 1, 1, 1, 1, 1, 1, 1, 1, 1, 1, 1, 1, 1, 1, 1, 1, 1, 1, 1, 1, 1, 1, 1, 1, 1, 1, 1, 1, 1, 1, 1, 1, 1, 1, 1, 1, 1, 1, 1, 1, 1, 1, 1, 1, 1, 1, 1, 1, 1, 1, 1, 1, 1, 1, 1, 1, 1, 1, 1, 1, 1, 1, 1, 1, 1, 1, 1, 1, 1, 1, 1, 1, 1, 1, 1, 1, 1, 1, 1, 1, 1, 1, 1, 1, 1, 1, 1, 1, 1, 1, 1, 1, 1, 1, 1, 1, 1, 1, 1, 1, 1, 1, 1, 1, 1, 1, 1, 1, 1, 1, 1, 1, 1, 1, 1, 1, 1, 1, 1, 1, 1, 1, 1, 1, 1, 1, 1, 1, 1, 1, 1, 1, 1, 1, 1, 1, 1, 1, 1, 1, 1, 1, 1, 1, 1, 1, 1, 1, 1, 1, 1, 1, 1, 1, 1, 1, 1, 1, 1, 1, 1, 1, 1, 1, 1, 1, 1, 1, 1, 1, 1, 1, 1, 1, 1, 1, 1, 1, 1, 1, 1, 1, 1, 1, 1, 1, 1, 1, 1, 1]
Lee profile: [861, 119, 21, 1, 1, 1, 1, 1, 1, 1, 1, 1, 1, 1, 1, 1, 1, 1, 1, 1, 1, 1, 1, 1, 1, 1, 1, 1, 1, 1, 1, 1, 1, 1, 1, 1, 1, 1, 1, 1, 1, 1, 1, 1, 1, 1, 1, 1, 1, 1, 1, 1, 1, 1, 1, 1, 1, 1, 1, 1, 1, 1, 1, 1, 1, 1, 1, 1, 1, 1, 1, 1, 1, 1, 1, 1, 1, 1, 1, 1, 1, 1, 1, 1, 1, 1, 1, 1, 1, 1, 1, 1, 1, 1, 1, 1, 1, 1, 1, 1, 1, 1, 1, 1, 1, 1, 1, 1, 1, 1, 1, 1, 1, 1, 1, 1, 1, 1, 1, 1, 1, 1, 1, 1, 1, 1, 1, 1, 1, 1, 1, 1, 1, 1, 1, 1, 1, 1, 1, 1, 1, 1, 1, 1, 1, 1, 1, 1, 1, 1, 1, 1, 1, 1, 1, 1, 1, 1, 1, 1, 1, 1, 1, 1, 1, 1, 1, 1, 1, 1, 1, 1, 1, 1, 1, 1, 1, 1, 1, 1, 1, 1, 1, 1, 1, 1, 1, 1, 1, 1, 1, 1, 1, 1, 1, 1, 1, 1, 1, 1, 1, 1, 1, 1, 1, 1, 1, 1, 1, 1, 1, 1, 1, 1, 1, 1, 1, 1, 1, 1, 1, 1, 1, 1, 1, 1, 1, 1, 1, 1, 1, 1, 1, 1, 1, 1, 1, 1, 1, 1, 1, 1, 1, 1, 1, 1, 1, 1, 1, 1, 1, 1, 1, 1, 1, 1, 1, 1, 1, 1, 1, 1, 1, 1, 1, 1, 1, 1, 1, 1, 1, 1, 1, 1, 1, 1, 1, 1, 1, 1, 1, 1, 1, 1, 1, 1, 1, 1, 1, 1, 1, 1, 1, 1, 1, 1, 1, 1, 1, 1, 1, 1, 1, 1, 1, 1, 1, 1, 1, 1, 1, 1, 1, 1, 1, 1, 1, 1, 1, 1, 1, 1, 1, 1, 1, 1, 1, 1, 1, 1, 1, 1, 1, 1, 1, 1, 1, 1, 1, 1, 1, 1, 1, 1, 1, 1, 1, 1, 1, 1, 1, 1, 1, 1, 1, 1, 1, 1, 1, 1, 1, 1, 1, 1, 1, 1, 1, 1, 1, 1, 1, 1, 1, 1, 1, 1, 1, 1, 1, 1, 1, 1, 1, 1, 1, 1, 1, 1, 1, 1, 1, 1, 1, 1, 1, 1, 1, 1, 1, 1, 1, 1, 1, 1, 1, 1, 1, 1, 1, 1, 1, 1, 1, 1, 1, 1, 1, 1, 1, 1, 1, 1, 1, 1, 1, 1, 1, 1, 1, 1, 1, 1, 1, 1, 1, 1, 1, 1, 1, 1, 1, 1, 1, 1, 1, 1, 1, 1, 1, 1, 1, 1, 1, 1, 1, 1, 1, 1, 1, 1, 1, 1, 1, 1, 1, 1, 1, 1, 1, 1, 1, 1, 1, 1, 1, 1, 1, 1, 1, 1, 1, 1, 1, 1, 1, 1, 1, 1, 1, 1, 1, 1, 1, 1, 1, 1, 1, 1, 1, 1, 1, 1, 1, 1, 1, 1, 1, 1, 1, 1, 1, 1]
435<=B[0].wtL<=1305
B[0].wtH=435, B[0].wtL=861

--- LeeBKZ with beta=5, bkz with minimum_lee_wt_codeword (may be non-primitive) ---
[LEEbkz:MW_Codeword_LEE:0.031121492385864258 sec.]
[LEEbkz:MW_Codeword_LEE:0.019588470458984375 sec.]
[LEEbkz:MW_Codeword_LEE:0.027156829833984375 sec.]
[LEEbkz:MW_Codeword_LEE:0.019093990325927734 sec.]
[LEEbkz:MW_Codeword_LEE:0.01760077476501465 sec.]
[LEEbkz:MW_Codeword_LEE:0.026508092880249023 sec.]
[LEEbkz:MW_Codeword_LEE:0.019613027572631836 sec.]
[LEEbkz:MW_Codeword_LEE:0.026613473892211914 sec.]
[LEEbkz:MW_Codeword_LEE:0.019091129302978516 sec.]
[LEEbkz:MW_Codeword_LEE:0.017397642135620117 sec.]
[LEEbkz:MW_Codeword_LEE:0.027574777603149414 sec.]
[LEEbkz:MW_Codeword_LEE:0.019211530685424805 sec.]
[LEEbkz:MW_Codeword_LEE:0.017045974731445312 sec.]
[LEEbkz:MW_Codeword_LEE:0.01710343360900879 sec.]
[LEEbkz:MW_Codeword_LEE:0.02657628059387207 sec.]
[LEEbkz:MW_Codeword_LEE:0.01918649673461914 sec.]
[LEEbkz:MW_Codeword_LEE:0.017348527908325195 sec.]
[LEEbkz:MW_Codeword_LEE:0.01696491241455078 sec.]
[LEEbkz:MW_Codeword_LEE:0.016817808151245117 sec.]
[LEEbkz:MW_Codeword_LEE:0.026564359664916992 sec.]
[LEEbkz:MW_Codeword_LEE:0.019391536712646484 sec.]
[LEEbkz:MW_Codeword_LEE:0.02628040313720703 sec.]
[LEEbkz:MW_Codeword_LEE:0.018705368041992188 sec.]
[LEEbkz:MW_Codeword_LEE:0.017401456832885742 sec.]
[LEEbkz:MW_Codeword_LEE:0.026237010955810547 sec.]
[LEEbkz:MW_Codeword_LEE:0.019573688507080078 sec.]
[LEEbkz:MW_Codeword_LEE:0.017316341400146484 sec.]
[LEEbkz:MW_Codeword_LEE:0.017061710357666016 sec.]
[LEEbkz:MW_Codeword_LEE:0.025994062423706055 sec.]
[LEEbkz:MW_Codeword_LEE:0.019283294677734375 sec.]
[LEEbkz:MW_Codeword_LEE:0.01730823516845703 sec.]
[LEEbkz:MW_Codeword_LEE:0.017249584197998047 sec.]
[LEEbkz:MW_Codeword_LEE:0.016818523406982422 sec.]
[LEEbkz:MW_Codeword_LEE:0.026406049728393555 sec.]
[LEEbkz:MW_Codeword_LEE:0.01927971839904785 sec.]
[LEEbkz:MW_Codeword_LEE:0.017469167709350586 sec.]
[LEEbkz:MW_Codeword_LEE:0.017145872116088867 sec.]
[LEEbkz:MW_Codeword_LEE:0.016933202743530273 sec.]
[LEEbkz:MW_Codeword_LEE:0.016885042190551758 sec.]
[LEEbkz:MW_Codeword_LEE:0.019141435623168945 sec.]
[LEEbkz:MW_Codeword_LEE:0.027326107025146484 sec.]
[LEEbkz:MW_Codeword_LEE:0.01891779899597168 sec.]
[LEEbkz:MW_Codeword_LEE:0.017645835876464844 sec.]
[LEEbkz:MW_Codeword_LEE:0.026340961456298828 sec.]
[LEEbkz:MW_Codeword_LEE:0.019069433212280273 sec.]
[LEEbkz:MW_Codeword_LEE:0.017503738403320312 sec.]
[LEEbkz:MW_Codeword_LEE:0.017338991165161133 sec.]
[LEEbkz:MW_Codeword_LEE:0.03086709976196289 sec.]
[LEEbkz:MW_Codeword_LEE:0.019112110137939453 sec.]
[LEEbkz:MW_Codeword_LEE:0.0176088809967041 sec.]
[LEEbkz:MW_Codeword_LEE:0.016967296600341797 sec.]
[LEEbkz:MW_Codeword_LEE:0.017111778259277344 sec.]
[LEEbkz:MW_Codeword_LEE:0.026879310607910156 sec.]
[LEEbkz:MW_Codeword_LEE:0.018775224685668945 sec.]
[LEEbkz:MW_Codeword_LEE:0.01741337776184082 sec.]
[LEEbkz:MW_Codeword_LEE:0.016931533813476562 sec.]
[LEEbkz:MW_Codeword_LEE:0.01701068878173828 sec.]
[LEEbkz:MW_Codeword_LEE:0.017050504684448242 sec.]
[LEEbkz:MW_Codeword_LEE:0.019486427307128906 sec.]
[LEEbkz:MW_Codeword_LEE:0.020766019821166992 sec.]
[LEEbkz:MW_Codeword_LEE:0.017275094985961914 sec.]
[LEEbkz:MW_Codeword_LEE:0.017076730728149414 sec.]
[LEEbkz:MW_Codeword_LEE:0.01708364486694336 sec.]
[LEEbkz:MW_Codeword_LEE:0.018102645874023438 sec.]
[LEEbkz:MW_Codeword_LEE:0.017673969268798828 sec.]
[LEEbkz:MW_Codeword_LEE:0.01767730712890625 sec.]
[LEEbkz:MW_Codeword_LEE:0.01729726791381836 sec.]
[LEEbkz:MW_Codeword_LEE:0.01676034927368164 sec.]
[LEEbkz:MW_Codeword_LEE:0.017346858978271484 sec.]
[LEEbkz:MW_Codeword_LEE:0.016973018646240234 sec.]
[LEEbkz:MW_Codeword_LEE:0.017917156219482422 sec.]
[LEEbkz:MW_Codeword_LEE:0.017262935638427734 sec.]
[LEEbkz:MW_Codeword_LEE:0.01728963851928711 sec.]
[LEEbkz:MW_Codeword_LEE:0.017478227615356445 sec.]
[LEEbkz:MW_Codeword_LEE:0.017201662063598633 sec.]
[LEEbkz:MW_Codeword_LEE:0.01874399185180664 sec.]
Hamming profile after BKZ: [418, 71, 17, 8, 2, 1, 2, 1, 1, 1, 1, 1, 1, 1, 1, 1, 1, 1, 1, 1, 1, 1, 1, 1, 1, 1, 1, 1, 1, 1, 1, 1, 1, 1, 1, 1, 1, 1, 1, 1, 1, 1, 1, 1, 1, 1, 1, 1, 1, 1, 1, 1, 1, 1, 1, 1, 1, 1, 1, 1, 1, 1, 1, 1, 1, 1, 1, 1, 1, 1, 1, 1, 1, 1, 1, 1, 1, 1, 1, 1, 1, 1, 1, 1, 1, 1, 1, 1, 1, 1, 1, 1, 1, 1, 1, 1, 1, 1, 1, 1, 1, 1, 1, 1, 1, 1, 1, 1, 1, 1, 1, 1, 1, 1, 1, 1, 1, 1, 1, 1, 1, 1, 1, 1, 1, 1, 1, 1, 1, 1, 1, 1, 1, 1, 1, 1, 1, 1, 1, 1, 1, 1, 1, 1, 1, 1, 1, 1, 1, 1, 1, 1, 1, 1, 1, 1, 1, 1, 1, 1, 1, 1, 1, 1, 1, 1, 1, 1, 1, 1, 1, 1, 1, 1, 1, 1, 1, 1, 1, 1, 1, 1, 1, 1, 1, 1, 1, 1, 1, 1, 1, 1, 1, 1, 1, 1, 1, 1, 1, 1, 1, 1, 1, 1, 1, 1, 1, 1, 1, 1, 1, 1, 1, 1, 1, 1, 1, 1, 1, 1, 1, 1, 1, 1, 1, 1, 1, 1, 1, 1, 1, 1, 1, 1, 1, 1, 1, 1, 1, 1, 1, 1, 1, 1, 1, 1, 1, 1, 1, 1, 1, 1, 1, 1, 1, 1, 1, 1, 1, 1, 1, 1, 1, 1, 1, 1, 1, 1, 1, 1, 1, 1, 1, 1, 1, 1, 1, 1, 1, 1, 1, 1, 1, 1, 1, 1, 1, 1, 1, 1, 1, 1, 1, 1, 1, 1, 1, 1, 1, 1, 1, 1, 1, 1, 1, 1, 1, 1, 1, 1, 1, 1, 1, 1, 1, 1, 1, 1, 1, 1, 1, 1, 1, 1, 1, 1, 1, 1, 1, 1, 1, 1, 1, 1, 1, 1, 1, 1, 1, 1, 1, 1, 1, 1, 1, 1, 1, 1, 1, 1, 1, 1, 1, 1, 1, 1, 1, 1, 1, 1, 1, 1, 1, 1, 1, 1, 1, 1, 1, 1, 1, 1, 1, 1, 1, 1, 1, 1, 1, 1, 1, 1, 1, 1, 1, 1, 1, 1, 1, 1, 1, 1, 1, 1, 1, 1, 1, 1, 1, 1, 1, 1, 1, 1, 1, 1, 1, 1, 1, 1, 1, 1, 1, 1, 1, 1, 1, 1, 1, 1, 1, 1, 1, 1, 1, 1, 1, 1, 1, 1, 1, 1, 1, 1, 1, 1, 1, 1, 1, 1, 1, 1, 1, 1, 1, 1, 1, 1, 1, 1, 1, 1, 1, 1, 1, 1, 1, 1, 1, 1, 1, 1, 1, 1, 1, 1, 1, 1, 1, 1, 1, 1, 1, 1, 1, 1, 1, 1, 1, 1, 1, 1, 1, 1, 1, 1, 1, 1, 1, 1, 1, 1, 1, 1, 1, 1, 1, 1, 1, 1, 1, 1, 1, 1, 1, 1, 1, 1, 1, 1, 1, 1]
Lee profile after BKZ: [784, 131, 31, 11, 2, 1, 2, 1, 1, 1, 1, 1, 1, 1, 1, 1, 1, 1, 1, 1, 1, 1, 1, 1, 1, 1, 1, 1, 1, 1, 1, 1, 1, 1, 1, 1, 1, 1, 1, 1, 1, 1, 1, 1, 1, 1, 1, 1, 1, 1, 1, 1, 1, 1, 1, 1, 1, 1, 1, 1, 1, 1, 1, 1, 1, 1, 1, 1, 1, 1, 1, 1, 1, 1, 1, 1, 1, 1, 1, 1, 1, 1, 1, 1, 1, 1, 1, 1, 1, 1, 1, 1, 1, 1, 1, 1, 1, 1, 1, 1, 1, 1, 1, 1, 1, 1, 1, 1, 1, 1, 1, 1, 1, 1, 1, 1, 1, 1, 1, 1, 1, 1, 1, 1, 1, 1, 1, 1, 1, 1, 1, 1, 1, 1, 1, 1, 1, 1, 1, 1, 1, 1, 1, 1, 1, 1, 1, 1, 1, 1, 1, 1, 1, 1, 1, 1, 1, 1, 1, 1, 1, 1, 1, 1, 1, 1, 1, 1, 1, 1, 1, 1, 1, 1, 1, 1, 1, 1, 1, 1, 1, 1, 1, 1, 1, 1, 1, 1, 1, 1, 1, 1, 1, 1, 1, 1, 1, 1, 1, 1, 1, 1, 1, 1, 1, 1, 1, 1, 1, 1, 1, 1, 1, 1, 1, 1, 1, 1, 1, 1, 1, 1, 1, 1, 1, 1, 1, 1, 1, 1, 1, 1, 1, 1, 1, 1, 1, 1, 1, 1, 1, 1, 1, 1, 1, 1, 1, 1, 1, 1, 1, 1, 1, 1, 1, 1, 1, 1, 1, 1, 1, 1, 1, 1, 1, 1, 1, 1, 1, 1, 1, 1, 1, 1, 1, 1, 1, 1, 1, 1, 1, 1, 1, 1, 1, 1, 1, 1, 1, 1, 1, 1, 1, 1, 1, 1, 1, 1, 1, 1, 1, 1, 1, 1, 1, 1, 1, 1, 1, 1, 1, 1, 1, 1, 1, 1, 1, 1, 1, 1, 1, 1, 1, 1, 1, 1, 1, 1, 1, 1, 1, 1, 1, 1, 1, 1, 1, 1, 1, 1, 1, 1, 1, 1, 1, 1, 1, 1, 1, 1, 1, 1, 1, 1, 1, 1, 1, 1, 1, 1, 1, 1, 1, 1, 1, 1, 1, 1, 1, 1, 1, 1, 1, 1, 1, 1, 1, 1, 1, 1, 1, 1, 1, 1, 1, 1, 1, 1, 1, 1, 1, 1, 1, 1, 1, 1, 1, 1, 1, 1, 1, 1, 1, 1, 1, 1, 1, 1, 1, 1, 1, 1, 1, 1, 1, 1, 1, 1, 1, 1, 1, 1, 1, 1, 1, 1, 1, 1, 1, 1, 1, 1, 1, 1, 1, 1, 1, 1, 1, 1, 1, 1, 1, 1, 1, 1, 1, 1, 1, 1, 1, 1, 1, 1, 1, 1, 1, 1, 1, 1, 1, 1, 1, 1, 1, 1, 1, 1, 1, 1, 1, 1, 1, 1, 1, 1, 1, 1, 1, 1, 1, 1, 1, 1, 1, 1, 1, 1, 1, 1, 1, 1, 1, 1, 1, 1, 1, 1, 1, 1, 1, 1, 1, 1, 1, 1, 1, 1, 1, 1, 1, 1]
418<=B_red[0].wtL<=1254
B_red[0].wtH=418, B_red[0].wtL=784

Hamming profile: [436, 69, 9, 1, 2, 1, 1, 1, 1, 1, 1, 1, 1, 1, 1, 1, 1, 1, 1, 1, 1, 1, 1, 1, 1, 1, 1, 1, 1, 1, 1, 1, 1, 1, 1, 1, 1, 1, 1, 1, 1, 1, 1, 1, 1, 1, 1, 1, 1, 1, 1, 1, 1, 1, 1, 1, 1, 1, 1, 1, 1, 1, 1, 1, 1, 1, 1, 1, 1, 1, 1, 1, 1, 1, 1, 1, 1, 1, 1, 1, 1, 1, 1, 1, 1, 1, 1, 1, 1, 1, 1, 1, 1, 1, 1, 1, 1, 1, 1, 1, 1, 1, 1, 1, 1, 1, 1, 1, 1, 1, 1, 1, 1, 1, 1, 1, 1, 1, 1, 1, 1, 1, 1, 1, 1, 1, 1, 1, 1, 1, 1, 1, 1, 1, 1, 1, 1, 1, 1, 1, 1, 1, 1, 1, 1, 1, 1, 1, 1, 1, 1, 1, 1, 1, 1, 1, 1, 1, 1, 1, 1, 1, 1, 1, 1, 1, 1, 1, 1, 1, 1, 1, 1, 1, 1, 1, 1, 1, 1, 1, 1, 1, 1, 1, 1, 1, 1, 1, 1, 1, 1, 1, 1, 1, 1, 1, 1, 1, 1, 1, 1, 1, 1, 1, 1, 1, 1, 1, 1, 1, 1, 1, 1, 1, 1, 1, 1, 1, 1, 1, 1, 1, 1, 1, 1, 1, 1, 1, 1, 1, 1, 1, 1, 1, 1, 1, 1, 1, 1, 1, 1, 1, 1, 1, 1, 1, 1, 1, 1, 1, 1, 1, 1, 1, 1, 1, 1, 1, 1, 1, 1, 1, 1, 1, 1, 1, 1, 1, 1, 1, 1, 1, 1, 1, 1, 1, 1, 1, 1, 1, 1, 1, 1, 1, 1, 1, 1, 1, 1, 1, 1, 1, 1, 1, 1, 1, 1, 1, 1, 1, 1, 1, 1, 1, 1, 1, 1, 1, 1, 1, 1, 1, 1, 1, 1, 1, 1, 1, 1, 1, 1, 1, 1, 1, 1, 1, 1, 1, 1, 1, 1, 1, 1, 1, 1, 1, 1, 1, 1, 1, 1, 1, 1, 1, 1, 1, 1, 1, 1, 1, 1, 1, 1, 1, 1, 1, 1, 1, 1, 1, 1, 1, 1, 1, 1, 1, 1, 1, 1, 1, 1, 1, 1, 1, 1, 1, 1, 1, 1, 1, 1, 1, 1, 1, 1, 1, 1, 1, 1, 1, 1, 1, 1, 1, 1, 1, 1, 1, 1, 1, 1, 1, 1, 1, 1, 1, 1, 1, 1, 1, 1, 1, 1, 1, 1, 1, 1, 1, 1, 1, 1, 1, 1, 1, 1, 1, 1, 1, 1, 1, 1, 1, 1, 1, 1, 1, 1, 1, 1, 1, 1, 1, 1, 1, 1, 1, 1, 1, 1, 1, 1, 1, 1, 1, 1, 1, 1, 1, 1, 1, 1, 1, 1, 1, 1, 1, 1, 1, 1, 1, 1, 1, 1, 1, 1, 1, 1, 1, 1, 1, 1, 1, 1, 1, 1, 1, 1, 1, 1, 1, 1, 1, 1, 1, 1, 1, 1, 1, 1, 1, 1, 1, 1, 1, 1, 1, 1, 1, 1, 1, 1, 1]
Lee profile: [862, 128, 16, 1, 3, 1, 1, 1, 1, 1, 1, 1, 1, 1, 1, 1, 1, 1, 1, 1, 1, 1, 1, 1, 1, 1, 1, 1, 1, 1, 1, 1, 1, 1, 1, 1, 1, 1, 1, 1, 1, 1, 1, 1, 1, 1, 1, 1, 1, 1, 1, 1, 1, 1, 1, 1, 1, 1, 1, 1, 1, 1, 1, 1, 1, 1, 1, 1, 1, 1, 1, 1, 1, 1, 1, 1, 1, 1, 1, 1, 1, 1, 1, 1, 1, 1, 1, 1, 1, 1, 1, 1, 1, 1, 1, 1, 1, 1, 1, 1, 1, 1, 1, 1, 1, 1, 1, 1, 1, 1, 1, 1, 1, 1, 1, 1, 1, 1, 1, 1, 1, 1, 1, 1, 1, 1, 1, 1, 1, 1, 1, 1, 1, 1, 1, 1, 1, 1, 1, 1, 1, 1, 1, 1, 1, 1, 1, 1, 1, 1, 1, 1, 1, 1, 1, 1, 1, 1, 1, 1, 1, 1, 1, 1, 1, 1, 1, 1, 1, 1, 1, 1, 1, 1, 1, 1, 1, 1, 1, 1, 1, 1, 1, 1, 1, 1, 1, 1, 1, 1, 1, 1, 1, 1, 1, 1, 1, 1, 1, 1, 1, 1, 1, 1, 1, 1, 1, 1, 1, 1, 1, 1, 1, 1, 1, 1, 1, 1, 1, 1, 1, 1, 1, 1, 1, 1, 1, 1, 1, 1, 1, 1, 1, 1, 1, 1, 1, 1, 1, 1, 1, 1, 1, 1, 1, 1, 1, 1, 1, 1, 1, 1, 1, 1, 1, 1, 1, 1, 1, 1, 1, 1, 1, 1, 1, 1, 1, 1, 1, 1, 1, 1, 1, 1, 1, 1, 1, 1, 1, 1, 1, 1, 1, 1, 1, 1, 1, 1, 1, 1, 1, 1, 1, 1, 1, 1, 1, 1, 1, 1, 1, 1, 1, 1, 1, 1, 1, 1, 1, 1, 1, 1, 1, 1, 1, 1, 1, 1, 1, 1, 1, 1, 1, 1, 1, 1, 1, 1, 1, 1, 1, 1, 1, 1, 1, 1, 1, 1, 1, 1, 1, 1, 1, 1, 1, 1, 1, 1, 1, 1, 1, 1, 1, 1, 1, 1, 1, 1, 1, 1, 1, 1, 1, 1, 1, 1, 1, 1, 1, 1, 1, 1, 1, 1, 1, 1, 1, 1, 1, 1, 1, 1, 1, 1, 1, 1, 1, 1, 1, 1, 1, 1, 1, 1, 1, 1, 1, 1, 1, 1, 1, 1, 1, 1, 1, 1, 1, 1, 1, 1, 1, 1, 1, 1, 1, 1, 1, 1, 1, 1, 1, 1, 1, 1, 1, 1, 1, 1, 1, 1, 1, 1, 1, 1, 1, 1, 1, 1, 1, 1, 1, 1, 1, 1, 1, 1, 1, 1, 1, 1, 1, 1, 1, 1, 1, 1, 1, 1, 1, 1, 1, 1, 1, 1, 1, 1, 1, 1, 1, 1, 1, 1, 1, 1, 1, 1, 1, 1, 1, 1, 1, 1, 1, 1, 1, 1, 1, 1, 1, 1, 1, 1, 1, 1, 1, 1, 1, 1, 1, 1, 1, 1, 1, 1, 1, 1, 1, 1, 1, 1, 1, 1]
436<=B[0].wtL<=1308
B[0].wtH=436, B[0].wtL=862

--- LeeBKZ with beta=5, bkz with minimum_lee_wt_codeword (may be non-primitive) ---
[LEEbkz:MW_Codeword_LEE:0.02809929847717285 sec.]
[LEEbkz:MW_Codeword_LEE:0.021628141403198242 sec.]
[LEEbkz:MW_Codeword_LEE:0.027279138565063477 sec.]
[LEEbkz:MW_Codeword_LEE:0.020827293395996094 sec.]
[LEEbkz:MW_Codeword_LEE:0.01824355125427246 sec.]
[LEEbkz:MW_Codeword_LEE:0.02736806869506836 sec.]
[LEEbkz:MW_Codeword_LEE:0.01933145523071289 sec.]
[LEEbkz:MW_Codeword_LEE:0.02703237533569336 sec.]
[LEEbkz:MW_Codeword_LEE:0.020716190338134766 sec.]
[LEEbkz:MW_Codeword_LEE:0.017848968505859375 sec.]
[LEEbkz:MW_Codeword_LEE:0.026534557342529297 sec.]
[LEEbkz:MW_Codeword_LEE:0.019017457962036133 sec.]
[LEEbkz:MW_Codeword_LEE:0.026865720748901367 sec.]
[LEEbkz:MW_Codeword_LEE:0.019754648208618164 sec.]
[LEEbkz:MW_Codeword_LEE:0.026360273361206055 sec.]
[LEEbkz:MW_Codeword_LEE:0.01942610740661621 sec.]
[LEEbkz:MW_Codeword_LEE:0.017598628997802734 sec.]
[LEEbkz:MW_Codeword_LEE:0.0270535945892334 sec.]
[LEEbkz:MW_Codeword_LEE:0.01978588104248047 sec.]
[LEEbkz:MW_Codeword_LEE:0.01781177520751953 sec.]
[LEEbkz:MW_Codeword_LEE:0.01709914207458496 sec.]
[LEEbkz:MW_Codeword_LEE:0.026461362838745117 sec.]
[LEEbkz:MW_Codeword_LEE:0.019733428955078125 sec.]
[LEEbkz:MW_Codeword_LEE:0.026063919067382812 sec.]
[LEEbkz:MW_Codeword_LEE:0.019176244735717773 sec.]
[LEEbkz:MW_Codeword_LEE:0.017507076263427734 sec.]
[LEEbkz:MW_Codeword_LEE:0.02696537971496582 sec.]
[LEEbkz:MW_Codeword_LEE:0.01888871192932129 sec.]
[LEEbkz:MW_Codeword_LEE:0.017329692840576172 sec.]
[LEEbkz:MW_Codeword_LEE:0.017116308212280273 sec.]
[LEEbkz:MW_Codeword_LEE:0.026385068893432617 sec.]
[LEEbkz:MW_Codeword_LEE:0.019083499908447266 sec.]
[LEEbkz:MW_Codeword_LEE:0.0264127254486084 sec.]
[LEEbkz:MW_Codeword_LEE:0.01901698112487793 sec.]
[LEEbkz:MW_Codeword_LEE:0.017751455307006836 sec.]
[LEEbkz:MW_Codeword_LEE:0.026247262954711914 sec.]
[LEEbkz:MW_Codeword_LEE:0.019237756729125977 sec.]
[LEEbkz:MW_Codeword_LEE:0.01771068572998047 sec.]
[LEEbkz:MW_Codeword_LEE:0.017238378524780273 sec.]
[LEEbkz:MW_Codeword_LEE:0.026116132736206055 sec.]
[LEEbkz:MW_Codeword_LEE:0.01869821548461914 sec.]
[LEEbkz:MW_Codeword_LEE:0.017086505889892578 sec.]
[LEEbkz:MW_Codeword_LEE:0.017108440399169922 sec.]
[LEEbkz:MW_Codeword_LEE:0.017169952392578125 sec.]
[LEEbkz:MW_Codeword_LEE:0.0266876220703125 sec.]
[LEEbkz:MW_Codeword_LEE:0.019303321838378906 sec.]
[LEEbkz:MW_Codeword_LEE:0.01755690574645996 sec.]
[LEEbkz:MW_Codeword_LEE:0.0173647403717041 sec.]
[LEEbkz:MW_Codeword_LEE:0.017161130905151367 sec.]
[LEEbkz:MW_Codeword_LEE:0.017061710357666016 sec.]
[LEEbkz:MW_Codeword_LEE:0.019616127014160156 sec.]
[LEEbkz:MW_Codeword_LEE:0.017671585083007812 sec.]
[LEEbkz:MW_Codeword_LEE:0.017410993576049805 sec.]
[LEEbkz:MW_Codeword_LEE:0.017237424850463867 sec.]
[LEEbkz:MW_Codeword_LEE:0.01733851432800293 sec.]
[LEEbkz:MW_Codeword_LEE:0.017958402633666992 sec.]
[LEEbkz:MW_Codeword_LEE:0.017129898071289062 sec.]
[LEEbkz:MW_Codeword_LEE:0.017212390899658203 sec.]
[LEEbkz:MW_Codeword_LEE:0.017472267150878906 sec.]
[LEEbkz:MW_Codeword_LEE:0.01700448989868164 sec.]
[LEEbkz:MW_Codeword_LEE:0.01771068572998047 sec.]
[LEEbkz:MW_Codeword_LEE:0.01741170883178711 sec.]
[LEEbkz:MW_Codeword_LEE:0.01742386817932129 sec.]
Hamming profile after BKZ: [423, 74, 12, 5, 2, 1, 2, 1, 1, 1, 1, 1, 1, 1, 1, 1, 1, 1, 1, 1, 1, 1, 1, 1, 1, 1, 1, 1, 1, 1, 1, 1, 1, 1, 1, 1, 1, 1, 1, 1, 1, 1, 1, 1, 1, 1, 1, 1, 1, 1, 1, 1, 1, 1, 1, 1, 1, 1, 1, 1, 1, 1, 1, 1, 1, 1, 1, 1, 1, 1, 1, 1, 1, 1, 1, 1, 1, 1, 1, 1, 1, 1, 1, 1, 1, 1, 1, 1, 1, 1, 1, 1, 1, 1, 1, 1, 1, 1, 1, 1, 1, 1, 1, 1, 1, 1, 1, 1, 1, 1, 1, 1, 1, 1, 1, 1, 1, 1, 1, 1, 1, 1, 1, 1, 1, 1, 1, 1, 1, 1, 1, 1, 1, 1, 1, 1, 1, 1, 1, 1, 1, 1, 1, 1, 1, 1, 1, 1, 1, 1, 1, 1, 1, 1, 1, 1, 1, 1, 1, 1, 1, 1, 1, 1, 1, 1, 1, 1, 1, 1, 1, 1, 1, 1, 1, 1, 1, 1, 1, 1, 1, 1, 1, 1, 1, 1, 1, 1, 1, 1, 1, 1, 1, 1, 1, 1, 1, 1, 1, 1, 1, 1, 1, 1, 1, 1, 1, 1, 1, 1, 1, 1, 1, 1, 1, 1, 1, 1, 1, 1, 1, 1, 1, 1, 1, 1, 1, 1, 1, 1, 1, 1, 1, 1, 1, 1, 1, 1, 1, 1, 1, 1, 1, 1, 1, 1, 1, 1, 1, 1, 1, 1, 1, 1, 1, 1, 1, 1, 1, 1, 1, 1, 1, 1, 1, 1, 1, 1, 1, 1, 1, 1, 1, 1, 1, 1, 1, 1, 1, 1, 1, 1, 1, 1, 1, 1, 1, 1, 1, 1, 1, 1, 1, 1, 1, 1, 1, 1, 1, 1, 1, 1, 1, 1, 1, 1, 1, 1, 1, 1, 1, 1, 1, 1, 1, 1, 1, 1, 1, 1, 1, 1, 1, 1, 1, 1, 1, 1, 1, 1, 1, 1, 1, 1, 1, 1, 1, 1, 1, 1, 1, 1, 1, 1, 1, 1, 1, 1, 1, 1, 1, 1, 1, 1, 1, 1, 1, 1, 1, 1, 1, 1, 1, 1, 1, 1, 1, 1, 1, 1, 1, 1, 1, 1, 1, 1, 1, 1, 1, 1, 1, 1, 1, 1, 1, 1, 1, 1, 1, 1, 1, 1, 1, 1, 1, 1, 1, 1, 1, 1, 1, 1, 1, 1, 1, 1, 1, 1, 1, 1, 1, 1, 1, 1, 1, 1, 1, 1, 1, 1, 1, 1, 1, 1, 1, 1, 1, 1, 1, 1, 1, 1, 1, 1, 1, 1, 1, 1, 1, 1, 1, 1, 1, 1, 1, 1, 1, 1, 1, 1, 1, 1, 1, 1, 1, 1, 1, 1, 1, 1, 1, 1, 1, 1, 1, 1, 1, 1, 1, 1, 1, 1, 1, 1, 1, 1, 1, 1, 1, 1, 1, 1, 1, 1, 1, 1, 1, 1, 1, 1, 1, 1, 1, 1, 1, 1, 1, 1, 1, 1, 1, 1, 1, 1, 1, 1, 1, 1, 1, 1, 1, 1]
Lee profile after BKZ: [782, 122, 20, 6, 2, 1, 2, 1, 1, 1, 1, 1, 1, 1, 1, 1, 1, 1, 1, 1, 1, 1, 1, 1, 1, 1, 1, 1, 1, 1, 1, 1, 1, 1, 1, 1, 1, 1, 1, 1, 1, 1, 1, 1, 1, 1, 1, 1, 1, 1, 1, 1, 1, 1, 1, 1, 1, 1, 1, 1, 1, 1, 1, 1, 1, 1, 1, 1, 1, 1, 1, 1, 1, 1, 1, 1, 1, 1, 1, 1, 1, 1, 1, 1, 1, 1, 1, 1, 1, 1, 1, 1, 1, 1, 1, 1, 1, 1, 1, 1, 1, 1, 1, 1, 1, 1, 1, 1, 1, 1, 1, 1, 1, 1, 1, 1, 1, 1, 1, 1, 1, 1, 1, 1, 1, 1, 1, 1, 1, 1, 1, 1, 1, 1, 1, 1, 1, 1, 1, 1, 1, 1, 1, 1, 1, 1, 1, 1, 1, 1, 1, 1, 1, 1, 1, 1, 1, 1, 1, 1, 1, 1, 1, 1, 1, 1, 1, 1, 1, 1, 1, 1, 1, 1, 1, 1, 1, 1, 1, 1, 1, 1, 1, 1, 1, 1, 1, 1, 1, 1, 1, 1, 1, 1, 1, 1, 1, 1, 1, 1, 1, 1, 1, 1, 1, 1, 1, 1, 1, 1, 1, 1, 1, 1, 1, 1, 1, 1, 1, 1, 1, 1, 1, 1, 1, 1, 1, 1, 1, 1, 1, 1, 1, 1, 1, 1, 1, 1, 1, 1, 1, 1, 1, 1, 1, 1, 1, 1, 1, 1, 1, 1, 1, 1, 1, 1, 1, 1, 1, 1, 1, 1, 1, 1, 1, 1, 1, 1, 1, 1, 1, 1, 1, 1, 1, 1, 1, 1, 1, 1, 1, 1, 1, 1, 1, 1, 1, 1, 1, 1, 1, 1, 1, 1, 1, 1, 1, 1, 1, 1, 1, 1, 1, 1, 1, 1, 1, 1, 1, 1, 1, 1, 1, 1, 1, 1, 1, 1, 1, 1, 1, 1, 1, 1, 1, 1, 1, 1, 1, 1, 1, 1, 1, 1, 1, 1, 1, 1, 1, 1, 1, 1, 1, 1, 1, 1, 1, 1, 1, 1, 1, 1, 1, 1, 1, 1, 1, 1, 1, 1, 1, 1, 1, 1, 1, 1, 1, 1, 1, 1, 1, 1, 1, 1, 1, 1, 1, 1, 1, 1, 1, 1, 1, 1, 1, 1, 1, 1, 1, 1, 1, 1, 1, 1, 1, 1, 1, 1, 1, 1, 1, 1, 1, 1, 1, 1, 1, 1, 1, 1, 1, 1, 1, 1, 1, 1, 1, 1, 1, 1, 1, 1, 1, 1, 1, 1, 1, 1, 1, 1, 1, 1, 1, 1, 1, 1, 1, 1, 1, 1, 1, 1, 1, 1, 1, 1, 1, 1, 1, 1, 1, 1, 1, 1, 1, 1, 1, 1, 1, 1, 1, 1, 1, 1, 1, 1, 1, 1, 1, 1, 1, 1, 1, 1, 1, 1, 1, 1, 1, 1, 1, 1, 1, 1, 1, 1, 1, 1, 1, 1, 1, 1, 1, 1, 1, 1, 1, 1, 1, 1, 1, 1, 1, 1, 1, 1, 1, 1, 1, 1, 1, 1]
423<=B_red[0].wtL<=1269
B_red[0].wtH=423, B_red[0].wtL=782

Hamming profile: [429, 73, 10, 3, 2, 1, 1, 1, 1, 1, 1, 1, 1, 1, 1, 1, 1, 1, 1, 1, 1, 1, 1, 1, 1, 1, 1, 1, 1, 1, 1, 1, 1, 1, 1, 1, 1, 1, 1, 1, 1, 1, 1, 1, 1, 1, 1, 1, 1, 1, 1, 1, 1, 1, 1, 1, 1, 1, 1, 1, 1, 1, 1, 1, 1, 1, 1, 1, 1, 1, 1, 1, 1, 1, 1, 1, 1, 1, 1, 1, 1, 1, 1, 1, 1, 1, 1, 1, 1, 1, 1, 1, 1, 1, 1, 1, 1, 1, 1, 1, 1, 1, 1, 1, 1, 1, 1, 1, 1, 1, 1, 1, 1, 1, 1, 1, 1, 1, 1, 1, 1, 1, 1, 1, 1, 1, 1, 1, 1, 1, 1, 1, 1, 1, 1, 1, 1, 1, 1, 1, 1, 1, 1, 1, 1, 1, 1, 1, 1, 1, 1, 1, 1, 1, 1, 1, 1, 1, 1, 1, 1, 1, 1, 1, 1, 1, 1, 1, 1, 1, 1, 1, 1, 1, 1, 1, 1, 1, 1, 1, 1, 1, 1, 1, 1, 1, 1, 1, 1, 1, 1, 1, 1, 1, 1, 1, 1, 1, 1, 1, 1, 1, 1, 1, 1, 1, 1, 1, 1, 1, 1, 1, 1, 1, 1, 1, 1, 1, 1, 1, 1, 1, 1, 1, 1, 1, 1, 1, 1, 1, 1, 1, 1, 1, 1, 1, 1, 1, 1, 1, 1, 1, 1, 1, 1, 1, 1, 1, 1, 1, 1, 1, 1, 1, 1, 1, 1, 1, 1, 1, 1, 1, 1, 1, 1, 1, 1, 1, 1, 1, 1, 1, 1, 1, 1, 1, 1, 1, 1, 1, 1, 1, 1, 1, 1, 1, 1, 1, 1, 1, 1, 1, 1, 1, 1, 1, 1, 1, 1, 1, 1, 1, 1, 1, 1, 1, 1, 1, 1, 1, 1, 1, 1, 1, 1, 1, 1, 1, 1, 1, 1, 1, 1, 1, 1, 1, 1, 1, 1, 1, 1, 1, 1, 1, 1, 1, 1, 1, 1, 1, 1, 1, 1, 1, 1, 1, 1, 1, 1, 1, 1, 1, 1, 1, 1, 1, 1, 1, 1, 1, 1, 1, 1, 1, 1, 1, 1, 1, 1, 1, 1, 1, 1, 1, 1, 1, 1, 1, 1, 1, 1, 1, 1, 1, 1, 1, 1, 1, 1, 1, 1, 1, 1, 1, 1, 1, 1, 1, 1, 1, 1, 1, 1, 1, 1, 1, 1, 1, 1, 1, 1, 1, 1, 1, 1, 1, 1, 1, 1, 1, 1, 1, 1, 1, 1, 1, 1, 1, 1, 1, 1, 1, 1, 1, 1, 1, 1, 1, 1, 1, 1, 1, 1, 1, 1, 1, 1, 1, 1, 1, 1, 1, 1, 1, 1, 1, 1, 1, 1, 1, 1, 1, 1, 1, 1, 1, 1, 1, 1, 1, 1, 1, 1, 1, 1, 1, 1, 1, 1, 1, 1, 1, 1, 1, 1, 1, 1, 1, 1, 1, 1, 1, 1, 1, 1, 1, 1, 1, 1, 1, 1, 1, 1, 1, 1, 1, 1, 1, 1, 1, 1, 1]
Lee profile: [845, 148, 25, 5, 2, 1, 1, 1, 1, 1, 1, 1, 1, 1, 1, 1, 1, 1, 1, 1, 1, 1, 1, 1, 1, 1, 1, 1, 1, 1, 1, 1, 1, 1, 1, 1, 1, 1, 1, 1, 1, 1, 1, 1, 1, 1, 1, 1, 1, 1, 1, 1, 1, 1, 1, 1, 1, 1, 1, 1, 1, 1, 1, 1, 1, 1, 1, 1, 1, 1, 1, 1, 1, 1, 1, 1, 1, 1, 1, 1, 1, 1, 1, 1, 1, 1, 1, 1, 1, 1, 1, 1, 1, 1, 1, 1, 1, 1, 1, 1, 1, 1, 1, 1, 1, 1, 1, 1, 1, 1, 1, 1, 1, 1, 1, 1, 1, 1, 1, 1, 1, 1, 1, 1, 1, 1, 1, 1, 1, 1, 1, 1, 1, 1, 1, 1, 1, 1, 1, 1, 1, 1, 1, 1, 1, 1, 1, 1, 1, 1, 1, 1, 1, 1, 1, 1, 1, 1, 1, 1, 1, 1, 1, 1, 1, 1, 1, 1, 1, 1, 1, 1, 1, 1, 1, 1, 1, 1, 1, 1, 1, 1, 1, 1, 1, 1, 1, 1, 1, 1, 1, 1, 1, 1, 1, 1, 1, 1, 1, 1, 1, 1, 1, 1, 1, 1, 1, 1, 1, 1, 1, 1, 1, 1, 1, 1, 1, 1, 1, 1, 1, 1, 1, 1, 1, 1, 1, 1, 1, 1, 1, 1, 1, 1, 1, 1, 1, 1, 1, 1, 1, 1, 1, 1, 1, 1, 1, 1, 1, 1, 1, 1, 1, 1, 1, 1, 1, 1, 1, 1, 1, 1, 1, 1, 1, 1, 1, 1, 1, 1, 1, 1, 1, 1, 1, 1, 1, 1, 1, 1, 1, 1, 1, 1, 1, 1, 1, 1, 1, 1, 1, 1, 1, 1, 1, 1, 1, 1, 1, 1, 1, 1, 1, 1, 1, 1, 1, 1, 1, 1, 1, 1, 1, 1, 1, 1, 1, 1, 1, 1, 1, 1, 1, 1, 1, 1, 1, 1, 1, 1, 1, 1, 1, 1, 1, 1, 1, 1, 1, 1, 1, 1, 1, 1, 1, 1, 1, 1, 1, 1, 1, 1, 1, 1, 1, 1, 1, 1, 1, 1, 1, 1, 1, 1, 1, 1, 1, 1, 1, 1, 1, 1, 1, 1, 1, 1, 1, 1, 1, 1, 1, 1, 1, 1, 1, 1, 1, 1, 1, 1, 1, 1, 1, 1, 1, 1, 1, 1, 1, 1, 1, 1, 1, 1, 1, 1, 1, 1, 1, 1, 1, 1, 1, 1, 1, 1, 1, 1, 1, 1, 1, 1, 1, 1, 1, 1, 1, 1, 1, 1, 1, 1, 1, 1, 1, 1, 1, 1, 1, 1, 1, 1, 1, 1, 1, 1, 1, 1, 1, 1, 1, 1, 1, 1, 1, 1, 1, 1, 1, 1, 1, 1, 1, 1, 1, 1, 1, 1, 1, 1, 1, 1, 1, 1, 1, 1, 1, 1, 1, 1, 1, 1, 1, 1, 1, 1, 1, 1, 1, 1, 1, 1, 1, 1, 1, 1, 1, 1, 1, 1, 1, 1, 1, 1, 1, 1, 1, 1, 1, 1, 1, 1]
429<=B[0].wtL<=1287
B[0].wtH=429, B[0].wtL=845

--- LeeBKZ with beta=5, bkz with minimum_lee_wt_codeword (may be non-primitive) ---
[LEEbkz:MW_Codeword_LEE:0.026267290115356445 sec.]
[LEEbkz:MW_Codeword_LEE:0.019084692001342773 sec.]
[LEEbkz:MW_Codeword_LEE:0.026398897171020508 sec.]
[LEEbkz:MW_Codeword_LEE:0.019133567810058594 sec.]
[LEEbkz:MW_Codeword_LEE:0.01787424087524414 sec.]
[LEEbkz:MW_Codeword_LEE:0.026605606079101562 sec.]
[LEEbkz:MW_Codeword_LEE:0.019001483917236328 sec.]
[LEEbkz:MW_Codeword_LEE:0.0177919864654541 sec.]
[LEEbkz:MW_Codeword_LEE:0.017278671264648438 sec.]
[LEEbkz:MW_Codeword_LEE:0.026775121688842773 sec.]
[LEEbkz:MW_Codeword_LEE:0.019361495971679688 sec.]
[LEEbkz:MW_Codeword_LEE:0.026667118072509766 sec.]
[LEEbkz:MW_Codeword_LEE:0.019073009490966797 sec.]
[LEEbkz:MW_Codeword_LEE:0.017161130905151367 sec.]
[LEEbkz:MW_Codeword_LEE:0.02668905258178711 sec.]
[LEEbkz:MW_Codeword_LEE:0.01934814453125 sec.]
[LEEbkz:MW_Codeword_LEE:0.026882171630859375 sec.]
[LEEbkz:MW_Codeword_LEE:0.01949024200439453 sec.]
[LEEbkz:MW_Codeword_LEE:0.01752448081970215 sec.]
[LEEbkz:MW_Codeword_LEE:0.02657628059387207 sec.]
[LEEbkz:MW_Codeword_LEE:0.01892852783203125 sec.]
[LEEbkz:MW_Codeword_LEE:0.016941547393798828 sec.]
[LEEbkz:MW_Codeword_LEE:0.017133712768554688 sec.]
[LEEbkz:MW_Codeword_LEE:0.026507854461669922 sec.]
[LEEbkz:MW_Codeword_LEE:0.0199277400970459 sec.]
[LEEbkz:MW_Codeword_LEE:0.01725292205810547 sec.]
[LEEbkz:MW_Codeword_LEE:0.01703047752380371 sec.]
[LEEbkz:MW_Codeword_LEE:0.0170896053314209 sec.]
[LEEbkz:MW_Codeword_LEE:0.026793241500854492 sec.]
[LEEbkz:MW_Codeword_LEE:0.01969456672668457 sec.]
[LEEbkz:MW_Codeword_LEE:0.026824951171875 sec.]
[LEEbkz:MW_Codeword_LEE:0.01925039291381836 sec.]
[LEEbkz:MW_Codeword_LEE:0.017573833465576172 sec.]
[LEEbkz:MW_Codeword_LEE:0.026352643966674805 sec.]
[LEEbkz:MW_Codeword_LEE:0.018955707550048828 sec.]
[LEEbkz:MW_Codeword_LEE:0.017279624938964844 sec.]
[LEEbkz:MW_Codeword_LEE:0.017216205596923828 sec.]
[LEEbkz:MW_Codeword_LEE:0.026604890823364258 sec.]
[LEEbkz:MW_Codeword_LEE:0.019327163696289062 sec.]
[LEEbkz:MW_Codeword_LEE:0.01736593246459961 sec.]
[LEEbkz:MW_Codeword_LEE:0.01703166961669922 sec.]
[LEEbkz:MW_Codeword_LEE:0.0170595645904541 sec.]
[LEEbkz:MW_Codeword_LEE:0.026376008987426758 sec.]
[LEEbkz:MW_Codeword_LEE:0.01923394203186035 sec.]
[LEEbkz:MW_Codeword_LEE:0.01736617088317871 sec.]
[LEEbkz:MW_Codeword_LEE:0.016971588134765625 sec.]
[LEEbkz:MW_Codeword_LEE:0.01724696159362793 sec.]
[LEEbkz:MW_Codeword_LEE:0.01671314239501953 sec.]
[LEEbkz:MW_Codeword_LEE:0.01958775520324707 sec.]
[LEEbkz:MW_Codeword_LEE:0.026443004608154297 sec.]
[LEEbkz:MW_Codeword_LEE:0.01950383186340332 sec.]
[LEEbkz:MW_Codeword_LEE:0.017531394958496094 sec.]
[LEEbkz:MW_Codeword_LEE:0.026696205139160156 sec.]
[LEEbkz:MW_Codeword_LEE:0.019110918045043945 sec.]
[LEEbkz:MW_Codeword_LEE:0.01720881462097168 sec.]
[LEEbkz:MW_Codeword_LEE:0.016999244689941406 sec.]
[LEEbkz:MW_Codeword_LEE:0.02647233009338379 sec.]
[LEEbkz:MW_Codeword_LEE:0.019238710403442383 sec.]
[LEEbkz:MW_Codeword_LEE:0.017224550247192383 sec.]
[LEEbkz:MW_Codeword_LEE:0.01684856414794922 sec.]
[LEEbkz:MW_Codeword_LEE:0.016510486602783203 sec.]
[LEEbkz:MW_Codeword_LEE:0.02620530128479004 sec.]
[LEEbkz:MW_Codeword_LEE:0.01930093765258789 sec.]
[LEEbkz:MW_Codeword_LEE:0.017227888107299805 sec.]
[LEEbkz:MW_Codeword_LEE:0.01677560806274414 sec.]
[LEEbkz:MW_Codeword_LEE:0.017067432403564453 sec.]
[LEEbkz:MW_Codeword_LEE:0.017648935317993164 sec.]
[LEEbkz:MW_Codeword_LEE:0.026244163513183594 sec.]
[LEEbkz:MW_Codeword_LEE:0.01978325843811035 sec.]
[LEEbkz:MW_Codeword_LEE:0.026712417602539062 sec.]
[LEEbkz:MW_Codeword_LEE:0.019350528717041016 sec.]
[LEEbkz:MW_Codeword_LEE:0.017694473266601562 sec.]
[LEEbkz:MW_Codeword_LEE:0.026700735092163086 sec.]
[LEEbkz:MW_Codeword_LEE:0.019591093063354492 sec.]
[LEEbkz:MW_Codeword_LEE:0.017600536346435547 sec.]
[LEEbkz:MW_Codeword_LEE:0.017754077911376953 sec.]
[LEEbkz:MW_Codeword_LEE:0.02637004852294922 sec.]
[LEEbkz:MW_Codeword_LEE:0.01985478401184082 sec.]
[LEEbkz:MW_Codeword_LEE:0.017538070678710938 sec.]
[LEEbkz:MW_Codeword_LEE:0.017174720764160156 sec.]
[LEEbkz:MW_Codeword_LEE:0.017143964767456055 sec.]
[LEEbkz:MW_Codeword_LEE:0.02640366554260254 sec.]
[LEEbkz:MW_Codeword_LEE:0.019419193267822266 sec.]
[LEEbkz:MW_Codeword_LEE:0.018056154251098633 sec.]
[LEEbkz:MW_Codeword_LEE:0.0268094539642334 sec.]
[LEEbkz:MW_Codeword_LEE:0.019347429275512695 sec.]
[LEEbkz:MW_Codeword_LEE:0.017689943313598633 sec.]
[LEEbkz:MW_Codeword_LEE:0.017430543899536133 sec.]
[LEEbkz:MW_Codeword_LEE:0.026607036590576172 sec.]
[LEEbkz:MW_Codeword_LEE:0.01909494400024414 sec.]
[LEEbkz:MW_Codeword_LEE:0.017288923263549805 sec.]
[LEEbkz:MW_Codeword_LEE:0.01704859733581543 sec.]
[LEEbkz:MW_Codeword_LEE:0.016970157623291016 sec.]
[LEEbkz:MW_Codeword_LEE:0.026752948760986328 sec.]
[LEEbkz:MW_Codeword_LEE:0.01974797248840332 sec.]
[LEEbkz:MW_Codeword_LEE:0.017597675323486328 sec.]
[LEEbkz:MW_Codeword_LEE:0.017215728759765625 sec.]
[LEEbkz:MW_Codeword_LEE:0.016959428787231445 sec.]
[LEEbkz:MW_Codeword_LEE:0.01693248748779297 sec.]
[LEEbkz:MW_Codeword_LEE:0.019673824310302734 sec.]
[LEEbkz:MW_Codeword_LEE:0.017625808715820312 sec.]
[LEEbkz:MW_Codeword_LEE:0.01754140853881836 sec.]
[LEEbkz:MW_Codeword_LEE:0.01679229736328125 sec.]
[LEEbkz:MW_Codeword_LEE:0.017279624938964844 sec.]
[LEEbkz:MW_Codeword_LEE:0.017791271209716797 sec.]
[LEEbkz:MW_Codeword_LEE:0.016911745071411133 sec.]
[LEEbkz:MW_Codeword_LEE:0.016644954681396484 sec.]
[LEEbkz:MW_Codeword_LEE:0.017250776290893555 sec.]
[LEEbkz:MW_Codeword_LEE:0.016693592071533203 sec.]
[LEEbkz:MW_Codeword_LEE:0.017285823822021484 sec.]
[LEEbkz:MW_Codeword_LEE:0.017206668853759766 sec.]
[LEEbkz:MW_Codeword_LEE:0.017424345016479492 sec.]
[LEEbkz:MW_Codeword_LEE:0.016996145248413086 sec.]
[LEEbkz:MW_Codeword_LEE:0.017175674438476562 sec.]
[LEEbkz:MW_Codeword_LEE:0.01731419563293457 sec.]
Hamming profile after BKZ: [411, 77, 20, 6, 2, 1, 2, 1, 1, 1, 1, 1, 1, 1, 1, 1, 1, 1, 1, 1, 1, 1, 1, 1, 1, 1, 1, 1, 1, 1, 1, 1, 1, 1, 1, 1, 1, 1, 1, 1, 1, 1, 1, 1, 1, 1, 1, 1, 1, 1, 1, 1, 1, 1, 1, 1, 1, 1, 1, 1, 1, 1, 1, 1, 1, 1, 1, 1, 1, 1, 1, 1, 1, 1, 1, 1, 1, 1, 1, 1, 1, 1, 1, 1, 1, 1, 1, 1, 1, 1, 1, 1, 1, 1, 1, 1, 1, 1, 1, 1, 1, 1, 1, 1, 1, 1, 1, 1, 1, 1, 1, 1, 1, 1, 1, 1, 1, 1, 1, 1, 1, 1, 1, 1, 1, 1, 1, 1, 1, 1, 1, 1, 1, 1, 1, 1, 1, 1, 1, 1, 1, 1, 1, 1, 1, 1, 1, 1, 1, 1, 1, 1, 1, 1, 1, 1, 1, 1, 1, 1, 1, 1, 1, 1, 1, 1, 1, 1, 1, 1, 1, 1, 1, 1, 1, 1, 1, 1, 1, 1, 1, 1, 1, 1, 1, 1, 1, 1, 1, 1, 1, 1, 1, 1, 1, 1, 1, 1, 1, 1, 1, 1, 1, 1, 1, 1, 1, 1, 1, 1, 1, 1, 1, 1, 1, 1, 1, 1, 1, 1, 1, 1, 1, 1, 1, 1, 1, 1, 1, 1, 1, 1, 1, 1, 1, 1, 1, 1, 1, 1, 1, 1, 1, 1, 1, 1, 1, 1, 1, 1, 1, 1, 1, 1, 1, 1, 1, 1, 1, 1, 1, 1, 1, 1, 1, 1, 1, 1, 1, 1, 1, 1, 1, 1, 1, 1, 1, 1, 1, 1, 1, 1, 1, 1, 1, 1, 1, 1, 1, 1, 1, 1, 1, 1, 1, 1, 1, 1, 1, 1, 1, 1, 1, 1, 1, 1, 1, 1, 1, 1, 1, 1, 1, 1, 1, 1, 1, 1, 1, 1, 1, 1, 1, 1, 1, 1, 1, 1, 1, 1, 1, 1, 1, 1, 1, 1, 1, 1, 1, 1, 1, 1, 1, 1, 1, 1, 1, 1, 1, 1, 1, 1, 1, 1, 1, 1, 1, 1, 1, 1, 1, 1, 1, 1, 1, 1, 1, 1, 1, 1, 1, 1, 1, 1, 1, 1, 1, 1, 1, 1, 1, 1, 1, 1, 1, 1, 1, 1, 1, 1, 1, 1, 1, 1, 1, 1, 1, 1, 1, 1, 1, 1, 1, 1, 1, 1, 1, 1, 1, 1, 1, 1, 1, 1, 1, 1, 1, 1, 1, 1, 1, 1, 1, 1, 1, 1, 1, 1, 1, 1, 1, 1, 1, 1, 1, 1, 1, 1, 1, 1, 1, 1, 1, 1, 1, 1, 1, 1, 1, 1, 1, 1, 1, 1, 1, 1, 1, 1, 1, 1, 1, 1, 1, 1, 1, 1, 1, 1, 1, 1, 1, 1, 1, 1, 1, 1, 1, 1, 1, 1, 1, 1, 1, 1, 1, 1, 1, 1, 1, 1, 1, 1, 1, 1, 1, 1, 1, 1, 1, 1, 1, 1, 1, 1, 1, 1, 1, 1, 1, 1, 1, 1]
Lee profile after BKZ: [773, 136, 28, 7, 2, 1, 2, 1, 1, 1, 1, 1, 1, 1, 1, 1, 1, 1, 1, 1, 1, 1, 1, 1, 1, 1, 1, 1, 1, 1, 1, 1, 1, 1, 1, 1, 1, 1, 1, 1, 1, 1, 1, 1, 1, 1, 1, 1, 1, 1, 1, 1, 1, 1, 1, 1, 1, 1, 1, 1, 1, 1, 1, 1, 1, 1, 1, 1, 1, 1, 1, 1, 1, 1, 1, 1, 1, 1, 1, 1, 1, 1, 1, 1, 1, 1, 1, 1, 1, 1, 1, 1, 1, 1, 1, 1, 1, 1, 1, 1, 1, 1, 1, 1, 1, 1, 1, 1, 1, 1, 1, 1, 1, 1, 1, 1, 1, 1, 1, 1, 1, 1, 1, 1, 1, 1, 1, 1, 1, 1, 1, 1, 1, 1, 1, 1, 1, 1, 1, 1, 1, 1, 1, 1, 1, 1, 1, 1, 1, 1, 1, 1, 1, 1, 1, 1, 1, 1, 1, 1, 1, 1, 1, 1, 1, 1, 1, 1, 1, 1, 1, 1, 1, 1, 1, 1, 1, 1, 1, 1, 1, 1, 1, 1, 1, 1, 1, 1, 1, 1, 1, 1, 1, 1, 1, 1, 1, 1, 1, 1, 1, 1, 1, 1, 1, 1, 1, 1, 1, 1, 1, 1, 1, 1, 1, 1, 1, 1, 1, 1, 1, 1, 1, 1, 1, 1, 1, 1, 1, 1, 1, 1, 1, 1, 1, 1, 1, 1, 1, 1, 1, 1, 1, 1, 1, 1, 1, 1, 1, 1, 1, 1, 1, 1, 1, 1, 1, 1, 1, 1, 1, 1, 1, 1, 1, 1, 1, 1, 1, 1, 1, 1, 1, 1, 1, 1, 1, 1, 1, 1, 1, 1, 1, 1, 1, 1, 1, 1, 1, 1, 1, 1, 1, 1, 1, 1, 1, 1, 1, 1, 1, 1, 1, 1, 1, 1, 1, 1, 1, 1, 1, 1, 1, 1, 1, 1, 1, 1, 1, 1, 1, 1, 1, 1, 1, 1, 1, 1, 1, 1, 1, 1, 1, 1, 1, 1, 1, 1, 1, 1, 1, 1, 1, 1, 1, 1, 1, 1, 1, 1, 1, 1, 1, 1, 1, 1, 1, 1, 1, 1, 1, 1, 1, 1, 1, 1, 1, 1, 1, 1, 1, 1, 1, 1, 1, 1, 1, 1, 1, 1, 1, 1, 1, 1, 1, 1, 1, 1, 1, 1, 1, 1, 1, 1, 1, 1, 1, 1, 1, 1, 1, 1, 1, 1, 1, 1, 1, 1, 1, 1, 1, 1, 1, 1, 1, 1, 1, 1, 1, 1, 1, 1, 1, 1, 1, 1, 1, 1, 1, 1, 1, 1, 1, 1, 1, 1, 1, 1, 1, 1, 1, 1, 1, 1, 1, 1, 1, 1, 1, 1, 1, 1, 1, 1, 1, 1, 1, 1, 1, 1, 1, 1, 1, 1, 1, 1, 1, 1, 1, 1, 1, 1, 1, 1, 1, 1, 1, 1, 1, 1, 1, 1, 1, 1, 1, 1, 1, 1, 1, 1, 1, 1, 1, 1, 1, 1, 1, 1, 1, 1, 1, 1, 1, 1, 1, 1, 1, 1, 1, 1, 1, 1]
411<=B_red[0].wtL<=1233
B_red[0].wtH=411, B_red[0].wtL=773

Hamming profile: [445, 58, 12, 1, 1, 1, 1, 1, 1, 1, 1, 1, 1, 1, 1, 1, 1, 1, 1, 1, 1, 1, 1, 1, 1, 1, 1, 1, 1, 1, 1, 1, 1, 1, 1, 1, 1, 1, 1, 1, 1, 1, 1, 1, 1, 1, 1, 1, 1, 1, 1, 1, 1, 1, 1, 1, 1, 1, 1, 1, 1, 1, 1, 1, 1, 1, 1, 1, 1, 1, 1, 1, 1, 1, 1, 1, 1, 1, 1, 1, 1, 1, 1, 1, 1, 1, 1, 1, 1, 1, 1, 1, 1, 1, 1, 1, 1, 1, 1, 1, 1, 1, 1, 1, 1, 1, 1, 1, 1, 1, 1, 1, 1, 1, 1, 1, 1, 1, 1, 1, 1, 1, 1, 1, 1, 1, 1, 1, 1, 1, 1, 1, 1, 1, 1, 1, 1, 1, 1, 1, 1, 1, 1, 1, 1, 1, 1, 1, 1, 1, 1, 1, 1, 1, 1, 1, 1, 1, 1, 1, 1, 1, 1, 1, 1, 1, 1, 1, 1, 1, 1, 1, 1, 1, 1, 1, 1, 1, 1, 1, 1, 1, 1, 1, 1, 1, 1, 1, 1, 1, 1, 1, 1, 1, 1, 1, 1, 1, 1, 1, 1, 1, 1, 1, 1, 1, 1, 1, 1, 1, 1, 1, 1, 1, 1, 1, 1, 1, 1, 1, 1, 1, 1, 1, 1, 1, 1, 1, 1, 1, 1, 1, 1, 1, 1, 1, 1, 1, 1, 1, 1, 1, 1, 1, 1, 1, 1, 1, 1, 1, 1, 1, 1, 1, 1, 1, 1, 1, 1, 1, 1, 1, 1, 1, 1, 1, 1, 1, 1, 1, 1, 1, 1, 1, 1, 1, 1, 1, 1, 1, 1, 1, 1, 1, 1, 1, 1, 1, 1, 1, 1, 1, 1, 1, 1, 1, 1, 1, 1, 1, 1, 1, 1, 1, 1, 1, 1, 1, 1, 1, 1, 1, 1, 1, 1, 1, 1, 1, 1, 1, 1, 1, 1, 1, 1, 1, 1, 1, 1, 1, 1, 1, 1, 1, 1, 1, 1, 1, 1, 1, 1, 1, 1, 1, 1, 1, 1, 1, 1, 1, 1, 1, 1, 1, 1, 1, 1, 1, 1, 1, 1, 1, 1, 1, 1, 1, 1, 1, 1, 1, 1, 1, 1, 1, 1, 1, 1, 1, 1, 1, 1, 1, 1, 1, 1, 1, 1, 1, 1, 1, 1, 1, 1, 1, 1, 1, 1, 1, 1, 1, 1, 1, 1, 1, 1, 1, 1, 1, 1, 1, 1, 1, 1, 1, 1, 1, 1, 1, 1, 1, 1, 1, 1, 1, 1, 1, 1, 1, 1, 1, 1, 1, 1, 1, 1, 1, 1, 1, 1, 1, 1, 1, 1, 1, 1, 1, 1, 1, 1, 1, 1, 1, 1, 1, 1, 1, 1, 1, 1, 1, 1, 1, 1, 1, 1, 1, 1, 1, 1, 1, 1, 1, 1, 1, 1, 1, 1, 1, 1, 1, 1, 1, 1, 1, 1, 1, 1, 1, 1, 1, 1, 1, 1, 1, 1, 1, 1, 1, 1, 1, 1, 1, 1, 1, 1, 1, 1, 1, 1, 1, 1, 1]
Lee profile: [886, 115, 22, 1, 1, 1, 1, 1, 1, 1, 1, 1, 1, 1, 1, 1, 1, 1, 1, 1, 1, 1, 1, 1, 1, 1, 1, 1, 1, 1, 1, 1, 1, 1, 1, 1, 1, 1, 1, 1, 1, 1, 1, 1, 1, 1, 1, 1, 1, 1, 1, 1, 1, 1, 1, 1, 1, 1, 1, 1, 1, 1, 1, 1, 1, 1, 1, 1, 1, 1, 1, 1, 1, 1, 1, 1, 1, 1, 1, 1, 1, 1, 1, 1, 1, 1, 1, 1, 1, 1, 1, 1, 1, 1, 1, 1, 1, 1, 1, 1, 1, 1, 1, 1, 1, 1, 1, 1, 1, 1, 1, 1, 1, 1, 1, 1, 1, 1, 1, 1, 1, 1, 1, 1, 1, 1, 1, 1, 1, 1, 1, 1, 1, 1, 1, 1, 1, 1, 1, 1, 1, 1, 1, 1, 1, 1, 1, 1, 1, 1, 1, 1, 1, 1, 1, 1, 1, 1, 1, 1, 1, 1, 1, 1, 1, 1, 1, 1, 1, 1, 1, 1, 1, 1, 1, 1, 1, 1, 1, 1, 1, 1, 1, 1, 1, 1, 1, 1, 1, 1, 1, 1, 1, 1, 1, 1, 1, 1, 1, 1, 1, 1, 1, 1, 1, 1, 1, 1, 1, 1, 1, 1, 1, 1, 1, 1, 1, 1, 1, 1, 1, 1, 1, 1, 1, 1, 1, 1, 1, 1, 1, 1, 1, 1, 1, 1, 1, 1, 1, 1, 1, 1, 1, 1, 1, 1, 1, 1, 1, 1, 1, 1, 1, 1, 1, 1, 1, 1, 1, 1, 1, 1, 1, 1, 1, 1, 1, 1, 1, 1, 1, 1, 1, 1, 1, 1, 1, 1, 1, 1, 1, 1, 1, 1, 1, 1, 1, 1, 1, 1, 1, 1, 1, 1, 1, 1, 1, 1, 1, 1, 1, 1, 1, 1, 1, 1, 1, 1, 1, 1, 1, 1, 1, 1, 1, 1, 1, 1, 1, 1, 1, 1, 1, 1, 1, 1, 1, 1, 1, 1, 1, 1, 1, 1, 1, 1, 1, 1, 1, 1, 1, 1, 1, 1, 1, 1, 1, 1, 1, 1, 1, 1, 1, 1, 1, 1, 1, 1, 1, 1, 1, 1, 1, 1, 1, 1, 1, 1, 1, 1, 1, 1, 1, 1, 1, 1, 1, 1, 1, 1, 1, 1, 1, 1, 1, 1, 1, 1, 1, 1, 1, 1, 1, 1, 1, 1, 1, 1, 1, 1, 1, 1, 1, 1, 1, 1, 1, 1, 1, 1, 1, 1, 1, 1, 1, 1, 1, 1, 1, 1, 1, 1, 1, 1, 1, 1, 1, 1, 1, 1, 1, 1, 1, 1, 1, 1, 1, 1, 1, 1, 1, 1, 1, 1, 1, 1, 1, 1, 1, 1, 1, 1, 1, 1, 1, 1, 1, 1, 1, 1, 1, 1, 1, 1, 1, 1, 1, 1, 1, 1, 1, 1, 1, 1, 1, 1, 1, 1, 1, 1, 1, 1, 1, 1, 1, 1, 1, 1, 1, 1, 1, 1, 1, 1, 1, 1, 1, 1, 1, 1, 1, 1, 1, 1, 1, 1, 1, 1, 1, 1, 1, 1]
445<=B[0].wtL<=1335
B[0].wtH=445, B[0].wtL=886

--- LeeBKZ with beta=5, bkz with minimum_lee_wt_codeword (may be non-primitive) ---
[LEEbkz:MW_Codeword_LEE:0.02693796157836914 sec.]
[LEEbkz:MW_Codeword_LEE:0.019196271896362305 sec.]
[LEEbkz:MW_Codeword_LEE:0.026684284210205078 sec.]
[LEEbkz:MW_Codeword_LEE:0.01933765411376953 sec.]
[LEEbkz:MW_Codeword_LEE:0.01757073402404785 sec.]
[LEEbkz:MW_Codeword_LEE:0.026297807693481445 sec.]
[LEEbkz:MW_Codeword_LEE:0.01875162124633789 sec.]
[LEEbkz:MW_Codeword_LEE:0.017031192779541016 sec.]
[LEEbkz:MW_Codeword_LEE:0.01678776741027832 sec.]
[LEEbkz:MW_Codeword_LEE:0.026699066162109375 sec.]
[LEEbkz:MW_Codeword_LEE:0.019350528717041016 sec.]
[LEEbkz:MW_Codeword_LEE:0.026351451873779297 sec.]
[LEEbkz:MW_Codeword_LEE:0.018839359283447266 sec.]
[LEEbkz:MW_Codeword_LEE:0.017007827758789062 sec.]
[LEEbkz:MW_Codeword_LEE:0.026400327682495117 sec.]
[LEEbkz:MW_Codeword_LEE:0.01878809928894043 sec.]
[LEEbkz:MW_Codeword_LEE:0.017693281173706055 sec.]
[LEEbkz:MW_Codeword_LEE:0.017075300216674805 sec.]
[LEEbkz:MW_Codeword_LEE:0.02635359764099121 sec.]
[LEEbkz:MW_Codeword_LEE:0.018910884857177734 sec.]
[LEEbkz:MW_Codeword_LEE:0.026437759399414062 sec.]
[LEEbkz:MW_Codeword_LEE:0.018808603286743164 sec.]
[LEEbkz:MW_Codeword_LEE:0.017071008682250977 sec.]
[LEEbkz:MW_Codeword_LEE:0.026078224182128906 sec.]
[LEEbkz:MW_Codeword_LEE:0.02005624771118164 sec.]
[LEEbkz:MW_Codeword_LEE:0.026337862014770508 sec.]
[LEEbkz:MW_Codeword_LEE:0.019566059112548828 sec.]
[LEEbkz:MW_Codeword_LEE:0.01741504669189453 sec.]
[LEEbkz:MW_Codeword_LEE:0.02649712562561035 sec.]
[LEEbkz:MW_Codeword_LEE:0.019608497619628906 sec.]
[LEEbkz:MW_Codeword_LEE:0.02619004249572754 sec.]
[LEEbkz:MW_Codeword_LEE:0.019475698471069336 sec.]
[LEEbkz:MW_Codeword_LEE:0.017859458923339844 sec.]
[LEEbkz:MW_Codeword_LEE:0.026085376739501953 sec.]
[LEEbkz:MW_Codeword_LEE:0.01922750473022461 sec.]
[LEEbkz:MW_Codeword_LEE:0.017365694046020508 sec.]
[LEEbkz:MW_Codeword_LEE:0.016839981079101562 sec.]
[LEEbkz:MW_Codeword_LEE:0.02649831771850586 sec.]
[LEEbkz:MW_Codeword_LEE:0.019177913665771484 sec.]
[LEEbkz:MW_Codeword_LEE:0.02675008773803711 sec.]
[LEEbkz:MW_Codeword_LEE:0.019217967987060547 sec.]
[LEEbkz:MW_Codeword_LEE:0.017152786254882812 sec.]
[LEEbkz:MW_Codeword_LEE:0.026493310928344727 sec.]
[LEEbkz:MW_Codeword_LEE:0.01937389373779297 sec.]
[LEEbkz:MW_Codeword_LEE:0.01725459098815918 sec.]
[LEEbkz:MW_Codeword_LEE:0.016980886459350586 sec.]
[LEEbkz:MW_Codeword_LEE:0.026459693908691406 sec.]
[LEEbkz:MW_Codeword_LEE:0.01908278465270996 sec.]
[LEEbkz:MW_Codeword_LEE:0.017008304595947266 sec.]
[LEEbkz:MW_Codeword_LEE:0.026035070419311523 sec.]
[LEEbkz:MW_Codeword_LEE:0.019333362579345703 sec.]
[LEEbkz:MW_Codeword_LEE:0.017443418502807617 sec.]
[LEEbkz:MW_Codeword_LEE:0.017156600952148438 sec.]
[LEEbkz:MW_Codeword_LEE:0.02619624137878418 sec.]
[LEEbkz:MW_Codeword_LEE:0.0192110538482666 sec.]
[LEEbkz:MW_Codeword_LEE:0.01770615577697754 sec.]
[LEEbkz:MW_Codeword_LEE:0.026995182037353516 sec.]
[LEEbkz:MW_Codeword_LEE:0.019237279891967773 sec.]
[LEEbkz:MW_Codeword_LEE:0.017370223999023438 sec.]
[LEEbkz:MW_Codeword_LEE:0.016878128051757812 sec.]
[LEEbkz:MW_Codeword_LEE:0.026141881942749023 sec.]
[LEEbkz:MW_Codeword_LEE:0.01929497718811035 sec.]
[LEEbkz:MW_Codeword_LEE:0.018243074417114258 sec.]
[LEEbkz:MW_Codeword_LEE:0.026227235794067383 sec.]
[LEEbkz:MW_Codeword_LEE:0.019261837005615234 sec.]
[LEEbkz:MW_Codeword_LEE:0.017301559448242188 sec.]
[LEEbkz:MW_Codeword_LEE:0.017045021057128906 sec.]
[LEEbkz:MW_Codeword_LEE:0.016800880432128906 sec.]
[LEEbkz:MW_Codeword_LEE:0.026668548583984375 sec.]
[LEEbkz:MW_Codeword_LEE:0.01933121681213379 sec.]
[LEEbkz:MW_Codeword_LEE:0.017438173294067383 sec.]
[LEEbkz:MW_Codeword_LEE:0.017026901245117188 sec.]
[LEEbkz:MW_Codeword_LEE:0.017032861709594727 sec.]
[LEEbkz:MW_Codeword_LEE:0.0172121524810791 sec.]
[LEEbkz:MW_Codeword_LEE:0.019490957260131836 sec.]
[LEEbkz:MW_Codeword_LEE:0.026575088500976562 sec.]
[LEEbkz:MW_Codeword_LEE:0.019063711166381836 sec.]
[LEEbkz:MW_Codeword_LEE:0.017518281936645508 sec.]
[LEEbkz:MW_Codeword_LEE:0.025863170623779297 sec.]
[LEEbkz:MW_Codeword_LEE:0.019217252731323242 sec.]
[LEEbkz:MW_Codeword_LEE:0.01781630516052246 sec.]
[LEEbkz:MW_Codeword_LEE:0.017168045043945312 sec.]
[LEEbkz:MW_Codeword_LEE:0.026134014129638672 sec.]
[LEEbkz:MW_Codeword_LEE:0.02102494239807129 sec.]
[LEEbkz:MW_Codeword_LEE:0.017586231231689453 sec.]
[LEEbkz:MW_Codeword_LEE:0.01718735694885254 sec.]
[LEEbkz:MW_Codeword_LEE:0.029016733169555664 sec.]
[LEEbkz:MW_Codeword_LEE:0.026334047317504883 sec.]
[LEEbkz:MW_Codeword_LEE:0.01939082145690918 sec.]
[LEEbkz:MW_Codeword_LEE:0.01739215850830078 sec.]
[LEEbkz:MW_Codeword_LEE:0.016985654830932617 sec.]
[LEEbkz:MW_Codeword_LEE:0.017452001571655273 sec.]
[LEEbkz:MW_Codeword_LEE:0.016985177993774414 sec.]
[LEEbkz:MW_Codeword_LEE:0.01959848403930664 sec.]
[LEEbkz:MW_Codeword_LEE:0.017719507217407227 sec.]
[LEEbkz:MW_Codeword_LEE:0.017223119735717773 sec.]
[LEEbkz:MW_Codeword_LEE:0.016725778579711914 sec.]
[LEEbkz:MW_Codeword_LEE:0.01702117919921875 sec.]
[LEEbkz:MW_Codeword_LEE:0.017615795135498047 sec.]
[LEEbkz:MW_Codeword_LEE:0.016960620880126953 sec.]
[LEEbkz:MW_Codeword_LEE:0.09625482559204102 sec.]
[LEEbkz:MW_Codeword_LEE:0.019567489624023438 sec.]
[LEEbkz:MW_Codeword_LEE:0.017580270767211914 sec.]
[LEEbkz:MW_Codeword_LEE:0.017388582229614258 sec.]
[LEEbkz:MW_Codeword_LEE:0.01720714569091797 sec.]
[LEEbkz:MW_Codeword_LEE:0.026087284088134766 sec.]
[LEEbkz:MW_Codeword_LEE:0.019365787506103516 sec.]
[LEEbkz:MW_Codeword_LEE:0.017277956008911133 sec.]
[LEEbkz:MW_Codeword_LEE:0.016849040985107422 sec.]
[LEEbkz:MW_Codeword_LEE:0.01667499542236328 sec.]
[LEEbkz:MW_Codeword_LEE:0.016651391983032227 sec.]
[LEEbkz:MW_Codeword_LEE:0.019497156143188477 sec.]
[LEEbkz:MW_Codeword_LEE:0.01787257194519043 sec.]
[LEEbkz:MW_Codeword_LEE:0.017507076263427734 sec.]
[LEEbkz:MW_Codeword_LEE:0.017286062240600586 sec.]
[LEEbkz:MW_Codeword_LEE:0.017209768295288086 sec.]
[LEEbkz:MW_Codeword_LEE:0.017421722412109375 sec.]
[LEEbkz:MW_Codeword_LEE:0.01714920997619629 sec.]
[LEEbkz:MW_Codeword_LEE:0.017321109771728516 sec.]
[LEEbkz:MW_Codeword_LEE:0.01739668846130371 sec.]
[LEEbkz:MW_Codeword_LEE:0.01750016212463379 sec.]
[LEEbkz:MW_Codeword_LEE:0.017117023468017578 sec.]
[LEEbkz:MW_Codeword_LEE:0.017225265502929688 sec.]
[LEEbkz:MW_Codeword_LEE:0.01691436767578125 sec.]
[LEEbkz:MW_Codeword_LEE:0.0169680118560791 sec.]
[LEEbkz:MW_Codeword_LEE:0.01725172996520996 sec.]
Hamming profile after BKZ: [409, 81, 18, 4, 4, 1, 1, 2, 1, 1, 1, 1, 1, 1, 1, 1, 1, 1, 1, 1, 1, 1, 1, 1, 1, 1, 1, 1, 1, 1, 1, 1, 1, 1, 1, 1, 1, 1, 1, 1, 1, 1, 1, 1, 1, 1, 1, 1, 1, 1, 1, 1, 1, 1, 1, 1, 1, 1, 1, 1, 1, 1, 1, 1, 1, 1, 1, 1, 1, 1, 1, 1, 1, 1, 1, 1, 1, 1, 1, 1, 1, 1, 1, 1, 1, 1, 1, 1, 1, 1, 1, 1, 1, 1, 1, 1, 1, 1, 1, 1, 1, 1, 1, 1, 1, 1, 1, 1, 1, 1, 1, 1, 1, 1, 1, 1, 1, 1, 1, 1, 1, 1, 1, 1, 1, 1, 1, 1, 1, 1, 1, 1, 1, 1, 1, 1, 1, 1, 1, 1, 1, 1, 1, 1, 1, 1, 1, 1, 1, 1, 1, 1, 1, 1, 1, 1, 1, 1, 1, 1, 1, 1, 1, 1, 1, 1, 1, 1, 1, 1, 1, 1, 1, 1, 1, 1, 1, 1, 1, 1, 1, 1, 1, 1, 1, 1, 1, 1, 1, 1, 1, 1, 1, 1, 1, 1, 1, 1, 1, 1, 1, 1, 1, 1, 1, 1, 1, 1, 1, 1, 1, 1, 1, 1, 1, 1, 1, 1, 1, 1, 1, 1, 1, 1, 1, 1, 1, 1, 1, 1, 1, 1, 1, 1, 1, 1, 1, 1, 1, 1, 1, 1, 1, 1, 1, 1, 1, 1, 1, 1, 1, 1, 1, 1, 1, 1, 1, 1, 1, 1, 1, 1, 1, 1, 1, 1, 1, 1, 1, 1, 1, 1, 1, 1, 1, 1, 1, 1, 1, 1, 1, 1, 1, 1, 1, 1, 1, 1, 1, 1, 1, 1, 1, 1, 1, 1, 1, 1, 1, 1, 1, 1, 1, 1, 1, 1, 1, 1, 1, 1, 1, 1, 1, 1, 1, 1, 1, 1, 1, 1, 1, 1, 1, 1, 1, 1, 1, 1, 1, 1, 1, 1, 1, 1, 1, 1, 1, 1, 1, 1, 1, 1, 1, 1, 1, 1, 1, 1, 1, 1, 1, 1, 1, 1, 1, 1, 1, 1, 1, 1, 1, 1, 1, 1, 1, 1, 1, 1, 1, 1, 1, 1, 1, 1, 1, 1, 1, 1, 1, 1, 1, 1, 1, 1, 1, 1, 1, 1, 1, 1, 1, 1, 1, 1, 1, 1, 1, 1, 1, 1, 1, 1, 1, 1, 1, 1, 1, 1, 1, 1, 1, 1, 1, 1, 1, 1, 1, 1, 1, 1, 1, 1, 1, 1, 1, 1, 1, 1, 1, 1, 1, 1, 1, 1, 1, 1, 1, 1, 1, 1, 1, 1, 1, 1, 1, 1, 1, 1, 1, 1, 1, 1, 1, 1, 1, 1, 1, 1, 1, 1, 1, 1, 1, 1, 1, 1, 1, 1, 1, 1, 1, 1, 1, 1, 1, 1, 1, 1, 1, 1, 1, 1, 1, 1, 1, 1, 1, 1, 1, 1, 1, 1, 1, 1, 1, 1, 1, 1, 1, 1, 1, 1, 1, 1, 1, 1, 1, 1, 1, 1, 1, 1]
Lee profile after BKZ: [781, 138, 24, 6, 4, 1, 1, 2, 1, 1, 1, 1, 1, 1, 1, 1, 1, 1, 1, 1, 1, 1, 1, 1, 1, 1, 1, 1, 1, 1, 1, 1, 1, 1, 1, 1, 1, 1, 1, 1, 1, 1, 1, 1, 1, 1, 1, 1, 1, 1, 1, 1, 1, 1, 1, 1, 1, 1, 1, 1, 1, 1, 1, 1, 1, 1, 1, 1, 1, 1, 1, 1, 1, 1, 1, 1, 1, 1, 1, 1, 1, 1, 1, 1, 1, 1, 1, 1, 1, 1, 1, 1, 1, 1, 1, 1, 1, 1, 1, 1, 1, 1, 1, 1, 1, 1, 1, 1, 1, 1, 1, 1, 1, 1, 1, 1, 1, 1, 1, 1, 1, 1, 1, 1, 1, 1, 1, 1, 1, 1, 1, 1, 1, 1, 1, 1, 1, 1, 1, 1, 1, 1, 1, 1, 1, 1, 1, 1, 1, 1, 1, 1, 1, 1, 1, 1, 1, 1, 1, 1, 1, 1, 1, 1, 1, 1, 1, 1, 1, 1, 1, 1, 1, 1, 1, 1, 1, 1, 1, 1, 1, 1, 1, 1, 1, 1, 1, 1, 1, 1, 1, 1, 1, 1, 1, 1, 1, 1, 1, 1, 1, 1, 1, 1, 1, 1, 1, 1, 1, 1, 1, 1, 1, 1, 1, 1, 1, 1, 1, 1, 1, 1, 1, 1, 1, 1, 1, 1, 1, 1, 1, 1, 1, 1, 1, 1, 1, 1, 1, 1, 1, 1, 1, 1, 1, 1, 1, 1, 1, 1, 1, 1, 1, 1, 1, 1, 1, 1, 1, 1, 1, 1, 1, 1, 1, 1, 1, 1, 1, 1, 1, 1, 1, 1, 1, 1, 1, 1, 1, 1, 1, 1, 1, 1, 1, 1, 1, 1, 1, 1, 1, 1, 1, 1, 1, 1, 1, 1, 1, 1, 1, 1, 1, 1, 1, 1, 1, 1, 1, 1, 1, 1, 1, 1, 1, 1, 1, 1, 1, 1, 1, 1, 1, 1, 1, 1, 1, 1, 1, 1, 1, 1, 1, 1, 1, 1, 1, 1, 1, 1, 1, 1, 1, 1, 1, 1, 1, 1, 1, 1, 1, 1, 1, 1, 1, 1, 1, 1, 1, 1, 1, 1, 1, 1, 1, 1, 1, 1, 1, 1, 1, 1, 1, 1, 1, 1, 1, 1, 1, 1, 1, 1, 1, 1, 1, 1, 1, 1, 1, 1, 1, 1, 1, 1, 1, 1, 1, 1, 1, 1, 1, 1, 1, 1, 1, 1, 1, 1, 1, 1, 1, 1, 1, 1, 1, 1, 1, 1, 1, 1, 1, 1, 1, 1, 1, 1, 1, 1, 1, 1, 1, 1, 1, 1, 1, 1, 1, 1, 1, 1, 1, 1, 1, 1, 1, 1, 1, 1, 1, 1, 1, 1, 1, 1, 1, 1, 1, 1, 1, 1, 1, 1, 1, 1, 1, 1, 1, 1, 1, 1, 1, 1, 1, 1, 1, 1, 1, 1, 1, 1, 1, 1, 1, 1, 1, 1, 1, 1, 1, 1, 1, 1, 1, 1, 1, 1, 1, 1, 1, 1, 1, 1, 1, 1, 1, 1, 1, 1, 1, 1, 1, 1]
409<=B_red[0].wtL<=1227
B_red[0].wtH=409, B_red[0].wtL=781

Hamming profile: [443, 62, 9, 1, 1, 2, 1, 1, 1, 1, 1, 1, 1, 1, 1, 1, 1, 1, 1, 1, 1, 1, 1, 1, 1, 1, 1, 1, 1, 1, 1, 1, 1, 1, 1, 1, 1, 1, 1, 1, 1, 1, 1, 1, 1, 1, 1, 1, 1, 1, 1, 1, 1, 1, 1, 1, 1, 1, 1, 1, 1, 1, 1, 1, 1, 1, 1, 1, 1, 1, 1, 1, 1, 1, 1, 1, 1, 1, 1, 1, 1, 1, 1, 1, 1, 1, 1, 1, 1, 1, 1, 1, 1, 1, 1, 1, 1, 1, 1, 1, 1, 1, 1, 1, 1, 1, 1, 1, 1, 1, 1, 1, 1, 1, 1, 1, 1, 1, 1, 1, 1, 1, 1, 1, 1, 1, 1, 1, 1, 1, 1, 1, 1, 1, 1, 1, 1, 1, 1, 1, 1, 1, 1, 1, 1, 1, 1, 1, 1, 1, 1, 1, 1, 1, 1, 1, 1, 1, 1, 1, 1, 1, 1, 1, 1, 1, 1, 1, 1, 1, 1, 1, 1, 1, 1, 1, 1, 1, 1, 1, 1, 1, 1, 1, 1, 1, 1, 1, 1, 1, 1, 1, 1, 1, 1, 1, 1, 1, 1, 1, 1, 1, 1, 1, 1, 1, 1, 1, 1, 1, 1, 1, 1, 1, 1, 1, 1, 1, 1, 1, 1, 1, 1, 1, 1, 1, 1, 1, 1, 1, 1, 1, 1, 1, 1, 1, 1, 1, 1, 1, 1, 1, 1, 1, 1, 1, 1, 1, 1, 1, 1, 1, 1, 1, 1, 1, 1, 1, 1, 1, 1, 1, 1, 1, 1, 1, 1, 1, 1, 1, 1, 1, 1, 1, 1, 1, 1, 1, 1, 1, 1, 1, 1, 1, 1, 1, 1, 1, 1, 1, 1, 1, 1, 1, 1, 1, 1, 1, 1, 1, 1, 1, 1, 1, 1, 1, 1, 1, 1, 1, 1, 1, 1, 1, 1, 1, 1, 1, 1, 1, 1, 1, 1, 1, 1, 1, 1, 1, 1, 1, 1, 1, 1, 1, 1, 1, 1, 1, 1, 1, 1, 1, 1, 1, 1, 1, 1, 1, 1, 1, 1, 1, 1, 1, 1, 1, 1, 1, 1, 1, 1, 1, 1, 1, 1, 1, 1, 1, 1, 1, 1, 1, 1, 1, 1, 1, 1, 1, 1, 1, 1, 1, 1, 1, 1, 1, 1, 1, 1, 1, 1, 1, 1, 1, 1, 1, 1, 1, 1, 1, 1, 1, 1, 1, 1, 1, 1, 1, 1, 1, 1, 1, 1, 1, 1, 1, 1, 1, 1, 1, 1, 1, 1, 1, 1, 1, 1, 1, 1, 1, 1, 1, 1, 1, 1, 1, 1, 1, 1, 1, 1, 1, 1, 1, 1, 1, 1, 1, 1, 1, 1, 1, 1, 1, 1, 1, 1, 1, 1, 1, 1, 1, 1, 1, 1, 1, 1, 1, 1, 1, 1, 1, 1, 1, 1, 1, 1, 1, 1, 1, 1, 1, 1, 1, 1, 1, 1, 1, 1, 1, 1, 1, 1, 1, 1, 1, 1, 1, 1, 1, 1, 1, 1, 1, 1, 1, 1, 1, 1, 1, 1, 1]
Lee profile: [879, 117, 20, 1, 1, 3, 1, 1, 1, 1, 1, 1, 1, 1, 1, 1, 1, 1, 1, 1, 1, 1, 1, 1, 1, 1, 1, 1, 1, 1, 1, 1, 1, 1, 1, 1, 1, 1, 1, 1, 1, 1, 1, 1, 1, 1, 1, 1, 1, 1, 1, 1, 1, 1, 1, 1, 1, 1, 1, 1, 1, 1, 1, 1, 1, 1, 1, 1, 1, 1, 1, 1, 1, 1, 1, 1, 1, 1, 1, 1, 1, 1, 1, 1, 1, 1, 1, 1, 1, 1, 1, 1, 1, 1, 1, 1, 1, 1, 1, 1, 1, 1, 1, 1, 1, 1, 1, 1, 1, 1, 1, 1, 1, 1, 1, 1, 1, 1, 1, 1, 1, 1, 1, 1, 1, 1, 1, 1, 1, 1, 1, 1, 1, 1, 1, 1, 1, 1, 1, 1, 1, 1, 1, 1, 1, 1, 1, 1, 1, 1, 1, 1, 1, 1, 1, 1, 1, 1, 1, 1, 1, 1, 1, 1, 1, 1, 1, 1, 1, 1, 1, 1, 1, 1, 1, 1, 1, 1, 1, 1, 1, 1, 1, 1, 1, 1, 1, 1, 1, 1, 1, 1, 1, 1, 1, 1, 1, 1, 1, 1, 1, 1, 1, 1, 1, 1, 1, 1, 1, 1, 1, 1, 1, 1, 1, 1, 1, 1, 1, 1, 1, 1, 1, 1, 1, 1, 1, 1, 1, 1, 1, 1, 1, 1, 1, 1, 1, 1, 1, 1, 1, 1, 1, 1, 1, 1, 1, 1, 1, 1, 1, 1, 1, 1, 1, 1, 1, 1, 1, 1, 1, 1, 1, 1, 1, 1, 1, 1, 1, 1, 1, 1, 1, 1, 1, 1, 1, 1, 1, 1, 1, 1, 1, 1, 1, 1, 1, 1, 1, 1, 1, 1, 1, 1, 1, 1, 1, 1, 1, 1, 1, 1, 1, 1, 1, 1, 1, 1, 1, 1, 1, 1, 1, 1, 1, 1, 1, 1, 1, 1, 1, 1, 1, 1, 1, 1, 1, 1, 1, 1, 1, 1, 1, 1, 1, 1, 1, 1, 1, 1, 1, 1, 1, 1, 1, 1, 1, 1, 1, 1, 1, 1, 1, 1, 1, 1, 1, 1, 1, 1, 1, 1, 1, 1, 1, 1, 1, 1, 1, 1, 1, 1, 1, 1, 1, 1, 1, 1, 1, 1, 1, 1, 1, 1, 1, 1, 1, 1, 1, 1, 1, 1, 1, 1, 1, 1, 1, 1, 1, 1, 1, 1, 1, 1, 1, 1, 1, 1, 1, 1, 1, 1, 1, 1, 1, 1, 1, 1, 1, 1, 1, 1, 1, 1, 1, 1, 1, 1, 1, 1, 1, 1, 1, 1, 1, 1, 1, 1, 1, 1, 1, 1, 1, 1, 1, 1, 1, 1, 1, 1, 1, 1, 1, 1, 1, 1, 1, 1, 1, 1, 1, 1, 1, 1, 1, 1, 1, 1, 1, 1, 1, 1, 1, 1, 1, 1, 1, 1, 1, 1, 1, 1, 1, 1, 1, 1, 1, 1, 1, 1, 1, 1, 1, 1, 1, 1, 1, 1, 1, 1, 1, 1, 1, 1, 1, 1, 1, 1, 1, 1, 1, 1]
443<=B[0].wtL<=1329
B[0].wtH=443, B[0].wtL=879

--- LeeBKZ with beta=5, bkz with minimum_lee_wt_codeword (may be non-primitive) ---
[LEEbkz:MW_Codeword_LEE:0.026961803436279297 sec.]
[LEEbkz:MW_Codeword_LEE:0.01927351951599121 sec.]
[LEEbkz:MW_Codeword_LEE:0.02628612518310547 sec.]
[LEEbkz:MW_Codeword_LEE:0.019099950790405273 sec.]
[LEEbkz:MW_Codeword_LEE:0.017188310623168945 sec.]
[LEEbkz:MW_Codeword_LEE:0.026593685150146484 sec.]
[LEEbkz:MW_Codeword_LEE:0.01905345916748047 sec.]
[LEEbkz:MW_Codeword_LEE:0.01770639419555664 sec.]
[LEEbkz:MW_Codeword_LEE:0.017231464385986328 sec.]
[LEEbkz:MW_Codeword_LEE:0.026369810104370117 sec.]
[LEEbkz:MW_Codeword_LEE:0.01947617530822754 sec.]
[LEEbkz:MW_Codeword_LEE:0.02665853500366211 sec.]
[LEEbkz:MW_Codeword_LEE:0.019013166427612305 sec.]
[LEEbkz:MW_Codeword_LEE:0.017094850540161133 sec.]
[LEEbkz:MW_Codeword_LEE:0.02641439437866211 sec.]
[LEEbkz:MW_Codeword_LEE:0.019448280334472656 sec.]
[LEEbkz:MW_Codeword_LEE:0.017130374908447266 sec.]
[LEEbkz:MW_Codeword_LEE:0.016959190368652344 sec.]
[LEEbkz:MW_Codeword_LEE:0.026467323303222656 sec.]
[LEEbkz:MW_Codeword_LEE:0.019311904907226562 sec.]
[LEEbkz:MW_Codeword_LEE:0.027247905731201172 sec.]
[LEEbkz:MW_Codeword_LEE:0.018807411193847656 sec.]
[LEEbkz:MW_Codeword_LEE:0.01724982261657715 sec.]
[LEEbkz:MW_Codeword_LEE:0.026471853256225586 sec.]
[LEEbkz:MW_Codeword_LEE:0.01893782615661621 sec.]
[LEEbkz:MW_Codeword_LEE:0.02687549591064453 sec.]
[LEEbkz:MW_Codeword_LEE:0.01904892921447754 sec.]
[LEEbkz:MW_Codeword_LEE:0.01756763458251953 sec.]
[LEEbkz:MW_Codeword_LEE:0.02670764923095703 sec.]
[LEEbkz:MW_Codeword_LEE:0.019022226333618164 sec.]
[LEEbkz:MW_Codeword_LEE:0.026906490325927734 sec.]
[LEEbkz:MW_Codeword_LEE:0.01970052719116211 sec.]
[LEEbkz:MW_Codeword_LEE:0.017747879028320312 sec.]
[LEEbkz:MW_Codeword_LEE:0.026308774948120117 sec.]
[LEEbkz:MW_Codeword_LEE:0.019162893295288086 sec.]
[LEEbkz:MW_Codeword_LEE:0.01817488670349121 sec.]
[LEEbkz:MW_Codeword_LEE:0.01708221435546875 sec.]
[LEEbkz:MW_Codeword_LEE:0.02671337127685547 sec.]
[LEEbkz:MW_Codeword_LEE:0.01906871795654297 sec.]
[LEEbkz:MW_Codeword_LEE:0.017448902130126953 sec.]
[LEEbkz:MW_Codeword_LEE:0.01734137535095215 sec.]
[LEEbkz:MW_Codeword_LEE:0.017380237579345703 sec.]
[LEEbkz:MW_Codeword_LEE:0.026543140411376953 sec.]
[LEEbkz:MW_Codeword_LEE:0.019066572189331055 sec.]
[LEEbkz:MW_Codeword_LEE:0.01732921600341797 sec.]
[LEEbkz:MW_Codeword_LEE:0.017030000686645508 sec.]
[LEEbkz:MW_Codeword_LEE:0.017441987991333008 sec.]
[LEEbkz:MW_Codeword_LEE:0.017311811447143555 sec.]
[LEEbkz:MW_Codeword_LEE:0.01973438262939453 sec.]
[LEEbkz:MW_Codeword_LEE:0.01721787452697754 sec.]
[LEEbkz:MW_Codeword_LEE:0.017012834548950195 sec.]
[LEEbkz:MW_Codeword_LEE:0.016797304153442383 sec.]
[LEEbkz:MW_Codeword_LEE:0.016783475875854492 sec.]
[LEEbkz:MW_Codeword_LEE:0.016711950302124023 sec.]
[LEEbkz:MW_Codeword_LEE:0.01755499839782715 sec.]
[LEEbkz:MW_Codeword_LEE:0.01700615882873535 sec.]
[LEEbkz:MW_Codeword_LEE:0.01682758331298828 sec.]
[LEEbkz:MW_Codeword_LEE:0.016761064529418945 sec.]
[LEEbkz:MW_Codeword_LEE:0.017013072967529297 sec.]
[LEEbkz:MW_Codeword_LEE:0.017084598541259766 sec.]
[LEEbkz:MW_Codeword_LEE:0.016823530197143555 sec.]
[LEEbkz:MW_Codeword_LEE:0.016909122467041016 sec.]
Hamming profile after BKZ: [419, 73, 15, 7, 2, 2, 1, 1, 1, 1, 1, 1, 1, 1, 1, 1, 1, 1, 1, 1, 1, 1, 1, 1, 1, 1, 1, 1, 1, 1, 1, 1, 1, 1, 1, 1, 1, 1, 1, 1, 1, 1, 1, 1, 1, 1, 1, 1, 1, 1, 1, 1, 1, 1, 1, 1, 1, 1, 1, 1, 1, 1, 1, 1, 1, 1, 1, 1, 1, 1, 1, 1, 1, 1, 1, 1, 1, 1, 1, 1, 1, 1, 1, 1, 1, 1, 1, 1, 1, 1, 1, 1, 1, 1, 1, 1, 1, 1, 1, 1, 1, 1, 1, 1, 1, 1, 1, 1, 1, 1, 1, 1, 1, 1, 1, 1, 1, 1, 1, 1, 1, 1, 1, 1, 1, 1, 1, 1, 1, 1, 1, 1, 1, 1, 1, 1, 1, 1, 1, 1, 1, 1, 1, 1, 1, 1, 1, 1, 1, 1, 1, 1, 1, 1, 1, 1, 1, 1, 1, 1, 1, 1, 1, 1, 1, 1, 1, 1, 1, 1, 1, 1, 1, 1, 1, 1, 1, 1, 1, 1, 1, 1, 1, 1, 1, 1, 1, 1, 1, 1, 1, 1, 1, 1, 1, 1, 1, 1, 1, 1, 1, 1, 1, 1, 1, 1, 1, 1, 1, 1, 1, 1, 1, 1, 1, 1, 1, 1, 1, 1, 1, 1, 1, 1, 1, 1, 1, 1, 1, 1, 1, 1, 1, 1, 1, 1, 1, 1, 1, 1, 1, 1, 1, 1, 1, 1, 1, 1, 1, 1, 1, 1, 1, 1, 1, 1, 1, 1, 1, 1, 1, 1, 1, 1, 1, 1, 1, 1, 1, 1, 1, 1, 1, 1, 1, 1, 1, 1, 1, 1, 1, 1, 1, 1, 1, 1, 1, 1, 1, 1, 1, 1, 1, 1, 1, 1, 1, 1, 1, 1, 1, 1, 1, 1, 1, 1, 1, 1, 1, 1, 1, 1, 1, 1, 1, 1, 1, 1, 1, 1, 1, 1, 1, 1, 1, 1, 1, 1, 1, 1, 1, 1, 1, 1, 1, 1, 1, 1, 1, 1, 1, 1, 1, 1, 1, 1, 1, 1, 1, 1, 1, 1, 1, 1, 1, 1, 1, 1, 1, 1, 1, 1, 1, 1, 1, 1, 1, 1, 1, 1, 1, 1, 1, 1, 1, 1, 1, 1, 1, 1, 1, 1, 1, 1, 1, 1, 1, 1, 1, 1, 1, 1, 1, 1, 1, 1, 1, 1, 1, 1, 1, 1, 1, 1, 1, 1, 1, 1, 1, 1, 1, 1, 1, 1, 1, 1, 1, 1, 1, 1, 1, 1, 1, 1, 1, 1, 1, 1, 1, 1, 1, 1, 1, 1, 1, 1, 1, 1, 1, 1, 1, 1, 1, 1, 1, 1, 1, 1, 1, 1, 1, 1, 1, 1, 1, 1, 1, 1, 1, 1, 1, 1, 1, 1, 1, 1, 1, 1, 1, 1, 1, 1, 1, 1, 1, 1, 1, 1, 1, 1, 1, 1, 1, 1, 1, 1, 1, 1, 1, 1, 1, 1, 1, 1, 1, 1, 1, 1, 1, 1, 1, 1, 1, 1, 1, 1, 1, 1, 1, 1, 1, 1]
Lee profile after BKZ: [792, 129, 25, 10, 3, 2, 1, 1, 1, 1, 1, 1, 1, 1, 1, 1, 1, 1, 1, 1, 1, 1, 1, 1, 1, 1, 1, 1, 1, 1, 1, 1, 1, 1, 1, 1, 1, 1, 1, 1, 1, 1, 1, 1, 1, 1, 1, 1, 1, 1, 1, 1, 1, 1, 1, 1, 1, 1, 1, 1, 1, 1, 1, 1, 1, 1, 1, 1, 1, 1, 1, 1, 1, 1, 1, 1, 1, 1, 1, 1, 1, 1, 1, 1, 1, 1, 1, 1, 1, 1, 1, 1, 1, 1, 1, 1, 1, 1, 1, 1, 1, 1, 1, 1, 1, 1, 1, 1, 1, 1, 1, 1, 1, 1, 1, 1, 1, 1, 1, 1, 1, 1, 1, 1, 1, 1, 1, 1, 1, 1, 1, 1, 1, 1, 1, 1, 1, 1, 1, 1, 1, 1, 1, 1, 1, 1, 1, 1, 1, 1, 1, 1, 1, 1, 1, 1, 1, 1, 1, 1, 1, 1, 1, 1, 1, 1, 1, 1, 1, 1, 1, 1, 1, 1, 1, 1, 1, 1, 1, 1, 1, 1, 1, 1, 1, 1, 1, 1, 1, 1, 1, 1, 1, 1, 1, 1, 1, 1, 1, 1, 1, 1, 1, 1, 1, 1, 1, 1, 1, 1, 1, 1, 1, 1, 1, 1, 1, 1, 1, 1, 1, 1, 1, 1, 1, 1, 1, 1, 1, 1, 1, 1, 1, 1, 1, 1, 1, 1, 1, 1, 1, 1, 1, 1, 1, 1, 1, 1, 1, 1, 1, 1, 1, 1, 1, 1, 1, 1, 1, 1, 1, 1, 1, 1, 1, 1, 1, 1, 1, 1, 1, 1, 1, 1, 1, 1, 1, 1, 1, 1, 1, 1, 1, 1, 1, 1, 1, 1, 1, 1, 1, 1, 1, 1, 1, 1, 1, 1, 1, 1, 1, 1, 1, 1, 1, 1, 1, 1, 1, 1, 1, 1, 1, 1, 1, 1, 1, 1, 1, 1, 1, 1, 1, 1, 1, 1, 1, 1, 1, 1, 1, 1, 1, 1, 1, 1, 1, 1, 1, 1, 1, 1, 1, 1, 1, 1, 1, 1, 1, 1, 1, 1, 1, 1, 1, 1, 1, 1, 1, 1, 1, 1, 1, 1, 1, 1, 1, 1, 1, 1, 1, 1, 1, 1, 1, 1, 1, 1, 1, 1, 1, 1, 1, 1, 1, 1, 1, 1, 1, 1, 1, 1, 1, 1, 1, 1, 1, 1, 1, 1, 1, 1, 1, 1, 1, 1, 1, 1, 1, 1, 1, 1, 1, 1, 1, 1, 1, 1, 1, 1, 1, 1, 1, 1, 1, 1, 1, 1, 1, 1, 1, 1, 1, 1, 1, 1, 1, 1, 1, 1, 1, 1, 1, 1, 1, 1, 1, 1, 1, 1, 1, 1, 1, 1, 1, 1, 1, 1, 1, 1, 1, 1, 1, 1, 1, 1, 1, 1, 1, 1, 1, 1, 1, 1, 1, 1, 1, 1, 1, 1, 1, 1, 1, 1, 1, 1, 1, 1, 1, 1, 1, 1, 1, 1, 1, 1, 1, 1, 1, 1, 1, 1, 1, 1, 1, 1, 1, 1, 1, 1, 1, 1]
419<=B_red[0].wtL<=1257
B_red[0].wtH=419, B_red[0].wtL=792

Hamming profile: [437, 68, 9, 2, 1, 1, 1, 1, 1, 1, 1, 1, 1, 1, 1, 1, 1, 1, 1, 1, 1, 1, 1, 1, 1, 1, 1, 1, 1, 1, 1, 1, 1, 1, 1, 1, 1, 1, 1, 1, 1, 1, 1, 1, 1, 1, 1, 1, 1, 1, 1, 1, 1, 1, 1, 1, 1, 1, 1, 1, 1, 1, 1, 1, 1, 1, 1, 1, 1, 1, 1, 1, 1, 1, 1, 1, 1, 1, 1, 1, 1, 1, 1, 1, 1, 1, 1, 1, 1, 1, 1, 1, 1, 1, 1, 1, 1, 1, 1, 1, 1, 1, 1, 1, 1, 1, 1, 1, 1, 1, 1, 1, 1, 1, 1, 1, 1, 1, 1, 1, 1, 1, 1, 1, 1, 1, 1, 1, 1, 1, 1, 1, 1, 1, 1, 1, 1, 1, 1, 1, 1, 1, 1, 1, 1, 1, 1, 1, 1, 1, 1, 1, 1, 1, 1, 1, 1, 1, 1, 1, 1, 1, 1, 1, 1, 1, 1, 1, 1, 1, 1, 1, 1, 1, 1, 1, 1, 1, 1, 1, 1, 1, 1, 1, 1, 1, 1, 1, 1, 1, 1, 1, 1, 1, 1, 1, 1, 1, 1, 1, 1, 1, 1, 1, 1, 1, 1, 1, 1, 1, 1, 1, 1, 1, 1, 1, 1, 1, 1, 1, 1, 1, 1, 1, 1, 1, 1, 1, 1, 1, 1, 1, 1, 1, 1, 1, 1, 1, 1, 1, 1, 1, 1, 1, 1, 1, 1, 1, 1, 1, 1, 1, 1, 1, 1, 1, 1, 1, 1, 1, 1, 1, 1, 1, 1, 1, 1, 1, 1, 1, 1, 1, 1, 1, 1, 1, 1, 1, 1, 1, 1, 1, 1, 1, 1, 1, 1, 1, 1, 1, 1, 1, 1, 1, 1, 1, 1, 1, 1, 1, 1, 1, 1, 1, 1, 1, 1, 1, 1, 1, 1, 1, 1, 1, 1, 1, 1, 1, 1, 1, 1, 1, 1, 1, 1, 1, 1, 1, 1, 1, 1, 1, 1, 1, 1, 1, 1, 1, 1, 1, 1, 1, 1, 1, 1, 1, 1, 1, 1, 1, 1, 1, 1, 1, 1, 1, 1, 1, 1, 1, 1, 1, 1, 1, 1, 1, 1, 1, 1, 1, 1, 1, 1, 1, 1, 1, 1, 1, 1, 1, 1, 1, 1, 1, 1, 1, 1, 1, 1, 1, 1, 1, 1, 1, 1, 1, 1, 1, 1, 1, 1, 1, 1, 1, 1, 1, 1, 1, 1, 1, 1, 1, 1, 1, 1, 1, 1, 1, 1, 1, 1, 1, 1, 1, 1, 1, 1, 1, 1, 1, 1, 1, 1, 1, 1, 1, 1, 1, 1, 1, 1, 1, 1, 1, 1, 1, 1, 1, 1, 1, 1, 1, 1, 1, 1, 1, 1, 1, 1, 1, 1, 1, 1, 1, 1, 1, 1, 1, 1, 1, 1, 1, 1, 1, 1, 1, 1, 1, 1, 1, 1, 1, 1, 1, 1, 1, 1, 1, 1, 1, 1, 1, 1, 1, 1, 1, 1, 1, 1, 1, 1, 1, 1, 1, 1, 1, 1, 1, 1, 1, 1, 1]
Lee profile: [867, 132, 20, 4, 1, 1, 1, 1, 1, 1, 1, 1, 1, 1, 1, 1, 1, 1, 1, 1, 1, 1, 1, 1, 1, 1, 1, 1, 1, 1, 1, 1, 1, 1, 1, 1, 1, 1, 1, 1, 1, 1, 1, 1, 1, 1, 1, 1, 1, 1, 1, 1, 1, 1, 1, 1, 1, 1, 1, 1, 1, 1, 1, 1, 1, 1, 1, 1, 1, 1, 1, 1, 1, 1, 1, 1, 1, 1, 1, 1, 1, 1, 1, 1, 1, 1, 1, 1, 1, 1, 1, 1, 1, 1, 1, 1, 1, 1, 1, 1, 1, 1, 1, 1, 1, 1, 1, 1, 1, 1, 1, 1, 1, 1, 1, 1, 1, 1, 1, 1, 1, 1, 1, 1, 1, 1, 1, 1, 1, 1, 1, 1, 1, 1, 1, 1, 1, 1, 1, 1, 1, 1, 1, 1, 1, 1, 1, 1, 1, 1, 1, 1, 1, 1, 1, 1, 1, 1, 1, 1, 1, 1, 1, 1, 1, 1, 1, 1, 1, 1, 1, 1, 1, 1, 1, 1, 1, 1, 1, 1, 1, 1, 1, 1, 1, 1, 1, 1, 1, 1, 1, 1, 1, 1, 1, 1, 1, 1, 1, 1, 1, 1, 1, 1, 1, 1, 1, 1, 1, 1, 1, 1, 1, 1, 1, 1, 1, 1, 1, 1, 1, 1, 1, 1, 1, 1, 1, 1, 1, 1, 1, 1, 1, 1, 1, 1, 1, 1, 1, 1, 1, 1, 1, 1, 1, 1, 1, 1, 1, 1, 1, 1, 1, 1, 1, 1, 1, 1, 1, 1, 1, 1, 1, 1, 1, 1, 1, 1, 1, 1, 1, 1, 1, 1, 1, 1, 1, 1, 1, 1, 1, 1, 1, 1, 1, 1, 1, 1, 1, 1, 1, 1, 1, 1, 1, 1, 1, 1, 1, 1, 1, 1, 1, 1, 1, 1, 1, 1, 1, 1, 1, 1, 1, 1, 1, 1, 1, 1, 1, 1, 1, 1, 1, 1, 1, 1, 1, 1, 1, 1, 1, 1, 1, 1, 1, 1, 1, 1, 1, 1, 1, 1, 1, 1, 1, 1, 1, 1, 1, 1, 1, 1, 1, 1, 1, 1, 1, 1, 1, 1, 1, 1, 1, 1, 1, 1, 1, 1, 1, 1, 1, 1, 1, 1, 1, 1, 1, 1, 1, 1, 1, 1, 1, 1, 1, 1, 1, 1, 1, 1, 1, 1, 1, 1, 1, 1, 1, 1, 1, 1, 1, 1, 1, 1, 1, 1, 1, 1, 1, 1, 1, 1, 1, 1, 1, 1, 1, 1, 1, 1, 1, 1, 1, 1, 1, 1, 1, 1, 1, 1, 1, 1, 1, 1, 1, 1, 1, 1, 1, 1, 1, 1, 1, 1, 1, 1, 1, 1, 1, 1, 1, 1, 1, 1, 1, 1, 1, 1, 1, 1, 1, 1, 1, 1, 1, 1, 1, 1, 1, 1, 1, 1, 1, 1, 1, 1, 1, 1, 1, 1, 1, 1, 1, 1, 1, 1, 1, 1, 1, 1, 1, 1, 1, 1, 1, 1, 1, 1, 1, 1, 1, 1, 1, 1, 1, 1, 1, 1, 1, 1, 1, 1]
437<=B[0].wtL<=1311
B[0].wtH=437, B[0].wtL=867

--- LeeBKZ with beta=5, bkz with minimum_lee_wt_codeword (may be non-primitive) ---
[LEEbkz:MW_Codeword_LEE:0.026865720748901367 sec.]
[LEEbkz:MW_Codeword_LEE:0.0193178653717041 sec.]
[LEEbkz:MW_Codeword_LEE:0.026695728302001953 sec.]
[LEEbkz:MW_Codeword_LEE:0.018993139266967773 sec.]
[LEEbkz:MW_Codeword_LEE:0.026485919952392578 sec.]
[LEEbkz:MW_Codeword_LEE:0.0191190242767334 sec.]
[LEEbkz:MW_Codeword_LEE:0.017522096633911133 sec.]
[LEEbkz:MW_Codeword_LEE:0.026294946670532227 sec.]
[LEEbkz:MW_Codeword_LEE:0.01909160614013672 sec.]
[LEEbkz:MW_Codeword_LEE:0.017209768295288086 sec.]
[LEEbkz:MW_Codeword_LEE:0.016919374465942383 sec.]
[LEEbkz:MW_Codeword_LEE:0.026410341262817383 sec.]
[LEEbkz:MW_Codeword_LEE:0.0193023681640625 sec.]
[LEEbkz:MW_Codeword_LEE:0.017648935317993164 sec.]
[LEEbkz:MW_Codeword_LEE:0.01683831214904785 sec.]
[LEEbkz:MW_Codeword_LEE:0.016574859619140625 sec.]
[LEEbkz:MW_Codeword_LEE:0.0267484188079834 sec.]
[LEEbkz:MW_Codeword_LEE:0.01892542839050293 sec.]
[LEEbkz:MW_Codeword_LEE:0.026146411895751953 sec.]
[LEEbkz:MW_Codeword_LEE:0.018941164016723633 sec.]
[LEEbkz:MW_Codeword_LEE:0.01771068572998047 sec.]
[LEEbkz:MW_Codeword_LEE:0.026342391967773438 sec.]
[LEEbkz:MW_Codeword_LEE:0.018846988677978516 sec.]
[LEEbkz:MW_Codeword_LEE:0.01716756820678711 sec.]
[LEEbkz:MW_Codeword_LEE:0.016796588897705078 sec.]
[LEEbkz:MW_Codeword_LEE:0.026432275772094727 sec.]
[LEEbkz:MW_Codeword_LEE:0.01928234100341797 sec.]
[LEEbkz:MW_Codeword_LEE:0.01714468002319336 sec.]
[LEEbkz:MW_Codeword_LEE:0.01691603660583496 sec.]
[LEEbkz:MW_Codeword_LEE:0.016535520553588867 sec.]
[LEEbkz:MW_Codeword_LEE:0.026249170303344727 sec.]
[LEEbkz:MW_Codeword_LEE:0.01941394805908203 sec.]
[LEEbkz:MW_Codeword_LEE:0.017447471618652344 sec.]
[LEEbkz:MW_Codeword_LEE:0.017086505889892578 sec.]
[LEEbkz:MW_Codeword_LEE:0.01679205894470215 sec.]
[LEEbkz:MW_Codeword_LEE:0.016854286193847656 sec.]
[LEEbkz:MW_Codeword_LEE:0.01902627944946289 sec.]
[LEEbkz:MW_Codeword_LEE:0.017598867416381836 sec.]
[LEEbkz:MW_Codeword_LEE:0.01700735092163086 sec.]
[LEEbkz:MW_Codeword_LEE:0.016967058181762695 sec.]
[LEEbkz:MW_Codeword_LEE:0.01735854148864746 sec.]
[LEEbkz:MW_Codeword_LEE:0.017460346221923828 sec.]
[LEEbkz:MW_Codeword_LEE:0.01706838607788086 sec.]
[LEEbkz:MW_Codeword_LEE:0.026852846145629883 sec.]
[LEEbkz:MW_Codeword_LEE:0.01950693130493164 sec.]
[LEEbkz:MW_Codeword_LEE:0.017517805099487305 sec.]
[LEEbkz:MW_Codeword_LEE:0.017085790634155273 sec.]
[LEEbkz:MW_Codeword_LEE:0.016763687133789062 sec.]
[LEEbkz:MW_Codeword_LEE:0.0267026424407959 sec.]
[LEEbkz:MW_Codeword_LEE:0.018984556198120117 sec.]
[LEEbkz:MW_Codeword_LEE:0.017480134963989258 sec.]
[LEEbkz:MW_Codeword_LEE:0.017355918884277344 sec.]
[LEEbkz:MW_Codeword_LEE:0.01720738410949707 sec.]
[LEEbkz:MW_Codeword_LEE:0.019285202026367188 sec.]
[LEEbkz:MW_Codeword_LEE:0.01734471321105957 sec.]
[LEEbkz:MW_Codeword_LEE:0.016857385635375977 sec.]
[LEEbkz:MW_Codeword_LEE:0.01715850830078125 sec.]
[LEEbkz:MW_Codeword_LEE:0.01750349998474121 sec.]
[LEEbkz:MW_Codeword_LEE:0.017380475997924805 sec.]
[LEEbkz:MW_Codeword_LEE:0.016770362854003906 sec.]
[LEEbkz:MW_Codeword_LEE:0.017283201217651367 sec.]
[LEEbkz:MW_Codeword_LEE:0.01699995994567871 sec.]
[LEEbkz:MW_Codeword_LEE:0.017034530639648438 sec.]
[LEEbkz:MW_Codeword_LEE:0.016893625259399414 sec.]
[LEEbkz:MW_Codeword_LEE:0.017206907272338867 sec.]
Hamming profile after BKZ: [419, 73, 16, 7, 1, 1, 1, 2, 1, 1, 1, 1, 1, 1, 1, 1, 1, 1, 1, 1, 1, 1, 1, 1, 1, 1, 1, 1, 1, 1, 1, 1, 1, 1, 1, 1, 1, 1, 1, 1, 1, 1, 1, 1, 1, 1, 1, 1, 1, 1, 1, 1, 1, 1, 1, 1, 1, 1, 1, 1, 1, 1, 1, 1, 1, 1, 1, 1, 1, 1, 1, 1, 1, 1, 1, 1, 1, 1, 1, 1, 1, 1, 1, 1, 1, 1, 1, 1, 1, 1, 1, 1, 1, 1, 1, 1, 1, 1, 1, 1, 1, 1, 1, 1, 1, 1, 1, 1, 1, 1, 1, 1, 1, 1, 1, 1, 1, 1, 1, 1, 1, 1, 1, 1, 1, 1, 1, 1, 1, 1, 1, 1, 1, 1, 1, 1, 1, 1, 1, 1, 1, 1, 1, 1, 1, 1, 1, 1, 1, 1, 1, 1, 1, 1, 1, 1, 1, 1, 1, 1, 1, 1, 1, 1, 1, 1, 1, 1, 1, 1, 1, 1, 1, 1, 1, 1, 1, 1, 1, 1, 1, 1, 1, 1, 1, 1, 1, 1, 1, 1, 1, 1, 1, 1, 1, 1, 1, 1, 1, 1, 1, 1, 1, 1, 1, 1, 1, 1, 1, 1, 1, 1, 1, 1, 1, 1, 1, 1, 1, 1, 1, 1, 1, 1, 1, 1, 1, 1, 1, 1, 1, 1, 1, 1, 1, 1, 1, 1, 1, 1, 1, 1, 1, 1, 1, 1, 1, 1, 1, 1, 1, 1, 1, 1, 1, 1, 1, 1, 1, 1, 1, 1, 1, 1, 1, 1, 1, 1, 1, 1, 1, 1, 1, 1, 1, 1, 1, 1, 1, 1, 1, 1, 1, 1, 1, 1, 1, 1, 1, 1, 1, 1, 1, 1, 1, 1, 1, 1, 1, 1, 1, 1, 1, 1, 1, 1, 1, 1, 1, 1, 1, 1, 1, 1, 1, 1, 1, 1, 1, 1, 1, 1, 1, 1, 1, 1, 1, 1, 1, 1, 1, 1, 1, 1, 1, 1, 1, 1, 1, 1, 1, 1, 1, 1, 1, 1, 1, 1, 1, 1, 1, 1, 1, 1, 1, 1, 1, 1, 1, 1, 1, 1, 1, 1, 1, 1, 1, 1, 1, 1, 1, 1, 1, 1, 1, 1, 1, 1, 1, 1, 1, 1, 1, 1, 1, 1, 1, 1, 1, 1, 1, 1, 1, 1, 1, 1, 1, 1, 1, 1, 1, 1, 1, 1, 1, 1, 1, 1, 1, 1, 1, 1, 1, 1, 1, 1, 1, 1, 1, 1, 1, 1, 1, 1, 1, 1, 1, 1, 1, 1, 1, 1, 1, 1, 1, 1, 1, 1, 1, 1, 1, 1, 1, 1, 1, 1, 1, 1, 1, 1, 1, 1, 1, 1, 1, 1, 1, 1, 1, 1, 1, 1, 1, 1, 1, 1, 1, 1, 1, 1, 1, 1, 1, 1, 1, 1, 1, 1, 1, 1, 1, 1, 1, 1, 1, 1, 1, 1, 1, 1, 1, 1, 1, 1, 1, 1, 1, 1, 1, 1, 1, 1, 1, 1, 1, 1, 1, 1, 1, 1, 1, 1]
Lee profile after BKZ: [779, 125, 25, 7, 1, 1, 1, 2, 1, 1, 1, 1, 1, 1, 1, 1, 1, 1, 1, 1, 1, 1, 1, 1, 1, 1, 1, 1, 1, 1, 1, 1, 1, 1, 1, 1, 1, 1, 1, 1, 1, 1, 1, 1, 1, 1, 1, 1, 1, 1, 1, 1, 1, 1, 1, 1, 1, 1, 1, 1, 1, 1, 1, 1, 1, 1, 1, 1, 1, 1, 1, 1, 1, 1, 1, 1, 1, 1, 1, 1, 1, 1, 1, 1, 1, 1, 1, 1, 1, 1, 1, 1, 1, 1, 1, 1, 1, 1, 1, 1, 1, 1, 1, 1, 1, 1, 1, 1, 1, 1, 1, 1, 1, 1, 1, 1, 1, 1, 1, 1, 1, 1, 1, 1, 1, 1, 1, 1, 1, 1, 1, 1, 1, 1, 1, 1, 1, 1, 1, 1, 1, 1, 1, 1, 1, 1, 1, 1, 1, 1, 1, 1, 1, 1, 1, 1, 1, 1, 1, 1, 1, 1, 1, 1, 1, 1, 1, 1, 1, 1, 1, 1, 1, 1, 1, 1, 1, 1, 1, 1, 1, 1, 1, 1, 1, 1, 1, 1, 1, 1, 1, 1, 1, 1, 1, 1, 1, 1, 1, 1, 1, 1, 1, 1, 1, 1, 1, 1, 1, 1, 1, 1, 1, 1, 1, 1, 1, 1, 1, 1, 1, 1, 1, 1, 1, 1, 1, 1, 1, 1, 1, 1, 1, 1, 1, 1, 1, 1, 1, 1, 1, 1, 1, 1, 1, 1, 1, 1, 1, 1, 1, 1, 1, 1, 1, 1, 1, 1, 1, 1, 1, 1, 1, 1, 1, 1, 1, 1, 1, 1, 1, 1, 1, 1, 1, 1, 1, 1, 1, 1, 1, 1, 1, 1, 1, 1, 1, 1, 1, 1, 1, 1, 1, 1, 1, 1, 1, 1, 1, 1, 1, 1, 1, 1, 1, 1, 1, 1, 1, 1, 1, 1, 1, 1, 1, 1, 1, 1, 1, 1, 1, 1, 1, 1, 1, 1, 1, 1, 1, 1, 1, 1, 1, 1, 1, 1, 1, 1, 1, 1, 1, 1, 1, 1, 1, 1, 1, 1, 1, 1, 1, 1, 1, 1, 1, 1, 1, 1, 1, 1, 1, 1, 1, 1, 1, 1, 1, 1, 1, 1, 1, 1, 1, 1, 1, 1, 1, 1, 1, 1, 1, 1, 1, 1, 1, 1, 1, 1, 1, 1, 1, 1, 1, 1, 1, 1, 1, 1, 1, 1, 1, 1, 1, 1, 1, 1, 1, 1, 1, 1, 1, 1, 1, 1, 1, 1, 1, 1, 1, 1, 1, 1, 1, 1, 1, 1, 1, 1, 1, 1, 1, 1, 1, 1, 1, 1, 1, 1, 1, 1, 1, 1, 1, 1, 1, 1, 1, 1, 1, 1, 1, 1, 1, 1, 1, 1, 1, 1, 1, 1, 1, 1, 1, 1, 1, 1, 1, 1, 1, 1, 1, 1, 1, 1, 1, 1, 1, 1, 1, 1, 1, 1, 1, 1, 1, 1, 1, 1, 1, 1, 1, 1, 1, 1, 1, 1, 1, 1, 1, 1, 1, 1, 1, 1, 1, 1, 1, 1, 1, 1, 1, 1]
419<=B_red[0].wtL<=1257
B_red[0].wtH=419, B_red[0].wtL=779

Hamming profile: [432, 72, 8, 4, 1, 1, 1, 1, 1, 1, 1, 1, 1, 1, 1, 1, 1, 1, 1, 1, 1, 1, 1, 1, 1, 1, 1, 1, 1, 1, 1, 1, 1, 1, 1, 1, 1, 1, 1, 1, 1, 1, 1, 1, 1, 1, 1, 1, 1, 1, 1, 1, 1, 1, 1, 1, 1, 1, 1, 1, 1, 1, 1, 1, 1, 1, 1, 1, 1, 1, 1, 1, 1, 1, 1, 1, 1, 1, 1, 1, 1, 1, 1, 1, 1, 1, 1, 1, 1, 1, 1, 1, 1, 1, 1, 1, 1, 1, 1, 1, 1, 1, 1, 1, 1, 1, 1, 1, 1, 1, 1, 1, 1, 1, 1, 1, 1, 1, 1, 1, 1, 1, 1, 1, 1, 1, 1, 1, 1, 1, 1, 1, 1, 1, 1, 1, 1, 1, 1, 1, 1, 1, 1, 1, 1, 1, 1, 1, 1, 1, 1, 1, 1, 1, 1, 1, 1, 1, 1, 1, 1, 1, 1, 1, 1, 1, 1, 1, 1, 1, 1, 1, 1, 1, 1, 1, 1, 1, 1, 1, 1, 1, 1, 1, 1, 1, 1, 1, 1, 1, 1, 1, 1, 1, 1, 1, 1, 1, 1, 1, 1, 1, 1, 1, 1, 1, 1, 1, 1, 1, 1, 1, 1, 1, 1, 1, 1, 1, 1, 1, 1, 1, 1, 1, 1, 1, 1, 1, 1, 1, 1, 1, 1, 1, 1, 1, 1, 1, 1, 1, 1, 1, 1, 1, 1, 1, 1, 1, 1, 1, 1, 1, 1, 1, 1, 1, 1, 1, 1, 1, 1, 1, 1, 1, 1, 1, 1, 1, 1, 1, 1, 1, 1, 1, 1, 1, 1, 1, 1, 1, 1, 1, 1, 1, 1, 1, 1, 1, 1, 1, 1, 1, 1, 1, 1, 1, 1, 1, 1, 1, 1, 1, 1, 1, 1, 1, 1, 1, 1, 1, 1, 1, 1, 1, 1, 1, 1, 1, 1, 1, 1, 1, 1, 1, 1, 1, 1, 1, 1, 1, 1, 1, 1, 1, 1, 1, 1, 1, 1, 1, 1, 1, 1, 1, 1, 1, 1, 1, 1, 1, 1, 1, 1, 1, 1, 1, 1, 1, 1, 1, 1, 1, 1, 1, 1, 1, 1, 1, 1, 1, 1, 1, 1, 1, 1, 1, 1, 1, 1, 1, 1, 1, 1, 1, 1, 1, 1, 1, 1, 1, 1, 1, 1, 1, 1, 1, 1, 1, 1, 1, 1, 1, 1, 1, 1, 1, 1, 1, 1, 1, 1, 1, 1, 1, 1, 1, 1, 1, 1, 1, 1, 1, 1, 1, 1, 1, 1, 1, 1, 1, 1, 1, 1, 1, 1, 1, 1, 1, 1, 1, 1, 1, 1, 1, 1, 1, 1, 1, 1, 1, 1, 1, 1, 1, 1, 1, 1, 1, 1, 1, 1, 1, 1, 1, 1, 1, 1, 1, 1, 1, 1, 1, 1, 1, 1, 1, 1, 1, 1, 1, 1, 1, 1, 1, 1, 1, 1, 1, 1, 1, 1, 1, 1, 1, 1, 1, 1, 1, 1, 1, 1, 1, 1, 1, 1, 1, 1, 1, 1, 1, 1, 1]
Lee profile: [849, 155, 16, 6, 1, 1, 1, 1, 1, 1, 1, 1, 1, 1, 1, 1, 1, 1, 1, 1, 1, 1, 1, 1, 1, 1, 1, 1, 1, 1, 1, 1, 1, 1, 1, 1, 1, 1, 1, 1, 1, 1, 1, 1, 1, 1, 1, 1, 1, 1, 1, 1, 1, 1, 1, 1, 1, 1, 1, 1, 1, 1, 1, 1, 1, 1, 1, 1, 1, 1, 1, 1, 1, 1, 1, 1, 1, 1, 1, 1, 1, 1, 1, 1, 1, 1, 1, 1, 1, 1, 1, 1, 1, 1, 1, 1, 1, 1, 1, 1, 1, 1, 1, 1, 1, 1, 1, 1, 1, 1, 1, 1, 1, 1, 1, 1, 1, 1, 1, 1, 1, 1, 1, 1, 1, 1, 1, 1, 1, 1, 1, 1, 1, 1, 1, 1, 1, 1, 1, 1, 1, 1, 1, 1, 1, 1, 1, 1, 1, 1, 1, 1, 1, 1, 1, 1, 1, 1, 1, 1, 1, 1, 1, 1, 1, 1, 1, 1, 1, 1, 1, 1, 1, 1, 1, 1, 1, 1, 1, 1, 1, 1, 1, 1, 1, 1, 1, 1, 1, 1, 1, 1, 1, 1, 1, 1, 1, 1, 1, 1, 1, 1, 1, 1, 1, 1, 1, 1, 1, 1, 1, 1, 1, 1, 1, 1, 1, 1, 1, 1, 1, 1, 1, 1, 1, 1, 1, 1, 1, 1, 1, 1, 1, 1, 1, 1, 1, 1, 1, 1, 1, 1, 1, 1, 1, 1, 1, 1, 1, 1, 1, 1, 1, 1, 1, 1, 1, 1, 1, 1, 1, 1, 1, 1, 1, 1, 1, 1, 1, 1, 1, 1, 1, 1, 1, 1, 1, 1, 1, 1, 1, 1, 1, 1, 1, 1, 1, 1, 1, 1, 1, 1, 1, 1, 1, 1, 1, 1, 1, 1, 1, 1, 1, 1, 1, 1, 1, 1, 1, 1, 1, 1, 1, 1, 1, 1, 1, 1, 1, 1, 1, 1, 1, 1, 1, 1, 1, 1, 1, 1, 1, 1, 1, 1, 1, 1, 1, 1, 1, 1, 1, 1, 1, 1, 1, 1, 1, 1, 1, 1, 1, 1, 1, 1, 1, 1, 1, 1, 1, 1, 1, 1, 1, 1, 1, 1, 1, 1, 1, 1, 1, 1, 1, 1, 1, 1, 1, 1, 1, 1, 1, 1, 1, 1, 1, 1, 1, 1, 1, 1, 1, 1, 1, 1, 1, 1, 1, 1, 1, 1, 1, 1, 1, 1, 1, 1, 1, 1, 1, 1, 1, 1, 1, 1, 1, 1, 1, 1, 1, 1, 1, 1, 1, 1, 1, 1, 1, 1, 1, 1, 1, 1, 1, 1, 1, 1, 1, 1, 1, 1, 1, 1, 1, 1, 1, 1, 1, 1, 1, 1, 1, 1, 1, 1, 1, 1, 1, 1, 1, 1, 1, 1, 1, 1, 1, 1, 1, 1, 1, 1, 1, 1, 1, 1, 1, 1, 1, 1, 1, 1, 1, 1, 1, 1, 1, 1, 1, 1, 1, 1, 1, 1, 1, 1, 1, 1, 1, 1, 1, 1, 1, 1, 1, 1, 1, 1, 1, 1, 1, 1, 1, 1]
432<=B[0].wtL<=1296
B[0].wtH=432, B[0].wtL=849

--- LeeBKZ with beta=5, bkz with minimum_lee_wt_codeword (may be non-primitive) ---
[LEEbkz:MW_Codeword_LEE:0.026891469955444336 sec.]
[LEEbkz:MW_Codeword_LEE:0.01946115493774414 sec.]
[LEEbkz:MW_Codeword_LEE:0.026142120361328125 sec.]
[LEEbkz:MW_Codeword_LEE:0.018933773040771484 sec.]
[LEEbkz:MW_Codeword_LEE:0.017307519912719727 sec.]
[LEEbkz:MW_Codeword_LEE:0.02672266960144043 sec.]
[LEEbkz:MW_Codeword_LEE:0.01925516128540039 sec.]
[LEEbkz:MW_Codeword_LEE:0.01778554916381836 sec.]
[LEEbkz:MW_Codeword_LEE:0.017352819442749023 sec.]
[LEEbkz:MW_Codeword_LEE:0.02647852897644043 sec.]
[LEEbkz:MW_Codeword_LEE:0.019595623016357422 sec.]
[LEEbkz:MW_Codeword_LEE:0.017541885375976562 sec.]
[LEEbkz:MW_Codeword_LEE:0.016990184783935547 sec.]
[LEEbkz:MW_Codeword_LEE:0.016789674758911133 sec.]
[LEEbkz:MW_Codeword_LEE:0.0265042781829834 sec.]
[LEEbkz:MW_Codeword_LEE:0.018837451934814453 sec.]
[LEEbkz:MW_Codeword_LEE:0.017052412033081055 sec.]
[LEEbkz:MW_Codeword_LEE:0.01667332649230957 sec.]
[LEEbkz:MW_Codeword_LEE:0.017086029052734375 sec.]
[LEEbkz:MW_Codeword_LEE:0.019600629806518555 sec.]
[LEEbkz:MW_Codeword_LEE:0.017444849014282227 sec.]
[LEEbkz:MW_Codeword_LEE:0.016912460327148438 sec.]
[LEEbkz:MW_Codeword_LEE:0.017204761505126953 sec.]
Hamming profile after BKZ: [416, 73, 19, 7, 1, 2, 1, 1, 1, 1, 1, 1, 1, 1, 1, 1, 1, 1, 1, 1, 1, 1, 1, 1, 1, 1, 1, 1, 1, 1, 1, 1, 1, 1, 1, 1, 1, 1, 1, 1, 1, 1, 1, 1, 1, 1, 1, 1, 1, 1, 1, 1, 1, 1, 1, 1, 1, 1, 1, 1, 1, 1, 1, 1, 1, 1, 1, 1, 1, 1, 1, 1, 1, 1, 1, 1, 1, 1, 1, 1, 1, 1, 1, 1, 1, 1, 1, 1, 1, 1, 1, 1, 1, 1, 1, 1, 1, 1, 1, 1, 1, 1, 1, 1, 1, 1, 1, 1, 1, 1, 1, 1, 1, 1, 1, 1, 1, 1, 1, 1, 1, 1, 1, 1, 1, 1, 1, 1, 1, 1, 1, 1, 1, 1, 1, 1, 1, 1, 1, 1, 1, 1, 1, 1, 1, 1, 1, 1, 1, 1, 1, 1, 1, 1, 1, 1, 1, 1, 1, 1, 1, 1, 1, 1, 1, 1, 1, 1, 1, 1, 1, 1, 1, 1, 1, 1, 1, 1, 1, 1, 1, 1, 1, 1, 1, 1, 1, 1, 1, 1, 1, 1, 1, 1, 1, 1, 1, 1, 1, 1, 1, 1, 1, 1, 1, 1, 1, 1, 1, 1, 1, 1, 1, 1, 1, 1, 1, 1, 1, 1, 1, 1, 1, 1, 1, 1, 1, 1, 1, 1, 1, 1, 1, 1, 1, 1, 1, 1, 1, 1, 1, 1, 1, 1, 1, 1, 1, 1, 1, 1, 1, 1, 1, 1, 1, 1, 1, 1, 1, 1, 1, 1, 1, 1, 1, 1, 1, 1, 1, 1, 1, 1, 1, 1, 1, 1, 1, 1, 1, 1, 1, 1, 1, 1, 1, 1, 1, 1, 1, 1, 1, 1, 1, 1, 1, 1, 1, 1, 1, 1, 1, 1, 1, 1, 1, 1, 1, 1, 1, 1, 1, 1, 1, 1, 1, 1, 1, 1, 1, 1, 1, 1, 1, 1, 1, 1, 1, 1, 1, 1, 1, 1, 1, 1, 1, 1, 1, 1, 1, 1, 1, 1, 1, 1, 1, 1, 1, 1, 1, 1, 1, 1, 1, 1, 1, 1, 1, 1, 1, 1, 1, 1, 1, 1, 1, 1, 1, 1, 1, 1, 1, 1, 1, 1, 1, 1, 1, 1, 1, 1, 1, 1, 1, 1, 1, 1, 1, 1, 1, 1, 1, 1, 1, 1, 1, 1, 1, 1, 1, 1, 1, 1, 1, 1, 1, 1, 1, 1, 1, 1, 1, 1, 1, 1, 1, 1, 1, 1, 1, 1, 1, 1, 1, 1, 1, 1, 1, 1, 1, 1, 1, 1, 1, 1, 1, 1, 1, 1, 1, 1, 1, 1, 1, 1, 1, 1, 1, 1, 1, 1, 1, 1, 1, 1, 1, 1, 1, 1, 1, 1, 1, 1, 1, 1, 1, 1, 1, 1, 1, 1, 1, 1, 1, 1, 1, 1, 1, 1, 1, 1, 1, 1, 1, 1, 1, 1, 1, 1, 1, 1, 1, 1, 1, 1, 1, 1, 1, 1, 1, 1, 1, 1, 1, 1, 1, 1, 1, 1, 1, 1, 1, 1]
Lee profile after BKZ: [792, 135, 31, 8, 1, 2, 1, 1, 1, 1, 1, 1, 1, 1, 1, 1, 1, 1, 1, 1, 1, 1, 1, 1, 1, 1, 1, 1, 1, 1, 1, 1, 1, 1, 1, 1, 1, 1, 1, 1, 1, 1, 1, 1, 1, 1, 1, 1, 1, 1, 1, 1, 1, 1, 1, 1, 1, 1, 1, 1, 1, 1, 1, 1, 1, 1, 1, 1, 1, 1, 1, 1, 1, 1, 1, 1, 1, 1, 1, 1, 1, 1, 1, 1, 1, 1, 1, 1, 1, 1, 1, 1, 1, 1, 1, 1, 1, 1, 1, 1, 1, 1, 1, 1, 1, 1, 1, 1, 1, 1, 1, 1, 1, 1, 1, 1, 1, 1, 1, 1, 1, 1, 1, 1, 1, 1, 1, 1, 1, 1, 1, 1, 1, 1, 1, 1, 1, 1, 1, 1, 1, 1, 1, 1, 1, 1, 1, 1, 1, 1, 1, 1, 1, 1, 1, 1, 1, 1, 1, 1, 1, 1, 1, 1, 1, 1, 1, 1, 1, 1, 1, 1, 1, 1, 1, 1, 1, 1, 1, 1, 1, 1, 1, 1, 1, 1, 1, 1, 1, 1, 1, 1, 1, 1, 1, 1, 1, 1, 1, 1, 1, 1, 1, 1, 1, 1, 1, 1, 1, 1, 1, 1, 1, 1, 1, 1, 1, 1, 1, 1, 1, 1, 1, 1, 1, 1, 1, 1, 1, 1, 1, 1, 1, 1, 1, 1, 1, 1, 1, 1, 1, 1, 1, 1, 1, 1, 1, 1, 1, 1, 1, 1, 1, 1, 1, 1, 1, 1, 1, 1, 1, 1, 1, 1, 1, 1, 1, 1, 1, 1, 1, 1, 1, 1, 1, 1, 1, 1, 1, 1, 1, 1, 1, 1, 1, 1, 1, 1, 1, 1, 1, 1, 1, 1, 1, 1, 1, 1, 1, 1, 1, 1, 1, 1, 1, 1, 1, 1, 1, 1, 1, 1, 1, 1, 1, 1, 1, 1, 1, 1, 1, 1, 1, 1, 1, 1, 1, 1, 1, 1, 1, 1, 1, 1, 1, 1, 1, 1, 1, 1, 1, 1, 1, 1, 1, 1, 1, 1, 1, 1, 1, 1, 1, 1, 1, 1, 1, 1, 1, 1, 1, 1, 1, 1, 1, 1, 1, 1, 1, 1, 1, 1, 1, 1, 1, 1, 1, 1, 1, 1, 1, 1, 1, 1, 1, 1, 1, 1, 1, 1, 1, 1, 1, 1, 1, 1, 1, 1, 1, 1, 1, 1, 1, 1, 1, 1, 1, 1, 1, 1, 1, 1, 1, 1, 1, 1, 1, 1, 1, 1, 1, 1, 1, 1, 1, 1, 1, 1, 1, 1, 1, 1, 1, 1, 1, 1, 1, 1, 1, 1, 1, 1, 1, 1, 1, 1, 1, 1, 1, 1, 1, 1, 1, 1, 1, 1, 1, 1, 1, 1, 1, 1, 1, 1, 1, 1, 1, 1, 1, 1, 1, 1, 1, 1, 1, 1, 1, 1, 1, 1, 1, 1, 1, 1, 1, 1, 1, 1, 1, 1, 1, 1, 1, 1, 1, 1, 1, 1, 1, 1, 1, 1, 1, 1, 1, 1, 1, 1, 1, 1, 1, 1]
416<=B_red[0].wtL<=1248
B_red[0].wtH=416, B_red[0].wtL=792

Hamming profile: [447, 54, 13, 2, 1, 1, 1, 1, 1, 1, 1, 1, 1, 1, 1, 1, 1, 1, 1, 1, 1, 1, 1, 1, 1, 1, 1, 1, 1, 1, 1, 1, 1, 1, 1, 1, 1, 1, 1, 1, 1, 1, 1, 1, 1, 1, 1, 1, 1, 1, 1, 1, 1, 1, 1, 1, 1, 1, 1, 1, 1, 1, 1, 1, 1, 1, 1, 1, 1, 1, 1, 1, 1, 1, 1, 1, 1, 1, 1, 1, 1, 1, 1, 1, 1, 1, 1, 1, 1, 1, 1, 1, 1, 1, 1, 1, 1, 1, 1, 1, 1, 1, 1, 1, 1, 1, 1, 1, 1, 1, 1, 1, 1, 1, 1, 1, 1, 1, 1, 1, 1, 1, 1, 1, 1, 1, 1, 1, 1, 1, 1, 1, 1, 1, 1, 1, 1, 1, 1, 1, 1, 1, 1, 1, 1, 1, 1, 1, 1, 1, 1, 1, 1, 1, 1, 1, 1, 1, 1, 1, 1, 1, 1, 1, 1, 1, 1, 1, 1, 1, 1, 1, 1, 1, 1, 1, 1, 1, 1, 1, 1, 1, 1, 1, 1, 1, 1, 1, 1, 1, 1, 1, 1, 1, 1, 1, 1, 1, 1, 1, 1, 1, 1, 1, 1, 1, 1, 1, 1, 1, 1, 1, 1, 1, 1, 1, 1, 1, 1, 1, 1, 1, 1, 1, 1, 1, 1, 1, 1, 1, 1, 1, 1, 1, 1, 1, 1, 1, 1, 1, 1, 1, 1, 1, 1, 1, 1, 1, 1, 1, 1, 1, 1, 1, 1, 1, 1, 1, 1, 1, 1, 1, 1, 1, 1, 1, 1, 1, 1, 1, 1, 1, 1, 1, 1, 1, 1, 1, 1, 1, 1, 1, 1, 1, 1, 1, 1, 1, 1, 1, 1, 1, 1, 1, 1, 1, 1, 1, 1, 1, 1, 1, 1, 1, 1, 1, 1, 1, 1, 1, 1, 1, 1, 1, 1, 1, 1, 1, 1, 1, 1, 1, 1, 1, 1, 1, 1, 1, 1, 1, 1, 1, 1, 1, 1, 1, 1, 1, 1, 1, 1, 1, 1, 1, 1, 1, 1, 1, 1, 1, 1, 1, 1, 1, 1, 1, 1, 1, 1, 1, 1, 1, 1, 1, 1, 1, 1, 1, 1, 1, 1, 1, 1, 1, 1, 1, 1, 1, 1, 1, 1, 1, 1, 1, 1, 1, 1, 1, 1, 1, 1, 1, 1, 1, 1, 1, 1, 1, 1, 1, 1, 1, 1, 1, 1, 1, 1, 1, 1, 1, 1, 1, 1, 1, 1, 1, 1, 1, 1, 1, 1, 1, 1, 1, 1, 1, 1, 1, 1, 1, 1, 1, 1, 1, 1, 1, 1, 1, 1, 1, 1, 1, 1, 1, 1, 1, 1, 1, 1, 1, 1, 1, 1, 1, 1, 1, 1, 1, 1, 1, 1, 1, 1, 1, 1, 1, 1, 1, 1, 1, 1, 1, 1, 1, 1, 1, 1, 1, 1, 1, 1, 1, 1, 1, 1, 1, 1, 1, 1, 1, 1, 1, 1, 1, 1, 1, 1, 1, 1, 1, 1, 1, 1, 1, 1, 1, 1, 1, 1, 1, 1, 1]
Lee profile: [887, 115, 25, 4, 1, 1, 1, 1, 1, 1, 1, 1, 1, 1, 1, 1, 1, 1, 1, 1, 1, 1, 1, 1, 1, 1, 1, 1, 1, 1, 1, 1, 1, 1, 1, 1, 1, 1, 1, 1, 1, 1, 1, 1, 1, 1, 1, 1, 1, 1, 1, 1, 1, 1, 1, 1, 1, 1, 1, 1, 1, 1, 1, 1, 1, 1, 1, 1, 1, 1, 1, 1, 1, 1, 1, 1, 1, 1, 1, 1, 1, 1, 1, 1, 1, 1, 1, 1, 1, 1, 1, 1, 1, 1, 1, 1, 1, 1, 1, 1, 1, 1, 1, 1, 1, 1, 1, 1, 1, 1, 1, 1, 1, 1, 1, 1, 1, 1, 1, 1, 1, 1, 1, 1, 1, 1, 1, 1, 1, 1, 1, 1, 1, 1, 1, 1, 1, 1, 1, 1, 1, 1, 1, 1, 1, 1, 1, 1, 1, 1, 1, 1, 1, 1, 1, 1, 1, 1, 1, 1, 1, 1, 1, 1, 1, 1, 1, 1, 1, 1, 1, 1, 1, 1, 1, 1, 1, 1, 1, 1, 1, 1, 1, 1, 1, 1, 1, 1, 1, 1, 1, 1, 1, 1, 1, 1, 1, 1, 1, 1, 1, 1, 1, 1, 1, 1, 1, 1, 1, 1, 1, 1, 1, 1, 1, 1, 1, 1, 1, 1, 1, 1, 1, 1, 1, 1, 1, 1, 1, 1, 1, 1, 1, 1, 1, 1, 1, 1, 1, 1, 1, 1, 1, 1, 1, 1, 1, 1, 1, 1, 1, 1, 1, 1, 1, 1, 1, 1, 1, 1, 1, 1, 1, 1, 1, 1, 1, 1, 1, 1, 1, 1, 1, 1, 1, 1, 1, 1, 1, 1, 1, 1, 1, 1, 1, 1, 1, 1, 1, 1, 1, 1, 1, 1, 1, 1, 1, 1, 1, 1, 1, 1, 1, 1, 1, 1, 1, 1, 1, 1, 1, 1, 1, 1, 1, 1, 1, 1, 1, 1, 1, 1, 1, 1, 1, 1, 1, 1, 1, 1, 1, 1, 1, 1, 1, 1, 1, 1, 1, 1, 1, 1, 1, 1, 1, 1, 1, 1, 1, 1, 1, 1, 1, 1, 1, 1, 1, 1, 1, 1, 1, 1, 1, 1, 1, 1, 1, 1, 1, 1, 1, 1, 1, 1, 1, 1, 1, 1, 1, 1, 1, 1, 1, 1, 1, 1, 1, 1, 1, 1, 1, 1, 1, 1, 1, 1, 1, 1, 1, 1, 1, 1, 1, 1, 1, 1, 1, 1, 1, 1, 1, 1, 1, 1, 1, 1, 1, 1, 1, 1, 1, 1, 1, 1, 1, 1, 1, 1, 1, 1, 1, 1, 1, 1, 1, 1, 1, 1, 1, 1, 1, 1, 1, 1, 1, 1, 1, 1, 1, 1, 1, 1, 1, 1, 1, 1, 1, 1, 1, 1, 1, 1, 1, 1, 1, 1, 1, 1, 1, 1, 1, 1, 1, 1, 1, 1, 1, 1, 1, 1, 1, 1, 1, 1, 1, 1, 1, 1, 1, 1, 1, 1, 1, 1, 1, 1, 1, 1, 1, 1, 1, 1, 1, 1, 1, 1, 1, 1, 1, 1, 1, 1]
447<=B[0].wtL<=1341
B[0].wtH=447, B[0].wtL=887

--- LeeBKZ with beta=5, bkz with minimum_lee_wt_codeword (may be non-primitive) ---
[LEEbkz:MW_Codeword_LEE:0.02731800079345703 sec.]
[LEEbkz:MW_Codeword_LEE:0.019308090209960938 sec.]
[LEEbkz:MW_Codeword_LEE:0.026507139205932617 sec.]
[LEEbkz:MW_Codeword_LEE:0.01882481575012207 sec.]
[LEEbkz:MW_Codeword_LEE:0.017287254333496094 sec.]
[LEEbkz:MW_Codeword_LEE:0.02646613121032715 sec.]
[LEEbkz:MW_Codeword_LEE:0.018841981887817383 sec.]
[LEEbkz:MW_Codeword_LEE:0.01740884780883789 sec.]
[LEEbkz:MW_Codeword_LEE:0.017014503479003906 sec.]
[LEEbkz:MW_Codeword_LEE:0.026793718338012695 sec.]
[LEEbkz:MW_Codeword_LEE:0.019975662231445312 sec.]
[LEEbkz:MW_Codeword_LEE:0.02700638771057129 sec.]
[LEEbkz:MW_Codeword_LEE:0.019380569458007812 sec.]
[LEEbkz:MW_Codeword_LEE:0.01703810691833496 sec.]
[LEEbkz:MW_Codeword_LEE:0.026857376098632812 sec.]
[LEEbkz:MW_Codeword_LEE:0.019487619400024414 sec.]
[LEEbkz:MW_Codeword_LEE:0.017491579055786133 sec.]
[LEEbkz:MW_Codeword_LEE:0.01682877540588379 sec.]
[LEEbkz:MW_Codeword_LEE:0.026792049407958984 sec.]
[LEEbkz:MW_Codeword_LEE:0.019109487533569336 sec.]
[LEEbkz:MW_Codeword_LEE:0.017130374908447266 sec.]
[LEEbkz:MW_Codeword_LEE:0.026444196701049805 sec.]
[LEEbkz:MW_Codeword_LEE:0.01916813850402832 sec.]
[LEEbkz:MW_Codeword_LEE:0.017368555068969727 sec.]
[LEEbkz:MW_Codeword_LEE:0.01751399040222168 sec.]
[LEEbkz:MW_Codeword_LEE:0.026278257369995117 sec.]
[LEEbkz:MW_Codeword_LEE:0.019515514373779297 sec.]
[LEEbkz:MW_Codeword_LEE:0.017629384994506836 sec.]
[LEEbkz:MW_Codeword_LEE:0.016995668411254883 sec.]
[LEEbkz:MW_Codeword_LEE:0.01735854148864746 sec.]
[LEEbkz:MW_Codeword_LEE:0.02629399299621582 sec.]
[LEEbkz:MW_Codeword_LEE:0.019063234329223633 sec.]
[LEEbkz:MW_Codeword_LEE:0.026530027389526367 sec.]
[LEEbkz:MW_Codeword_LEE:0.019201278686523438 sec.]
[LEEbkz:MW_Codeword_LEE:0.017192840576171875 sec.]
[LEEbkz:MW_Codeword_LEE:0.026358842849731445 sec.]
[LEEbkz:MW_Codeword_LEE:0.019619464874267578 sec.]
[LEEbkz:MW_Codeword_LEE:0.017897367477416992 sec.]
[LEEbkz:MW_Codeword_LEE:0.017015695571899414 sec.]
[LEEbkz:MW_Codeword_LEE:0.026852846145629883 sec.]
[LEEbkz:MW_Codeword_LEE:0.019295215606689453 sec.]
[LEEbkz:MW_Codeword_LEE:0.017375707626342773 sec.]
[LEEbkz:MW_Codeword_LEE:0.02648305892944336 sec.]
[LEEbkz:MW_Codeword_LEE:0.01918625831604004 sec.]
[LEEbkz:MW_Codeword_LEE:0.017650842666625977 sec.]
[LEEbkz:MW_Codeword_LEE:0.016812801361083984 sec.]
[LEEbkz:MW_Codeword_LEE:0.02705550193786621 sec.]
[LEEbkz:MW_Codeword_LEE:0.019618749618530273 sec.]
[LEEbkz:MW_Codeword_LEE:0.017589330673217773 sec.]
[LEEbkz:MW_Codeword_LEE:0.017459392547607422 sec.]
[LEEbkz:MW_Codeword_LEE:0.017138004302978516 sec.]
[LEEbkz:MW_Codeword_LEE:0.026366233825683594 sec.]
[LEEbkz:MW_Codeword_LEE:0.019210338592529297 sec.]
[LEEbkz:MW_Codeword_LEE:0.01727008819580078 sec.]
[LEEbkz:MW_Codeword_LEE:0.016841650009155273 sec.]
[LEEbkz:MW_Codeword_LEE:0.016799449920654297 sec.]
[LEEbkz:MW_Codeword_LEE:0.016759157180786133 sec.]
[LEEbkz:MW_Codeword_LEE:0.01957392692565918 sec.]
[LEEbkz:MW_Codeword_LEE:0.01735687255859375 sec.]
[LEEbkz:MW_Codeword_LEE:0.01684093475341797 sec.]
[LEEbkz:MW_Codeword_LEE:0.016835689544677734 sec.]
[LEEbkz:MW_Codeword_LEE:0.01679849624633789 sec.]
[LEEbkz:MW_Codeword_LEE:0.016630887985229492 sec.]
[LEEbkz:MW_Codeword_LEE:0.01744985580444336 sec.]
[LEEbkz:MW_Codeword_LEE:0.016764402389526367 sec.]
[LEEbkz:MW_Codeword_LEE:0.01667022705078125 sec.]
[LEEbkz:MW_Codeword_LEE:0.0166776180267334 sec.]
[LEEbkz:MW_Codeword_LEE:0.01701045036315918 sec.]
[LEEbkz:MW_Codeword_LEE:0.017096281051635742 sec.]
[LEEbkz:MW_Codeword_LEE:0.016674280166625977 sec.]
[LEEbkz:MW_Codeword_LEE:0.01700758934020996 sec.]
Hamming profile after BKZ: [405, 86, 20, 3, 2, 2, 1, 1, 1, 1, 1, 1, 1, 1, 1, 1, 1, 1, 1, 1, 1, 1, 1, 1, 1, 1, 1, 1, 1, 1, 1, 1, 1, 1, 1, 1, 1, 1, 1, 1, 1, 1, 1, 1, 1, 1, 1, 1, 1, 1, 1, 1, 1, 1, 1, 1, 1, 1, 1, 1, 1, 1, 1, 1, 1, 1, 1, 1, 1, 1, 1, 1, 1, 1, 1, 1, 1, 1, 1, 1, 1, 1, 1, 1, 1, 1, 1, 1, 1, 1, 1, 1, 1, 1, 1, 1, 1, 1, 1, 1, 1, 1, 1, 1, 1, 1, 1, 1, 1, 1, 1, 1, 1, 1, 1, 1, 1, 1, 1, 1, 1, 1, 1, 1, 1, 1, 1, 1, 1, 1, 1, 1, 1, 1, 1, 1, 1, 1, 1, 1, 1, 1, 1, 1, 1, 1, 1, 1, 1, 1, 1, 1, 1, 1, 1, 1, 1, 1, 1, 1, 1, 1, 1, 1, 1, 1, 1, 1, 1, 1, 1, 1, 1, 1, 1, 1, 1, 1, 1, 1, 1, 1, 1, 1, 1, 1, 1, 1, 1, 1, 1, 1, 1, 1, 1, 1, 1, 1, 1, 1, 1, 1, 1, 1, 1, 1, 1, 1, 1, 1, 1, 1, 1, 1, 1, 1, 1, 1, 1, 1, 1, 1, 1, 1, 1, 1, 1, 1, 1, 1, 1, 1, 1, 1, 1, 1, 1, 1, 1, 1, 1, 1, 1, 1, 1, 1, 1, 1, 1, 1, 1, 1, 1, 1, 1, 1, 1, 1, 1, 1, 1, 1, 1, 1, 1, 1, 1, 1, 1, 1, 1, 1, 1, 1, 1, 1, 1, 1, 1, 1, 1, 1, 1, 1, 1, 1, 1, 1, 1, 1, 1, 1, 1, 1, 1, 1, 1, 1, 1, 1, 1, 1, 1, 1, 1, 1, 1, 1, 1, 1, 1, 1, 1, 1, 1, 1, 1, 1, 1, 1, 1, 1, 1, 1, 1, 1, 1, 1, 1, 1, 1, 1, 1, 1, 1, 1, 1, 1, 1, 1, 1, 1, 1, 1, 1, 1, 1, 1, 1, 1, 1, 1, 1, 1, 1, 1, 1, 1, 1, 1, 1, 1, 1, 1, 1, 1, 1, 1, 1, 1, 1, 1, 1, 1, 1, 1, 1, 1, 1, 1, 1, 1, 1, 1, 1, 1, 1, 1, 1, 1, 1, 1, 1, 1, 1, 1, 1, 1, 1, 1, 1, 1, 1, 1, 1, 1, 1, 1, 1, 1, 1, 1, 1, 1, 1, 1, 1, 1, 1, 1, 1, 1, 1, 1, 1, 1, 1, 1, 1, 1, 1, 1, 1, 1, 1, 1, 1, 1, 1, 1, 1, 1, 1, 1, 1, 1, 1, 1, 1, 1, 1, 1, 1, 1, 1, 1, 1, 1, 1, 1, 1, 1, 1, 1, 1, 1, 1, 1, 1, 1, 1, 1, 1, 1, 1, 1, 1, 1, 1, 1, 1, 1, 1, 1, 1, 1, 1, 1, 1, 1, 1, 1, 1, 1, 1, 1, 1, 1, 1, 1, 1, 1, 1, 1, 1, 1, 1, 1, 1, 1, 1, 1]
Lee profile after BKZ: [786, 146, 28, 4, 2, 2, 1, 1, 1, 1, 1, 1, 1, 1, 1, 1, 1, 1, 1, 1, 1, 1, 1, 1, 1, 1, 1, 1, 1, 1, 1, 1, 1, 1, 1, 1, 1, 1, 1, 1, 1, 1, 1, 1, 1, 1, 1, 1, 1, 1, 1, 1, 1, 1, 1, 1, 1, 1, 1, 1, 1, 1, 1, 1, 1, 1, 1, 1, 1, 1, 1, 1, 1, 1, 1, 1, 1, 1, 1, 1, 1, 1, 1, 1, 1, 1, 1, 1, 1, 1, 1, 1, 1, 1, 1, 1, 1, 1, 1, 1, 1, 1, 1, 1, 1, 1, 1, 1, 1, 1, 1, 1, 1, 1, 1, 1, 1, 1, 1, 1, 1, 1, 1, 1, 1, 1, 1, 1, 1, 1, 1, 1, 1, 1, 1, 1, 1, 1, 1, 1, 1, 1, 1, 1, 1, 1, 1, 1, 1, 1, 1, 1, 1, 1, 1, 1, 1, 1, 1, 1, 1, 1, 1, 1, 1, 1, 1, 1, 1, 1, 1, 1, 1, 1, 1, 1, 1, 1, 1, 1, 1, 1, 1, 1, 1, 1, 1, 1, 1, 1, 1, 1, 1, 1, 1, 1, 1, 1, 1, 1, 1, 1, 1, 1, 1, 1, 1, 1, 1, 1, 1, 1, 1, 1, 1, 1, 1, 1, 1, 1, 1, 1, 1, 1, 1, 1, 1, 1, 1, 1, 1, 1, 1, 1, 1, 1, 1, 1, 1, 1, 1, 1, 1, 1, 1, 1, 1, 1, 1, 1, 1, 1, 1, 1, 1, 1, 1, 1, 1, 1, 1, 1, 1, 1, 1, 1, 1, 1, 1, 1, 1, 1, 1, 1, 1, 1, 1, 1, 1, 1, 1, 1, 1, 1, 1, 1, 1, 1, 1, 1, 1, 1, 1, 1, 1, 1, 1, 1, 1, 1, 1, 1, 1, 1, 1, 1, 1, 1, 1, 1, 1, 1, 1, 1, 1, 1, 1, 1, 1, 1, 1, 1, 1, 1, 1, 1, 1, 1, 1, 1, 1, 1, 1, 1, 1, 1, 1, 1, 1, 1, 1, 1, 1, 1, 1, 1, 1, 1, 1, 1, 1, 1, 1, 1, 1, 1, 1, 1, 1, 1, 1, 1, 1, 1, 1, 1, 1, 1, 1, 1, 1, 1, 1, 1, 1, 1, 1, 1, 1, 1, 1, 1, 1, 1, 1, 1, 1, 1, 1, 1, 1, 1, 1, 1, 1, 1, 1, 1, 1, 1, 1, 1, 1, 1, 1, 1, 1, 1, 1, 1, 1, 1, 1, 1, 1, 1, 1, 1, 1, 1, 1, 1, 1, 1, 1, 1, 1, 1, 1, 1, 1, 1, 1, 1, 1, 1, 1, 1, 1, 1, 1, 1, 1, 1, 1, 1, 1, 1, 1, 1, 1, 1, 1, 1, 1, 1, 1, 1, 1, 1, 1, 1, 1, 1, 1, 1, 1, 1, 1, 1, 1, 1, 1, 1, 1, 1, 1, 1, 1, 1, 1, 1, 1, 1, 1, 1, 1, 1, 1, 1, 1, 1, 1, 1, 1, 1, 1, 1, 1, 1, 1, 1, 1, 1, 1, 1, 1, 1, 1, 1, 1, 1]
405<=B_red[0].wtL<=1215
B_red[0].wtH=405, B_red[0].wtL=786

Hamming profile: [449, 55, 9, 3, 1, 1, 1, 1, 1, 1, 1, 1, 1, 1, 1, 1, 1, 1, 1, 1, 1, 1, 1, 1, 1, 1, 1, 1, 1, 1, 1, 1, 1, 1, 1, 1, 1, 1, 1, 1, 1, 1, 1, 1, 1, 1, 1, 1, 1, 1, 1, 1, 1, 1, 1, 1, 1, 1, 1, 1, 1, 1, 1, 1, 1, 1, 1, 1, 1, 1, 1, 1, 1, 1, 1, 1, 1, 1, 1, 1, 1, 1, 1, 1, 1, 1, 1, 1, 1, 1, 1, 1, 1, 1, 1, 1, 1, 1, 1, 1, 1, 1, 1, 1, 1, 1, 1, 1, 1, 1, 1, 1, 1, 1, 1, 1, 1, 1, 1, 1, 1, 1, 1, 1, 1, 1, 1, 1, 1, 1, 1, 1, 1, 1, 1, 1, 1, 1, 1, 1, 1, 1, 1, 1, 1, 1, 1, 1, 1, 1, 1, 1, 1, 1, 1, 1, 1, 1, 1, 1, 1, 1, 1, 1, 1, 1, 1, 1, 1, 1, 1, 1, 1, 1, 1, 1, 1, 1, 1, 1, 1, 1, 1, 1, 1, 1, 1, 1, 1, 1, 1, 1, 1, 1, 1, 1, 1, 1, 1, 1, 1, 1, 1, 1, 1, 1, 1, 1, 1, 1, 1, 1, 1, 1, 1, 1, 1, 1, 1, 1, 1, 1, 1, 1, 1, 1, 1, 1, 1, 1, 1, 1, 1, 1, 1, 1, 1, 1, 1, 1, 1, 1, 1, 1, 1, 1, 1, 1, 1, 1, 1, 1, 1, 1, 1, 1, 1, 1, 1, 1, 1, 1, 1, 1, 1, 1, 1, 1, 1, 1, 1, 1, 1, 1, 1, 1, 1, 1, 1, 1, 1, 1, 1, 1, 1, 1, 1, 1, 1, 1, 1, 1, 1, 1, 1, 1, 1, 1, 1, 1, 1, 1, 1, 1, 1, 1, 1, 1, 1, 1, 1, 1, 1, 1, 1, 1, 1, 1, 1, 1, 1, 1, 1, 1, 1, 1, 1, 1, 1, 1, 1, 1, 1, 1, 1, 1, 1, 1, 1, 1, 1, 1, 1, 1, 1, 1, 1, 1, 1, 1, 1, 1, 1, 1, 1, 1, 1, 1, 1, 1, 1, 1, 1, 1, 1, 1, 1, 1, 1, 1, 1, 1, 1, 1, 1, 1, 1, 1, 1, 1, 1, 1, 1, 1, 1, 1, 1, 1, 1, 1, 1, 1, 1, 1, 1, 1, 1, 1, 1, 1, 1, 1, 1, 1, 1, 1, 1, 1, 1, 1, 1, 1, 1, 1, 1, 1, 1, 1, 1, 1, 1, 1, 1, 1, 1, 1, 1, 1, 1, 1, 1, 1, 1, 1, 1, 1, 1, 1, 1, 1, 1, 1, 1, 1, 1, 1, 1, 1, 1, 1, 1, 1, 1, 1, 1, 1, 1, 1, 1, 1, 1, 1, 1, 1, 1, 1, 1, 1, 1, 1, 1, 1, 1, 1, 1, 1, 1, 1, 1, 1, 1, 1, 1, 1, 1, 1, 1, 1, 1, 1, 1, 1, 1, 1, 1, 1, 1, 1, 1, 1, 1, 1, 1, 1, 1, 1, 1, 1, 1, 1, 1, 1]
Lee profile: [886, 108, 17, 5, 1, 1, 1, 1, 1, 1, 1, 1, 1, 1, 1, 1, 1, 1, 1, 1, 1, 1, 1, 1, 1, 1, 1, 1, 1, 1, 1, 1, 1, 1, 1, 1, 1, 1, 1, 1, 1, 1, 1, 1, 1, 1, 1, 1, 1, 1, 1, 1, 1, 1, 1, 1, 1, 1, 1, 1, 1, 1, 1, 1, 1, 1, 1, 1, 1, 1, 1, 1, 1, 1, 1, 1, 1, 1, 1, 1, 1, 1, 1, 1, 1, 1, 1, 1, 1, 1, 1, 1, 1, 1, 1, 1, 1, 1, 1, 1, 1, 1, 1, 1, 1, 1, 1, 1, 1, 1, 1, 1, 1, 1, 1, 1, 1, 1, 1, 1, 1, 1, 1, 1, 1, 1, 1, 1, 1, 1, 1, 1, 1, 1, 1, 1, 1, 1, 1, 1, 1, 1, 1, 1, 1, 1, 1, 1, 1, 1, 1, 1, 1, 1, 1, 1, 1, 1, 1, 1, 1, 1, 1, 1, 1, 1, 1, 1, 1, 1, 1, 1, 1, 1, 1, 1, 1, 1, 1, 1, 1, 1, 1, 1, 1, 1, 1, 1, 1, 1, 1, 1, 1, 1, 1, 1, 1, 1, 1, 1, 1, 1, 1, 1, 1, 1, 1, 1, 1, 1, 1, 1, 1, 1, 1, 1, 1, 1, 1, 1, 1, 1, 1, 1, 1, 1, 1, 1, 1, 1, 1, 1, 1, 1, 1, 1, 1, 1, 1, 1, 1, 1, 1, 1, 1, 1, 1, 1, 1, 1, 1, 1, 1, 1, 1, 1, 1, 1, 1, 1, 1, 1, 1, 1, 1, 1, 1, 1, 1, 1, 1, 1, 1, 1, 1, 1, 1, 1, 1, 1, 1, 1, 1, 1, 1, 1, 1, 1, 1, 1, 1, 1, 1, 1, 1, 1, 1, 1, 1, 1, 1, 1, 1, 1, 1, 1, 1, 1, 1, 1, 1, 1, 1, 1, 1, 1, 1, 1, 1, 1, 1, 1, 1, 1, 1, 1, 1, 1, 1, 1, 1, 1, 1, 1, 1, 1, 1, 1, 1, 1, 1, 1, 1, 1, 1, 1, 1, 1, 1, 1, 1, 1, 1, 1, 1, 1, 1, 1, 1, 1, 1, 1, 1, 1, 1, 1, 1, 1, 1, 1, 1, 1, 1, 1, 1, 1, 1, 1, 1, 1, 1, 1, 1, 1, 1, 1, 1, 1, 1, 1, 1, 1, 1, 1, 1, 1, 1, 1, 1, 1, 1, 1, 1, 1, 1, 1, 1, 1, 1, 1, 1, 1, 1, 1, 1, 1, 1, 1, 1, 1, 1, 1, 1, 1, 1, 1, 1, 1, 1, 1, 1, 1, 1, 1, 1, 1, 1, 1, 1, 1, 1, 1, 1, 1, 1, 1, 1, 1, 1, 1, 1, 1, 1, 1, 1, 1, 1, 1, 1, 1, 1, 1, 1, 1, 1, 1, 1, 1, 1, 1, 1, 1, 1, 1, 1, 1, 1, 1, 1, 1, 1, 1, 1, 1, 1, 1, 1, 1, 1, 1, 1, 1, 1, 1, 1, 1, 1, 1, 1, 1, 1, 1, 1, 1, 1, 1, 1, 1, 1, 1, 1, 1]
449<=B[0].wtL<=1347
B[0].wtH=449, B[0].wtL=886

--- LeeBKZ with beta=5, bkz with minimum_lee_wt_codeword (may be non-primitive) ---
[LEEbkz:MW_Codeword_LEE:0.026549816131591797 sec.]
[LEEbkz:MW_Codeword_LEE:0.018925905227661133 sec.]
[LEEbkz:MW_Codeword_LEE:0.026975631713867188 sec.]
[LEEbkz:MW_Codeword_LEE:0.01979827880859375 sec.]
[LEEbkz:MW_Codeword_LEE:0.026520729064941406 sec.]
[LEEbkz:MW_Codeword_LEE:0.019542694091796875 sec.]
[LEEbkz:MW_Codeword_LEE:0.017923593521118164 sec.]
[LEEbkz:MW_Codeword_LEE:0.02676534652709961 sec.]
[LEEbkz:MW_Codeword_LEE:0.019214868545532227 sec.]
[LEEbkz:MW_Codeword_LEE:0.01732945442199707 sec.]
[LEEbkz:MW_Codeword_LEE:0.016936063766479492 sec.]
[LEEbkz:MW_Codeword_LEE:0.02658700942993164 sec.]
[LEEbkz:MW_Codeword_LEE:0.019101381301879883 sec.]
[LEEbkz:MW_Codeword_LEE:0.026467561721801758 sec.]
[LEEbkz:MW_Codeword_LEE:0.018795251846313477 sec.]
[LEEbkz:MW_Codeword_LEE:0.01728034019470215 sec.]
[LEEbkz:MW_Codeword_LEE:0.026523828506469727 sec.]
[LEEbkz:MW_Codeword_LEE:0.01910543441772461 sec.]
[LEEbkz:MW_Codeword_LEE:0.09940576553344727 sec.]
[LEEbkz:MW_Codeword_LEE:0.018940448760986328 sec.]
[LEEbkz:MW_Codeword_LEE:0.017443418502807617 sec.]
[LEEbkz:MW_Codeword_LEE:0.026624202728271484 sec.]
[LEEbkz:MW_Codeword_LEE:0.018941640853881836 sec.]
[LEEbkz:MW_Codeword_LEE:0.01719045639038086 sec.]
[LEEbkz:MW_Codeword_LEE:0.017504453659057617 sec.]
[LEEbkz:MW_Codeword_LEE:0.026331663131713867 sec.]
[LEEbkz:MW_Codeword_LEE:0.019289731979370117 sec.]
[LEEbkz:MW_Codeword_LEE:0.026035308837890625 sec.]
[LEEbkz:MW_Codeword_LEE:0.019208431243896484 sec.]
[LEEbkz:MW_Codeword_LEE:0.01723647117614746 sec.]
[LEEbkz:MW_Codeword_LEE:0.0265200138092041 sec.]
[LEEbkz:MW_Codeword_LEE:0.01938152313232422 sec.]
[LEEbkz:MW_Codeword_LEE:0.017718076705932617 sec.]
[LEEbkz:MW_Codeword_LEE:0.017327547073364258 sec.]
[LEEbkz:MW_Codeword_LEE:0.026900529861450195 sec.]
[LEEbkz:MW_Codeword_LEE:0.01894974708557129 sec.]
[LEEbkz:MW_Codeword_LEE:0.017139673233032227 sec.]
[LEEbkz:MW_Codeword_LEE:0.026443004608154297 sec.]
[LEEbkz:MW_Codeword_LEE:0.01924610137939453 sec.]
[LEEbkz:MW_Codeword_LEE:0.02616143226623535 sec.]
[LEEbkz:MW_Codeword_LEE:0.0189361572265625 sec.]
[LEEbkz:MW_Codeword_LEE:0.01697850227355957 sec.]
[LEEbkz:MW_Codeword_LEE:0.026167631149291992 sec.]
[LEEbkz:MW_Codeword_LEE:0.01892852783203125 sec.]
[LEEbkz:MW_Codeword_LEE:0.017309188842773438 sec.]
[LEEbkz:MW_Codeword_LEE:0.017102479934692383 sec.]
[LEEbkz:MW_Codeword_LEE:0.02669072151184082 sec.]
[LEEbkz:MW_Codeword_LEE:0.01951289176940918 sec.]
[LEEbkz:MW_Codeword_LEE:0.017623186111450195 sec.]
[LEEbkz:MW_Codeword_LEE:0.01692819595336914 sec.]
[LEEbkz:MW_Codeword_LEE:0.016917943954467773 sec.]
[LEEbkz:MW_Codeword_LEE:0.02654862403869629 sec.]
[LEEbkz:MW_Codeword_LEE:0.019045114517211914 sec.]
[LEEbkz:MW_Codeword_LEE:0.02677178382873535 sec.]
[LEEbkz:MW_Codeword_LEE:0.019022464752197266 sec.]
[LEEbkz:MW_Codeword_LEE:0.01730656623840332 sec.]
[LEEbkz:MW_Codeword_LEE:0.026912212371826172 sec.]
[LEEbkz:MW_Codeword_LEE:0.019185304641723633 sec.]
[LEEbkz:MW_Codeword_LEE:0.01709890365600586 sec.]
[LEEbkz:MW_Codeword_LEE:0.016898393630981445 sec.]
[LEEbkz:MW_Codeword_LEE:0.026813745498657227 sec.]
[LEEbkz:MW_Codeword_LEE:0.018987655639648438 sec.]
[LEEbkz:MW_Codeword_LEE:0.017447233200073242 sec.]
[LEEbkz:MW_Codeword_LEE:0.026726245880126953 sec.]
[LEEbkz:MW_Codeword_LEE:0.019002914428710938 sec.]
[LEEbkz:MW_Codeword_LEE:0.017221927642822266 sec.]
[LEEbkz:MW_Codeword_LEE:0.017171382904052734 sec.]
[LEEbkz:MW_Codeword_LEE:0.02674555778503418 sec.]
[LEEbkz:MW_Codeword_LEE:0.019449234008789062 sec.]
[LEEbkz:MW_Codeword_LEE:0.01737046241760254 sec.]
[LEEbkz:MW_Codeword_LEE:0.016837358474731445 sec.]
[LEEbkz:MW_Codeword_LEE:0.016753673553466797 sec.]
[LEEbkz:MW_Codeword_LEE:0.026397705078125 sec.]
[LEEbkz:MW_Codeword_LEE:0.01906108856201172 sec.]
[LEEbkz:MW_Codeword_LEE:0.01746082305908203 sec.]
[LEEbkz:MW_Codeword_LEE:0.026455163955688477 sec.]
[LEEbkz:MW_Codeword_LEE:0.018995285034179688 sec.]
[LEEbkz:MW_Codeword_LEE:0.02664637565612793 sec.]
[LEEbkz:MW_Codeword_LEE:0.01901721954345703 sec.]
[LEEbkz:MW_Codeword_LEE:0.017220735549926758 sec.]
[LEEbkz:MW_Codeword_LEE:0.026673555374145508 sec.]
[LEEbkz:MW_Codeword_LEE:0.019178390502929688 sec.]
[LEEbkz:MW_Codeword_LEE:0.01729726791381836 sec.]
[LEEbkz:MW_Codeword_LEE:0.017131328582763672 sec.]
[LEEbkz:MW_Codeword_LEE:0.026514768600463867 sec.]
[LEEbkz:MW_Codeword_LEE:0.019234657287597656 sec.]
[LEEbkz:MW_Codeword_LEE:0.02656722068786621 sec.]
[LEEbkz:MW_Codeword_LEE:0.01910233497619629 sec.]
[LEEbkz:MW_Codeword_LEE:0.017415761947631836 sec.]
[LEEbkz:MW_Codeword_LEE:0.09929656982421875 sec.]
[LEEbkz:MW_Codeword_LEE:0.018898725509643555 sec.]
[LEEbkz:MW_Codeword_LEE:0.026743412017822266 sec.]
[LEEbkz:MW_Codeword_LEE:0.01876378059387207 sec.]
[LEEbkz:MW_Codeword_LEE:0.01714038848876953 sec.]
[LEEbkz:MW_Codeword_LEE:0.02608036994934082 sec.]
[LEEbkz:MW_Codeword_LEE:0.019002914428710938 sec.]
[LEEbkz:MW_Codeword_LEE:0.01771068572998047 sec.]
[LEEbkz:MW_Codeword_LEE:0.017502784729003906 sec.]
[LEEbkz:MW_Codeword_LEE:0.026277780532836914 sec.]
[LEEbkz:MW_Codeword_LEE:0.018501996994018555 sec.]
[LEEbkz:MW_Codeword_LEE:0.017076492309570312 sec.]
[LEEbkz:MW_Codeword_LEE:0.026569843292236328 sec.]
[LEEbkz:MW_Codeword_LEE:0.01916980743408203 sec.]
[LEEbkz:MW_Codeword_LEE:0.01752781867980957 sec.]
[LEEbkz:MW_Codeword_LEE:0.01737213134765625 sec.]
[LEEbkz:MW_Codeword_LEE:0.02605748176574707 sec.]
[LEEbkz:MW_Codeword_LEE:0.018632888793945312 sec.]
[LEEbkz:MW_Codeword_LEE:0.017719745635986328 sec.]
[LEEbkz:MW_Codeword_LEE:0.017101287841796875 sec.]
[LEEbkz:MW_Codeword_LEE:0.017220020294189453 sec.]
[LEEbkz:MW_Codeword_LEE:0.026959896087646484 sec.]
[LEEbkz:MW_Codeword_LEE:0.019367218017578125 sec.]
[LEEbkz:MW_Codeword_LEE:0.017742633819580078 sec.]
[LEEbkz:MW_Codeword_LEE:0.017409086227416992 sec.]
[LEEbkz:MW_Codeword_LEE:0.01729559898376465 sec.]
[LEEbkz:MW_Codeword_LEE:0.017035722732543945 sec.]
[LEEbkz:MW_Codeword_LEE:0.019063234329223633 sec.]
[LEEbkz:MW_Codeword_LEE:0.017263174057006836 sec.]
[LEEbkz:MW_Codeword_LEE:0.017030954360961914 sec.]
[LEEbkz:MW_Codeword_LEE:0.016843557357788086 sec.]
[LEEbkz:MW_Codeword_LEE:0.01693558692932129 sec.]
[LEEbkz:MW_Codeword_LEE:0.01676774024963379 sec.]
[LEEbkz:MW_Codeword_LEE:0.01748061180114746 sec.]
[LEEbkz:MW_Codeword_LEE:0.016974925994873047 sec.]
[LEEbkz:MW_Codeword_LEE:0.01684117317199707 sec.]
[LEEbkz:MW_Codeword_LEE:0.01682138442993164 sec.]
[LEEbkz:MW_Codeword_LEE:0.01665639877319336 sec.]
[LEEbkz:MW_Codeword_LEE:0.016764402389526367 sec.]
[LEEbkz:MW_Codeword_LEE:0.017275571823120117 sec.]
[LEEbkz:MW_Codeword_LEE:0.01710033416748047 sec.]
[LEEbkz:MW_Codeword_LEE:0.017076730728149414 sec.]
[LEEbkz:MW_Codeword_LEE:0.016704559326171875 sec.]
Hamming profile after BKZ: [425, 70, 14, 3, 3, 2, 2, 1, 1, 1, 1, 1, 1, 1, 1, 1, 1, 1, 1, 1, 1, 1, 1, 1, 1, 1, 1, 1, 1, 1, 1, 1, 1, 1, 1, 1, 1, 1, 1, 1, 1, 1, 1, 1, 1, 1, 1, 1, 1, 1, 1, 1, 1, 1, 1, 1, 1, 1, 1, 1, 1, 1, 1, 1, 1, 1, 1, 1, 1, 1, 1, 1, 1, 1, 1, 1, 1, 1, 1, 1, 1, 1, 1, 1, 1, 1, 1, 1, 1, 1, 1, 1, 1, 1, 1, 1, 1, 1, 1, 1, 1, 1, 1, 1, 1, 1, 1, 1, 1, 1, 1, 1, 1, 1, 1, 1, 1, 1, 1, 1, 1, 1, 1, 1, 1, 1, 1, 1, 1, 1, 1, 1, 1, 1, 1, 1, 1, 1, 1, 1, 1, 1, 1, 1, 1, 1, 1, 1, 1, 1, 1, 1, 1, 1, 1, 1, 1, 1, 1, 1, 1, 1, 1, 1, 1, 1, 1, 1, 1, 1, 1, 1, 1, 1, 1, 1, 1, 1, 1, 1, 1, 1, 1, 1, 1, 1, 1, 1, 1, 1, 1, 1, 1, 1, 1, 1, 1, 1, 1, 1, 1, 1, 1, 1, 1, 1, 1, 1, 1, 1, 1, 1, 1, 1, 1, 1, 1, 1, 1, 1, 1, 1, 1, 1, 1, 1, 1, 1, 1, 1, 1, 1, 1, 1, 1, 1, 1, 1, 1, 1, 1, 1, 1, 1, 1, 1, 1, 1, 1, 1, 1, 1, 1, 1, 1, 1, 1, 1, 1, 1, 1, 1, 1, 1, 1, 1, 1, 1, 1, 1, 1, 1, 1, 1, 1, 1, 1, 1, 1, 1, 1, 1, 1, 1, 1, 1, 1, 1, 1, 1, 1, 1, 1, 1, 1, 1, 1, 1, 1, 1, 1, 1, 1, 1, 1, 1, 1, 1, 1, 1, 1, 1, 1, 1, 1, 1, 1, 1, 1, 1, 1, 1, 1, 1, 1, 1, 1, 1, 1, 1, 1, 1, 1, 1, 1, 1, 1, 1, 1, 1, 1, 1, 1, 1, 1, 1, 1, 1, 1, 1, 1, 1, 1, 1, 1, 1, 1, 1, 1, 1, 1, 1, 1, 1, 1, 1, 1, 1, 1, 1, 1, 1, 1, 1, 1, 1, 1, 1, 1, 1, 1, 1, 1, 1, 1, 1, 1, 1, 1, 1, 1, 1, 1, 1, 1, 1, 1, 1, 1, 1, 1, 1, 1, 1, 1, 1, 1, 1, 1, 1, 1, 1, 1, 1, 1, 1, 1, 1, 1, 1, 1, 1, 1, 1, 1, 1, 1, 1, 1, 1, 1, 1, 1, 1, 1, 1, 1, 1, 1, 1, 1, 1, 1, 1, 1, 1, 1, 1, 1, 1, 1, 1, 1, 1, 1, 1, 1, 1, 1, 1, 1, 1, 1, 1, 1, 1, 1, 1, 1, 1, 1, 1, 1, 1, 1, 1, 1, 1, 1, 1, 1, 1, 1, 1, 1, 1, 1, 1, 1, 1, 1, 1, 1, 1, 1, 1, 1, 1, 1, 1, 1, 1, 1, 1, 1, 1, 1, 1, 1, 1, 1, 1]
Lee profile after BKZ: [784, 118, 20, 5, 4, 3, 2, 1, 1, 1, 1, 1, 1, 1, 1, 1, 1, 1, 1, 1, 1, 1, 1, 1, 1, 1, 1, 1, 1, 1, 1, 1, 1, 1, 1, 1, 1, 1, 1, 1, 1, 1, 1, 1, 1, 1, 1, 1, 1, 1, 1, 1, 1, 1, 1, 1, 1, 1, 1, 1, 1, 1, 1, 1, 1, 1, 1, 1, 1, 1, 1, 1, 1, 1, 1, 1, 1, 1, 1, 1, 1, 1, 1, 1, 1, 1, 1, 1, 1, 1, 1, 1, 1, 1, 1, 1, 1, 1, 1, 1, 1, 1, 1, 1, 1, 1, 1, 1, 1, 1, 1, 1, 1, 1, 1, 1, 1, 1, 1, 1, 1, 1, 1, 1, 1, 1, 1, 1, 1, 1, 1, 1, 1, 1, 1, 1, 1, 1, 1, 1, 1, 1, 1, 1, 1, 1, 1, 1, 1, 1, 1, 1, 1, 1, 1, 1, 1, 1, 1, 1, 1, 1, 1, 1, 1, 1, 1, 1, 1, 1, 1, 1, 1, 1, 1, 1, 1, 1, 1, 1, 1, 1, 1, 1, 1, 1, 1, 1, 1, 1, 1, 1, 1, 1, 1, 1, 1, 1, 1, 1, 1, 1, 1, 1, 1, 1, 1, 1, 1, 1, 1, 1, 1, 1, 1, 1, 1, 1, 1, 1, 1, 1, 1, 1, 1, 1, 1, 1, 1, 1, 1, 1, 1, 1, 1, 1, 1, 1, 1, 1, 1, 1, 1, 1, 1, 1, 1, 1, 1, 1, 1, 1, 1, 1, 1, 1, 1, 1, 1, 1, 1, 1, 1, 1, 1, 1, 1, 1, 1, 1, 1, 1, 1, 1, 1, 1, 1, 1, 1, 1, 1, 1, 1, 1, 1, 1, 1, 1, 1, 1, 1, 1, 1, 1, 1, 1, 1, 1, 1, 1, 1, 1, 1, 1, 1, 1, 1, 1, 1, 1, 1, 1, 1, 1, 1, 1, 1, 1, 1, 1, 1, 1, 1, 1, 1, 1, 1, 1, 1, 1, 1, 1, 1, 1, 1, 1, 1, 1, 1, 1, 1, 1, 1, 1, 1, 1, 1, 1, 1, 1, 1, 1, 1, 1, 1, 1, 1, 1, 1, 1, 1, 1, 1, 1, 1, 1, 1, 1, 1, 1, 1, 1, 1, 1, 1, 1, 1, 1, 1, 1, 1, 1, 1, 1, 1, 1, 1, 1, 1, 1, 1, 1, 1, 1, 1, 1, 1, 1, 1, 1, 1, 1, 1, 1, 1, 1, 1, 1, 1, 1, 1, 1, 1, 1, 1, 1, 1, 1, 1, 1, 1, 1, 1, 1, 1, 1, 1, 1, 1, 1, 1, 1, 1, 1, 1, 1, 1, 1, 1, 1, 1, 1, 1, 1, 1, 1, 1, 1, 1, 1, 1, 1, 1, 1, 1, 1, 1, 1, 1, 1, 1, 1, 1, 1, 1, 1, 1, 1, 1, 1, 1, 1, 1, 1, 1, 1, 1, 1, 1, 1, 1, 1, 1, 1, 1, 1, 1, 1, 1, 1, 1, 1, 1, 1, 1, 1, 1, 1, 1, 1, 1, 1, 1, 1, 1, 1, 1, 1, 1, 1, 1, 1]
425<=B_red[0].wtL<=1275
B_red[0].wtH=425, B_red[0].wtL=784

Hamming profile: [431, 67, 14, 2, 2, 2, 1, 1, 1, 1, 1, 1, 1, 1, 1, 1, 1, 1, 1, 1, 1, 1, 1, 1, 1, 1, 1, 1, 1, 1, 1, 1, 1, 1, 1, 1, 1, 1, 1, 1, 1, 1, 1, 1, 1, 1, 1, 1, 1, 1, 1, 1, 1, 1, 1, 1, 1, 1, 1, 1, 1, 1, 1, 1, 1, 1, 1, 1, 1, 1, 1, 1, 1, 1, 1, 1, 1, 1, 1, 1, 1, 1, 1, 1, 1, 1, 1, 1, 1, 1, 1, 1, 1, 1, 1, 1, 1, 1, 1, 1, 1, 1, 1, 1, 1, 1, 1, 1, 1, 1, 1, 1, 1, 1, 1, 1, 1, 1, 1, 1, 1, 1, 1, 1, 1, 1, 1, 1, 1, 1, 1, 1, 1, 1, 1, 1, 1, 1, 1, 1, 1, 1, 1, 1, 1, 1, 1, 1, 1, 1, 1, 1, 1, 1, 1, 1, 1, 1, 1, 1, 1, 1, 1, 1, 1, 1, 1, 1, 1, 1, 1, 1, 1, 1, 1, 1, 1, 1, 1, 1, 1, 1, 1, 1, 1, 1, 1, 1, 1, 1, 1, 1, 1, 1, 1, 1, 1, 1, 1, 1, 1, 1, 1, 1, 1, 1, 1, 1, 1, 1, 1, 1, 1, 1, 1, 1, 1, 1, 1, 1, 1, 1, 1, 1, 1, 1, 1, 1, 1, 1, 1, 1, 1, 1, 1, 1, 1, 1, 1, 1, 1, 1, 1, 1, 1, 1, 1, 1, 1, 1, 1, 1, 1, 1, 1, 1, 1, 1, 1, 1, 1, 1, 1, 1, 1, 1, 1, 1, 1, 1, 1, 1, 1, 1, 1, 1, 1, 1, 1, 1, 1, 1, 1, 1, 1, 1, 1, 1, 1, 1, 1, 1, 1, 1, 1, 1, 1, 1, 1, 1, 1, 1, 1, 1, 1, 1, 1, 1, 1, 1, 1, 1, 1, 1, 1, 1, 1, 1, 1, 1, 1, 1, 1, 1, 1, 1, 1, 1, 1, 1, 1, 1, 1, 1, 1, 1, 1, 1, 1, 1, 1, 1, 1, 1, 1, 1, 1, 1, 1, 1, 1, 1, 1, 1, 1, 1, 1, 1, 1, 1, 1, 1, 1, 1, 1, 1, 1, 1, 1, 1, 1, 1, 1, 1, 1, 1, 1, 1, 1, 1, 1, 1, 1, 1, 1, 1, 1, 1, 1, 1, 1, 1, 1, 1, 1, 1, 1, 1, 1, 1, 1, 1, 1, 1, 1, 1, 1, 1, 1, 1, 1, 1, 1, 1, 1, 1, 1, 1, 1, 1, 1, 1, 1, 1, 1, 1, 1, 1, 1, 1, 1, 1, 1, 1, 1, 1, 1, 1, 1, 1, 1, 1, 1, 1, 1, 1, 1, 1, 1, 1, 1, 1, 1, 1, 1, 1, 1, 1, 1, 1, 1, 1, 1, 1, 1, 1, 1, 1, 1, 1, 1, 1, 1, 1, 1, 1, 1, 1, 1, 1, 1, 1, 1, 1, 1, 1, 1, 1, 1, 1, 1, 1, 1, 1, 1, 1, 1, 1, 1, 1, 1, 1, 1, 1, 1, 1, 1, 1, 1, 1, 1, 1]
Lee profile: [891, 133, 25, 3, 3, 2, 1, 1, 1, 1, 1, 1, 1, 1, 1, 1, 1, 1, 1, 1, 1, 1, 1, 1, 1, 1, 1, 1, 1, 1, 1, 1, 1, 1, 1, 1, 1, 1, 1, 1, 1, 1, 1, 1, 1, 1, 1, 1, 1, 1, 1, 1, 1, 1, 1, 1, 1, 1, 1, 1, 1, 1, 1, 1, 1, 1, 1, 1, 1, 1, 1, 1, 1, 1, 1, 1, 1, 1, 1, 1, 1, 1, 1, 1, 1, 1, 1, 1, 1, 1, 1, 1, 1, 1, 1, 1, 1, 1, 1, 1, 1, 1, 1, 1, 1, 1, 1, 1, 1, 1, 1, 1, 1, 1, 1, 1, 1, 1, 1, 1, 1, 1, 1, 1, 1, 1, 1, 1, 1, 1, 1, 1, 1, 1, 1, 1, 1, 1, 1, 1, 1, 1, 1, 1, 1, 1, 1, 1, 1, 1, 1, 1, 1, 1, 1, 1, 1, 1, 1, 1, 1, 1, 1, 1, 1, 1, 1, 1, 1, 1, 1, 1, 1, 1, 1, 1, 1, 1, 1, 1, 1, 1, 1, 1, 1, 1, 1, 1, 1, 1, 1, 1, 1, 1, 1, 1, 1, 1, 1, 1, 1, 1, 1, 1, 1, 1, 1, 1, 1, 1, 1, 1, 1, 1, 1, 1, 1, 1, 1, 1, 1, 1, 1, 1, 1, 1, 1, 1, 1, 1, 1, 1, 1, 1, 1, 1, 1, 1, 1, 1, 1, 1, 1, 1, 1, 1, 1, 1, 1, 1, 1, 1, 1, 1, 1, 1, 1, 1, 1, 1, 1, 1, 1, 1, 1, 1, 1, 1, 1, 1, 1, 1, 1, 1, 1, 1, 1, 1, 1, 1, 1, 1, 1, 1, 1, 1, 1, 1, 1, 1, 1, 1, 1, 1, 1, 1, 1, 1, 1, 1, 1, 1, 1, 1, 1, 1, 1, 1, 1, 1, 1, 1, 1, 1, 1, 1, 1, 1, 1, 1, 1, 1, 1, 1, 1, 1, 1, 1, 1, 1, 1, 1, 1, 1, 1, 1, 1, 1, 1, 1, 1, 1, 1, 1, 1, 1, 1, 1, 1, 1, 1, 1, 1, 1, 1, 1, 1, 1, 1, 1, 1, 1, 1, 1, 1, 1, 1, 1, 1, 1, 1, 1, 1, 1, 1, 1, 1, 1, 1, 1, 1, 1, 1, 1, 1, 1, 1, 1, 1, 1, 1, 1, 1, 1, 1, 1, 1, 1, 1, 1, 1, 1, 1, 1, 1, 1, 1, 1, 1, 1, 1, 1, 1, 1, 1, 1, 1, 1, 1, 1, 1, 1, 1, 1, 1, 1, 1, 1, 1, 1, 1, 1, 1, 1, 1, 1, 1, 1, 1, 1, 1, 1, 1, 1, 1, 1, 1, 1, 1, 1, 1, 1, 1, 1, 1, 1, 1, 1, 1, 1, 1, 1, 1, 1, 1, 1, 1, 1, 1, 1, 1, 1, 1, 1, 1, 1, 1, 1, 1, 1, 1, 1, 1, 1, 1, 1, 1, 1, 1, 1, 1, 1, 1, 1, 1, 1, 1, 1, 1, 1, 1, 1, 1, 1, 1, 1, 1, 1, 1, 1, 1, 1]
431<=B[0].wtL<=1293
B[0].wtH=431, B[0].wtL=891

--- LeeBKZ with beta=5, bkz with minimum_lee_wt_codeword (may be non-primitive) ---
[LEEbkz:MW_Codeword_LEE:0.026652812957763672 sec.]
[LEEbkz:MW_Codeword_LEE:0.01898813247680664 sec.]
[LEEbkz:MW_Codeword_LEE:0.026563644409179688 sec.]
[LEEbkz:MW_Codeword_LEE:0.018874168395996094 sec.]
[LEEbkz:MW_Codeword_LEE:0.017101764678955078 sec.]
[LEEbkz:MW_Codeword_LEE:0.026392698287963867 sec.]
[LEEbkz:MW_Codeword_LEE:0.01955437660217285 sec.]
[LEEbkz:MW_Codeword_LEE:0.026784420013427734 sec.]
[LEEbkz:MW_Codeword_LEE:0.019135475158691406 sec.]
[LEEbkz:MW_Codeword_LEE:0.01776289939880371 sec.]
[LEEbkz:MW_Codeword_LEE:0.02626800537109375 sec.]
[LEEbkz:MW_Codeword_LEE:0.019307374954223633 sec.]
[LEEbkz:MW_Codeword_LEE:0.026484966278076172 sec.]
[LEEbkz:MW_Codeword_LEE:0.01937103271484375 sec.]
[LEEbkz:MW_Codeword_LEE:0.017915964126586914 sec.]
[LEEbkz:MW_Codeword_LEE:0.0265655517578125 sec.]
[LEEbkz:MW_Codeword_LEE:0.01963973045349121 sec.]
[LEEbkz:MW_Codeword_LEE:0.026465415954589844 sec.]
[LEEbkz:MW_Codeword_LEE:0.018933534622192383 sec.]
[LEEbkz:MW_Codeword_LEE:0.017209529876708984 sec.]
[LEEbkz:MW_Codeword_LEE:0.026418209075927734 sec.]
[LEEbkz:MW_Codeword_LEE:0.018996238708496094 sec.]
[LEEbkz:MW_Codeword_LEE:0.0175778865814209 sec.]
[LEEbkz:MW_Codeword_LEE:0.017111539840698242 sec.]
[LEEbkz:MW_Codeword_LEE:0.02614879608154297 sec.]
[LEEbkz:MW_Codeword_LEE:0.018938541412353516 sec.]
[LEEbkz:MW_Codeword_LEE:0.01720285415649414 sec.]
[LEEbkz:MW_Codeword_LEE:0.016823530197143555 sec.]
[LEEbkz:MW_Codeword_LEE:0.016587257385253906 sec.]
[LEEbkz:MW_Codeword_LEE:0.02655196189880371 sec.]
[LEEbkz:MW_Codeword_LEE:0.019538402557373047 sec.]
[LEEbkz:MW_Codeword_LEE:0.01756453514099121 sec.]
[LEEbkz:MW_Codeword_LEE:0.016950368881225586 sec.]
[LEEbkz:MW_Codeword_LEE:0.01699972152709961 sec.]
[LEEbkz:MW_Codeword_LEE:0.01935410499572754 sec.]
[LEEbkz:MW_Codeword_LEE:0.017687320709228516 sec.]
[LEEbkz:MW_Codeword_LEE:0.01722121238708496 sec.]
[LEEbkz:MW_Codeword_LEE:0.017127513885498047 sec.]
[LEEbkz:MW_Codeword_LEE:0.017718076705932617 sec.]
[LEEbkz:MW_Codeword_LEE:0.01691269874572754 sec.]
Hamming profile after BKZ: [417, 74, 19, 6, 1, 1, 1, 1, 1, 1, 1, 1, 1, 1, 1, 1, 1, 1, 1, 1, 1, 1, 1, 1, 1, 1, 1, 1, 1, 1, 1, 1, 1, 1, 1, 1, 1, 1, 1, 1, 1, 1, 1, 1, 1, 1, 1, 1, 1, 1, 1, 1, 1, 1, 1, 1, 1, 1, 1, 1, 1, 1, 1, 1, 1, 1, 1, 1, 1, 1, 1, 1, 1, 1, 1, 1, 1, 1, 1, 1, 1, 1, 1, 1, 1, 1, 1, 1, 1, 1, 1, 1, 1, 1, 1, 1, 1, 1, 1, 1, 1, 1, 1, 1, 1, 1, 1, 1, 1, 1, 1, 1, 1, 1, 1, 1, 1, 1, 1, 1, 1, 1, 1, 1, 1, 1, 1, 1, 1, 1, 1, 1, 1, 1, 1, 1, 1, 1, 1, 1, 1, 1, 1, 1, 1, 1, 1, 1, 1, 1, 1, 1, 1, 1, 1, 1, 1, 1, 1, 1, 1, 1, 1, 1, 1, 1, 1, 1, 1, 1, 1, 1, 1, 1, 1, 1, 1, 1, 1, 1, 1, 1, 1, 1, 1, 1, 1, 1, 1, 1, 1, 1, 1, 1, 1, 1, 1, 1, 1, 1, 1, 1, 1, 1, 1, 1, 1, 1, 1, 1, 1, 1, 1, 1, 1, 1, 1, 1, 1, 1, 1, 1, 1, 1, 1, 1, 1, 1, 1, 1, 1, 1, 1, 1, 1, 1, 1, 1, 1, 1, 1, 1, 1, 1, 1, 1, 1, 1, 1, 1, 1, 1, 1, 1, 1, 1, 1, 1, 1, 1, 1, 1, 1, 1, 1, 1, 1, 1, 1, 1, 1, 1, 1, 1, 1, 1, 1, 1, 1, 1, 1, 1, 1, 1, 1, 1, 1, 1, 1, 1, 1, 1, 1, 1, 1, 1, 1, 1, 1, 1, 1, 1, 1, 1, 1, 1, 1, 1, 1, 1, 1, 1, 1, 1, 1, 1, 1, 1, 1, 1, 1, 1, 1, 1, 1, 1, 1, 1, 1, 1, 1, 1, 1, 1, 1, 1, 1, 1, 1, 1, 1, 1, 1, 1, 1, 1, 1, 1, 1, 1, 1, 1, 1, 1, 1, 1, 1, 1, 1, 1, 1, 1, 1, 1, 1, 1, 1, 1, 1, 1, 1, 1, 1, 1, 1, 1, 1, 1, 1, 1, 1, 1, 1, 1, 1, 1, 1, 1, 1, 1, 1, 1, 1, 1, 1, 1, 1, 1, 1, 1, 1, 1, 1, 1, 1, 1, 1, 1, 1, 1, 1, 1, 1, 1, 1, 1, 1, 1, 1, 1, 1, 1, 1, 1, 1, 1, 1, 1, 1, 1, 1, 1, 1, 1, 1, 1, 1, 1, 1, 1, 1, 1, 1, 1, 1, 1, 1, 1, 1, 1, 1, 1, 1, 1, 1, 1, 1, 1, 1, 1, 1, 1, 1, 1, 1, 1, 1, 1, 1, 1, 1, 1, 1, 1, 1, 1, 1, 1, 1, 1, 1, 1, 1, 1, 1, 1, 1, 1, 1, 1, 1, 1, 1, 1, 1, 1, 1, 1, 1, 1, 1, 1, 1, 1, 1, 1, 1, 1, 1, 1, 1, 1]
Lee profile after BKZ: [793, 135, 29, 6, 1, 1, 1, 1, 1, 1, 1, 1, 1, 1, 1, 1, 1, 1, 1, 1, 1, 1, 1, 1, 1, 1, 1, 1, 1, 1, 1, 1, 1, 1, 1, 1, 1, 1, 1, 1, 1, 1, 1, 1, 1, 1, 1, 1, 1, 1, 1, 1, 1, 1, 1, 1, 1, 1, 1, 1, 1, 1, 1, 1, 1, 1, 1, 1, 1, 1, 1, 1, 1, 1, 1, 1, 1, 1, 1, 1, 1, 1, 1, 1, 1, 1, 1, 1, 1, 1, 1, 1, 1, 1, 1, 1, 1, 1, 1, 1, 1, 1, 1, 1, 1, 1, 1, 1, 1, 1, 1, 1, 1, 1, 1, 1, 1, 1, 1, 1, 1, 1, 1, 1, 1, 1, 1, 1, 1, 1, 1, 1, 1, 1, 1, 1, 1, 1, 1, 1, 1, 1, 1, 1, 1, 1, 1, 1, 1, 1, 1, 1, 1, 1, 1, 1, 1, 1, 1, 1, 1, 1, 1, 1, 1, 1, 1, 1, 1, 1, 1, 1, 1, 1, 1, 1, 1, 1, 1, 1, 1, 1, 1, 1, 1, 1, 1, 1, 1, 1, 1, 1, 1, 1, 1, 1, 1, 1, 1, 1, 1, 1, 1, 1, 1, 1, 1, 1, 1, 1, 1, 1, 1, 1, 1, 1, 1, 1, 1, 1, 1, 1, 1, 1, 1, 1, 1, 1, 1, 1, 1, 1, 1, 1, 1, 1, 1, 1, 1, 1, 1, 1, 1, 1, 1, 1, 1, 1, 1, 1, 1, 1, 1, 1, 1, 1, 1, 1, 1, 1, 1, 1, 1, 1, 1, 1, 1, 1, 1, 1, 1, 1, 1, 1, 1, 1, 1, 1, 1, 1, 1, 1, 1, 1, 1, 1, 1, 1, 1, 1, 1, 1, 1, 1, 1, 1, 1, 1, 1, 1, 1, 1, 1, 1, 1, 1, 1, 1, 1, 1, 1, 1, 1, 1, 1, 1, 1, 1, 1, 1, 1, 1, 1, 1, 1, 1, 1, 1, 1, 1, 1, 1, 1, 1, 1, 1, 1, 1, 1, 1, 1, 1, 1, 1, 1, 1, 1, 1, 1, 1, 1, 1, 1, 1, 1, 1, 1, 1, 1, 1, 1, 1, 1, 1, 1, 1, 1, 1, 1, 1, 1, 1, 1, 1, 1, 1, 1, 1, 1, 1, 1, 1, 1, 1, 1, 1, 1, 1, 1, 1, 1, 1, 1, 1, 1, 1, 1, 1, 1, 1, 1, 1, 1, 1, 1, 1, 1, 1, 1, 1, 1, 1, 1, 1, 1, 1, 1, 1, 1, 1, 1, 1, 1, 1, 1, 1, 1, 1, 1, 1, 1, 1, 1, 1, 1, 1, 1, 1, 1, 1, 1, 1, 1, 1, 1, 1, 1, 1, 1, 1, 1, 1, 1, 1, 1, 1, 1, 1, 1, 1, 1, 1, 1, 1, 1, 1, 1, 1, 1, 1, 1, 1, 1, 1, 1, 1, 1, 1, 1, 1, 1, 1, 1, 1, 1, 1, 1, 1, 1, 1, 1, 1, 1, 1, 1, 1, 1, 1, 1, 1, 1, 1, 1, 1, 1, 1, 1, 1, 1, 1, 1, 1]
417<=B_red[0].wtL<=1251
B_red[0].wtH=417, B_red[0].wtL=793


****************************************************
******** STATISTICS OVER N=10 samples ********
****************************************************
Reduced 10 matrices of size 512x1024 over F7
Proper basis wtH[0]=438.4 wtL[0]=871.3
Reduced basis wtH[0]=416.2 wtL[0]=784.6
Reduced basis avg. k1=5.7
Avg.time=43.287743830680846
Avg.Mw_codeword.calls=77.3
